table,schema,domain,category,columns,primary_key,fk_count,unique_count,check_count,index_count,trigger_count,rls_enabled,policy_count,has_hospital_id,has_created_at,has_updated_at,has_deleted_at,has_created_by,live_rows,seq_scans,idx_scans,realtime,app_files,app_ops,migration_files,migration_events,first_migration,last_migration
abdm_audit_log,public,ABDM,AUDIT,9,id,3,0,0,1,1,YES,1,YES,NO,NO,NO,NO,0,171,0,NO,1,INSERT,2,6,20260526000002_abdm_security.sql,20261009000185_custom_roles_role_fk.sql
abdm_care_contexts,public,ABDM,CORE ENTITY,11,id,2,0,2,1,1,YES,2,YES,YES,NO,NO,NO,0,814,0,NO,11,READ|INSERT|UPDATE,1,6,20260525000002_abdm_schema.sql,20260525000002_abdm_schema.sql
abdm_consent_logs,public,ABDM,AUDIT,10,id,3,0,1,3,1,YES,1,YES,NO,NO,NO,NO,3,1,210,NO,2,READ|INSERT|DELETE,1,5,20260908000012_abha_consent_logs.sql,20260908000012_abha_consent_logs.sql
abdm_consents,public,ABDM,CORE ENTITY,19,id,2,1,1,2,1,YES,2,YES,YES,YES,NO,NO,0,23189,0,NO,5,READ|UPDATE|INSERT,1,6,20260525000002_abdm_schema.sql,20260525000002_abdm_schema.sql
abdm_gateway_logs,public,ABDM,AUDIT,8,id,1,0,1,1,1,YES,2,YES,YES,NO,NO,NO,0,110,0,NO,8,READ|INSERT,1,6,20260525000002_abdm_schema.sql,20260525000002_abdm_schema.sql
abdm_rate_limits,public,ABDM,CORE ENTITY,4,key,0,0,0,1,0,YES,0,NO,YES,NO,NO,NO,0,0,0,NO,0,NONE,1,2,20260526000002_abdm_security.sql,20260526000002_abdm_security.sql
accounting_posting_failures,public,Other,CORE ENTITY,13,id,1,0,0,2,1,YES,3,YES,YES,NO,NO,NO,0,0,114,YES,2,READ|UPDATE|INSERT,2,9,20260613130000_accounting_posting_failures.sql,20261008000049_posting_failures_retry.sql
addon_skus,public,Platform,PLATFORM,13,id,0,1,0,2,0,YES,3,NO,YES,YES,NO,NO,0,145,0,NO,6,INSERT|READ,1,8,20261008000166_addon_skus.sql,20261008000166_addon_skus.sql
admin_audit_log,public,Other,AUDIT,8,id,2,0,0,4,0,YES,2,NO,YES,NO,NO,NO,7,0,1,NO,5,INSERT|READ,2,11,20261008000105_admin_audit_log.sql,20261009000184_fix_admin_audit_log_hospital_fk.sql
admission_day_care_procedures,public,IPD,CORE ENTITY,7,id,3,0,2,3,1,YES,2,YES,YES,NO,NO,NO,3,98,13,YES,1,READ|INSERT,1,8,20261008000158_daycare_multi_procedure.sql,20261008000158_daycare_multi_procedure.sql
admission_estimates,public,IPD,CORE ENTITY,12,id,5,0,0,3,1,YES,1,YES,YES,NO,NO,YES,1,68,259,YES,5,READ|INSERT,1,3,20260908000001_admission_estimates.sql,20260908000001_admission_estimates.sql
admission_sequences,public,IPD,CONFIGURATION,4,hospital_id prefix,1,0,0,1,1,YES,1,YES,NO,NO,NO,NO,0,0,102,NO,0,NONE,1,4,20261008000143_admission_number_sequence.sql,20261008000143_admission_number_sequence.sql
admissions,public,IPD,CORE ENTITY,81,id,16,1,2,11,7,YES,3,YES,YES,NO,NO,NO,4,963,3844,YES,110,READ|UPDATE|INSERT|DELETE,26,77,20260322100400_6c9a79a1-7e9c-4765-b9ee-5f84aa2a6291.sql,20261009000183_daycare_late_discharge_override.sql
adult_immunization_schedule,public,Other,CORE ENTITY,12,id,3,0,1,3,1,YES,1,YES,YES,NO,NO,NO,0,1,172,NO,1,READ|UPDATE|INSERT,1,3,20260509100001_nabh_preventive_screenings.sql,20260509100001_nabh_preventive_screenings.sql
advance_receipts,public,Other,CORE ENTITY,14,id,5,1,0,3,2,YES,2,YES,YES,NO,NO,NO,1,1007,0,YES,6,INSERT|READ,2,3,20260323042425_16804ec8-3823-495a-89b7-52db4d2a494e.sql,20261008000134_advance_receipts_admission_scope.sql
ai_attestations,public,AI,CORE ENTITY,9,id,2,0,1,5,1,YES,1,YES,NO,NO,NO,NO,0,0,108,NO,3,INSERT|READ,2,9,20260908000007_ai_attestations.sql,20260908000015_ai_triage_sepsis.sql
ai_cost_daily,public,AI,CORE ENTITY,12,id,1,1,0,3,1,YES,2,YES,NO,NO,NO,NO,122,60,4456,NO,2,READ,2,8,20260910000002_ai_usage_logs.sql,20261009000175_ai_budget_and_inr_metering.sql
ai_digests,public,AI,CORE ENTITY,10,id,1,1,0,2,1,YES,2,YES,NO,NO,NO,NO,1,0,112,NO,2,READ|INSERT|UPDATE,2,4,20260326062728_10e73bb1-dbbb-46dd-bbdb-71732039c2b1.sql,20260327062736_ec17f5cb-0625-4f53-a2f9-4d5087d56362.sql
ai_feature_classes,public,AI,CORE ENTITY,5,feature_key,1,0,1,1,0,YES,2,NO,NO,YES,NO,NO,0,4,0,NO,0,NONE,0,0,NOT-IN-MIGRATIONS,
ai_feature_logs,public,AI,AUDIT,11,id,2,0,0,3,1,YES,1,YES,YES,NO,NO,NO,3,67,107,NO,22,INSERT,1,5,20260908000015_ai_triage_sepsis.sql,20260908000015_ai_triage_sepsis.sql
ai_language_settings,public,AI,CONFIGURATION,7,id,1,1,0,3,1,YES,2,YES,YES,YES,NO,NO,0,0,976,NO,4,READ|INSERT,1,3,20260524000003_ai_language_settings.sql,20260524000003_ai_language_settings.sql
ai_provider_config,public,AI,CONFIGURATION,9,id,1,1,1,2,1,YES,4,YES,NO,NO,NO,NO,0,1,108,NO,0,NONE,2,8,20260327062736_ec17f5cb-0625-4f53-a2f9-4d5087d56362.sql,20261008000004_widen_ai_provider_check.sql
ai_safety_flags,public,AI,CORE ENTITY,9,id,0,0,0,3,1,YES,2,YES,YES,NO,NO,NO,0,0,103,NO,2,UPDATE|INSERT,1,6,20260521000007_ai_safety.sql,20260521000007_ai_safety.sql
ai_suggestions_audit,public,AI,AUDIT,11,id,1,0,2,3,1,YES,2,YES,YES,NO,NO,NO,10,3,104,NO,4,READ|INSERT,1,6,20260521000001_ai_governance.sql,20260521000001_ai_governance.sql
ai_usage_logs,public,AI,AUDIT,17,id,1,0,0,3,1,YES,2,YES,YES,NO,NO,NO,143,1,102,NO,7,READ|INSERT,5,14,20260607000001_fix_missing_tables.sql,20261009000175_ai_budget_and_inr_metering.sql
ai_wallet_transactions,public,AI,CORE ENTITY,9,id,1,0,1,3,0,YES,2,YES,YES,NO,NO,NO,2135,0,202,NO,1,READ,1,8,20261009000178_ai_wallet.sql,20261009000178_ai_wallet.sql
alert_escalation_log,public,Other,AUDIT,10,id,3,0,0,3,1,YES,1,YES,NO,NO,NO,NO,0,0,101,NO,1,READ|INSERT,1,5,20260531000004_alert_escalation.sql,20260531000004_alert_escalation.sql
alert_escalation_rules,public,Other,CONFIGURATION,12,id,1,0,0,2,1,YES,2,YES,YES,NO,NO,NO,0,0,1932,NO,2,READ|INSERT|UPDATE,2,6,20260531000004_alert_escalation.sql,20260607000001_fix_missing_tables.sql
ambulance_dispatches,public,Emergency,CORE ENTITY,22,id,4,0,2,3,1,YES,1,YES,YES,NO,NO,NO,0,779,101,YES,3,READ|INSERT|UPDATE,2,9,20260509100002_nabh_ambulance.sql,20260531000007_billing_leakage_fix.sql
ambulance_equipment_checks,public,Emergency,CORE ENTITY,10,id,3,0,0,2,1,YES,1,YES,YES,NO,NO,NO,0,1,107,NO,2,READ|INSERT,1,3,20260509100002_nabh_ambulance.sql,20260509100002_nabh_ambulance.sql
ambulance_transit_treatment,public,Emergency,CORE ENTITY,14,id,3,0,0,2,1,YES,1,YES,YES,NO,NO,NO,0,1,105,NO,1,READ|INSERT,1,3,20260509100002_nabh_ambulance.sql,20260509100002_nabh_ambulance.sql
ambulance_vehicles,public,Emergency,CORE ENTITY,9,id,1,0,1,1,1,YES,1,YES,YES,NO,NO,NO,0,108,0,YES,4,READ|INSERT|UPDATE,1,3,20260509100002_nabh_ambulance.sql,20260509100002_nabh_ambulance.sql
amc_contracts,public,Other,CORE ENTITY,14,id,2,0,0,2,1,YES,1,YES,YES,NO,NO,NO,0,0,117,NO,2,READ,1,3,20260329082735_9bc536a7-52f4-4887-8826-8c9555012e77.sql,20260329082735_9bc536a7-52f4-4887-8826-8c9555012e77.sql
anaesthesia_records,public,Other,CORE ENTITY,23,id,3,0,0,1,2,YES,1,YES,YES,NO,NO,NO,0,169,0,YES,2,READ|INSERT|UPDATE,3,5,20260328143309_2873fa52-f435-4186-ab79-89dcf13b19da.sql,20261008000021_anaesthesia_signature.sql
andrology_reports,public,IVF/ART,CORE ENTITY,20,id,4,0,0,3,1,YES,2,YES,YES,NO,NO,NO,0,1,178,NO,1,READ|INSERT,2,6,20260330090552_8f181820-6667-4345-ae68-d4aed2b4e34e.sql,20260901000001_add_ivf_tables_and_rls.sql
antibiotic_justifications,public,Other,CORE ENTITY,23,id,4,0,0,3,1,YES,1,YES,YES,NO,NO,NO,0,2,297,NO,2,INSERT|READ|UPDATE,2,7,20260509100009_nabh_high_alert_meds.sql,20260910000006_asp_module.sql
antibiotic_restricted_list,public,Other,CORE ENTITY,13,id,1,1,1,3,1,YES,1,YES,YES,NO,NO,NO,0,0,101,NO,1,READ|INSERT,1,5,20260910000006_asp_module.sql,20260910000006_asp_module.sql
api_configurations,public,Integration,INTEGRATION,10,id,1,1,0,2,1,YES,4,YES,YES,NO,NO,NO,2,0,405,NO,10,READ|UPDATE|INSERT,1,6,20260327062736_ec17f5cb-0625-4f53-a2f9-4d5087d56362.sql,20260327062736_ec17f5cb-0625-4f53-a2f9-4d5087d56362.sql
api_keys,public,Integration,INTEGRATION,10,id,2,0,0,1,1,YES,3,YES,YES,NO,NO,YES,0,248,0,NO,3,READ|INSERT|UPDATE|DELETE,2,5,20260327045637_374bfc54-05be-4d73-9183-63f042dcadb0.sql,20260327053837_f51266ce-baf3-4070-a75e-a980a8197b9f.sql
appointments,public,OPD,CORE ENTITY,30,id,7,0,0,9,4,YES,4,YES,YES,NO,NO,NO,5,33419,0,YES,8,READ|INSERT|UPDATE,4,25,20260418180322_b744645d-4793-4536-bc58-cbd94bacc2b0.sql,20261007000000_appointments_active_slot_unique.sql
arogyasri_enrollments,public,PM-JAY,CORE ENTITY,12,id,0,0,1,3,1,YES,2,YES,YES,NO,NO,NO,0,0,104,NO,1,READ|INSERT,1,6,20260521000005_govt_schemes.sql,20260521000005_govt_schemes.sql
art_couples,public,IVF/ART,CORE ENTITY,15,id,4,1,0,4,1,YES,2,YES,YES,NO,NO,NO,1,68,200,NO,2,READ|INSERT,2,6,20260330090552_8f181820-6667-4345-ae68-d4aed2b4e34e.sql,20260901000001_add_ivf_tables_and_rls.sql
asr_pricing,public,Other,CORE ENTITY,7,id,0,1,0,2,1,YES,1,NO,YES,YES,NO,NO,0,0,72,NO,1,READ,1,2,20261009000180_asr_pricing.sql,20261009000180_asr_pricing.sql
attendance_regularization_requests,public,HR,CORE ENTITY,10,id,3,0,0,2,1,YES,1,YES,YES,NO,NO,NO,0,2,193,YES,2,READ|INSERT|UPDATE,1,3,20261008000061_hr_attendance_ot_requests.sql,20261008000061_hr_attendance_ot_requests.sql
audit_log,public,Audit/Compliance,AUDIT,20,id,0,0,0,4,0,YES,2,YES,YES,NO,NO,NO,12191,7,147,NO,8,INSERT|READ,3,12,20260418102042_6b03ea0e-9a83-4459-bc5b-3b0caab64f95.sql,20260607000001_fix_missing_tables.sql
audit_records,public,Audit/Compliance,AUDIT,16,id,2,0,0,1,2,YES,3,YES,YES,NO,NO,YES,1,148,0,NO,3,READ|UPDATE|INSERT,3,6,20260324133145_ee0f767c-dfb1-49f0-acbb-d8ea9ea4a8ae.sql,20261011000090_audit_records_update_policy.sql
aumrti_admins,public,Identity,CORE ENTITY,6,id,1,1,0,3,0,YES,2,NO,YES,NO,NO,NO,0,5,1457867,NO,11,READ|INSERT|UPDATE,1,13,20260601150001_aumrti_control_plane.sql,20260601150001_aumrti_control_plane.sql
auto_posting_rules,public,Other,CONFIGURATION,9,id,3,1,0,2,1,YES,1,YES,YES,NO,NO,NO,148,183,957,NO,3,READ,4,7,20260327104518_5ee46b79-c027-4225-b405-c6f40efe69be.sql,20260613110000_seed_hospital_defaults.sql
ayush_drug_master,public,Other,REFERENCE,12,id,1,0,0,3,2,YES,1,YES,YES,NO,NO,NO,0,0,131,NO,1,READ,1,4,20260330085045_fb5a8164-9b1f-4fbe-b3a4-9e2067eb51a6.sql,20260330085045_fb5a8164-9b1f-4fbe-b3a4-9e2067eb51a6.sql
ayush_encounters,public,Other,CORE ENTITY,22,id,3,0,0,4,2,YES,1,YES,YES,NO,NO,NO,0,1,174,NO,3,READ|INSERT,1,5,20260330085045_fb5a8164-9b1f-4fbe-b3a4-9e2067eb51a6.sql,20260330085045_fb5a8164-9b1f-4fbe-b3a4-9e2067eb51a6.sql
bank_accounts,public,Other,CORE ENTITY,10,id,2,0,0,1,1,YES,1,YES,YES,NO,NO,NO,0,184,0,NO,3,READ|INSERT|UPDATE|DELETE,1,3,20260327104518_5ee46b79-c027-4225-b405-c6f40efe69be.sql,20260327104518_5ee46b79-c027-4225-b405-c6f40efe69be.sql
bank_transactions,public,Other,CORE ENTITY,13,id,3,0,0,1,1,YES,1,YES,YES,NO,NO,NO,0,109,0,YES,1,READ|INSERT|UPDATE,1,3,20260327104518_5ee46b79-c027-4225-b405-c6f40efe69be.sql,20260327104518_5ee46b79-c027-4225-b405-c6f40efe69be.sql
bed_demand_forecasts,public,IPD,REPORTING,9,id,2,0,0,4,1,YES,2,YES,YES,YES,NO,NO,0,0,109,NO,1,INSERT,2,9,20260904000003_bed_demand_forecasts.sql,20260905000001_bed_demand_forecasts.sql
bed_reservations,public,IPD,CORE ENTITY,14,id,6,0,1,3,1,YES,1,YES,YES,NO,NO,NO,0,69,123,YES,3,INSERT|READ|UPDATE,1,5,20261008000009_bed_reservations.sql,20261008000009_bed_reservations.sql
beds,public,IPD,CORE ENTITY,11,id,2,0,1,3,2,YES,2,YES,YES,NO,NO,NO,268,4376,5927,YES,28,READ|UPDATE|INSERT|DELETE,3,8,20260321172711_08ce171e-0ec4-4070-a0b9-943fc59cab13.sql,20260904000022_bed_category.sql
bill_amendments,public,Billing,CORE ENTITY,10,id,3,0,0,4,1,YES,1,YES,NO,NO,NO,NO,0,1,813,YES,1,INSERT|READ,1,6,20260531000006_rcm_gaps.sql,20260531000006_rcm_gaps.sql
bill_discount_approvals,public,Billing,CORE ENTITY,14,id,4,0,1,4,2,YES,1,YES,NO,NO,NO,NO,0,4,2081,YES,5,READ|UPDATE|INSERT,2,7,20260908000011_discount_approvals.sql,20261009000173_discount_approval_authorization.sql
bill_line_items,public,Billing,JUNCTION,28,id,5,0,1,6,2,YES,2,YES,YES,NO,NO,NO,215,146,2542,YES,51,READ|INSERT|DELETE|UPDATE,7,14,20260323042425_16804ec8-3823-495a-89b7-52db4d2a494e.sql,20261008000146_ipd_ancillary_payment_gate.sql
bill_payments,public,Billing,CORE ENTITY,14,id,3,0,1,3,4,YES,2,YES,YES,NO,NO,NO,115,7,2505,YES,22,READ|INSERT,3,4,20260323042425_16804ec8-3823-495a-89b7-52db4d2a494e.sql,20260327054836_f05f22b3-c4ab-4ae2-bd2b-cbe28307151f.sql
bill_sequences,public,Billing,CONFIGURATION,4,hospital_id prefix,1,0,0,1,1,YES,1,YES,NO,NO,NO,NO,25,107,825,NO,1,READ,1,2,20260407093348_b1712c02-e58f-41a0-85d2-ead32d0e9529.sql,20260407093348_b1712c02-e58f-41a0-85d2-ead32d0e9529.sql
bills,public,Billing,CORE ENTITY,37,id,7,1,3,9,7,YES,3,YES,YES,YES,NO,YES,137,791,26778,YES,112,READ|INSERT|UPDATE,13,24,20260322092601_7a1cb821-2abc-479b-8d2d-9d19a5740e0b.sql,20261008000014_bills_ed_visit_link.sql
blood_antibody_screening,public,Blood Bank,CORE ENTITY,10,id,4,0,0,1,1,YES,1,YES,YES,NO,NO,NO,0,169,0,NO,0,NONE,1,3,20260531000005_blood_bank_tti_isbt.sql,20260531000005_blood_bank_tti_isbt.sql
blood_issues,public,Blood Bank,CORE ENTITY,18,id,7,0,1,1,1,YES,1,YES,NO,NO,NO,NO,0,1139,0,YES,3,READ|UPDATE|INSERT,2,5,20260328052647_ae1a1adb-0b7e-44c0-be24-5a2f81d3a97f.sql,20260531000007_billing_leakage_fix.sql
blood_requests,public,Blood Bank,CORE ENTITY,14,id,4,0,5,1,1,YES,1,YES,YES,NO,NO,NO,0,413,0,YES,4,READ|UPDATE|INSERT,1,3,20260328052647_ae1a1adb-0b7e-44c0-be24-5a2f81d3a97f.sql,20260328052647_ae1a1adb-0b7e-44c0-be24-5a2f81d3a97f.sql
blood_unit_tti_tests,public,Blood Bank,CORE ENTITY,19,id,4,1,0,5,1,YES,1,YES,YES,YES,NO,NO,0,2,101,NO,1,READ|INSERT|UPDATE,1,6,20260531000005_blood_bank_tti_isbt.sql,20260531000005_blood_bank_tti_isbt.sql
blood_units,public,Blood Bank,CORE ENTITY,31,id,4,1,4,3,1,YES,1,YES,YES,NO,NO,NO,0,134,109,YES,11,READ|UPDATE|INSERT,3,18,20260328052647_ae1a1adb-0b7e-44c0-be24-5a2f81d3a97f.sql,20260531000005_blood_bank_tti_isbt.sql
bmw_manifests,public,Biomedical Waste,CORE ENTITY,11,id,1,0,0,2,1,YES,1,YES,YES,NO,NO,NO,0,0,106,NO,1,READ|INSERT|DELETE,1,4,20260909000007_fms.sql,20260909000007_fms.sql
bmw_records,public,Biomedical Waste,CORE ENTITY,17,id,4,0,0,2,1,YES,1,YES,YES,NO,NO,NO,0,2,288,NO,3,INSERT|READ,1,3,20260329083647_16e8bea8-2bbf-46b2-a723-b77c856c4480.sql,20260329083647_16e8bea8-2bbf-46b2-a723-b77c856c4480.sql
body_releases,public,Other,CORE ENTITY,14,id,3,0,0,2,1,YES,1,YES,NO,NO,NO,NO,0,1,108,YES,1,READ|INSERT,1,3,20260329153452_0dce536f-a0cb-4ae9-9af2-e7d3d5baee48.sql,20260329153452_0dce536f-a0cb-4ae9-9af2-e7d3d5baee48.sql
bpmh_records,public,Other,CORE ENTITY,14,id,4,0,1,2,1,YES,1,YES,YES,NO,NO,NO,0,71,161,NO,1,READ|INSERT,1,5,20260910000007_med_reconciliation.sql,20260910000007_med_reconciliation.sql
braden_scale_assessments,public,Other,CORE ENTITY,12,id,3,0,6,2,1,YES,1,YES,NO,NO,NO,NO,0,4,165,YES,1,READ|INSERT,1,5,20260910000008_nutrition_wound_care.sql,20260910000008_nutrition_wound_care.sql
branches,public,Tenant,CORE ENTITY,7,id,1,0,0,1,1,YES,3,YES,YES,NO,NO,NO,0,109,0,NO,0,NONE,3,4,20260321162749_5754cd97-c837-4c8f-a419-b2dd4b7f66f5.sql,20260601160003_aumrti_admin_rls.sql
breakdown_logs,public,Other,AUDIT,17,id,3,0,0,3,2,YES,1,YES,YES,NO,NO,NO,0,1,235,NO,5,READ|UPDATE|INSERT,1,4,20260329082735_9bc536a7-52f4-4887-8826-8c9555012e77.sql,20260329082735_9bc536a7-52f4-4887-8826-8c9555012e77.sql
budget_lines,public,Other,JUNCTION,18,id,4,0,1,2,1,YES,1,YES,YES,YES,NO,YES,0,9,255,NO,1,READ|INSERT|UPDATE,1,5,20260910000010_erp_mci_jci.sql,20260910000010_erp_mci_jci.sql
calibration_records,public,Other,CORE ENTITY,11,id,2,0,0,2,2,YES,1,YES,YES,NO,NO,NO,0,0,124,NO,3,READ|INSERT,1,3,20260329082735_9bc536a7-52f4-4887-8826-8c9555012e77.sql,20260329082735_9bc536a7-52f4-4887-8826-8c9555012e77.sql
capa_records,public,Other,CORE ENTITY,22,id,3,1,0,2,2,YES,2,YES,YES,NO,NO,NO,2,2,259,NO,3,READ|UPDATE|INSERT,1,2,20260324133145_ee0f767c-dfb1-49f0-acbb-d8ea9ea4a8ae.sql,20260324133145_ee0f767c-dfb1-49f0-acbb-d8ea9ea4a8ae.sql
care_bundle_checks,public,Other,CORE ENTITY,9,id,3,1,1,3,1,YES,1,YES,NO,NO,NO,NO,0,4,102,NO,1,READ|INSERT,1,5,20260910000005_icu_workspace.sql,20260910000005_icu_workspace.sql
care_plan_tasks,public,Nursing,CORE ENTITY,12,id,1,0,2,3,1,YES,2,YES,YES,NO,NO,NO,0,0,103,YES,1,READ|INSERT|UPDATE,1,6,20260521000004_chronic_disease.sql,20260521000004_chronic_disease.sql
care_plans,public,Nursing,CORE ENTITY,13,id,0,0,2,3,1,YES,2,YES,YES,NO,NO,NO,0,0,105,YES,2,READ|INSERT,1,6,20260521000004_chronic_disease.sql,20260521000004_chronic_disease.sql
case_sheet_templates,public,Other,CORE ENTITY,8,id,2,0,0,2,1,YES,4,YES,YES,YES,NO,YES,0,1,117,NO,1,READ,1,11,20261008000002_case_sheet_templates.sql,20261008000002_case_sheet_templates.sql
cghs_echs_beneficiaries,public,PM-JAY,CORE ENTITY,21,id,2,0,1,6,1,YES,2,YES,YES,NO,NO,NO,0,34,196,NO,5,READ|INSERT|UPDATE|DELETE,3,31,20260521000005_govt_schemes.sql,20261013000018_cghs_beneficiaries_columns.sql
chain_memberships,public,Tenant,CORE ENTITY,5,id,2,1,1,3,1,YES,1,YES,NO,NO,NO,NO,0,0,109,NO,0,NONE,1,5,20260910000011_phase4_research_nps_chain.sql,20260910000011_phase4_research_nps_chain.sql
chart_of_accounts,public,Other,CORE ENTITY,13,id,2,1,0,2,1,YES,2,YES,YES,NO,NO,NO,450,75,6934,NO,8,READ|UPDATE,3,11,20260326000001_create_chart_of_accounts.sql,20260327112134_95d3416a-2328-4ab8-a8f4-c43c3599558b.sql
chemo_order_drugs,public,IPD,CORE ENTITY,12,id,3,0,0,1,1,YES,1,YES,NO,NO,NO,NO,0,110,0,NO,1,INSERT,1,3,20260328054628_52972efb-5442-46fd-a624-f86462360ec5.sql,20260328054628_52972efb-5442-46fd-a624-f86462360ec5.sql
chemo_orders,public,IPD,CORE ENTITY,41,id,11,0,1,1,2,YES,1,YES,YES,NO,NO,NO,0,904,0,NO,4,READ|INSERT|UPDATE,2,7,20260328054628_52972efb-5442-46fd-a624-f86462360ec5.sql,20260531000007_billing_leakage_fix.sql
chemo_protocols,public,IPD,CORE ENTITY,11,id,1,1,0,2,1,YES,1,YES,YES,NO,NO,NO,0,0,119,NO,4,READ,1,3,20260328054628_52972efb-5442-46fd-a624-f86462360ec5.sql,20260328054628_52972efb-5442-46fd-a624-f86462360ec5.sql
chronic_disease_programs,public,Other,CORE ENTITY,16,id,3,0,0,3,2,YES,3,YES,YES,NO,NO,NO,0,1,1249,NO,3,READ|INSERT,1,4,20260328142149_5bf9388a-1a6a-4cf3-ac5e-a10a04e8a031.sql,20260328142149_5bf9388a-1a6a-4cf3-ac5e-a10a04e8a031.sql
churn_remediation_actions,public,Platform,CORE ENTITY,7,id,1,0,1,2,1,YES,1,YES,NO,NO,NO,NO,0,3,98,NO,2,READ|INSERT,1,5,20261008000106_churn_remediation.sql,20261008000106_churn_remediation.sql
cleaning_schedules,public,Other,CORE ENTITY,12,id,3,0,0,3,2,YES,1,YES,YES,NO,NO,NO,0,1,107,NO,1,READ|UPDATE|INSERT,1,4,20260329083647_16e8bea8-2bbf-46b2-a723-b77c856c4480.sql,20260329083647_16e8bea8-2bbf-46b2-a723-b77c856c4480.sql
clinical_alerts,public,Other,CORE ENTITY,18,id,5,0,2,5,1,YES,3,YES,YES,NO,NO,YES,21,8303,14592,YES,60,READ|INSERT|UPDATE,13,26,20260322092601_7a1cb821-2abc-479b-8d2d-9d19a5740e0b.sql,20261013000017_clinical_alerts_attribution.sql
clinical_audit_samples,public,Quality/NABH,CORE ENTITY,7,id,1,0,0,2,0,YES,1,NO,YES,NO,NO,NO,0,0,1,NO,1,READ|INSERT|UPDATE|DELETE,1,4,20260909000004_clinical_audits_qi.sql,20260909000004_clinical_audits_qi.sql
clinical_audits,public,Quality/NABH,CORE ENTITY,18,id,4,0,2,3,2,YES,1,YES,YES,YES,NO,YES,1,2,110,NO,2,READ|INSERT|UPDATE,1,5,20260909000004_clinical_audits_qi.sql,20260909000004_clinical_audits_qi.sql
clinical_guidelines,public,Other,CORE ENTITY,15,id,0,0,0,3,1,YES,3,YES,YES,NO,NO,NO,0,103,0,NO,1,READ,1,7,20260521000009_clinical_guidelines.sql,20260521000009_clinical_guidelines.sql
clinical_note_templates,public,Other,CORE ENTITY,10,id,2,0,1,3,1,YES,4,YES,YES,YES,NO,YES,0,0,117,NO,1,READ|INSERT|DELETE,1,12,20261008000000_clinical_note_templates.sql,20261008000000_clinical_note_templates.sql
clinical_protocols,public,Other,CORE ENTITY,8,id,1,0,0,1,1,YES,1,YES,YES,NO,NO,NO,0,122,0,NO,2,READ|INSERT|UPDATE|DELETE,1,3,20260327045637_374bfc54-05be-4d73-9183-63f042dcadb0.sql,20260327045637_374bfc54-05be-4d73-9183-63f042dcadb0.sql
clinical_reference_sources,public,Other,REFERENCE,16,id,1,1,3,4,0,YES,3,YES,YES,YES,NO,NO,11,96,11,NO,0,NONE,0,0,NOT-IN-MIGRATIONS,
code_blue_audits,public,Other,CORE ENTITY,25,id,3,0,2,2,1,YES,1,YES,YES,NO,NO,NO,0,1,105,NO,1,INSERT,1,3,20260509100003_nabh_code_blue.sql,20260509100003_nabh_code_blue.sql
code_blue_events,public,Other,CORE ENTITY,15,id,3,0,2,2,1,YES,1,YES,YES,NO,NO,NO,0,68,230,YES,1,READ|INSERT,1,3,20260509100003_nabh_code_blue.sql,20260509100003_nabh_code_blue.sql
coding_audits,public,Other,CORE ENTITY,9,id,3,0,0,1,1,YES,1,YES,NO,NO,NO,NO,0,532,0,NO,0,NONE,1,3,20260328092644_e20b425f-7b11-4901-833e-bae2cd5c4448.sql,20260328092644_e20b425f-7b11-4901-833e-bae2cd5c4448.sql
cold_chain_log,public,Vaccination,AUDIT,8,id,2,0,0,2,1,YES,2,YES,NO,NO,NO,NO,0,1,108,NO,2,READ|INSERT,2,6,20260330082601_4d96ad0c-559e-412b-978e-1c9185e66d76.sql,20260901000002_add_vaccination_tables_and_rls.sql
cold_storage_log,public,Other,AUDIT,8,id,2,0,0,3,1,YES,1,YES,NO,NO,NO,NO,0,1,107,NO,0,NONE,1,4,20260329153452_0dce536f-a0cb-4ae9-9af2-e7d3d5baee48.sql,20260329153452_0dce536f-a0cb-4ae9-9af2-e7d3d5baee48.sql
collection_campaigns,public,Other,CORE ENTITY,12,id,2,0,0,1,2,YES,1,YES,YES,NO,NO,YES,0,109,0,NO,1,INSERT|UPDATE,1,2,20260329070823_5e47e3bf-e6fb-4984-a526-620c1df6a340.sql,20260329070823_5e47e3bf-e6fb-4984-a526-620c1df6a340.sql
committee_action_items,public,Quality/NABH,JUNCTION,10,id,2,0,1,3,1,YES,1,NO,YES,YES,NO,NO,0,1,0,YES,1,READ|INSERT|UPDATE|DELETE,1,5,20260909000005_committees.sql,20260909000005_committees.sql
committee_meetings,public,Quality/NABH,CORE ENTITY,12,id,2,0,0,2,1,YES,1,NO,YES,YES,NO,YES,0,1,0,NO,2,READ|INSERT|UPDATE,1,4,20260909000005_committees.sql,20260909000005_committees.sql
committee_members,public,Quality/NABH,JUNCTION,8,id,2,0,0,2,0,YES,1,NO,YES,NO,NO,NO,0,1,0,NO,1,READ|INSERT|DELETE,1,4,20260909000005_committees.sql,20260909000005_committees.sql
config_change_logs,public,Other,AUDIT,9,id,2,0,0,3,1,YES,1,YES,NO,NO,NO,NO,0,1,273,NO,6,INSERT|READ,1,5,20260909000008_ims.sql,20260909000008_ims.sql
consent_form_templates,public,Audit/Compliance,CORE ENTITY,10,id,1,0,1,2,1,YES,1,YES,YES,YES,NO,NO,2,0,142,NO,3,READ|UPDATE|INSERT|DELETE,2,6,20260904000023_consent_form_templates.sql,20260910000004_digital_consent.sql
consent_templates,public,Audit/Compliance,CORE ENTITY,8,id,1,0,0,1,1,YES,1,YES,YES,NO,NO,NO,0,161,0,NO,1,READ,1,3,20260327045637_374bfc54-05be-4d73-9183-63f042dcadb0.sql,20260327045637_374bfc54-05be-4d73-9183-63f042dcadb0.sql
corporate_accounts,public,Insurance,CORE ENTITY,12,id,1,0,0,2,1,YES,3,YES,YES,NO,NO,NO,0,0,109,NO,1,READ|INSERT,2,8,20260330085957_54b90582-7f75-4fcc-be1f-5e5d5aaf3d7a.sql,20260518000007_rls_open_access_fixes.sql
credential_override_log,public,Other,AUDIT,9,id,3,0,0,2,1,YES,1,YES,YES,NO,NO,NO,0,2,99,NO,1,INSERT,1,4,20261008000081_credential_override_log.sql,20261008000081_credential_override_log.sql
credit_note_items,public,Billing,JUNCTION,11,id,3,0,0,2,1,YES,2,YES,YES,NO,NO,NO,0,105,0,YES,1,INSERT,1,7,20260518000003_drug_return_credit_note.sql,20260518000003_drug_return_credit_note.sql
credit_notes,public,Billing,CORE ENTITY,19,id,6,0,1,4,1,YES,3,YES,YES,YES,NO,YES,0,714,172,YES,1,INSERT,1,11,20260518000003_drug_return_credit_note.sql,20260518000003_drug_return_credit_note.sql
cross_match_records,public,Other,CORE ENTITY,11,id,5,0,2,1,1,YES,1,YES,NO,NO,NO,NO,0,177,0,YES,3,READ|INSERT,1,3,20260328052647_ae1a1adb-0b7e-44c0-be24-5a2f81d3a97f.sql,20260328052647_ae1a1adb-0b7e-44c0-be24-5a2f81d3a97f.sql
cycle_instruments,public,Other,CORE ENTITY,6,id,4,0,1,1,1,YES,1,YES,NO,NO,NO,NO,0,109,0,NO,1,INSERT|UPDATE|READ,1,3,20260328053244_8e0f8d5a-e7a8-4433-bd17-3cbc6805c53c.sql,20260328053244_8e0f8d5a-e7a8-4433-bd17-3cbc6805c53c.sql
daily_cash_closure,public,Other,CORE ENTITY,26,id,3,1,1,3,3,YES,2,YES,YES,YES,NO,NO,0,2,5259,YES,3,READ|INSERT|UPDATE,1,7,20260518000010_daily_cash_closure.sql,20260518000010_daily_cash_closure.sql
daily_census_snapshots,public,Other,HISTORY,15,id,1,1,0,3,1,YES,1,YES,YES,NO,NO,NO,0,0,787,NO,1,INSERT,1,4,20260908000018_daily_census.sql,20260908000018_daily_census.sql
data_erasure_requests,public,Other,CORE ENTITY,9,id,3,0,1,3,1,YES,3,YES,NO,NO,NO,NO,0,11,129,NO,5,READ|UPDATE|INSERT|DELETE,1,10,20261008000104_data_erasure_requests.sql,20261008000104_data_erasure_requests.sql
day_care_procedures,public,Other,CORE ENTITY,11,id,1,0,0,2,2,YES,2,YES,YES,NO,NO,NO,3,0,263,NO,4,READ|INSERT|UPDATE|DELETE,1,7,20260518000011_day_care_admission_type.sql,20260518000011_day_care_admission_type.sql
daycare_chairs,public,Other,CORE ENTITY,9,id,2,0,0,1,2,YES,1,YES,YES,NO,NO,NO,0,182,0,YES,2,READ|UPDATE,1,3,20260328054628_52972efb-5442-46fd-a624-f86462360ec5.sql,20260328054628_52972efb-5442-46fd-a624-f86462360ec5.sql
death_certificates,public,Other,CORE ENTITY,18,id,4,1,0,2,2,YES,1,YES,YES,NO,NO,NO,0,68,108,NO,1,READ|INSERT,1,3,20260328092644_e20b425f-7b11-4901-833e-bae2cd5c4448.sql,20260328092644_e20b425f-7b11-4901-833e-bae2cd5c4448.sql
demand_forecasts,public,Other,REPORTING,7,id,2,0,0,1,1,YES,3,YES,YES,NO,NO,NO,0,105,0,NO,0,NONE,1,2,20260501145300_v9_emr_procurement_foundation.sql,20260501145300_v9_emr_procurement_foundation.sql
denial_logs,public,Other,AUDIT,10,id,2,0,0,2,2,YES,1,YES,YES,NO,NO,NO,0,98,0,YES,3,READ|INSERT,1,3,20260329063511_1963ad63-bfbd-458c-b038-ebbee8ae482b.sql,20260329063511_1963ad63-bfbd-458c-b038-ebbee8ae482b.sql
dental_charts,public,Dental,CORE ENTITY,11,id,3,0,0,3,2,YES,2,YES,YES,NO,NO,YES,0,1,175,NO,2,INSERT|UPDATE|READ,2,5,20260330083551_91e31bcb-a645-474e-89f4-3350b3322a58.sql,20260901000000_add_dental_tables_and_rls.sql
dental_lab_orders,public,Dental,CORE ENTITY,17,id,3,0,0,3,2,YES,2,YES,YES,NO,NO,NO,0,1,176,NO,1,READ|INSERT|UPDATE,2,5,20260330083551_91e31bcb-a645-474e-89f4-3350b3322a58.sql,20260901000000_add_dental_tables_and_rls.sql
dental_treatment_plans,public,Dental,CORE ENTITY,13,id,5,0,1,2,2,YES,2,YES,YES,NO,NO,YES,0,820,69,NO,1,READ|INSERT|UPDATE,3,6,20260330083551_91e31bcb-a645-474e-89f4-3350b3322a58.sql,20260901000000_add_dental_tables_and_rls.sql
department_indents,public,Tenant,CORE ENTITY,11,id,4,1,0,2,1,YES,4,YES,YES,NO,NO,NO,0,3,113,YES,3,INSERT|READ|UPDATE,2,6,20260324080900_880106fb-2a83-4c42-aec2-012df6887a7a.sql,20260518000006_rls_missing_tables.sql
departments,public,Tenant,CORE ENTITY,7,id,1,0,0,1,1,YES,2,YES,YES,NO,NO,NO,40,5096,14192,NO,52,READ|DELETE|UPDATE|INSERT,2,2,20260321162749_5754cd97-c837-4c8f-a419-b2dd4b7f66f5.sql,20260510000001_enable_rls_missing_tables.sql
depreciation_postings,public,Other,CORE ENTITY,7,id,3,1,0,3,1,YES,1,YES,YES,NO,NO,NO,0,0,99,NO,0,NONE,1,5,20261008000084_depreciation_run.sql,20261008000084_depreciation_run.sql
dialysis_machines,public,IPD,CORE ENTITY,12,id,2,0,0,1,1,YES,4,YES,YES,NO,NO,NO,1,201,10,YES,3,READ|UPDATE|INSERT,2,2,20260328081418_c6970777-c1c3-41cb-8565-892ccc6173ff.sql,20260510000001_enable_rls_missing_tables.sql
dialysis_patients,public,IPD,CORE ENTITY,17,id,3,1,0,2,1,YES,4,YES,YES,NO,NO,NO,2,1,259,YES,5,READ|INSERT,2,2,20260328081418_c6970777-c1c3-41cb-8565-892ccc6173ff.sql,20260510000001_enable_rls_missing_tables.sql
dialysis_sessions,public,IPD,CORE ENTITY,39,id,5,0,1,1,1,YES,4,YES,YES,NO,NO,NO,4,930,5,YES,6,READ|INSERT|UPDATE,4,17,20260328081418_c6970777-c1c3-41cb-8565-892ccc6173ff.sql,20260531000007_billing_leakage_fix.sql
dialyzer_reuse,public,Other,CORE ENTITY,8,id,2,0,0,1,1,YES,5,YES,YES,NO,NO,NO,0,108,0,NO,0,NONE,2,6,20260328081418_c6970777-c1c3-41cb-8565-892ccc6173ff.sql,20260518000006_rls_missing_tables.sql
dicom_files,public,Radiology,CORE ENTITY,23,id,3,0,0,4,1,YES,1,YES,YES,NO,NO,NO,0,1,139,YES,2,READ|INSERT|DELETE,1,6,20260531000001_dicom_pacs_config.sql,20260531000001_dicom_pacs_config.sql
diet_orders,public,Dietetics,CORE ENTITY,21,id,4,0,0,4,2,YES,1,YES,YES,NO,NO,NO,0,68,107,YES,3,INSERT|READ,2,10,20260329085231_c4f8855e-da57-4edf-8209-8111b6461103.sql,20260910000008_nutrition_wound_care.sql
diet_plans,public,Dietetics,CORE ENTITY,10,id,4,0,0,4,1,YES,2,YES,YES,NO,NO,YES,0,68,107,NO,1,INSERT,2,8,20260329085231_c4f8855e-da57-4edf-8209-8111b6461103.sql,20260906000001_diet_plans.sql
dietitian_notes,public,Dietetics,CORE ENTITY,11,id,3,0,0,2,1,YES,1,YES,YES,NO,NO,NO,0,4,101,NO,1,READ|INSERT,1,5,20260910000008_nutrition_wound_care.sql,20260910000008_nutrition_wound_care.sql
disaster_drills,public,Emergency,CORE ENTITY,14,id,3,0,2,2,1,YES,1,YES,YES,NO,NO,NO,0,2,105,NO,1,READ|INSERT|UPDATE,1,3,20260509100010_nabh_disaster_management.sql,20260509100010_nabh_disaster_management.sql
disciplinary_actions,public,Other,CORE ENTITY,11,id,3,0,0,2,1,YES,1,YES,YES,NO,NO,NO,0,100,1,NO,1,READ|INSERT|UPDATE,1,3,20261008000059_hr_disciplinary_grievance.sql,20261008000059_hr_disciplinary_grievance.sql
discount_approvals,public,Billing,CORE ENTITY,12,id,4,0,1,1,1,YES,2,YES,NO,NO,NO,NO,0,823,0,YES,0,NONE,1,2,20260323042425_16804ec8-3823-495a-89b7-52db4d2a494e.sql,20260323042425_16804ec8-3823-495a-89b7-52db4d2a494e.sql
discount_codes,public,Billing,REFERENCE,13,id,1,1,0,4,0,YES,2,NO,YES,NO,NO,YES,0,6,0,NO,5,READ|INSERT|UPDATE,1,20,20260601150001_aumrti_control_plane.sql,20260601150001_aumrti_control_plane.sql
doctor_quick_picks,public,OPD,CORE ENTITY,7,id,2,1,1,4,1,YES,4,YES,YES,YES,NO,NO,2,0,1797,NO,1,READ|INSERT|DELETE,2,14,20260610000001_doctor_quick_picks.sql,20260610000002_doctor_quick_picks_lab_rad.sql
doctor_schedules,public,OPD,CORE ENTITY,10,id,2,1,0,3,1,YES,1,YES,YES,NO,NO,NO,12,0,222,NO,3,READ|DELETE|INSERT,1,3,20260418050359_426c3e87-3bd1-42df-8c02-4bba3466fbc6.sql,20260418050359_426c3e87-3bd1-42df-8c02-4bba3466fbc6.sql
doctor_slots,public,OPD,CORE ENTITY,13,id,3,0,1,4,1,YES,1,YES,YES,NO,NO,NO,23908,5,32231,NO,7,READ|UPDATE|INSERT|DELETE,1,6,20260908000013_slot_appointments.sql,20260908000013_slot_appointments.sql
donor_campaigns,public,Blood Bank,CORE ENTITY,10,id,2,0,1,2,1,YES,1,YES,YES,NO,NO,NO,0,1,107,NO,1,INSERT,1,4,20261003000001_phase6c_ai_bots.sql,20261003000001_phase6c_ai_bots.sql
donors,public,Blood Bank,CORE ENTITY,25,id,1,1,8,2,1,YES,1,YES,YES,NO,NO,NO,0,0,109,NO,2,READ|INSERT,1,3,20260328052647_ae1a1adb-0b7e-44c0-be24-5a2f81d3a97f.sql,20260328052647_ae1a1adb-0b7e-44c0-be24-5a2f81d3a97f.sql
drug_allergy_cross_reactivity,public,Pharmacy,CORE ENTITY,5,id,0,0,0,1,0,YES,1,NO,NO,NO,NO,NO,0,34,0,NO,2,READ,1,2,20260327071615_32864482-53f6-47a5-a6fc-ccf9c4839e8f.sql,20260327071615_32864482-53f6-47a5-a6fc-ccf9c4839e8f.sql
drug_batches,public,Pharmacy,CORE ENTITY,20,id,3,0,2,5,1,YES,3,YES,YES,NO,NO,NO,22,1,360,YES,20,READ|UPDATE|INSERT,6,10,20260322164553_2b762a05-eb92-4336-b395-713f47d68f9c.sql,20261008000053_drug_batches_mrp_cap.sql
drug_interactions,public,Pharmacy,CORE ENTITY,8,id,0,0,1,1,0,YES,1,NO,YES,NO,NO,NO,0,13,0,NO,1,READ,1,2,20260327071615_32864482-53f6-47a5-a6fc-ccf9c4839e8f.sql,20260327071615_32864482-53f6-47a5-a6fc-ccf9c4839e8f.sql
drug_master,public,Pharmacy,REFERENCE,21,id,1,0,1,1,1,YES,2,YES,NO,NO,NO,NO,25,570,96,NO,20,READ|INSERT|UPDATE|DELETE,5,13,20260322095145_2f127eea-e6c2-408b-b1ea-c30530c596b2.sql,20260904000026_p2_gaps.sql
dunning_attempts,public,Other,CORE ENTITY,9,id,2,0,1,2,0,YES,1,YES,NO,NO,NO,NO,0,1,100,NO,1,READ|INSERT,1,3,20260622000010_add_dunning_attempts.sql,20260622000010_add_dunning_attempts.sql
dunning_cadence_rules,public,Other,CONFIGURATION,7,id,0,0,1,2,0,YES,1,NO,YES,YES,NO,NO,0,0,0,NO,2,READ|INSERT|UPDATE|DELETE,1,5,20261008000109_dunning_cadence_rules.sql,20261008000109_dunning_cadence_rules.sql
duty_roster,public,HR,CORE ENTITY,14,id,7,1,0,4,1,YES,4,YES,YES,NO,NO,YES,0,3,150,YES,5,READ|INSERT|DELETE|UPDATE,4,10,20260324080455_00c894a3-3659-42b3-8566-d84b0589970e.sql,20261008000056_hr_roster_publish.sql
ed_charge_items,public,Emergency,JUNCTION,16,id,5,0,0,5,1,YES,2,YES,YES,NO,NO,NO,0,45,883,YES,3,READ|INSERT,2,7,20261008000012_ed_charge_items.sql,20261008000013_ed_charge_items_performed_by_nofk.sql
ed_handover_notes,public,Emergency,CORE ENTITY,9,id,5,0,0,3,1,YES,2,YES,YES,NO,NO,NO,0,69,103,YES,1,READ|INSERT,1,4,20261008000030_ed_handover_notes.sql,20261008000030_ed_handover_notes.sql
ed_medications,public,Emergency,CORE ENTITY,12,id,4,0,0,4,1,YES,2,YES,YES,NO,NO,NO,0,0,170,YES,1,READ|INSERT,1,5,20261008000017_ed_medications.sql,20261008000017_ed_medications.sql
ed_visits,public,Emergency,CORE ENTITY,26,id,4,0,1,2,1,YES,3,YES,YES,NO,NO,NO,1,830,405,YES,9,READ|UPDATE|INSERT|DELETE,7,13,20260322101256_499ca319-64fe-470e-a913-974fb9aa367d.sql,20261008000016_ed_arrival_details.sql
electrical_safety_logs,public,Other,AUDIT,16,id,2,0,0,2,1,YES,1,YES,YES,NO,NO,NO,0,1,101,NO,1,READ|INSERT|DELETE,1,4,20260601000001_nabh_gap_fill.sql,20260601000001_nabh_gap_fill.sql
email_notifications,public,Notifications,CORE ENTITY,12,id,1,0,1,2,0,YES,1,YES,YES,NO,NO,NO,0,0,109,NO,1,INSERT,1,3,20260622000004_add_email_notifications_table.sql,20260622000004_add_email_notifications_table.sql
embryo_bank,public,IVF/ART,CORE ENTITY,17,id,4,0,0,3,2,YES,2,YES,YES,NO,NO,NO,0,0,173,NO,2,READ,2,6,20260330090552_8f181820-6667-4345-ae68-d4aed2b4e34e.sql,20260901000001_add_ivf_tables_and_rls.sql
embryology_records,public,IVF/ART,CORE ENTITY,18,id,2,0,0,2,2,YES,2,YES,YES,NO,NO,NO,0,109,0,NO,0,NONE,2,5,20260330090552_8f181820-6667-4345-ae68-d4aed2b4e34e.sql,20260901000001_add_ivf_tables_and_rls.sql
emi_installments,public,Billing,CORE ENTITY,11,id,3,0,0,5,2,YES,2,YES,NO,NO,NO,NO,0,714,126,YES,1,READ|UPDATE|INSERT,2,9,20260329070823_5e47e3bf-e6fb-4984-a526-620c1df6a340.sql,20260904000001_emi_payment_plans.sql
emi_plans,public,Billing,CORE ENTITY,13,id,4,0,0,5,2,YES,2,YES,YES,NO,NO,YES,0,1,916,YES,1,READ|INSERT,2,10,20260329070823_5e47e3bf-e6fb-4984-a526-620c1df6a340.sql,20260904000001_emi_payment_plans.sql
emr_template_definitions,public,Other,REFERENCE,10,id,1,0,0,1,1,YES,3,YES,YES,YES,NO,NO,7,166,0,NO,2,READ|INSERT|DELETE,1,2,20260501145300_v9_emr_procurement_foundation.sql,20260501145300_v9_emr_procurement_foundation.sql
enterprise_leads,public,Other,CORE ENTITY,13,id,1,0,1,1,1,YES,4,YES,YES,YES,NO,NO,0,113,0,NO,2,READ|UPDATE|INSERT,1,6,20260609000001_saas_automation_tables.sql,20260609000001_saas_automation_tables.sql
entitlement_fail_open_events,public,Platform,CORE ENTITY,4,id,1,0,0,2,0,YES,2,YES,NO,NO,NO,NO,0,101,0,NO,3,INSERT|READ,1,7,20261008000099_entitlement_fail_open_log.sql,20261008000099_entitlement_fail_open_log.sql
epidemic_protocols,public,Other,CORE ENTITY,14,id,2,0,2,2,1,YES,1,YES,YES,NO,NO,NO,0,1,128,NO,2,READ|INSERT|UPDATE,1,3,20260509100010_nabh_disaster_management.sql,20260509100010_nabh_disaster_management.sql
equipment_master,public,Inventory,REFERENCE,28,id,2,1,0,5,2,YES,1,YES,YES,NO,NO,NO,1,0,258,NO,10,READ|INSERT|UPDATE,1,5,20260329082735_9bc536a7-52f4-4887-8826-8c9555012e77.sql,20260329082735_9bc536a7-52f4-4887-8826-8c9555012e77.sql
esg_monthly_metrics,public,Other,REPORTING,21,id,2,1,0,3,1,YES,1,YES,YES,NO,NO,NO,0,1,105,NO,1,READ|INSERT,1,3,20260509100007_nabh_esg.sql,20260509100007_nabh_esg.sql
esi_beneficiaries,public,PM-JAY,CORE ENTITY,10,id,0,0,1,3,1,YES,2,YES,YES,NO,NO,NO,0,0,104,NO,1,READ,1,6,20260521000005_govt_schemes.sql,20260521000005_govt_schemes.sql
expense_records,public,Other,CORE ENTITY,16,id,4,0,2,1,1,YES,1,YES,YES,NO,NO,YES,0,112,0,YES,3,READ|INSERT|UPDATE,1,3,20260327104518_5ee46b79-c027-4225-b405-c6f40efe69be.sql,20260327104518_5ee46b79-c027-4225-b405-c6f40efe69be.sql
external_lab_referrals,public,Other,CORE ENTITY,17,id,3,0,1,2,1,YES,1,YES,YES,NO,NO,NO,0,68,110,YES,3,INSERT|READ|UPDATE|DELETE,1,5,20260904000026_p2_gaps.sql,20260904000026_p2_gaps.sql
facility_assets,public,Tenant,CORE ENTITY,12,id,1,0,0,2,1,YES,1,YES,YES,NO,NO,NO,0,0,109,NO,1,READ|INSERT|UPDATE,1,4,20260909000007_fms.sql,20260909000007_fms.sql
facility_maintenance_logs,public,Tenant,AUDIT,11,id,2,0,2,4,1,YES,1,YES,YES,NO,NO,NO,0,0,108,NO,1,READ|INSERT|UPDATE|DELETE,1,6,20260909000007_fms.sql,20260909000007_fms.sql
fall_risk_assessments,public,Nursing,CORE ENTITY,18,id,4,0,6,3,1,YES,1,YES,YES,NO,NO,NO,0,1,292,YES,1,INSERT,1,4,20260607000002_fall_risk_assessments.sql,20260607000002_fall_risk_assessments.sql
fcm_tokens,public,Other,CORE ENTITY,10,id,2,1,1,3,0,YES,2,YES,YES,NO,NO,NO,0,0,112,NO,2,READ|INSERT|UPDATE,2,7,20260910000012_mobile_fcm_tokens.sql,20260913000000_aumrti_admin_cross_tenant_rls.sql
feedback_records,public,Patient,CORE ENTITY,14,id,3,0,0,2,2,YES,1,YES,YES,NO,NO,NO,0,68,224,YES,1,READ,1,3,20260329152029_67617faf-05e8-4ea7-ba64-db5c0add3929.sql,20260329152029_67617faf-05e8-4ea7-ba64-db5c0add3929.sql
fire_safety_drills,public,Other,CORE ENTITY,15,id,2,0,0,2,1,YES,1,YES,YES,NO,NO,NO,0,1,226,NO,1,READ|INSERT|DELETE,1,4,20260601000001_nabh_gap_fill.sql,20260601000001_nabh_gap_fill.sql
fixed_assets,public,Other,CORE ENTITY,31,id,2,1,3,3,1,YES,1,YES,YES,YES,NO,NO,0,1,116,YES,3,READ|UPDATE|INSERT,2,10,20260611000001_merge_asset_register_into_fixed_assets.sql,20260910000010_erp_mci_jci.sql
full_final_settlements,public,Other,CORE ENTITY,14,id,3,0,0,2,1,YES,1,YES,NO,NO,NO,NO,0,100,0,NO,1,INSERT,1,3,20261008000058_hr_offboarding.sql,20261008000058_hr_offboarding.sql
govt_scheme_claims,public,PM-JAY,CORE ENTITY,20,id,0,0,2,3,1,YES,2,YES,YES,NO,NO,NO,0,0,102,YES,3,READ|INSERT,2,14,20260521000005_govt_schemes.sql,20260531000006_rcm_gaps.sql
govt_schemes,public,PM-JAY,CORE ENTITY,11,id,1,0,0,1,2,YES,1,YES,YES,NO,NO,NO,0,108,0,NO,5,READ|INSERT,1,2,20260329063511_1963ad63-bfbd-458c-b038-ebbee8ae482b.sql,20260329063511_1963ad63-bfbd-458c-b038-ebbee8ae482b.sql
grievances,public,HR,CORE ENTITY,21,id,4,0,0,5,2,YES,1,YES,YES,NO,NO,NO,0,2,309,YES,2,INSERT|READ|UPDATE,3,9,20260329152029_67617faf-05e8-4ea7-ba64-db5c0add3929.sql,20261008000063_hr_staff_grievances.sql
grn_ai_log,public,AI,AUDIT,12,id,2,0,0,1,1,YES,4,YES,YES,NO,NO,NO,0,109,0,NO,1,INSERT,2,6,20260327072255_73bc39ae-887a-48f1-bf83-99b5b79bccfb.sql,20260518000006_rls_missing_tables.sql
grn_items,public,Procurement,JUNCTION,10,id,4,0,0,1,1,YES,4,YES,NO,NO,NO,NO,0,109,0,YES,1,READ|INSERT,2,6,20260324080900_880106fb-2a83-4c42-aec2-012df6887a7a.sql,20260518000006_rls_missing_tables.sql
grn_records,public,Procurement,CORE ENTITY,13,id,4,1,0,2,1,YES,3,YES,YES,NO,NO,NO,0,1,109,YES,4,READ|INSERT|UPDATE,3,3,20260324080900_880106fb-2a83-4c42-aec2-012df6887a7a.sql,20260510000001_enable_rls_missing_tables.sql
guideline_adherence_log,public,Other,AUDIT,9,id,1,0,0,2,1,YES,2,YES,YES,NO,NO,NO,0,103,0,NO,1,INSERT,1,5,20260521000009_clinical_guidelines.sql,20260521000009_clinical_guidelines.sql
hand_hygiene_audits,public,Infection Control,CORE ENTITY,24,id,3,0,0,2,1,YES,1,YES,YES,NO,NO,NO,0,1,287,NO,2,READ|DELETE|INSERT,1,4,20260601000001_nabh_gap_fill.sql,20260601000001_nabh_gap_fill.sql
hcx_submissions,public,Other,CORE ENTITY,13,id,3,0,1,1,1,YES,2,YES,YES,NO,NO,NO,0,109,0,YES,3,READ|INSERT,1,6,20260526000001_hcx_schema.sql,20260526000001_hcx_schema.sql
health_coach_sessions,public,Other,CORE ENTITY,7,id,3,0,1,2,1,YES,1,YES,YES,NO,NO,NO,0,100,67,NO,1,READ|INSERT,1,4,20261003000001_phase6c_ai_bots.sql,20261003000001_phase6c_ai_bots.sql
health_packages,public,Other,CORE ENTITY,18,id,1,1,0,3,3,YES,4,YES,YES,NO,NO,NO,0,0,307,NO,8,READ|INSERT,3,10,20260330085957_54b90582-7f75-4fcc-be1f-5e5d5aaf3d7a.sql,20260901000006_add_health_packages_tables.sql
hep_plans,public,Other,CORE ENTITY,13,id,4,0,0,3,1,YES,1,YES,YES,NO,NO,YES,0,68,126,NO,1,READ|INSERT|UPDATE,1,4,20260329152758_bd6673df-fdba-4c2a-9ede-4f52db1a0c84.sql,20260329152758_bd6673df-fdba-4c2a-9ede-4f52db1a0c84.sql
high_alert_double_checks,public,Other,CORE ENTITY,12,id,4,0,0,2,1,YES,1,YES,NO,NO,NO,NO,0,8,226,YES,1,READ|INSERT|UPDATE,1,5,20260910000007_med_reconciliation.sql,20260910000007_med_reconciliation.sql
hmis_reports,public,Integration,CORE ENTITY,15,id,2,1,0,4,2,YES,2,YES,YES,NO,NO,NO,0,1,107,NO,3,INSERT|READ|UPDATE,3,12,20260329084511_d6065de8-6580-4187-9e22-cd67f6a8c16d.sql,20260901000011_hmis_ack_ref.sql
home_care_plans,public,Other,CORE ENTITY,16,id,4,0,2,3,1,YES,1,YES,YES,NO,NO,YES,0,2,175,NO,3,READ|INSERT,1,3,20260509100005_nabh_home_care.sql,20260509100005_nabh_home_care.sql
home_care_visits,public,Other,CORE ENTITY,19,id,4,0,2,3,1,YES,1,YES,YES,NO,NO,NO,0,68,109,NO,3,INSERT|READ|UPDATE,1,3,20260509100005_nabh_home_care.sql,20260509100005_nabh_home_care.sql
home_tele_monitoring,public,Other,CORE ENTITY,15,id,3,0,1,2,1,YES,1,YES,YES,NO,NO,NO,0,0,174,NO,2,READ|INSERT,1,3,20260509100005_nabh_home_care.sql,20260509100005_nabh_home_care.sql
hospital_abdm_config,public,Tenant,CONFIGURATION,24,id,1,1,0,2,1,YES,2,YES,YES,YES,NO,NO,0,0,697,NO,19,READ|INSERT|UPDATE,3,12,20260525000002_abdm_schema.sql,20260526000002_abdm_security.sql
hospital_addons,public,Tenant,CORE ENTITY,11,id,3,0,2,3,1,YES,2,YES,YES,YES,NO,NO,0,104,38458,NO,7,READ|INSERT|UPDATE,1,8,20261008000166_addon_skus.sql,20261008000166_addon_skus.sql
hospital_ai_wallet,public,AI,CORE ENTITY,8,hospital_id,1,0,0,1,0,YES,2,YES,YES,YES,NO,NO,2,2239,2144,NO,2,READ,1,6,20261009000178_ai_wallet.sql,20261009000178_ai_wallet.sql
hospital_chains,public,Tenant,CORE ENTITY,8,id,0,1,0,2,0,YES,1,NO,YES,NO,NO,NO,0,0,0,NO,0,NONE,1,4,20260910000011_phase4_research_nps_chain.sql,20260910000011_phase4_research_nps_chain.sql
hospital_committees,public,Tenant,CORE ENTITY,8,id,3,0,0,2,1,YES,1,YES,YES,NO,NO,NO,0,2,231,NO,1,READ|INSERT,1,4,20260909000005_committees.sql,20260909000005_committees.sql
hospital_config_values,public,Tenant,CORE ENTITY,11,id,1,1,0,4,2,YES,4,YES,YES,YES,NO,NO,39,1627,0,NO,5,READ|INSERT|UPDATE|DELETE,1,12,20260531150001_hospital_config_values.sql,20260531150001_hospital_config_values.sql
hospital_feature_overrides,public,Tenant,CORE ENTITY,7,id,2,1,0,3,0,YES,2,YES,YES,NO,NO,YES,0,4,13893,YES,3,READ|INSERT|DELETE,1,11,20260601150001_aumrti_control_plane.sql,20260601150001_aumrti_control_plane.sql
hospital_icd_settings,public,Tenant,CONFIGURATION,5,id,1,1,0,2,2,YES,1,YES,YES,NO,NO,NO,0,0,166,NO,3,READ|INSERT|UPDATE,1,2,20260329051509_9ecc58e7-078a-4d7f-9112-97ac3aa91584.sql,20260329051509_9ecc58e7-078a-4d7f-9112-97ac3aa91584.sql
hospital_insurance_settings,public,Tenant,CONFIGURATION,11,id,1,1,2,3,2,YES,3,YES,YES,YES,NO,NO,0,0,136,NO,10,READ|INSERT|UPDATE,1,10,20260529_insurance_upgrade.sql,20260529_insurance_upgrade.sql
hospital_module_entitlements,public,Tenant,CORE ENTITY,8,id,2,1,0,3,0,YES,2,YES,YES,YES,NO,NO,0,4,30620,YES,3,READ|INSERT|DELETE,1,8,20261008000131_hospital_module_entitlements.sql,20261008000131_hospital_module_entitlements.sql
hospital_packages,public,Tenant,CORE ENTITY,14,id,1,0,1,3,1,YES,2,YES,YES,YES,NO,NO,0,0,105,NO,1,READ,3,11,20260518000005_package_billing_guard.sql,20261008000055_hospital_packages_scheme_linkage.sql
hospital_pacs_config,public,Tenant,CONFIGURATION,15,id,1,0,0,2,1,YES,1,YES,YES,YES,NO,NO,0,0,141,NO,4,READ|INSERT|UPDATE,1,4,20260531000001_dicom_pacs_config.sql,20260531000001_dicom_pacs_config.sql
hospital_pricing_overrides,public,Tenant,CORE ENTITY,9,id,2,1,0,3,1,YES,2,YES,YES,YES,NO,YES,0,4,11787,YES,5,READ|INSERT,1,15,20260601150001_aumrti_control_plane.sql,20260601150001_aumrti_control_plane.sql
hospital_sequences,public,Tenant,CONFIGURATION,3,hospital_id seq_type,1,0,0,1,1,YES,1,YES,NO,NO,NO,NO,22,105,818,NO,0,NONE,1,2,20260510000002_atomic_sequences.sql,20260510000002_atomic_sequences.sql
hospital_settings,public,Tenant,CONFIGURATION,5,id,1,1,0,3,1,YES,1,YES,NO,YES,NO,NO,9,164,1486,NO,28,READ|INSERT|UPDATE|DELETE,1,4,20260908000006_opd_diagnoses_revisit.sql,20260908000006_opd_diagnoses_revisit.sql
hospital_signup_consents,public,Tenant,CORE ENTITY,9,id,1,0,0,1,0,YES,1,YES,YES,NO,NO,NO,1,109,0,NO,2,READ|INSERT,2,8,20260911000002_hospital_signup_consents.sql,20261008000108_compliance_evidence_center.sql
hospital_subscriptions,public,Tenant,CORE ENTITY,23,id,2,1,3,5,5,YES,2,YES,YES,YES,NO,NO,1,34,54600,YES,20,READ|INSERT|UPDATE,5,36,20260601150001_aumrti_control_plane.sql,20261009000177_past_due_access_cutoff.sql
hospitals,public,Tenant,CORE ENTITY,63,id,2,1,1,4,2,YES,5,NO,YES,NO,YES,NO,6,15002,36962,YES,121,READ|INSERT|UPDATE|DELETE,28,59,20260321162749_5754cd97-c837-4c8f-a419-b2dd4b7f66f5.sql,20261008000129_referral_system.sql
housekeeping_tasks,public,Housekeeping,CORE ENTITY,18,id,4,0,0,4,2,YES,1,YES,YES,NO,NO,NO,0,0,108,NO,5,INSERT|READ|UPDATE,1,5,20260329083647_16e8bea8-2bbf-46b2-a723-b77c856c4480.sql,20260329083647_16e8bea8-2bbf-46b2-a723-b77c856c4480.sql
icd10_code_sets,public,Other,CORE ENTITY,11,id,2,0,0,1,2,YES,1,YES,YES,NO,NO,NO,0,167,0,NO,1,READ|INSERT|DELETE,1,2,20260329051509_9ecc58e7-078a-4d7f-9112-97ac3aa91584.sql,20260329051509_9ecc58e7-078a-4d7f-9112-97ac3aa91584.sql
icd10_codes,public,Other,REFERENCE,16,id,2,0,0,4,2,YES,4,YES,YES,NO,NO,NO,0,111,0,NO,3,READ|INSERT|DELETE,1,5,20260329051509_9ecc58e7-078a-4d7f-9112-97ac3aa91584.sql,20260329051509_9ecc58e7-078a-4d7f-9112-97ac3aa91584.sql
icd_codings,public,Other,CORE ENTITY,19,id,4,0,0,2,4,YES,1,YES,YES,NO,NO,NO,6,792,106,NO,10,INSERT|READ|UPDATE,3,7,20260328092644_e20b425f-7b11-4901-833e-bae2cd5c4448.sql,20260517000003_mrd_icd_validation_lock.sql
icu_daily_goals,public,ICU,CORE ENTITY,7,id,3,1,0,3,1,YES,1,YES,NO,YES,NO,NO,0,4,103,YES,1,READ|INSERT,1,5,20260910000005_icu_workspace.sql,20260910000005_icu_workspace.sql
icu_flowsheet_entries,public,ICU,CORE ENTITY,21,id,3,0,0,2,1,YES,1,YES,NO,NO,NO,NO,0,4,103,YES,1,READ|INSERT,1,5,20260910000005_icu_workspace.sql,20260910000005_icu_workspace.sql
idsp_alerts,public,Public Health,CORE ENTITY,13,id,1,0,0,3,2,YES,2,YES,YES,NO,NO,NO,0,0,107,NO,1,READ|INSERT,2,8,20260329084511_d6065de8-6580-4187-9e22-cd67f6a8c16d.sql,20260901000004_add_hmis_tables_and_rls.sql
idsp_submissions,public,Public Health,CORE ENTITY,10,id,2,0,1,2,1,YES,1,YES,YES,NO,NO,NO,0,67,109,NO,1,INSERT,1,4,20260904000004_idsp_submissions.sql,20260904000004_idsp_submissions.sql
inbox_messages,public,Other,CORE ENTITY,19,id,3,0,0,1,2,YES,2,YES,YES,NO,NO,NO,2,251,4,YES,1,READ|UPDATE|INSERT,1,2,20260327035800_2f6aee27-77fd-4ed4-bd9e-d3bdf88279a3.sql,20260327035800_2f6aee27-77fd-4ed4-bd9e-d3bdf88279a3.sql
incident_reports,public,Quality/NABH,CORE ENTITY,15,id,4,1,0,2,2,YES,2,YES,YES,NO,NO,NO,1,91,336,YES,7,READ|INSERT|UPDATE,1,2,20260324133145_ee0f767c-dfb1-49f0-acbb-d8ea9ea4a8ae.sql,20260324133145_ee0f767c-dfb1-49f0-acbb-d8ea9ea4a8ae.sql
indent_items,public,Procurement,JUNCTION,7,id,3,0,0,1,1,YES,4,YES,NO,NO,NO,NO,0,109,0,YES,1,READ|UPDATE|INSERT,2,6,20260324080900_880106fb-2a83-4c42-aec2-012df6887a7a.sql,20260518000006_rls_missing_tables.sql
instrument_sets,public,OT,CORE ENTITY,8,id,1,1,1,2,1,YES,1,YES,YES,NO,NO,NO,0,0,109,NO,4,READ|UPDATE|INSERT,1,3,20260328053244_8e0f8d5a-e7a8-4433-bd17-3cbc6805c53c.sql,20260328053244_8e0f8d5a-e7a8-4433-bd17-3cbc6805c53c.sql
instruments,public,OT,CORE ENTITY,14,id,2,1,2,2,1,YES,1,YES,YES,NO,NO,NO,0,0,109,NO,1,READ|INSERT,1,3,20260328053244_8e0f8d5a-e7a8-4433-bd17-3cbc6805c53c.sql,20260328053244_8e0f8d5a-e7a8-4433-bd17-3cbc6805c53c.sql
insurance_automation_config,public,Insurance,CONFIGURATION,15,id,1,1,0,2,1,YES,1,YES,YES,YES,NO,NO,0,0,108,NO,3,READ|INSERT|UPDATE,1,4,20260907000001_insurance_automation.sql,20260907000001_insurance_automation.sql
insurance_automation_log,public,Insurance,AUDIT,13,id,4,0,2,4,1,YES,1,YES,YES,NO,NO,NO,0,0,123,YES,3,INSERT,1,7,20260907000001_insurance_automation.sql,20260907000001_insurance_automation.sql
insurance_claims,public,Insurance,CORE ENTITY,62,id,8,0,4,10,1,YES,4,YES,YES,NO,NO,YES,0,802,191,YES,21,READ|INSERT|UPDATE,11,61,20260323043602_2759c101-1bf1-4e3d-9f97-f9c25785c639.sql,20260913000000_aumrti_admin_cross_tenant_rls.sql
insurance_enhancement_requests,public,Insurance,CORE ENTITY,18,id,5,0,2,3,2,YES,3,YES,YES,YES,NO,NO,0,2,113,YES,2,INSERT|READ|UPDATE,1,10,20260517000002_insurance_enhancement_requests.sql,20260517000002_insurance_enhancement_requests.sql
insurance_intimations,public,Insurance,CORE ENTITY,17,id,3,0,1,3,2,YES,3,YES,YES,YES,NO,NO,1,191,3,YES,5,UPDATE|READ,2,25,20260518000004_insurance_intimation_trigger.sql,20261008000145_intimation_cancelled_status.sql
insurance_payment_reconciliation,public,Insurance,CORE ENTITY,13,id,2,0,0,6,1,YES,4,YES,YES,NO,NO,NO,0,0,103,NO,1,READ|INSERT|UPDATE,1,15,20260529_insurance_upgrade.sql,20260529_insurance_upgrade.sql
insurance_pre_auth,public,Insurance,CORE ENTITY,56,id,6,0,5,6,2,YES,4,YES,YES,NO,NO,YES,0,91,223,YES,24,READ|UPDATE|INSERT|DELETE,10,52,20260323043602_2759c101-1bf1-4e3d-9f97-f9c25785c639.sql,20260907000002_preauth_response_cols.sql
insurance_sla_log,public,Insurance,AUDIT,11,id,1,0,1,6,1,YES,2,YES,YES,NO,NO,NO,0,0,103,NO,3,INSERT,1,11,20260529_insurance_upgrade.sql,20260529_insurance_upgrade.sql
inventory_anomalies,public,Inventory,CORE ENTITY,9,id,3,0,1,2,1,YES,1,YES,NO,NO,NO,NO,0,1,99,YES,1,READ|UPDATE,1,5,20261008000080_inventory_anomalies.sql,20261008000080_inventory_anomalies.sql
inventory_items,public,Inventory,JUNCTION,18,id,1,0,1,2,1,YES,3,YES,YES,NO,NO,NO,0,0,117,NO,16,READ|UPDATE,4,6,20260324080900_880106fb-2a83-4c42-aec2-012df6887a7a.sql,20261008000083_itc_and_tds_classification.sql
inventory_stock,public,Inventory,CORE ENTITY,13,id,3,1,0,4,1,YES,4,YES,NO,NO,NO,NO,0,0,125,YES,14,READ|UPDATE|INSERT,4,10,20260324080900_880106fb-2a83-4c42-aec2-012df6887a7a.sql,20260904000026_p2_gaps.sql
io_balance_records,public,Other,CORE ENTITY,9,id,3,0,2,2,1,YES,1,YES,NO,NO,NO,NO,0,4,103,YES,1,READ|INSERT,1,5,20260910000005_icu_workspace.sql,20260910000005_icu_workspace.sql
ipc_bundle_checklists,public,Other,CORE ENTITY,12,id,5,0,1,3,2,YES,1,YES,YES,NO,NO,NO,0,71,309,NO,5,INSERT|READ,1,5,20260909000003_ipc_surveillance.sql,20260909000003_ipc_surveillance.sql
ipc_device_usage,public,Other,CORE ENTITY,14,id,6,0,2,4,2,YES,1,YES,YES,YES,NO,NO,0,72,309,NO,5,INSERT|UPDATE|READ,2,8,20260909000003_ipc_surveillance.sql,20261012000010_ipc_bundle_compliance_pct.sql
ipc_infection_events,public,Other,CORE ENTITY,17,id,7,0,2,3,2,YES,1,YES,YES,YES,NO,NO,0,138,675,NO,3,READ|INSERT,1,5,20260909000003_ipc_surveillance.sql,20260909000003_ipc_surveillance.sql
ipd_advances,public,IPD,CORE ENTITY,11,id,4,0,1,2,3,YES,1,YES,YES,NO,NO,NO,1,203,202,YES,9,INSERT|READ,2,6,20260902000001_payment_first_workflow.sql,20261008000011_fix_ipd_advances_rls.sql
ipd_medications,public,IPD,CORE ENTITY,13,id,3,0,0,3,1,YES,2,YES,YES,NO,NO,NO,0,1,249,YES,19,READ|INSERT|UPDATE|DELETE,3,5,20260322100400_6c9a79a1-7e9c-4765-b9ee-5f84aa2a6291.sql,20260904000010_perf_indexes.sql
ipd_nursing_notes,public,IPD,CORE ENTITY,8,id,4,0,0,3,1,YES,4,YES,YES,NO,NO,NO,0,68,119,YES,1,READ|INSERT,1,12,20261008000001_ipd_nursing_notes.sql,20261008000001_ipd_nursing_notes.sql
ipd_vitals,public,IPD,CORE ENTITY,15,id,3,0,0,2,1,YES,2,YES,NO,NO,NO,NO,0,110,58,YES,6,READ,2,3,20260322100400_6c9a79a1-7e9c-4765-b9ee-5f84aa2a6291.sql,20260904000010_perf_indexes.sql
item_consumption_daily,public,Inventory,CORE ENTITY,4,hospital_id item_id consumption_date,2,0,0,1,1,YES,1,YES,NO,NO,NO,NO,0,0,99,NO,0,NONE,1,4,20261008000079_inventory_forecast_engine.sql,20261008000079_inventory_forecast_engine.sql
iv_fluids,public,Other,CORE ENTITY,15,id,3,0,2,3,1,YES,1,YES,YES,YES,NO,NO,0,1,109,NO,2,READ|INSERT|UPDATE,1,5,20260904000005_iv_fluids.sql,20260904000005_iv_fluids.sql
ivf_cycles,public,IVF/ART,CORE ENTITY,27,id,3,0,1,3,2,YES,2,YES,YES,NO,NO,NO,2,712,166,NO,4,READ|INSERT|UPDATE,3,8,20260330090552_8f181820-6667-4345-ae68-d4aed2b4e34e.sql,20260901000001_add_ivf_tables_and_rls.sql
jci_evidence_items,public,Other,JUNCTION,14,id,2,1,2,3,1,YES,1,YES,YES,YES,NO,NO,0,4,101,NO,1,READ|INSERT,1,5,20260910000010_erp_mci_jci.sql,20260910000010_erp_mci_jci.sql
job_applicants,public,Other,CORE ENTITY,13,id,3,0,0,3,1,YES,1,YES,YES,NO,NO,NO,0,1,100,NO,2,READ|INSERT|UPDATE,1,4,20261008000057_hr_recruitment.sql,20261008000057_hr_recruitment.sql
job_openings,public,Other,CORE ENTITY,10,id,3,0,0,1,1,YES,1,YES,YES,NO,NO,YES,0,102,0,NO,1,READ|INSERT,1,2,20261008000057_hr_recruitment.sql,20261008000057_hr_recruitment.sql
journal_entries,public,Billing,CORE ENTITY,17,id,4,1,1,3,1,YES,1,YES,YES,NO,NO,NO,841,11,1719,YES,10,READ|INSERT,4,15,20260327104518_5ee46b79-c027-4225-b405-c6f40efe69be.sql,20261008000092_journal_reversal.sql
journal_line_items,public,Billing,JUNCTION,11,id,4,0,0,1,1,YES,1,YES,YES,NO,NO,NO,1683,217,0,NO,12,READ|INSERT|UPDATE,1,3,20260327104518_5ee46b79-c027-4225-b405-c6f40efe69be.sql,20260327104518_5ee46b79-c027-4225-b405-c6f40efe69be.sql
lab_analyzer_messages,public,Laboratory,CORE ENTITY,16,id,4,0,0,6,1,YES,1,YES,YES,NO,NO,NO,0,70,106,YES,2,READ|UPDATE|INSERT,1,8,20260531000002_lab_analyzer_interface.sql,20260531000002_lab_analyzer_interface.sql
lab_analyzer_test_mappings,public,Laboratory,JUNCTION,8,id,3,1,0,3,1,YES,1,YES,YES,NO,NO,NO,0,149,0,NO,2,READ|INSERT|DELETE,1,4,20260531000002_lab_analyzer_interface.sql,20260531000002_lab_analyzer_interface.sql
lab_calibration_records,public,Laboratory,CORE ENTITY,13,id,2,0,1,2,1,YES,1,YES,YES,NO,NO,YES,0,1,109,NO,1,READ|INSERT,2,6,20260901000009_add_lab_calibration_table.sql,20261008000034_lab_calibration_rls_fix.sql
lab_device_connectors,public,Laboratory,CORE ENTITY,29,id,1,0,0,2,1,YES,2,YES,YES,YES,NO,NO,0,0,1088,NO,4,READ|INSERT|UPDATE|DELETE,3,24,20260524000004_integrations.sql,20261008000036_lab_accession_numbering.sql
lab_dual_validation_config,public,Laboratory,CONFIGURATION,6,id,1,1,0,3,1,YES,1,YES,YES,NO,NO,NO,0,0,117,NO,3,READ|INSERT,1,4,20260908000008_lab_barcode_validation.sql,20260908000008_lab_barcode_validation.sql
lab_order_items,public,Laboratory,JUNCTION,27,id,7,0,1,4,1,YES,2,YES,YES,NO,NO,NO,44,268,657,YES,29,READ|UPDATE|INSERT,5,10,20260322152823_f84fbe7f-6343-4e60-a633-545f2a8e1693.sql,20261008000042_lab_autoverify.sql
lab_orders,public,Laboratory,CORE ENTITY,31,id,9,0,4,10,2,YES,4,YES,YES,NO,NO,NO,21,5977,307,YES,54,READ|UPDATE|INSERT|DELETE,14,47,20260322152823_f84fbe7f-6343-4e60-a633-545f2a8e1693.sql,20261008000044_lab_interpretive_comment.sql
lab_qc_entries,public,Laboratory,CORE ENTITY,11,id,2,0,0,2,1,YES,2,YES,YES,NO,NO,NO,0,1,183,YES,2,READ|INSERT,2,9,20260331070613_90e81850-966e-4523-af1a-5b59a86c3722.sql,20260519000002_fix_lab_qc_entries_rls.sql
lab_results,public,Laboratory,CORE ENTITY,19,id,5,0,1,2,1,YES,1,YES,YES,NO,NO,NO,0,178,72,YES,1,READ|INSERT|UPDATE,2,18,20260904000026_p2_gaps.sql,20261008000039_lab_results_micro.sql
lab_samples,public,Laboratory,CORE ENTITY,15,id,6,1,1,3,1,YES,2,YES,YES,NO,NO,NO,11,512,4,YES,9,READ|INSERT|UPDATE,3,8,20260322152823_f84fbe7f-6343-4e60-a633-545f2a8e1693.sql,20261008000038_lab_sample_lifecycle.sql
lab_test_group_items,public,Laboratory,JUNCTION,3,id,2,1,0,3,0,YES,1,NO,NO,NO,NO,NO,0,0,451,NO,4,INSERT|DELETE|READ,1,4,20260903000002_lab_test_groups.sql,20260903000002_lab_test_groups.sql
lab_test_groups,public,Laboratory,CORE ENTITY,9,id,1,0,0,2,2,YES,1,YES,YES,NO,NO,NO,1,171,589,NO,9,READ|UPDATE|INSERT|DELETE,1,4,20260903000002_lab_test_groups.sql,20260903000002_lab_test_groups.sql
lab_test_master,public,Laboratory,REFERENCE,21,id,1,1,0,2,2,YES,2,YES,YES,NO,NO,NO,275,86,2115,NO,26,READ|INSERT|UPDATE|DELETE,6,10,20260322152823_f84fbe7f-6343-4e60-a633-545f2a8e1693.sql,20261008000042_lab_autoverify.sql
leakage_reports,public,Other,CORE ENTITY,13,id,1,1,0,3,1,YES,2,YES,YES,NO,NO,NO,3,6,116,NO,4,READ|INSERT|UPDATE,1,7,20260518000008_leakage_reports.sql,20260518000008_leakage_reports.sql
leave_balance,public,HR,CORE ENTITY,11,id,2,1,0,2,1,YES,4,YES,NO,NO,NO,NO,0,0,206,NO,3,READ|UPDATE,2,6,20260324074230_097bd97d-916e-4031-a3c9-67a2d3091c64.sql,20260518000006_rls_missing_tables.sql
leave_requests,public,HR,CORE ENTITY,13,id,3,0,2,1,1,YES,4,YES,NO,NO,NO,NO,0,209,0,YES,4,READ|UPDATE|INSERT,2,6,20260324074230_097bd97d-916e-4031-a3c9-67a2d3091c64.sql,20260518000006_rls_missing_tables.sql
lifecycle_nudge_actions,public,Other,CORE ENTITY,6,id,1,0,2,2,1,YES,1,YES,NO,NO,NO,NO,0,0,98,NO,1,READ|INSERT,1,5,20261008000115_lifecycle_nudge_actions.sql,20261008000115_lifecycle_nudge_actions.sql
linen_records,public,Housekeeping,CORE ENTITY,11,id,2,0,0,2,2,YES,1,YES,YES,NO,NO,NO,0,0,107,NO,1,READ|INSERT,1,3,20260329083647_16e8bea8-2bbf-46b2-a723-b77c856c4480.sql,20260329083647_16e8bea8-2bbf-46b2-a723-b77c856c4480.sql
lms_certificates,public,LMS,CORE ENTITY,9,id,4,1,0,4,1,YES,1,YES,YES,NO,NO,NO,0,0,108,NO,1,READ|INSERT,1,4,20260329090242_b1b84c3e-c692-43ac-a7b1-80a106530a6c.sql,20260329090242_b1b84c3e-c692-43ac-a7b1-80a106530a6c.sql
lms_courses,public,LMS,CORE ENTITY,15,id,1,1,0,3,2,YES,2,YES,YES,NO,NO,NO,0,0,107,NO,1,READ|INSERT,1,3,20260329090242_b1b84c3e-c692-43ac-a7b1-80a106530a6c.sql,20260329090242_b1b84c3e-c692-43ac-a7b1-80a106530a6c.sql
lms_enrollments,public,LMS,CORE ENTITY,12,id,3,1,0,5,2,YES,1,YES,NO,NO,NO,NO,0,0,108,NO,1,READ|UPDATE|INSERT,1,5,20260329090242_b1b84c3e-c692-43ac-a7b1-80a106530a6c.sql,20260329090242_b1b84c3e-c692-43ac-a7b1-80a106530a6c.sql
lms_quiz_attempts,public,LMS,CORE ENTITY,8,id,1,0,0,2,0,YES,1,NO,NO,NO,NO,NO,0,0,0,NO,1,INSERT,1,3,20260329090242_b1b84c3e-c692-43ac-a7b1-80a106530a6c.sql,20260329090242_b1b84c3e-c692-43ac-a7b1-80a106530a6c.sql
lms_quiz_questions,public,LMS,CORE ENTITY,8,id,1,0,0,2,1,YES,2,NO,YES,NO,NO,NO,0,0,0,NO,1,READ|INSERT,1,3,20260329090242_b1b84c3e-c692-43ac-a7b1-80a106530a6c.sql,20260329090242_b1b84c3e-c692-43ac-a7b1-80a106530a6c.sql
mar_double_checks,public,Other,CORE ENTITY,11,id,4,0,0,2,1,YES,1,YES,YES,NO,NO,NO,0,2,105,YES,1,INSERT,3,5,20260509100009_nabh_high_alert_meds.sql,20261008000027_mar_consolidation.sql
mar_records,public,Other,CORE ENTITY,14,id,2,0,0,3,1,YES,1,YES,NO,NO,NO,NO,0,0,230,NO,0,NONE,2,6,20260419075703_710bb3bf-2798-4594-9bfd-8630d46cbd10.sql,20261008000027_mar_consolidation.sql
marketing_campaigns,public,Other,CORE ENTITY,18,id,2,0,0,2,2,YES,1,YES,YES,NO,NO,YES,0,1,108,NO,1,INSERT|READ|UPDATE,1,3,20260329151449_d303bc0e-5b84-434f-97a1-0c8b4b6b10a2.sql,20260329151449_d303bc0e-5b84-434f-97a1-0c8b4b6b10a2.sql
mccd_certificates,public,Other,CORE ENTITY,22,id,4,1,0,4,1,YES,1,YES,YES,NO,NO,NO,0,68,233,NO,1,READ|INSERT,1,4,20260329153452_0dce536f-a0cb-4ae9-9af2-e7d3d5baee48.sql,20260329153452_0dce536f-a0cb-4ae9-9af2-e7d3d5baee48.sql
mci_events,public,Emergency,CORE ENTITY,12,id,3,0,2,2,1,YES,1,YES,YES,NO,NO,NO,0,8,102,YES,1,READ|INSERT|UPDATE,1,5,20260910000010_erp_mci_jci.sql,20260910000010_erp_mci_jci.sql
mci_triage_patients,public,Emergency,CORE ENTITY,13,id,4,0,1,2,1,YES,1,YES,NO,NO,NO,NO,0,71,101,YES,1,READ|INSERT,1,5,20260910000010_erp_mci_jci.sql,20260910000010_erp_mci_jci.sql
meal_deliveries,public,Dietetics,CORE ENTITY,12,id,5,0,0,3,2,YES,1,YES,YES,NO,NO,NO,0,68,107,YES,1,READ|INSERT|UPDATE,1,4,20260329085231_c4f8855e-da57-4edf-8209-8111b6461103.sql,20260329085231_c4f8855e-da57-4edf-8209-8111b6461103.sql
med_admin_records,public,Other,CORE ENTITY,15,id,4,0,2,5,1,YES,1,YES,YES,NO,NO,NO,0,68,108,NO,0,NONE,1,7,20260908000003_nursing_kardex.sql,20260908000003_nursing_kardex.sql
med_reconciliation_events,public,Other,CORE ENTITY,10,id,4,1,1,3,1,YES,1,YES,NO,NO,NO,NO,0,8,411,NO,1,READ|INSERT,1,5,20260910000007_med_reconciliation.sql,20260910000007_med_reconciliation.sql
medical_gas_logs,public,Other,AUDIT,17,id,2,0,0,2,1,YES,1,YES,YES,NO,NO,NO,0,1,101,NO,1,READ|INSERT|DELETE,1,4,20260601000001_nabh_gap_fill.sql,20260601000001_nabh_gap_fill.sql
medical_records,public,Other,CORE ENTITY,12,id,2,1,0,3,2,YES,1,YES,YES,NO,NO,NO,6,2520,0,YES,4,INSERT|READ,2,4,20260328092644_e20b425f-7b11-4901-833e-bae2cd5c4448.sql,20260329042709_be26925e-f09b-47a7-b191-ce3e3e9142cb.sql
medication_adherence,public,Other,CORE ENTITY,9,id,1,0,1,2,1,YES,2,YES,YES,NO,NO,NO,0,103,0,NO,0,NONE,1,5,20260521000004_chronic_disease.sql,20260521000004_chronic_disease.sql
mental_health_encounters,public,Other,CORE ENTITY,14,id,0,0,2,3,1,YES,2,YES,YES,NO,NO,NO,0,0,104,NO,2,READ|INSERT,1,6,20260521000003_mental_health.sql,20260521000003_mental_health.sql
metrics_registry,public,Reporting,CORE ENTITY,15,id,0,1,0,4,1,YES,2,NO,YES,YES,NO,NO,1,0,6,NO,0,NONE,1,8,20261008000122_metrics_registry.sql,20261008000122_metrics_registry.sql
migration_jobs,public,Other,INTEGRATION,21,id,2,0,0,3,2,YES,1,YES,YES,NO,NO,NO,0,1,108,NO,2,INSERT|UPDATE|READ,1,4,20260329065515_98a53125-1943-4264-bf7f-d65d6939438e.sql,20260329065515_98a53125-1943-4264-bf7f-d65d6939438e.sql
migration_logs,public,Other,AUDIT,9,id,2,0,0,3,2,YES,1,YES,YES,NO,NO,NO,0,1,107,NO,2,INSERT|UPDATE|READ,1,4,20260329065515_98a53125-1943-4264-bf7f-d65d6939438e.sql,20260329065515_98a53125-1943-4264-bf7f-d65d6939438e.sql
mlc_cases,public,Other,CORE ENTITY,29,id,5,0,0,5,1,YES,1,YES,YES,YES,NO,YES,0,1,180,NO,3,READ|INSERT,1,7,20260908000002_mlc_cases.sql,20260908000002_mlc_cases.sql
mlc_records,public,Other,CORE ENTITY,21,id,3,1,0,4,2,YES,1,YES,YES,NO,NO,NO,0,0,175,NO,2,INSERT|READ|UPDATE,1,4,20260329153452_0dce536f-a0cb-4ae9-9af2-e7d3d5baee48.sql,20260329153452_0dce536f-a0cb-4ae9-9af2-e7d3d5baee48.sql
mortuary_admissions,public,Emergency,CORE ENTITY,16,id,4,1,0,5,2,YES,1,YES,YES,NO,NO,NO,0,1,176,YES,3,INSERT|READ|UPDATE,1,5,20260329153452_0dce536f-a0cb-4ae9-9af2-e7d3d5baee48.sql,20260329153452_0dce536f-a0cb-4ae9-9af2-e7d3d5baee48.sql
mrr_snapshots,public,Platform,HISTORY,7,id,2,1,0,3,1,YES,1,YES,YES,NO,NO,NO,0,0,100,NO,1,INSERT,1,5,20261008000120_mrr_snapshots.sql,20261008000120_mrr_snapshots.sql
nabh_chapter_names,public,Quality/NABH,REFERENCE,3,chapter_code,0,0,0,1,0,YES,1,NO,NO,NO,NO,NO,10,7,80,NO,1,READ,1,2,20261011000010_quality_indicator_schema.sql,20261011000010_quality_indicator_schema.sql
nabh_criteria,public,Quality/NABH,CORE ENTITY,17,id,1,0,0,2,2,YES,2,YES,YES,NO,NO,NO,444,17,1098,NO,2,READ,2,6,20260324133145_ee0f767c-dfb1-49f0-acbb-d8ea9ea4a8ae.sql,20261011000010_quality_indicator_schema.sql
nabh_evidence_items,public,Quality/NABH,JUNCTION,10,id,3,0,1,3,1,YES,1,YES,NO,NO,NO,NO,0,1,185,NO,6,READ|INSERT|DELETE,1,5,20260909000001_nabh_compliance_matrix.sql,20260909000001_nabh_compliance_matrix.sql
nabh_evidence_log,public,Quality/NABH,AUDIT,13,id,2,0,2,3,1,YES,2,YES,NO,NO,NO,NO,979,3,97,NO,7,INSERT|READ,1,4,20261011000010_quality_indicator_schema.sql,20261011000010_quality_indicator_schema.sql
nabh_hospital_compliance,public,Quality/NABH,CORE ENTITY,13,id,4,1,4,3,2,YES,2,YES,YES,YES,NO,NO,444,2,2552,NO,7,READ|INSERT,2,7,20260909000001_nabh_compliance_matrix.sql,20261008000108_compliance_evidence_center.sql
nabh_standards,public,Quality/NABH,CORE ENTITY,7,id,0,1,1,3,0,YES,1,NO,NO,NO,NO,NO,0,125,38073,NO,4,READ|INSERT,1,4,20260909000001_nabh_compliance_matrix.sql,20260909000001_nabh_compliance_matrix.sql
ndps_pending_dispenses,public,Pharmacy,CORE ENTITY,18,id,4,0,1,2,1,YES,2,YES,YES,NO,NO,NO,0,2,105,YES,1,READ|INSERT|UPDATE,1,7,20260518000009_ndps_dual_signoff.sql,20260518000009_ndps_dual_signoff.sql
ndps_register,public,Pharmacy,CORE ENTITY,26,id,6,0,1,1,3,YES,6,YES,YES,NO,NO,NO,0,111,0,YES,5,READ|INSERT,6,16,20260322164553_2b762a05-eb92-4336-b395-713f47d68f9c.sql,20260904000026_p2_gaps.sql
neonatal_records,public,Other,CORE ENTITY,22,id,4,0,0,1,2,YES,1,YES,YES,NO,NO,NO,0,244,0,NO,2,READ|INSERT|UPDATE,2,2,20260328143309_2873fa52-f435-4186-ab79-89dcf13b19da.sql,20260510000001_enable_rls_missing_tables.sql
no_show_predictions,public,Other,CORE ENTITY,12,id,5,0,3,5,1,YES,1,YES,YES,NO,NO,NO,1582,101,3725,NO,3,UPDATE|INSERT|READ,2,9,20260622000013_no_show_predictions.sql,20261014000003_no_show_outcome_capture.sql
notification_log,public,Notifications,AUDIT,15,id,2,0,2,3,0,YES,2,YES,YES,NO,NO,NO,0,0,169,NO,2,READ|INSERT,2,10,20260607000001_fix_missing_tables.sql,20260910000009_notifications.sql
notification_preferences,public,Notifications,CONFIGURATION,10,id,2,1,0,3,1,YES,2,YES,NO,YES,NO,NO,0,0,168,YES,1,INSERT,2,7,20260607000001_fix_missing_tables.sql,20260910000009_notifications.sql
notification_queue,public,Notifications,INTEGRATION,15,id,1,0,2,4,0,YES,1,YES,YES,NO,NO,NO,0,0,100,NO,1,READ|UPDATE,1,5,20260622000011_add_notification_queue.sql,20260622000011_add_notification_queue.sql
nps_responses,public,Other,CORE ENTITY,6,id,2,0,1,1,1,YES,1,YES,NO,NO,NO,NO,0,235,0,YES,2,READ|INSERT,1,4,20260910000011_phase4_research_nps_chain.sql,20260910000011_phase4_research_nps_chain.sql
nps_surveys,public,Other,CORE ENTITY,7,id,2,0,2,2,1,YES,1,YES,NO,NO,NO,NO,0,67,109,NO,2,READ|INSERT|DELETE|UPDATE,1,5,20260910000011_phase4_research_nps_chain.sql,20260910000011_phase4_research_nps_chain.sql
nursing_care_plans,public,Nursing,CORE ENTITY,12,id,3,0,0,3,2,YES,1,YES,YES,YES,NO,YES,0,67,107,YES,2,INSERT|READ|UPDATE,1,4,20260419075703_710bb3bf-2798-4594-9bfd-8630d46cbd10.sql,20260419075703_710bb3bf-2798-4594-9bfd-8630d46cbd10.sql
nursing_fluid_outputs,public,Nursing,CORE ENTITY,8,id,3,0,2,2,1,YES,1,YES,YES,NO,NO,NO,0,101,0,YES,1,READ|INSERT,1,4,20261008000008_nursing_fluid_outputs.sql,20261008000008_nursing_fluid_outputs.sql
nursing_handovers,public,Nursing,CORE ENTITY,10,id,4,0,0,1,1,YES,2,YES,YES,NO,NO,NO,0,117,0,YES,1,INSERT,1,2,20260322102931_2c8fe209-2bc1-463e-88d2-9041f1c4edb7.sql,20260322102931_2c8fe209-2bc1-463e-88d2-9041f1c4edb7.sql
nursing_mar,public,Nursing,CORE ENTITY,13,id,5,1,0,5,2,YES,2,YES,YES,NO,NO,NO,0,242,128,YES,8,READ|UPDATE|INSERT,3,6,20260322102931_2c8fe209-2bc1-463e-88d2-9041f1c4edb7.sql,20261008000026_nursing_mar_unique_and_dblcheck.sql
nursing_procedure_consumables,public,Nursing,CORE ENTITY,8,id,3,0,0,2,1,YES,1,YES,YES,NO,NO,NO,0,99,0,NO,1,INSERT,1,5,20261008000071_ward_consumption_stock_link.sql,20261008000071_ward_consumption_stock_link.sql
nursing_procedures,public,Nursing,CORE ENTITY,14,id,5,0,0,1,1,YES,1,YES,YES,NO,NO,NO,0,943,0,YES,2,INSERT|READ|UPDATE,1,2,20260407104550_4e787ce1-8f7a-465b-8537-af93c0e0f551.sql,20260407104550_4e787ce1-8f7a-465b-8537-af93c0e0f551.sql
nursing_vitals,public,Nursing,CORE ENTITY,25,id,4,0,2,5,2,YES,1,YES,NO,NO,NO,NO,0,68,403,YES,11,READ|INSERT,3,11,20260908000003_nursing_kardex.sql,20261008000028_vitals_consolidation.sql
nutrition_screenings,public,Dietetics,CORE ENTITY,16,id,4,1,6,3,1,YES,1,YES,NO,NO,NO,NO,0,71,101,NO,1,READ|INSERT,1,5,20260910000008_nutrition_wound_care.sql,20260910000008_nutrition_wound_care.sql
nutritional_screenings,public,Dietetics,CORE ENTITY,18,id,4,0,0,3,2,YES,1,YES,NO,NO,NO,NO,0,68,107,NO,1,READ|INSERT,1,4,20260329085231_c4f8855e-da57-4edf-8209-8111b6461103.sql,20260329085231_c4f8855e-da57-4edf-8209-8111b6461103.sql
oauth_provider_settings,public,Identity,CONFIGURATION,6,provider,0,0,1,1,0,YES,1,NO,NO,YES,NO,NO,0,7809,0,NO,2,READ|INSERT,1,4,20261005000000_oauth_provider_settings.sql,20261005000000_oauth_provider_settings.sql
obstetric_records,public,Other,CORE ENTITY,25,id,2,0,0,1,2,YES,3,YES,YES,NO,NO,NO,0,178,0,NO,5,READ|INSERT|UPDATE,2,6,20260328143309_2873fa52-f435-4186-ab79-89dcf13b19da.sql,20260518000006_rls_missing_tables.sql
occupational_health_records,public,Other,CORE ENTITY,22,id,3,0,0,2,1,YES,1,YES,YES,NO,NO,NO,0,1,283,NO,1,READ|INSERT|DELETE,1,4,20260601000001_nabh_gap_fill.sql,20260601000001_nabh_gap_fill.sql
onboarding_tasks,public,HR,CORE ENTITY,8,id,2,0,0,2,0,YES,1,YES,YES,NO,NO,NO,0,100,0,NO,1,READ|INSERT|UPDATE,1,3,20261008000057_hr_recruitment.sql,20261008000057_hr_recruitment.sql
oncology_patients,public,IPD,CORE ENTITY,16,id,4,1,0,2,1,YES,1,YES,NO,NO,NO,NO,1,1,182,NO,3,READ|INSERT,1,3,20260328054628_52972efb-5442-46fd-a624-f86462360ec5.sql,20260328054628_52972efb-5442-46fd-a624-f86462360ec5.sql
online_reviews,public,Other,CORE ENTITY,14,id,2,0,0,2,2,YES,1,YES,YES,NO,NO,NO,0,1,108,YES,2,INSERT|UPDATE|READ,1,3,20260329151449_d303bc0e-5b84-434f-97a1-0c8b4b6b10a2.sql,20260329151449_d303bc0e-5b84-434f-97a1-0c8b4b6b10a2.sql
opd_diagnoses,public,OPD,CORE ENTITY,12,id,4,0,1,5,1,YES,1,YES,YES,NO,NO,YES,0,723,0,YES,3,READ|INSERT|UPDATE|DELETE,2,8,20260908000006_opd_diagnoses_revisit.sql,20261009000181_opd_diagnoses_ai_suggested.sql
opd_encounters,public,OPD,CORE ENTITY,28,id,6,0,1,5,1,YES,2,YES,YES,YES,NO,NO,34,3984,9351,YES,34,READ|INSERT|UPDATE,7,14,20260322095145_2f127eea-e6c2-408b-b1ea-c30530c596b2.sql,20261012000030_opd_encounters_ai_clarifying_questions.sql
opd_token_sequences,public,OPD,CONFIGURATION,5,hospital_id doctor_key prefix,1,0,0,1,0,YES,1,YES,NO,NO,NO,NO,3,1,43,NO,0,NONE,1,4,20261015000001_opd_token_sequence.sql,20261015000001_opd_token_sequence.sql
opd_tokens,public,OPD,CORE ENTITY,24,id,7,0,2,7,3,YES,3,YES,YES,NO,NO,NO,58,1728,28812,YES,30,READ|UPDATE|INSERT|DELETE,10,20,20260322095145_2f127eea-e6c2-408b-b1ea-c30530c596b2.sql,20261015000002_follow_up_visit_cap.sql
opd_visits,public,OPD,CORE ENTITY,9,id,4,0,1,1,1,YES,2,YES,YES,NO,NO,NO,0,10990,0,YES,3,READ|INSERT,1,2,20260322092601_7a1cb821-2abc-479b-8d2d-9d19a5740e0b.sql,20260322092601_7a1cb821-2abc-479b-8d2d-9d19a5740e0b.sql
ophthalmology_records,public,Other,CORE ENTITY,25,id,2,0,0,1,1,YES,1,YES,YES,NO,NO,NO,0,175,0,NO,1,READ|INSERT|UPDATE,2,2,20260328143309_2873fa52-f435-4186-ab79-89dcf13b19da.sql,20260510000001_enable_rls_missing_tables.sql
organ_donations,public,Other,CORE ENTITY,15,id,3,0,0,2,1,YES,1,YES,YES,NO,NO,NO,0,67,108,NO,1,READ|INSERT,1,3,20260329153452_0dce536f-a0cb-4ae9-9af2-e7d3d5baee48.sql,20260329153452_0dce536f-a0cb-4ae9-9af2-e7d3d5baee48.sql
ot_checklist_custom_items,public,OT,JUNCTION,6,id,1,0,1,2,1,YES,2,YES,YES,NO,NO,NO,6,0,166,NO,2,READ|INSERT|DELETE,1,3,20261008000024_ot_stub_ui_fixes.sql,20261008000024_ot_stub_ui_fixes.sql
ot_checklists,public,OT,CORE ENTITY,39,id,2,0,0,1,1,YES,2,YES,YES,NO,NO,NO,1,351,20,YES,3,INSERT|READ|UPDATE,3,8,20260322135207_74496eb8-ebb4-41cf-8878-fafb4fc55ec2.sql,20261008000020_ot_checklists_signature.sql
ot_consumables,public,OT,CORE ENTITY,14,id,4,0,0,3,1,YES,1,YES,YES,NO,NO,YES,0,1,108,YES,1,READ|INSERT|DELETE|UPDATE,2,7,20260908000009_ot_implants_pac.sql,20261008000071_ward_consumption_stock_link.sql
ot_equipment_checklist,public,OT,CORE ENTITY,8,id,2,1,0,3,1,YES,2,YES,YES,NO,NO,NO,5,100,1,NO,1,READ|INSERT|UPDATE,1,3,20261008000024_ot_stub_ui_fixes.sql,20261008000024_ot_stub_ui_fixes.sql
ot_implants,public,OT,CORE ENTITY,17,id,4,0,0,3,1,YES,1,YES,YES,NO,NO,YES,0,1,109,YES,5,READ|INSERT|DELETE|UPDATE,3,8,20260908000009_ot_implants_pac.sql,20261008000070_ot_implant_stock_link.sql
ot_instrument_counts,public,OT,CORE ENTITY,9,id,2,1,1,3,1,YES,2,YES,YES,NO,NO,NO,3,100,1,YES,1,READ|INSERT|UPDATE,1,3,20261008000023_ot_instrument_counts.sql,20261008000023_ot_instrument_counts.sql
ot_rooms,public,OT,CORE ENTITY,6,id,1,0,1,1,1,YES,2,YES,YES,NO,NO,NO,0,129,3,YES,3,READ|INSERT,1,2,20260322135207_74496eb8-ebb4-41cf-8878-fafb4fc55ec2.sql,20260322135207_74496eb8-ebb4-41cf-8878-fafb4fc55ec2.sql
ot_schedules,public,OT,CORE ENTITY,38,id,10,0,4,5,1,YES,3,YES,YES,NO,NO,YES,1,1606,1,YES,29,READ|INSERT|UPDATE,9,25,20260322135207_74496eb8-ebb4-41cf-8878-fafb4fc55ec2.sql,20261008000065_ot_privilege_override.sql
ot_team_members,public,OT,JUNCTION,5,id,1,0,1,1,0,YES,2,NO,NO,NO,NO,NO,0,1,0,YES,1,READ|INSERT|UPDATE,2,6,20260322135207_74496eb8-ebb4-41cf-8878-fafb4fc55ec2.sql,20260518000007_rls_open_access_fixes.sql
outcome_scores,public,Other,REPORTING,13,id,4,0,0,3,2,YES,1,YES,YES,NO,NO,NO,0,68,130,NO,1,READ|INSERT,1,4,20260329152758_bd6673df-fdba-4c2a-9ede-4f52db1a0c84.sql,20260329152758_bd6673df-fdba-4c2a-9ede-4f52db1a0c84.sql
overtime_requests,public,Other,CORE ENTITY,10,id,3,0,0,2,1,YES,1,YES,YES,NO,NO,NO,0,2,195,YES,2,READ|UPDATE|INSERT,1,3,20261008000061_hr_attendance_ot_requests.sql,20261008000061_hr_attendance_ot_requests.sql
package_bookings,public,Billing,CORE ENTITY,18,id,6,0,0,5,2,YES,4,YES,YES,NO,NO,NO,0,713,232,NO,8,INSERT|UPDATE|READ,3,13,20260330085957_54b90582-7f75-4fcc-be1f-5e5d5aaf3d7a.sql,20260901000006_add_health_packages_tables.sql
package_extras,public,Billing,CORE ENTITY,8,id,3,0,1,3,1,YES,2,YES,YES,NO,NO,NO,0,105,45,NO,1,READ,1,8,20260518000005_package_billing_guard.sql,20260518000005_package_billing_guard.sql
package_inclusions,public,Billing,CORE ENTITY,7,id,3,0,1,4,1,YES,2,YES,YES,NO,NO,NO,0,105,45,NO,1,READ,1,9,20260518000005_package_billing_guard.sql,20260518000005_package_billing_guard.sql
package_station_logs,public,Billing,AUDIT,12,id,3,0,0,1,1,YES,1,YES,YES,YES,NO,NO,0,113,0,NO,0,NONE,1,2,20260901000006_add_health_packages_tables.sql,20260901000006_add_health_packages_tables.sql
pacs_connectors,public,Radiology,CORE ENTITY,13,id,1,1,0,2,1,YES,1,YES,YES,YES,NO,NO,0,0,149,NO,2,READ|INSERT|UPDATE,1,3,20260524000004_integrations.sql,20260524000004_integrations.sql
pacu_assessments,public,OT,CORE ENTITY,13,id,1,0,5,3,1,YES,4,YES,YES,NO,NO,NO,0,0,107,YES,2,READ|INSERT,1,4,20260419051932_63da34b5-8e7c-4d6f-a376-3ca9fdfebd53.sql,20260419051932_63da34b5-8e7c-4d6f-a376-3ca9fdfebd53.sql
pain_audit_records,public,Other,CORE ENTITY,15,id,3,0,0,2,1,YES,1,YES,YES,NO,NO,NO,0,1,359,NO,1,READ|INSERT|DELETE,1,4,20260601000001_nabh_gap_fill.sql,20260601000001_nabh_gap_fill.sql
palliative_care_plans,public,Other,CORE ENTITY,28,id,5,0,2,2,1,YES,1,YES,YES,YES,NO,NO,0,2,170,NO,1,READ|INSERT|UPDATE,1,4,20260601000001_nabh_gap_fill.sql,20260601000001_nabh_gap_fill.sql
panchakarma_schedules,public,Other,CORE ENTITY,17,id,4,0,0,4,2,YES,1,YES,YES,NO,NO,NO,0,2,174,NO,2,READ|INSERT|UPDATE,1,5,20260330085045_fb5a8164-9b1f-4fbe-b3a4-9e2067eb51a6.sql,20260330085045_fb5a8164-9b1f-4fbe-b3a4-9e2067eb51a6.sql
partograph_entries,public,Other,CORE ENTITY,20,id,4,0,0,3,1,YES,1,YES,NO,NO,NO,NO,0,1,176,NO,1,READ|INSERT,1,5,20260901000008_add_specialty_emr_tables.sql,20260901000008_add_specialty_emr_tables.sql
partograph_records,public,Other,CORE ENTITY,13,id,3,0,0,1,2,YES,1,YES,YES,NO,NO,NO,0,175,0,NO,0,NONE,2,2,20260328143309_2873fa52-f435-4186-ab79-89dcf13b19da.sql,20260510000001_enable_rls_missing_tables.sql
pathology_cases,public,Other,CORE ENTITY,22,id,6,1,2,5,1,YES,2,YES,YES,YES,NO,YES,0,3,237,YES,2,READ|INSERT|UPDATE,1,5,20261008000040_pathology_cases.sql,20261008000040_pathology_cases.sql
patient_abha_profiles,public,ABDM,CORE ENTITY,14,id,3,1,0,2,1,YES,2,YES,YES,NO,NO,NO,0,68,1342,NO,10,READ|INSERT,1,6,20260525000002_abdm_schema.sql,20260525000002_abdm_schema.sql
patient_acquisition,public,Patient,CORE ENTITY,10,id,4,0,0,4,2,YES,1,YES,YES,NO,NO,NO,0,1,1878,NO,4,READ|INSERT,1,5,20260329151449_d303bc0e-5b84-434f-97a1-0c8b4b6b10a2.sql,20260329151449_d303bc0e-5b84-434f-97a1-0c8b4b6b10a2.sql
patient_ai_context,public,AI,CORE ENTITY,12,id,0,1,0,3,1,YES,2,YES,YES,NO,NO,NO,1,0,138,NO,4,READ|INSERT,1,5,20260521000008_patient_ai_context.sql,20260521000008_patient_ai_context.sql
patient_consents,public,Patient,CORE ENTITY,19,id,6,0,0,3,1,YES,3,YES,YES,NO,NO,NO,36,278,7,NO,8,INSERT|READ|DELETE,4,17,20260327060326_858e214b-5560-42f4-84d3-f4f25df9a3fc.sql,20261008000018_patient_consents_ed_visit.sql
patient_documents,public,Patient,CORE ENTITY,11,id,3,0,0,2,2,YES,3,YES,YES,NO,NO,NO,3,2,325,YES,4,READ|INSERT|DELETE,1,3,20260328142543_cc0a9a2f-04cc-4abc-a4dc-05d7e8919ab0.sql,20260328142543_cc0a9a2f-04cc-4abc-a4dc-05d7e8919ab0.sql
patient_encounter_templates,public,Patient,CORE ENTITY,8,id,4,0,0,1,1,YES,3,YES,YES,YES,NO,NO,0,606,0,NO,0,NONE,1,2,20260501145300_v9_emr_procurement_foundation.sql,20260501145300_v9_emr_procurement_foundation.sql
patient_feedback,public,Patient,CORE ENTITY,12,id,4,0,0,1,2,YES,3,YES,NO,NO,NO,NO,0,698,0,YES,1,INSERT,2,4,20260326094517_8e6560cd-e8fa-4a31-b58b-80b3dd5a2e8a.sql,20260518000007_rls_open_access_fixes.sql
patient_history_digests,public,Patient,CORE ENTITY,15,id,4,0,0,3,1,YES,1,YES,YES,YES,NO,NO,0,95,703,NO,3,UPDATE|READ|INSERT,1,6,20261013000010_patient_history_ingest.sql,20261013000010_patient_history_ingest.sql
patient_history_ingest_jobs,public,Patient,INTEGRATION,19,id,4,0,2,3,1,YES,1,YES,YES,YES,NO,NO,0,597,118,NO,3,READ|INSERT|UPDATE,1,10,20261013000010_patient_history_ingest.sql,20261013000010_patient_history_ingest.sql
patient_history_source_chunks,public,Patient,CORE ENTITY,17,id,4,0,2,4,1,YES,1,YES,YES,YES,NO,NO,0,165,0,NO,2,READ|UPDATE|INSERT,1,11,20261013000010_patient_history_ingest.sql,20261013000010_patient_history_ingest.sql
patient_history_sources,public,Patient,CORE ENTITY,15,id,3,0,2,4,1,YES,1,YES,YES,YES,NO,NO,0,165,0,NO,3,READ|INSERT|UPDATE,1,11,20261013000010_patient_history_ingest.sql,20261013000010_patient_history_ingest.sql
patient_portal_sessions,public,Patient,CORE ENTITY,10,id,2,1,0,2,1,YES,6,YES,YES,NO,NO,NO,0,198,0,NO,1,READ|INSERT|UPDATE,3,10,20260326094517_8e6560cd-e8fa-4a31-b58b-80b3dd5a2e8a.sql,20260518000007_rls_open_access_fixes.sql
patient_rights_acknowledgements,public,Patient,CORE ENTITY,11,id,3,0,0,3,1,YES,1,YES,YES,NO,NO,NO,0,0,176,NO,1,READ|INSERT,1,4,20260329152029_67617faf-05e8-4ea7-ba64-db5c0add3929.sql,20260329152029_67617faf-05e8-4ea7-ba64-db5c0add3929.sql
patient_segments,public,Patient,CORE ENTITY,8,id,1,0,0,2,2,YES,1,YES,YES,NO,NO,NO,5,0,108,NO,1,READ|INSERT,1,3,20260329151449_d303bc0e-5b84-434f-97a1-0c8b4b6b10a2.sql,20260329151449_d303bc0e-5b84-434f-97a1-0c8b4b6b10a2.sql
patient_template_responses,public,Patient,CORE ENTITY,7,id,2,0,0,1,1,YES,3,YES,YES,YES,NO,NO,0,105,0,NO,0,NONE,1,2,20260501145300_v9_emr_procurement_foundation.sql,20260501145300_v9_emr_procurement_foundation.sql
patient_voice_sessions,public,Patient,CORE ENTITY,8,id,0,0,0,2,1,YES,2,YES,YES,NO,NO,NO,0,97,0,NO,1,INSERT,1,5,20260521000006_patient_voice.sql,20260521000006_patient_voice.sql
patients,public,Patient,CORE ENTITY,34,id,1,1,1,9,2,YES,2,YES,YES,YES,NO,NO,1078,1081,45176,YES,127,READ|INSERT|UPDATE|DELETE,14,35,20260321162749_5754cd97-c837-4c8f-a419-b2dd4b7f66f5.sql,20261008000162_patients_is_active_not_null.sql
payer_masters,public,Insurance,CORE ENTITY,11,id,1,0,1,3,1,YES,1,YES,YES,NO,NO,NO,11,0,1300,NO,7,READ|UPDATE|INSERT|DELETE,2,9,20260531000006_rcm_gaps.sql,20260908000004_payer_masters.sql
payment_links,public,Payments,CORE ENTITY,15,id,4,1,0,7,2,YES,3,YES,YES,NO,NO,YES,0,1,924,YES,5,INSERT|READ|UPDATE,2,11,20260329070823_5e47e3bf-e6fb-4984-a526-620c1df6a340.sql,20260904000001_emi_payment_plans.sql
payroll_hooks,public,Payroll,CORE ENTITY,8,id,1,1,1,2,1,YES,1,YES,YES,YES,NO,NO,0,0,103,NO,1,READ|INSERT,1,3,20260524000006_hr_attendance_payroll.sql,20260524000006_hr_attendance_payroll.sql
payroll_items,public,Payroll,JUNCTION,26,id,3,0,1,1,1,YES,2,YES,YES,NO,NO,NO,0,206,0,NO,3,INSERT|READ|UPDATE,1,2,20260324074851_6d19abcc-8170-45ce-bed5-2a0f5a9b351f.sql,20260324074851_6d19abcc-8170-45ce-bed5-2a0f5a9b351f.sql
payroll_runs,public,Payroll,CORE ENTITY,18,id,3,1,1,2,1,YES,3,YES,YES,NO,NO,NO,0,2,120,YES,5,READ|INSERT|UPDATE,3,11,20260324074851_6d19abcc-8170-45ce-bed5-2a0f5a9b351f.sql,20260622000014_missing_columns.sql
payslips,public,Other,CORE ENTITY,35,id,4,1,0,5,1,YES,1,YES,YES,NO,NO,NO,0,0,199,YES,4,READ|INSERT,2,8,20260531000003_payroll_engine.sql,20261008000064_payroll_overtime.sql
pcpndt_form_f,public,Other,CORE ENTITY,13,id,3,0,0,1,1,YES,3,YES,YES,NO,NO,NO,0,196,0,NO,7,INSERT|UPDATE|READ,2,5,20260322161647_ebcce498-65ae-4af4-9a4e-c13bca9f1026.sql,20260327060326_858e214b-5560-42f4-84d3-f4f25df9a3fc.sql
pcpndt_records,public,Other,CORE ENTITY,24,id,5,0,1,5,1,YES,1,YES,YES,NO,NO,NO,0,2,210,NO,4,READ|INSERT|UPDATE,1,7,20260908000005_pcpndt_records.sql,20260908000005_pcpndt_records.sql
pcpndt_settings,public,Other,CONFIGURATION,6,id,1,1,0,2,1,YES,1,YES,NO,YES,NO,NO,0,0,143,NO,6,READ|INSERT|UPDATE,1,3,20260908000005_pcpndt_records.sql,20260908000005_pcpndt_records.sql
performance_appraisals,public,Other,CORE ENTITY,25,id,3,0,0,2,1,YES,1,YES,YES,YES,NO,NO,0,1,102,NO,1,READ|INSERT,1,4,20260601000001_nabh_gap_fill.sql,20260601000001_nabh_gap_fill.sql
periodontal_charts,public,Other,CORE ENTITY,10,id,3,0,0,2,2,YES,2,YES,YES,NO,NO,YES,0,108,67,NO,1,INSERT,2,4,20260330083551_91e31bcb-a645-474e-89f4-3350b3322a58.sql,20260901000000_add_dental_tables_and_rls.sql
pharmacy_dispensing,public,Pharmacy,CORE ENTITY,21,id,6,1,0,5,1,YES,4,YES,YES,NO,NO,NO,3,905,2609,YES,18,READ|UPDATE|INSERT,5,8,20260322164553_2b762a05-eb92-4336-b395-713f47d68f9c.sql,20260913000000_aumrti_admin_cross_tenant_rls.sql
pharmacy_dispensing_items,public,Pharmacy,JUNCTION,24,id,8,0,1,1,1,YES,3,YES,YES,NO,NO,NO,5,116,0,YES,13,READ|INSERT|UPDATE,3,9,20260322164553_2b762a05-eb92-4336-b395-713f47d68f9c.sql,20260518000003_drug_return_credit_note.sql
pharmacy_return_audit,public,Audit/Compliance,AUDIT,18,id,7,0,2,4,1,YES,1,YES,YES,NO,NO,YES,0,1,886,NO,1,INSERT,1,6,20260908000014_pharmacy_store_returns.sql,20260908000014_pharmacy_store_returns.sql
pharmacy_stock_alerts,public,Pharmacy,CORE ENTITY,10,id,4,0,0,1,1,YES,4,YES,YES,NO,NO,NO,0,210,0,YES,3,READ|UPDATE|INSERT,2,6,20260322164553_2b762a05-eb92-4336-b395-713f47d68f9c.sql,20260518000006_rls_missing_tables.sql
pharmacy_supplier_returns,public,Pharmacy,CORE ENTITY,14,id,4,0,1,2,1,YES,3,YES,YES,NO,NO,YES,7,1,100,YES,1,INSERT,1,3,20261008000047_pharmacy_supplier_returns.sql,20261008000047_pharmacy_supplier_returns.sql
pharmacy_waste_disposal,public,Pharmacy,CORE ENTITY,12,id,4,0,1,2,1,YES,2,YES,NO,NO,NO,NO,0,1,100,YES,1,INSERT,1,3,20261008000054_pharmacy_waste_disposal.sql,20261008000054_pharmacy_waste_disposal.sql
phi_access_audit,public,Audit/Compliance,AUDIT,10,id,2,0,1,3,1,YES,4,YES,NO,NO,NO,NO,0,0,101,NO,1,INSERT,2,10,20260628000003_phi_access_audit.sql,20261009000185_custom_roles_role_fk.sql
phi_backfill_log,public,Audit/Compliance,AUDIT,10,id,1,0,1,1,1,YES,2,YES,NO,NO,NO,NO,0,100,0,NO,2,READ|INSERT|UPDATE,2,6,20260628000001_phi_encryption_keys.sql,20261009000185_custom_roles_role_fk.sql
phi_encryption_keys,public,Audit/Compliance,CORE ENTITY,9,id,1,1,1,4,1,YES,1,YES,YES,NO,NO,NO,0,0,100,NO,2,READ|INSERT,1,5,20260628000001_phi_encryption_keys.sql,20260628000001_phi_encryption_keys.sql
physio_equipment_bookings,public,Other,CORE ENTITY,10,id,4,0,0,3,2,YES,1,YES,YES,NO,NO,NO,0,68,132,NO,1,READ|UPDATE|INSERT,1,4,20260329152758_bd6673df-fdba-4c2a-9ede-4f52db1a0c84.sql,20260329152758_bd6673df-fdba-4c2a-9ede-4f52db1a0c84.sql
physio_referrals,public,Other,CORE ENTITY,18,id,6,0,0,4,2,YES,1,YES,YES,NO,NO,NO,2,504,2043,YES,3,INSERT|READ|UPDATE,1,5,20260329152758_bd6673df-fdba-4c2a-9ede-4f52db1a0c84.sql,20260329152758_bd6673df-fdba-4c2a-9ede-4f52db1a0c84.sql
physio_sessions,public,Other,CORE ENTITY,18,id,4,0,0,4,2,YES,1,YES,YES,NO,NO,NO,0,68,163,YES,1,READ|INSERT|UPDATE,1,5,20260329152758_bd6673df-fdba-4c2a-9ede-4f52db1a0c84.sql,20260329152758_bd6673df-fdba-4c2a-9ede-4f52db1a0c84.sql
plan_features,public,Platform,PLATFORM,7,id,1,1,0,4,0,YES,3,NO,YES,NO,NO,NO,0,11,37282,NO,6,READ|INSERT,3,17,20260601150001_aumrti_control_plane.sql,20261008000132_plan_feature_tab_action_defaults.sql
platform_ai_keys,public,AI,PLATFORM,10,id,0,1,0,2,0,YES,2,NO,NO,YES,NO,NO,0,4868,0,NO,8,READ|INSERT|UPDATE,1,7,20261006000000_global_ai_config.sql,20261006000000_global_ai_config.sql
platform_ai_provider_config,public,AI,CONFIGURATION,10,id,0,1,1,2,0,YES,5,NO,NO,YES,NO,NO,5,25,4261,NO,3,READ|UPDATE|INSERT,2,13,20261006000000_global_ai_config.sql,20261008000004_widen_ai_provider_check.sql
platform_billing_settings,public,Platform,CONFIGURATION,24,id,0,0,2,1,0,YES,2,NO,NO,YES,NO,NO,0,0,21443,NO,4,INSERT|READ,2,13,20261008000154_platform_billing_v2.sql,20261009000176_platform_razorpay_config.sql
platform_feature_flag_overrides,public,Platform,PLATFORM,6,id,2,1,0,2,1,YES,2,YES,YES,NO,NO,NO,0,0,204,NO,1,READ|INSERT|DELETE,1,6,20261008000110_platform_feature_flags.sql,20261008000110_platform_feature_flags.sql
platform_feature_flags,public,Platform,PLATFORM,8,id,1,1,1,2,0,YES,2,NO,YES,YES,NO,YES,0,4,107,NO,1,READ|INSERT|UPDATE|DELETE,1,6,20261008000110_platform_feature_flags.sql,20261008000110_platform_feature_flags.sql
platform_incident_updates,public,Platform,PLATFORM,6,id,2,0,1,2,0,YES,2,NO,YES,NO,NO,YES,0,4,0,NO,2,READ|INSERT|UPDATE,1,7,20261008000103_platform_incidents.sql,20261008000103_platform_incidents.sql
platform_incidents,public,Platform,PLATFORM,10,id,1,0,2,2,0,YES,2,NO,YES,YES,NO,YES,0,4,0,NO,2,READ|INSERT|UPDATE,1,7,20261008000103_platform_incidents.sql,20261008000103_platform_incidents.sql
platform_metrics_registry,public,Platform,PLATFORM,12,id,0,1,0,3,1,YES,2,NO,YES,YES,NO,NO,0,0,8,NO,1,READ,1,7,20261008000117_platform_metrics_registry.sql,20261008000117_platform_metrics_registry.sql
platform_onboarding_tours,public,Platform,PLATFORM,7,id,0,1,0,2,0,YES,2,NO,YES,NO,NO,NO,0,1,563,NO,2,READ,1,6,20261008000112_onboarding_tours.sql,20261008000112_onboarding_tours.sql
platform_settings,public,Platform,CONFIGURATION,17,id,0,0,1,1,0,YES,1,NO,NO,YES,NO,NO,0,376,0,NO,4,READ|INSERT,2,12,20261003000003_platform_settings.sql,20261009000162_platform_contact_settings.sql
platform_support_tickets,public,Platform,PLATFORM,12,id,4,0,4,4,0,YES,1,YES,YES,NO,NO,YES,1,7,256,NO,3,READ|INSERT|UPDATE|DELETE,1,7,20261008000111_platform_support_tickets.sql,20261008000111_platform_support_tickets.sql
platform_training_videos,public,Platform,PLATFORM,11,id,0,0,0,1,1,YES,2,NO,YES,YES,NO,NO,0,102,0,NO,3,READ|INSERT|UPDATE,1,6,20261008000114_platform_training_videos.sql,20261008000114_platform_training_videos.sql
pm_schedules,public,Other,CORE ENTITY,12,id,3,0,0,3,2,YES,1,YES,YES,NO,NO,NO,0,1,248,NO,5,READ|UPDATE|INSERT,1,4,20260329082735_9bc536a7-52f4-4887-8826-8c9555012e77.sql,20260329082735_9bc536a7-52f4-4887-8826-8c9555012e77.sql
pmjay_claims,public,PM-JAY,CORE ENTITY,23,id,6,1,1,3,3,YES,1,YES,YES,NO,NO,NO,0,779,116,YES,6,READ|UPDATE|INSERT,2,4,20260329063511_1963ad63-bfbd-458c-b038-ebbee8ae482b.sql,20260518000011_day_care_admission_type.sql
pmjay_package_master,public,PM-JAY,REFERENCE,13,id,1,0,0,3,1,YES,1,YES,YES,NO,NO,NO,0,0,103,NO,1,READ,1,5,20260531000006_rcm_gaps.sql,20260531000006_rcm_gaps.sql
pmjay_packages,public,PM-JAY,CORE ENTITY,13,id,2,1,0,3,1,YES,3,YES,YES,NO,NO,NO,0,0,108,NO,3,READ|INSERT,3,9,20260329063511_1963ad63-bfbd-458c-b038-ebbee8ae482b.sql,20260901000005_add_pmjay_tables.sql
pmjay_preauth_requests,public,PM-JAY,CORE ENTITY,15,id,3,0,0,1,1,YES,1,YES,YES,YES,NO,NO,0,180,0,NO,0,NONE,1,4,20260901000005_add_pmjay_tables.sql,20260901000005_add_pmjay_tables.sql
po_approval_rules,public,Other,CONFIGURATION,6,id,1,0,0,2,1,YES,1,YES,YES,NO,NO,NO,0,0,99,NO,1,READ|INSERT|DELETE,1,5,20261008000076_po_approval_costcentre.sql,20261008000076_po_approval_costcentre.sql
po_items,public,Other,JUNCTION,13,id,3,0,0,1,1,YES,4,YES,YES,NO,NO,NO,0,99,0,YES,4,READ|UPDATE|INSERT,3,9,20260324080900_880106fb-2a83-4c42-aec2-012df6887a7a.sql,20261008000077_gst_split.sql
portal_chat_messages,public,Patient,CORE ENTITY,6,id,2,0,1,2,1,YES,1,YES,YES,NO,NO,NO,0,100,67,YES,1,READ|INSERT|DELETE,1,4,20261003000001_phase6c_ai_bots.sql,20261003000001_phase6c_ai_bots.sql
prakriti_assessments,public,Other,CORE ENTITY,12,id,3,0,0,3,2,YES,1,YES,YES,NO,NO,NO,0,1,174,NO,1,READ|INSERT,1,4,20260330085045_fb5a8164-9b1f-4fbe-b3a4-9e2067eb51a6.sql,20260330085045_fb5a8164-9b1f-4fbe-b3a4-9e2067eb51a6.sql
pre_auth_requests,public,Insurance,CORE ENTITY,25,id,6,0,0,2,2,YES,1,YES,YES,NO,NO,NO,0,67,108,YES,3,INSERT|READ|UPDATE,1,3,20260329063511_1963ad63-bfbd-458c-b038-ebbee8ae482b.sql,20260329063511_1963ad63-bfbd-458c-b038-ebbee8ae482b.sql
prescriptions,public,Pharmacy,CORE ENTITY,19,id,5,0,2,5,2,YES,2,YES,YES,NO,NO,NO,27,2353,1240,YES,23,INSERT|UPDATE|READ,5,14,20260322095145_2f127eea-e6c2-408b-b1ea-c30530c596b2.sql,20261013000021_prescriptions_encounter_id_unique.sql
preventive_screenings,public,Other,CORE ENTITY,13,id,3,0,2,3,1,YES,1,YES,YES,NO,NO,NO,0,1,172,NO,1,READ|INSERT,1,3,20260509100001_nabh_preventive_screenings.sql,20260509100001_nabh_preventive_screenings.sql
procurement_recommendations,public,Procurement,CORE ENTITY,17,id,2,0,0,1,1,YES,3,YES,YES,YES,NO,NO,0,99,0,NO,2,READ|UPDATE|INSERT,3,11,20260501145300_v9_emr_procurement_foundation.sql,20261008000079_inventory_forecast_engine.sql
product_analytics_events,public,Other,CORE ENTITY,6,id,2,0,0,2,0,YES,2,YES,YES,NO,NO,NO,17,2,97,NO,1,INSERT,1,5,20261008000125_product_analytics_events.sql,20261008000125_product_analytics_events.sql
product_modes,public,Other,CORE ENTITY,5,id,1,1,0,2,1,YES,1,YES,NO,YES,NO,NO,1,0,5199,YES,3,READ|UPDATE|INSERT,1,3,20260524000005_product_modes.sql,20260524000005_product_modes.sql
prom_prem_surveys,public,Patient,CORE ENTITY,22,id,2,1,10,4,1,YES,3,YES,YES,NO,NO,NO,0,67,232,NO,3,READ|INSERT|UPDATE,1,5,20260509100006_nabh_prom_prem.sql,20260509100006_nabh_prom_prem.sql
prompt_registry,public,AI,CORE ENTITY,12,id,1,1,1,4,1,YES,2,NO,YES,YES,NO,NO,3,1,2040,NO,8,READ,2,8,20260622000009_add_prompt_registry.sql,20261001000000_seed_prompt_registry.sql
psychometric_assessments,public,Other,CORE ENTITY,11,id,1,0,0,2,1,YES,2,YES,YES,NO,NO,NO,0,104,0,NO,1,READ|INSERT,1,5,20260521000003_mental_health.sql,20260521000003_mental_health.sql
purchase_orders,public,Procurement,CORE ENTITY,27,id,6,1,1,2,1,YES,3,YES,YES,NO,NO,YES,0,4,109,YES,5,READ|UPDATE|INSERT,7,15,20260324080900_880106fb-2a83-4c42-aec2-012df6887a7a.sql,20261008000078_tds_and_partial_payments.sql
purchase_requisitions,public,Procurement,CORE ENTITY,8,id,3,0,1,1,2,YES,1,YES,YES,NO,NO,NO,0,101,0,YES,1,UPDATE|READ|INSERT,1,1,20261008000074_procurement_rfq.sql,20261008000074_procurement_rfq.sql
push_notifications,public,Notifications,CORE ENTITY,12,id,2,0,2,2,0,YES,2,YES,YES,NO,NO,NO,0,5,100,NO,2,READ|INSERT,2,7,20260910000012_mobile_fcm_tokens.sql,20260913000000_aumrti_admin_cross_tenant_rls.sql
qi_cycles,public,Other,CORE ENTITY,10,id,1,0,0,2,0,YES,1,NO,YES,NO,NO,NO,0,0,0,NO,1,READ|UPDATE|INSERT,1,4,20260909000004_clinical_audits_qi.sql,20260909000004_clinical_audits_qi.sql
qi_projects,public,Other,CORE ENTITY,19,id,4,0,1,2,2,YES,1,YES,YES,YES,NO,NO,0,1,106,NO,2,INSERT|READ|UPDATE,1,4,20260909000004_clinical_audits_qi.sql,20260909000004_clinical_audits_qi.sql
quality_indicator_definitions,public,Quality/NABH,REFERENCE,21,indicator_code,0,0,4,3,0,YES,2,NO,YES,YES,NO,NO,95,246,479,NO,2,READ|INSERT,1,4,20261011000010_quality_indicator_schema.sql,20261011000010_quality_indicator_schema.sql
quality_indicator_overrides,public,Quality/NABH,CORE ENTITY,8,id,3,1,0,2,0,YES,2,YES,NO,YES,NO,NO,0,2,220,NO,1,READ,1,2,20261011000010_quality_indicator_schema.sql,20261011000010_quality_indicator_schema.sql
quality_indicators,public,Quality/NABH,CORE ENTITY,21,id,1,0,1,3,2,YES,2,YES,YES,NO,NO,NO,984,22,10485,NO,4,READ|INSERT,2,12,20260324133145_ee0f767c-dfb1-49f0-acbb-d8ea9ea4a8ae.sql,20261011000010_quality_indicator_schema.sql
queue_state,public,OPD,CORE ENTITY,10,id,5,1,0,2,1,YES,2,YES,NO,YES,NO,NO,0,752,106,YES,1,INSERT,1,2,20260524000001_queue_state_tv_settings.sql,20260524000001_queue_state_tv_settings.sql
quotation_items,public,Other,JUNCTION,7,id,2,0,0,2,0,YES,1,NO,NO,NO,NO,NO,0,0,0,NO,1,INSERT,1,5,20261008000074_procurement_rfq.sql,20261008000074_procurement_rfq.sql
radiology_modalities,public,Radiology,CORE ENTITY,7,id,1,0,1,1,1,YES,2,YES,YES,NO,NO,NO,5,246,60,NO,9,READ|INSERT|UPDATE|DELETE,2,3,20260322161647_ebcce498-65ae-4af4-9a4e-c13bca9f1026.sql,20260406173423_b1693e94-88a7-4f87-a070-8ef0235fcf31.sql
radiology_orders,public,Radiology,CORE ENTITY,31,id,6,1,6,6,1,YES,4,YES,YES,NO,NO,NO,2,5790,0,YES,38,READ|UPDATE|DELETE|INSERT,8,30,20260322161647_ebcce498-65ae-4af4-9a4e-c13bca9f1026.sql,20260913000000_aumrti_admin_cross_tenant_rls.sql
radiology_reports,public,Radiology,CORE ENTITY,20,id,5,0,0,1,1,YES,2,YES,YES,NO,NO,NO,0,396,0,YES,8,READ|INSERT|UPDATE,1,2,20260322161647_ebcce498-65ae-4af4-9a4e-c13bca9f1026.sql,20260322161647_ebcce498-65ae-4af4-9a4e-c13bca9f1026.sql
radiology_study_master,public,Radiology,REFERENCE,10,id,2,0,0,4,2,YES,1,YES,YES,NO,NO,NO,8,2732,594,NO,15,READ|INSERT|UPDATE|DELETE,2,6,20260903000003_radiology_study_master.sql,20261013000019_radiology_pcpndt_flag.sql
razorpay_plan_registry,public,Payments,CORE ENTITY,6,id,1,1,2,2,0,YES,2,NO,YES,NO,NO,NO,0,0,0,NO,0,NONE,1,6,20261008000154_platform_billing_v2.sql,20261008000154_platform_billing_v2.sql
razorpay_webhook_log,public,Payments,AUDIT,4,webhook_id,0,0,0,2,0,YES,0,YES,NO,NO,NO,NO,0,0,108,NO,2,INSERT,2,3,20260622000007_add_razorpay_webhook_log.sql,20261013000016_webhook_tables_rls.sql
reconciliation_discrepancies,public,Other,CORE ENTITY,14,id,4,0,1,2,1,YES,1,YES,YES,NO,NO,NO,0,4,101,YES,1,INSERT,1,5,20260910000007_med_reconciliation.sql,20260910000007_med_reconciliation.sql
record_access_logs,public,Other,AUDIT,8,id,3,0,1,4,1,YES,1,YES,NO,NO,NO,NO,0,1,170,NO,2,INSERT|READ,1,6,20260909000008_ims.sql,20260909000008_ims.sql
record_requests,public,Other,CORE ENTITY,16,id,4,0,0,1,2,YES,1,YES,YES,NO,NO,NO,0,492,0,NO,2,READ|INSERT|UPDATE,1,3,20260328092644_e20b425f-7b11-4901-833e-bae2cd5c4448.sql,20260328092644_e20b425f-7b11-4901-833e-bae2cd5c4448.sql
record_retention_policies,public,Other,CORE ENTITY,8,id,1,1,0,3,2,YES,1,YES,YES,YES,NO,NO,1,0,157,NO,2,READ|INSERT,1,4,20260909000008_ims.sql,20260909000008_ims.sql
referral_codes,public,Platform,REFERENCE,17,id,3,1,0,4,1,YES,2,YES,YES,NO,NO,YES,2,109,214,NO,2,READ|INSERT|UPDATE,2,10,20261008000129_referral_system.sql,20261008000151_trial_sync_and_conversion.sql
referral_doctors,public,Platform,CORE ENTITY,18,id,1,0,0,2,2,YES,1,YES,YES,NO,NO,NO,1,0,117,NO,5,READ|UPDATE|INSERT,1,3,20260329151449_d303bc0e-5b84-434f-97a1-0c8b4b6b10a2.sql,20260329151449_d303bc0e-5b84-434f-97a1-0c8b4b6b10a2.sql
referral_partners,public,Platform,CORE ENTITY,10,id,1,0,0,1,0,YES,1,NO,YES,NO,NO,YES,0,6,0,NO,1,READ|INSERT|UPDATE,1,4,20261008000129_referral_system.sql,20261008000129_referral_system.sql
referral_redemptions,public,Platform,CORE ENTITY,13,id,2,0,0,3,0,YES,2,NO,YES,NO,NO,NO,0,2,105,NO,2,READ|INSERT,1,8,20261008000129_referral_system.sql,20261008000129_referral_system.sql
refund_payables,public,Billing,CORE ENTITY,15,id,7,0,2,5,2,YES,3,YES,YES,NO,NO,NO,1,347,4111,YES,7,READ|INSERT,4,14,20260518000003_drug_return_credit_note.sql,20261008000153_one_open_refund_per_bill.sql
report_schedules,public,Reporting,CORE ENTITY,16,id,1,0,0,2,2,YES,1,YES,YES,NO,NO,YES,0,0,278,NO,3,INSERT|READ|UPDATE|DELETE,1,3,20260419080734_4f477d12-b854-4b81-b548-67605a4b5454.sql,20260419080734_4f477d12-b854-4b81-b548-67605a4b5454.sql
requisition_items,public,Other,JUNCTION,5,id,2,0,0,2,0,YES,1,NO,NO,NO,NO,NO,0,0,0,NO,1,READ|INSERT,1,5,20261008000074_procurement_rfq.sql,20261008000074_procurement_rfq.sql
research_cohorts,public,Other,CORE ENTITY,11,id,2,0,0,2,1,YES,1,YES,YES,YES,NO,YES,0,4,102,NO,1,READ|INSERT,1,5,20260910000011_phase4_research_nps_chain.sql,20260910000011_phase4_research_nps_chain.sql
restraint_records,public,Other,CORE ENTITY,14,id,4,0,1,2,1,YES,1,YES,YES,NO,NO,NO,0,177,125,YES,1,READ|INSERT|UPDATE,1,5,20260904000026_p2_gaps.sql,20260904000026_p2_gaps.sql
retention_schedules,public,Other,CORE ENTITY,11,id,3,0,0,1,1,YES,1,YES,YES,NO,NO,NO,0,194,0,NO,2,READ|UPDATE,1,3,20260328092644_e20b425f-7b11-4901-833e-bae2cd5c4448.sql,20260328092644_e20b425f-7b11-4901-833e-bae2cd5c4448.sql
revenue_alerts,public,Billing,CORE ENTITY,13,id,4,0,0,3,2,YES,1,YES,YES,NO,NO,NO,0,71,907,NO,2,READ|INSERT|UPDATE,1,4,20260331065220_ae2c4d60-8578-45af-becb-0a465e2d9470.sql,20260331065220_ae2c4d60-8578-45af-becb-0a465e2d9470.sql
revenue_leak_actions,public,Billing,CORE ENTITY,15,id,4,0,1,2,2,YES,1,YES,YES,YES,NO,NO,0,3,98,NO,2,UPDATE|INSERT|READ,1,4,20261008000113_revenue_leak_actions.sql,20261008000113_revenue_leak_actions.sql
rfq_vendors,public,Procurement,CORE ENTITY,3,id,2,0,0,2,0,YES,1,NO,NO,NO,NO,NO,0,0,0,NO,1,READ|INSERT,1,5,20261008000074_procurement_rfq.sql,20261008000074_procurement_rfq.sql
rfqs,public,Procurement,CORE ENTITY,8,id,3,0,1,1,2,YES,1,YES,YES,NO,NO,YES,0,100,0,NO,1,READ|UPDATE|INSERT,1,1,20261008000074_procurement_rfq.sql,20261008000074_procurement_rfq.sql
role_permissions,public,Identity,JUNCTION,7,id,1,1,0,2,1,YES,2,YES,YES,NO,NO,NO,21,8,29798,NO,5,READ|UPDATE|INSERT|DELETE,1,2,20260327032137_9056a817-66f9-469f-913b-c666dc2e3dc6.sql,20260327032137_9056a817-66f9-469f-913b-c666dc2e3dc6.sql
safety_event_capa,public,Other,CORE ENTITY,12,id,2,0,2,3,1,YES,1,NO,YES,YES,NO,NO,0,1,271,NO,2,READ|INSERT|UPDATE,1,5,20260909000002_safety_events.sql,20260909000002_safety_events.sql
safety_event_rca,public,Other,CORE ENTITY,10,id,2,1,1,3,1,YES,1,NO,YES,YES,NO,NO,0,1,1,NO,1,READ|INSERT|UPDATE,1,4,20260909000002_safety_events.sql,20260909000002_safety_events.sql
safety_events,public,Other,CORE ENTITY,18,id,6,1,4,5,2,YES,1,YES,YES,YES,NO,NO,0,274,1153,YES,5,READ|INSERT|UPDATE,1,6,20260909000002_safety_events.sql,20260909000002_safety_events.sql
safety_rounds,public,Other,CORE ENTITY,9,id,2,0,0,2,1,YES,1,YES,YES,NO,NO,NO,0,1,106,NO,1,READ|INSERT|DELETE,1,4,20260909000007_fms.sql,20260909000007_fms.sql
salary_structures,public,Payroll,CORE ENTITY,19,id,1,0,0,1,1,YES,1,YES,YES,YES,NO,NO,0,103,0,NO,1,READ|INSERT,2,4,20260531000003_payroll_engine.sql,20261008000064_payroll_overtime.sql
scheme_beneficiaries,public,Other,CORE ENTITY,12,id,3,0,0,2,2,YES,1,YES,YES,NO,NO,NO,0,108,67,NO,2,READ|INSERT|UPDATE,1,3,20260329063511_1963ad63-bfbd-458c-b038-ebbee8ae482b.sql,20260329063511_1963ad63-bfbd-458c-b038-ebbee8ae482b.sql
second_victim_cases,public,Other,CORE ENTITY,15,id,3,0,1,2,1,YES,1,YES,YES,NO,NO,NO,0,2,105,NO,1,READ|INSERT|UPDATE,1,3,20260509100008_nabh_second_victim.sql,20260509100008_nabh_second_victim.sql
second_victim_sessions,public,Other,CORE ENTITY,10,id,2,0,1,2,1,YES,1,YES,YES,NO,NO,NO,0,0,105,NO,1,READ|INSERT,1,3,20260509100008_nabh_second_victim.sql,20260509100008_nabh_second_victim.sql
sedation_scores,public,ICU,REPORTING,11,id,3,0,3,2,1,YES,1,YES,NO,NO,NO,NO,0,4,103,NO,1,READ|INSERT,1,5,20260910000005_icu_workspace.sql,20260910000005_icu_workspace.sql
service_charges,public,Billing,CORE ENTITY,21,id,7,0,1,7,1,YES,1,YES,YES,NO,NO,YES,0,1214,189,YES,3,READ|UPDATE|INSERT,1,9,20260531000007_billing_leakage_fix.sql,20260531000007_billing_leakage_fix.sql
service_master,public,Billing,REFERENCE,20,id,3,0,0,5,1,YES,2,YES,YES,NO,NO,NO,396,1103,5747,NO,47,READ|INSERT|UPDATE|DELETE,8,17,20260321172711_08ce171e-0ec4-4070-a0b9-943fc59cab13.sql,20261015000002_follow_up_visit_cap.sql
service_rates,public,Billing,CORE ENTITY,15,id,2,1,0,5,3,YES,1,YES,YES,YES,NO,NO,0,0,286,NO,5,READ|INSERT|UPDATE,2,10,20260418165433_d6b096bc-e165-45f9-b6df-0d279a96bd33.sql,20260908000004_payer_masters.sql
set_issues,public,Other,CORE ENTITY,15,id,4,0,1,1,1,YES,1,YES,NO,NO,NO,NO,0,110,0,YES,2,READ|INSERT|UPDATE,1,3,20260328053244_8e0f8d5a-e7a8-4433-bd17-3cbc6805c53c.sql,20260328053244_8e0f8d5a-e7a8-4433-bd17-3cbc6805c53c.sql
settlement_reconciliation_flags,public,Payments,CORE ENTITY,11,id,3,0,1,3,1,YES,2,YES,NO,NO,NO,NO,0,99,1,NO,2,READ|INSERT|UPDATE,1,8,20261008000118_settlement_reconciliation_flags.sql,20261008000118_settlement_reconciliation_flags.sql
shift_master,public,HR,REFERENCE,11,id,1,0,0,1,1,YES,4,YES,YES,NO,NO,NO,3,220,9,NO,5,READ|INSERT|UPDATE|DELETE,2,6,20260324080455_00c894a3-3659-42b3-8566-d84b0589970e.sql,20260518000006_rls_missing_tables.sql
shift_swap_requests,public,HR,CORE ENTITY,11,id,4,0,0,2,1,YES,1,YES,YES,NO,NO,NO,0,3,196,YES,2,READ|INSERT|UPDATE,1,4,20261008000062_hr_shift_swap.sql,20261008000062_hr_shift_swap.sql
signup_otp_verifications,public,Platform,CORE ENTITY,14,id,0,0,0,4,0,YES,0,NO,YES,NO,NO,NO,0,0,0,NO,3,READ|UPDATE|INSERT,1,5,20261003000002_signup_otp_verifications.sql,20261003000002_signup_otp_verifications.sql
sms_notifications,public,Notifications,CORE ENTITY,11,id,1,0,1,2,0,YES,1,YES,YES,NO,NO,NO,0,0,109,NO,1,INSERT,1,3,20260622000003_add_sms_notifications_table.sql,20260622000003_add_sms_notifications_table.sql
staff_attendance,public,HR,CORE ENTITY,15,id,3,2,1,4,1,YES,3,YES,YES,NO,NO,NO,0,1,3828,YES,14,READ|INSERT|UPDATE|DELETE,6,17,20260322092601_7a1cb821-2abc-479b-8d2d-9d19a5740e0b.sql,20260913000000_aumrti_admin_cross_tenant_rls.sql
staff_burnout_scores,public,HR,REPORTING,14,id,2,1,1,3,1,YES,1,YES,YES,NO,NO,NO,0,0,102,NO,1,READ|INSERT,1,4,20260601000002_tier3_excellence.sql,20260601000002_tier3_excellence.sql
staff_credentials,public,HR,CORE ENTITY,15,id,3,0,1,3,1,YES,1,YES,YES,NO,NO,NO,0,1,10264,NO,7,READ|INSERT|UPDATE|DELETE,2,8,20260904000025_p1_gaps.sql,20260909000006_hr_credentialing.sql
staff_documents,public,HR,CORE ENTITY,11,id,4,0,0,3,1,YES,1,YES,YES,NO,NO,NO,0,2,7401,NO,3,READ|INSERT|UPDATE|DELETE,1,5,20261008000060_hr_staff_documents.sql,20261008000060_hr_staff_documents.sql
staff_exits,public,HR,CORE ENTITY,11,id,3,0,0,2,1,YES,1,YES,YES,NO,NO,YES,0,225,1,NO,1,READ|INSERT|UPDATE,1,3,20261008000058_hr_offboarding.sql,20261008000058_hr_offboarding.sql
staff_grievances,public,HR,CORE ENTITY,11,id,3,0,0,2,1,YES,1,YES,YES,NO,NO,NO,0,2,99,NO,1,READ|INSERT|UPDATE,1,4,20261008000063_hr_staff_grievances.sql,20261008000063_hr_staff_grievances.sql
staff_injuries,public,HR,CORE ENTITY,17,id,2,0,0,2,1,YES,1,YES,YES,NO,NO,NO,0,1,234,NO,2,READ|INSERT|UPDATE,1,5,20260904000026_p2_gaps.sql,20260904000026_p2_gaps.sql
staff_privileges,public,HR,CORE ENTITY,11,id,4,0,0,3,1,YES,1,YES,YES,NO,NO,NO,0,2,207,NO,4,READ|INSERT|UPDATE|DELETE,1,5,20260909000006_hr_credentialing.sql,20260909000006_hr_credentialing.sql
staff_profiles,public,HR,CORE ENTITY,24,id,3,1,1,2,1,YES,2,YES,YES,NO,NO,NO,0,7618,15,NO,11,READ|INSERT|DELETE|UPDATE,3,7,20260324145808_0e88263a-3371-4695-acca-132e3c844e4b.sql,20260904000026_p2_gaps.sql
staff_salary_assignments,public,HR,JUNCTION,13,id,3,1,0,4,1,YES,1,YES,YES,NO,NO,NO,0,0,115,NO,2,READ|INSERT|UPDATE,1,5,20260531000003_payroll_engine.sql,20260531000003_payroll_engine.sql
staff_training_records,public,HR,CORE ENTITY,13,id,2,0,0,3,1,YES,1,YES,YES,NO,NO,NO,0,0,456,NO,5,READ|INSERT|DELETE,1,5,20260909000006_hr_credentialing.sql,20260909000006_hr_credentialing.sql
staffing_alerts,public,HR,CORE ENTITY,12,id,2,0,1,2,1,YES,1,YES,YES,NO,NO,NO,0,0,105,NO,2,READ|UPDATE|INSERT,1,3,20260509100004_nabh_acuity_staffing.sql,20260509100004_nabh_acuity_staffing.sql
sterilization_cycles,public,Infection Control,CORE ENTITY,22,id,4,1,5,2,1,YES,1,YES,YES,NO,NO,NO,0,3,289,YES,3,READ|INSERT|UPDATE,1,3,20260328053244_8e0f8d5a-e7a8-4433-bd17-3cbc6805c53c.sql,20260328053244_8e0f8d5a-e7a8-4433-bd17-3cbc6805c53c.sql
stimulation_monitoring,public,Other,CORE ENTITY,18,id,3,0,0,2,1,YES,2,YES,YES,NO,NO,NO,0,138,1,NO,2,READ|INSERT,2,5,20260330090552_8f181820-6667-4345-ae68-d4aed2b4e34e.sql,20260901000001_add_ivf_tables_and_rls.sql
stock_count_items,public,Inventory,JUNCTION,9,id,2,0,0,2,0,YES,1,NO,NO,NO,NO,NO,0,0,0,YES,1,READ|INSERT|UPDATE,1,5,20261008000072_stock_counts.sql,20261008000072_stock_counts.sql
stock_counts,public,Inventory,CORE ENTITY,11,id,4,0,2,2,2,YES,1,YES,YES,NO,NO,NO,0,6,99,YES,1,READ|INSERT|UPDATE,1,5,20261008000072_stock_counts.sql,20261008000072_stock_counts.sql
stock_reorder_triggers,public,Inventory,CORE ENTITY,11,id,2,0,2,2,1,YES,2,YES,YES,NO,NO,YES,0,3,109,NO,1,READ|UPDATE|INSERT,1,5,20260521000002_pharmacy_expiry_control.sql,20260521000002_pharmacy_expiry_control.sql
stock_transactions,public,Inventory,CORE ENTITY,12,id,4,0,0,1,1,YES,4,YES,YES,NO,NO,YES,0,111,0,YES,6,INSERT|READ,2,6,20260324080900_880106fb-2a83-4c42-aec2-012df6887a7a.sql,20260518000006_rls_missing_tables.sql
store_indent_items,public,Inventory,JUNCTION,12,id,2,0,0,3,0,YES,1,NO,NO,NO,NO,NO,0,0,0,YES,3,INSERT|READ|UPDATE,2,6,20260908000010_ward_store_inventory.sql,20261008000067_ward_store_item_linkage.sql
store_indents,public,Inventory,CORE ENTITY,13,id,6,0,1,5,2,YES,1,YES,NO,NO,NO,NO,0,3,115,YES,4,READ|INSERT|UPDATE,1,7,20260908000010_ward_store_inventory.sql,20260908000010_ward_store_inventory.sql
store_locations,public,Inventory,CORE ENTITY,7,id,2,0,1,2,1,YES,1,YES,YES,NO,NO,NO,5,0,233,NO,7,READ|INSERT|UPDATE|DELETE,1,4,20260908000010_ward_store_inventory.sql,20260908000010_ward_store_inventory.sql
store_stock,public,Inventory,CORE ENTITY,11,id,4,1,0,5,1,YES,1,YES,NO,NO,NO,NO,0,0,103,YES,4,READ|INSERT|UPDATE,1,7,20261008000068_store_stock_balances.sql,20261008000068_store_stock_balances.sql
store_stock_movements,public,Inventory,CORE ENTITY,15,id,5,0,1,5,1,YES,1,YES,NO,NO,NO,NO,0,1,111,YES,4,READ|INSERT,2,10,20260908000010_ward_store_inventory.sql,20261008000067_ward_store_item_linkage.sql
subscription_events,public,Platform,PLATFORM,10,id,1,0,0,3,0,YES,2,YES,YES,NO,NO,NO,1,0,101,NO,5,INSERT|READ|UPDATE,1,6,20260609000001_saas_automation_tables.sql,20260609000001_saas_automation_tables.sql
subscription_invoices,public,Platform,PLATFORM,34,id,2,1,3,7,0,YES,3,YES,YES,NO,NO,NO,0,2,317,NO,7,READ|INSERT|UPDATE,3,37,20260609000001_saas_automation_tables.sql,20261008000154_platform_billing_v2.sql
subscription_plans,public,Platform,PLATFORM,24,id,0,1,0,2,1,YES,3,NO,YES,YES,NO,NO,0,141,12870,NO,13,READ|INSERT|UPDATE,8,31,20260601150001_aumrti_control_plane.sql,20261009000175_ai_budget_and_inr_metering.sql
system_config,public,Other,CONFIGURATION,5,id,1,1,0,2,1,YES,3,YES,YES,NO,NO,NO,0,0,161,NO,1,READ|UPDATE|INSERT,2,9,20260327045637_374bfc54-05be-4d73-9183-63f042dcadb0.sql,20260327053837_f51266ce-baf3-4070-a75e-a980a8197b9f.sql
tally_export_log,public,Other,AUDIT,12,id,2,0,0,2,1,YES,1,YES,NO,NO,NO,NO,0,1,109,NO,2,READ|INSERT,1,3,20260612000001_tally_sync_log.sql,20260612000001_tally_sync_log.sql
tally_ledger_mapping,public,Other,CORE ENTITY,8,id,1,1,0,3,1,YES,1,YES,YES,YES,NO,NO,0,0,467,NO,3,READ|INSERT,1,4,20260524000004_integrations.sql,20260524000004_integrations.sql
tds_annual_summary,public,Payroll,REPORTING,20,id,2,1,0,2,1,YES,1,YES,YES,NO,NO,NO,0,0,102,NO,0,NONE,1,3,20260531000003_payroll_engine.sql,20260531000003_payroll_engine.sql
tds_sections,public,Payroll,CORE ENTITY,8,id,1,1,0,2,1,YES,1,YES,YES,NO,NO,NO,0,0,99,NO,2,READ|UPDATE,1,4,20261008000078_tds_and_partial_payments.sql,20261008000078_tds_and_partial_payments.sql
teleconsult_sessions,public,Telemedicine,CORE ENTITY,19,id,5,1,1,3,1,YES,2,YES,YES,NO,NO,NO,1,717,750,YES,7,READ|INSERT|UPDATE,3,6,20260327033127_f82bf142-1eee-48a3-a0fe-8474921bbcf0.sql,20260524000002_teleconsult_enhancements.sql
therapy_plans,public,Other,CORE ENTITY,11,id,0,0,1,2,1,YES,2,YES,YES,NO,NO,NO,0,103,0,YES,1,READ|INSERT|UPDATE,1,5,20260521000003_mental_health.sql,20260521000003_mental_health.sql
therapy_sessions,public,Other,CORE ENTITY,11,id,1,0,0,2,1,YES,2,YES,YES,NO,NO,NO,0,104,0,YES,1,READ|INSERT|UPDATE,1,5,20260521000003_mental_health.sql,20260521000003_mental_health.sql
toxicity_events,public,Other,CORE ENTITY,16,id,4,0,0,1,2,YES,1,YES,YES,NO,NO,NO,0,178,0,NO,1,READ|INSERT,1,3,20260328054628_52972efb-5442-46fd-a624-f86462360ec5.sql,20260328054628_52972efb-5442-46fd-a624-f86462360ec5.sql
tpa_config,public,TPA,CONFIGURATION,33,id,1,1,2,2,1,YES,4,YES,YES,NO,NO,NO,0,1,106,NO,7,READ|INSERT|UPDATE,5,29,20260323043602_2759c101-1bf1-4e3d-9f97-f9c25785c639.sql,20260907000001_insurance_automation.sql
tpa_dispute_communications,public,TPA,CORE ENTITY,9,id,3,0,0,1,1,YES,1,YES,NO,NO,NO,NO,0,102,0,YES,1,READ|INSERT,1,3,20260531000006_rcm_gaps.sql,20260531000006_rcm_gaps.sql
tpa_disputes,public,TPA,CORE ENTITY,24,id,4,0,0,4,1,YES,1,YES,YES,YES,NO,NO,0,1,101,YES,2,READ|INSERT|UPDATE,1,6,20260531000006_rcm_gaps.sql,20260531000006_rcm_gaps.sql
tpa_queries,public,TPA,CORE ENTITY,21,id,5,0,2,8,1,YES,1,YES,YES,NO,NO,NO,0,1,124,YES,3,READ|UPDATE|INSERT,4,43,20260529_insurance_upgrade.sql,20260907000001_insurance_automation.sql
transfusion_reactions,public,Blood Bank,CORE ENTITY,16,id,5,0,0,1,1,YES,1,YES,YES,NO,NO,NO,0,294,0,NO,0,NONE,1,3,20260531000005_blood_bank_tti_isbt.sql,20260531000005_blood_bank_tti_isbt.sql
translate_pricing,public,Other,CORE ENTITY,6,id,0,1,0,2,1,YES,1,NO,YES,YES,NO,NO,0,0,4,NO,1,READ,1,2,20261009000179_translate_pricing.sql,20261009000179_translate_pricing.sql
tv_display_settings,public,Other,CONFIGURATION,8,id,1,1,0,2,1,YES,2,YES,NO,YES,NO,NO,1,0,187,NO,3,READ|INSERT|UPDATE,1,2,20260524000001_queue_state_tv_settings.sql,20260524000001_queue_state_tv_settings.sql
user_permission_overrides,public,Identity,CORE ENTITY,7,id,2,1,0,3,0,YES,2,YES,YES,YES,NO,NO,0,0,28775,YES,2,READ|INSERT|DELETE,1,3,20261008000156_user_permission_overrides.sql,20261008000156_user_permission_overrides.sql
user_tour_progress,public,Identity,CORE ENTITY,6,id,2,1,0,2,0,YES,3,NO,YES,NO,NO,NO,2,1,552,NO,2,READ|INSERT,1,8,20261008000112_onboarding_tours.sql,20261008000112_onboarding_tours.sql
user_trusted_devices,public,Identity,CORE ENTITY,6,id,1,1,0,3,0,YES,3,NO,YES,NO,NO,NO,0,0,349,NO,2,INSERT|READ|DELETE,1,9,20260910000003_user_mfa.sql,20260910000003_user_mfa.sql
users,public,Identity,CORE ENTITY,19,id,5,0,0,3,0,YES,4,YES,YES,NO,NO,NO,38,2990089,99538,NO,297,READ|INSERT|UPDATE|DELETE,13,20,20260321162749_5754cd97-c837-4c8f-a419-b2dd4b7f66f5.sql,20261013000020_users_auth_user_id_unique.sql
vaccination_due,public,Vaccination,CORE ENTITY,10,id,3,0,0,3,2,YES,2,YES,YES,NO,NO,NO,0,107,71,NO,4,READ|INSERT|UPDATE,2,7,20260330082601_4d96ad0c-559e-412b-978e-1c9185e66d76.sql,20260901000002_add_vaccination_tables_and_rls.sql
vaccination_records,public,Vaccination,CORE ENTITY,22,id,5,0,1,3,2,YES,2,YES,YES,NO,NO,NO,0,713,176,YES,6,READ|INSERT,3,9,20260330082601_4d96ad0c-559e-412b-978e-1c9185e66d76.sql,20260901000002_add_vaccination_tables_and_rls.sql
vaccine_camps,public,Vaccination,CORE ENTITY,13,id,2,0,0,1,2,YES,2,YES,YES,NO,NO,NO,0,109,0,YES,1,READ|INSERT,2,5,20260330082601_4d96ad0c-559e-412b-978e-1c9185e66d76.sql,20260901000002_add_vaccination_tables_and_rls.sql
vaccine_master,public,Vaccination,REFERENCE,18,id,1,2,0,3,2,YES,5,YES,YES,NO,NO,NO,0,109,0,NO,4,READ|INSERT|UPDATE|DELETE,4,18,20260330082601_4d96ad0c-559e-412b-978e-1c9185e66d76.sql,20260901000003_seed_nis_vaccines.sql
vaccine_stock,public,Vaccination,CORE ENTITY,14,id,2,0,0,3,2,YES,2,YES,YES,NO,NO,NO,0,0,108,YES,3,READ|UPDATE|INSERT,2,7,20260330082601_4d96ad0c-559e-412b-978e-1c9185e66d76.sql,20260901000002_add_vaccination_tables_and_rls.sql
vendor_quotations,public,Procurement,CORE ENTITY,10,id,4,0,1,2,1,YES,1,YES,YES,NO,NO,NO,0,99,0,NO,1,READ|INSERT|UPDATE,1,2,20261008000074_procurement_rfq.sql,20261008000074_procurement_rfq.sql
vendor_rate_contracts,public,Procurement,CORE ENTITY,10,id,3,0,0,2,1,YES,1,YES,YES,NO,NO,NO,0,0,99,NO,3,READ|INSERT|UPDATE,1,5,20261008000075_vendor_rate_contracts.sql,20261008000075_vendor_rate_contracts.sql
vendors,public,Procurement,CORE ENTITY,16,id,1,0,0,1,1,YES,4,YES,YES,NO,NO,NO,0,109,0,NO,6,READ|UPDATE|INSERT,4,8,20260324080900_880106fb-2a83-4c42-aec2-012df6887a7a.sql,20261008000083_itc_and_tds_classification.sql
ventilator_params,public,ICU,CORE ENTITY,16,id,3,0,0,2,1,YES,1,YES,NO,NO,NO,NO,0,4,103,NO,1,READ|INSERT,1,5,20260910000005_icu_workspace.sql,20260910000005_icu_workspace.sql
vial_wastage,public,Other,CORE ENTITY,12,id,2,0,0,1,1,YES,1,YES,YES,NO,NO,NO,0,110,0,NO,1,READ,1,3,20260328054628_52972efb-5442-46fd-a624-f86462360ec5.sql,20260328054628_52972efb-5442-46fd-a624-f86462360ec5.sql
visitor_passes,public,OPD,CORE ENTITY,15,id,3,1,0,4,2,YES,1,YES,YES,NO,NO,NO,0,1,178,NO,1,READ|INSERT|UPDATE,1,4,20260329152029_67617faf-05e8-4ea7-ba64-db5c0add3929.sql,20260329152029_67617faf-05e8-4ea7-ba64-db5c0add3929.sql
ward_acuity_snapshots,public,IPD,HISTORY,14,id,1,0,0,2,1,YES,1,YES,YES,NO,NO,NO,0,0,105,YES,2,READ|INSERT,1,3,20260509100004_nabh_acuity_staffing.sql,20260509100004_nabh_acuity_staffing.sql
ward_round_notes,public,IPD,CORE ENTITY,14,id,4,0,0,1,1,YES,2,YES,YES,NO,NO,NO,2,281,0,YES,7,READ|INSERT,1,2,20260322100400_6c9a79a1-7e9c-4765-b9ee-5f84aa2a6291.sql,20260322100400_6c9a79a1-7e9c-4765-b9ee-5f84aa2a6291.sql
wards,public,IPD,CORE ENTITY,11,id,1,0,0,1,2,YES,2,YES,YES,NO,NO,NO,35,3078,2397,NO,40,READ|UPDATE|INSERT|DELETE,4,6,20260321172711_08ce171e-0ec4-4070-a0b9-943fc59cab13.sql,20261011000091_ward_nursing_rate.sql
webhook_dlq,public,Integration,INTEGRATION,12,id,0,0,1,2,0,YES,0,NO,YES,NO,NO,NO,0,0,0,NO,3,INSERT|READ|UPDATE,2,3,20260622000008_add_webhook_dlq.sql,20261013000016_webhook_tables_rls.sql
whatsapp_bot_messages,public,Notifications,CORE ENTITY,8,id,2,0,1,2,1,YES,1,YES,YES,NO,NO,NO,0,100,0,NO,1,INSERT,1,4,20261001000011_add_whatsapp_bot_sessions.sql,20261001000011_add_whatsapp_bot_sessions.sql
whatsapp_bot_sessions,public,Notifications,CORE ENTITY,9,id,2,0,0,3,1,YES,1,YES,YES,YES,NO,NO,0,67,100,NO,1,READ|INSERT|UPDATE,2,6,20260628000002_phi_column_encryption.sql,20261001000011_add_whatsapp_bot_sessions.sql
whatsapp_connectors,public,Notifications,CORE ENTITY,13,id,1,1,0,3,1,YES,1,YES,YES,YES,NO,NO,0,0,335,NO,3,READ|UPDATE|INSERT,1,4,20260524000004_integrations.sql,20260524000004_integrations.sql
whatsapp_notifications,public,Notifications,CORE ENTITY,10,id,2,0,0,2,2,YES,3,YES,YES,NO,NO,NO,1,217,14902,NO,6,READ|UPDATE|INSERT,3,5,20260326094517_8e6560cd-e8fa-4a31-b58b-80b3dd5a2e8a.sql,20260327054836_f05f22b3-c4ab-4ae2-bd2b-cbe28307151f.sql
whatsapp_templates,public,Notifications,CORE ENTITY,12,id,1,0,0,1,2,YES,2,YES,YES,NO,NO,NO,0,132,0,NO,3,READ|UPDATE|INSERT|DELETE,3,5,20260327035344_6cb789b8-4986-4a68-84f6-6de67cdb33e6.sql,20260910000013_whatsapp_meta_provider.sql
wound_assessments,public,Nursing,CORE ENTITY,25,id,4,0,5,2,1,YES,1,YES,NO,NO,NO,NO,0,71,226,YES,1,READ|INSERT,1,5,20260910000008_nutrition_wound_care.sql,20260910000008_nutrition_wound_care.sql
