table,domain,category,tenant_model,hospital_id,primary_key,fk_count,policy_count,app_file_refs,app_ops,design_provenance,ai_duplication_risk,ai_drift_risk,security_risk,data_integrity_risk,performance_risk,final_verdict,confidence,evidence
abdm_audit_log,ABDM,AUDIT,DIRECT hospital_id,YES,id,3,1,1,INSERT,INTENTIONAL DESIGN,LOW,LOW,LOW,LOW,MEDIUM,KEEP,MEDIUM,20260526000002_abdm_security.sql ; 20260526000002_abdm_security.sql
abdm_care_contexts,ABDM,CORE ENTITY,DIRECT hospital_id,YES,id,2,2,11,READ|INSERT|UPDATE,INTENTIONAL DESIGN,LOW,LOW,LOW,LOW,MEDIUM,KEEP,MEDIUM,20260525000002_abdm_schema.sql ; 20260525000002_abdm_schema.sql
abdm_consent_logs,ABDM,AUDIT,DIRECT hospital_id,YES,id,3,1,2,READ|INSERT|DELETE,INTENTIONAL DESIGN,LOW,LOW,LOW,LOW,MEDIUM,KEEP,MEDIUM,20260908000012_abha_consent_logs.sql ; 20260908000012_abha_consent_logs.sql
abdm_consents,ABDM,CORE ENTITY,DIRECT hospital_id,YES,id,2,2,5,READ|UPDATE|INSERT,INTENTIONAL DESIGN,LOW,LOW,LOW,LOW,MEDIUM,KEEP,MEDIUM,20260525000002_abdm_schema.sql ; 20260525000002_abdm_schema.sql
abdm_gateway_logs,ABDM,AUDIT,DIRECT hospital_id,YES,id,1,2,8,READ|INSERT,INTENTIONAL DESIGN,LOW,LOW,LOW,LOW,MEDIUM,KEEP,MEDIUM,20260525000002_abdm_schema.sql ; 20260525000002_abdm_schema.sql
abdm_rate_limits,ABDM,CORE ENTITY,DENY-ALL (no policies),NO,key,0,0,0,NONE,INTENTIONAL DESIGN,LOW,LOW,LOW,LOW,LOW,"REVIEW (no app usage, no rows)",LOW,20260526000002_abdm_security.sql ; 20260526000002_abdm_security.sql
accounting_posting_failures,Other,CORE ENTITY,DIRECT hospital_id,YES,id,1,3,2,READ|UPDATE|INSERT,INTENTIONAL DESIGN,LOW,LOW,LOW,LOW,LOW,KEEP,MEDIUM,20260613130000_accounting_posting_failures.sql ; 20260613130000_accounting_posting_failures.sql
addon_skus,Platform,PLATFORM,GLOBAL / non-tenant,NO,id,0,3,6,INSERT|READ,PATCHED DESIGN (repeated policy rewrites),LOW,LOW,CRITICAL,LOW,LOW,KEEP + MODIFY (fix RLS),HIGH,20261008000166_addon_skus.sql ; 20261008000166_addon_skus.sql
admin_audit_log,Other,AUDIT,DERIVED via aumrti_admins,NO,id,2,2,5,INSERT|READ,INTENTIONAL DESIGN,LOW,LOW,LOW,LOW,MEDIUM,KEEP,MEDIUM,20261008000105_admin_audit_log.sql ; 20261008000105_admin_audit_log.sql
admission_day_care_procedures,IPD,CORE ENTITY,DIRECT hospital_id,YES,id,3,2,1,READ|INSERT,INTENTIONAL DESIGN,LOW,LOW,LOW,LOW,MEDIUM,KEEP,MEDIUM,20261008000158_daycare_multi_procedure.sql ; 20261008000158_daycare_multi_procedure.sql
admission_estimates,IPD,CORE ENTITY,DIRECT hospital_id,YES,id,5,1,5,READ|INSERT,INTENTIONAL DESIGN,LOW,LOW,LOW,LOW,MEDIUM,KEEP,MEDIUM,20260908000001_admission_estimates.sql ; 20260908000001_admission_estimates.sql
admission_sequences,IPD,CONFIGURATION,hospital_id present but UNUSED by RLS,YES,hospital_id prefix,1,1,0,NONE,INTENTIONAL DESIGN,LOW,LOW,CRITICAL,LOW,LOW,KEEP + MODIFY (fix RLS),HIGH,20261008000143_admission_number_sequence.sql ; 20261008000143_admission_number_sequence.sql
admissions,IPD,CORE ENTITY,DIRECT hospital_id,YES,id,16,3,110,READ|UPDATE|INSERT|DELETE,EVOLVED DESIGN (heavy column accretion),LOW,MEDIUM,LOW,LOW,HIGH,KEEP + MODIFY (add FK indexes),HIGH,20260322100400_6c9a79a1-7e9c-4765-b9ee-5f84aa2a6291.sql ; 20260322100400_6c9a79a1-7e9c-4765-b9ee-5f84aa2a6291.sql
adult_immunization_schedule,Other,CORE ENTITY,DIRECT hospital_id,YES,id,3,1,1,READ|UPDATE|INSERT,INTENTIONAL DESIGN,LOW,LOW,LOW,LOW,MEDIUM,KEEP,MEDIUM,20260509100001_nabh_preventive_screenings.sql ; 20260509100001_nabh_preventive_screenings.sql
advance_receipts,Other,CORE ENTITY,DIRECT hospital_id,YES,id,5,2,6,INSERT|READ,INTENTIONAL DESIGN,LOW,LOW,LOW,LOW,MEDIUM,KEEP,MEDIUM,20260323042425_16804ec8-3823-495a-89b7-52db4d2a494e.sql ; 20260323042425_16804ec8-3823-495a-89b7-52db4d2a494e.sql
ai_attestations,AI,CORE ENTITY,DIRECT hospital_id,YES,id,2,1,3,INSERT|READ,INTENTIONAL DESIGN,LOW,LOW,LOW,LOW,LOW,KEEP,MEDIUM,20260908000007_ai_attestations.sql ; 20260908000007_ai_attestations.sql
ai_cost_daily,AI,CORE ENTITY,DIRECT hospital_id,YES,id,1,2,2,READ,INTENTIONAL DESIGN,LOW,LOW,LOW,LOW,LOW,KEEP,MEDIUM,20260910000002_ai_usage_logs.sql ; 20260910000002_ai_usage_logs.sql
ai_digests,AI,CORE ENTITY,DIRECT hospital_id,YES,id,1,2,2,READ|INSERT|UPDATE,INTENTIONAL DESIGN,LOW,LOW,LOW,LOW,LOW,KEEP,MEDIUM,20260326062728_10e73bb1-dbbb-46dd-bbdb-71732039c2b1.sql ; 20260326062728_10e73bb1-dbbb-46dd-bbdb-71732039c2b1.sql
ai_feature_classes,AI,CORE ENTITY,DERIVED via users,NO,feature_key,1,2,0,NONE,UNCERTAIN (not found in migrations),LOW,LOW,CRITICAL,LOW,MEDIUM,KEEP + MODIFY (fix RLS),HIGH,
ai_feature_logs,AI,AUDIT,DIRECT hospital_id,YES,id,2,1,22,INSERT,INTENTIONAL DESIGN,LOW,LOW,LOW,LOW,MEDIUM,KEEP,MEDIUM,20260908000015_ai_triage_sepsis.sql ; 20260908000015_ai_triage_sepsis.sql
ai_language_settings,AI,CONFIGURATION,DIRECT hospital_id,YES,id,1,2,4,READ|INSERT,INTENTIONAL DESIGN,LOW,LOW,CRITICAL,LOW,LOW,KEEP + MODIFY (fix RLS),HIGH,20260524000003_ai_language_settings.sql ; 20260524000003_ai_language_settings.sql
ai_provider_config,AI,CONFIGURATION,DIRECT hospital_id,YES,id,1,4,0,NONE,INTENTIONAL DESIGN,LOW,LOW,LOW,LOW,LOW,"REVIEW (no app usage, no rows)",LOW,20260327062736_ec17f5cb-0625-4f53-a2f9-4d5087d56362.sql ; 20260327062736_ec17f5cb-0625-4f53-a2f9-4d5087d56362.sql
ai_safety_flags,AI,CORE ENTITY,DIRECT hospital_id,YES,id,0,2,2,UPDATE|INSERT,INTENTIONAL DESIGN,LOW,LOW,LOW,LOW,LOW,KEEP,MEDIUM,20260521000007_ai_safety.sql ; 20260521000007_ai_safety.sql
ai_suggestions_audit,AI,AUDIT,DIRECT hospital_id,YES,id,1,2,4,READ|INSERT,INTENTIONAL DESIGN,LOW,LOW,LOW,LOW,MEDIUM,KEEP,MEDIUM,20260521000001_ai_governance.sql ; 20260521000001_ai_governance.sql
ai_usage_logs,AI,AUDIT,DIRECT hospital_id,YES,id,1,2,7,READ|INSERT,EVOLVED DESIGN,LOW,MEDIUM,LOW,MEDIUM,LOW,KEEP,MEDIUM,20260607000001_fix_missing_tables.sql ; 20260607000001_fix_missing_tables.sql
ai_wallet_transactions,AI,CORE ENTITY,DIRECT hospital_id,YES,id,1,2,1,READ,INTENTIONAL DESIGN,LOW,LOW,LOW,LOW,LOW,KEEP,MEDIUM,20261009000178_ai_wallet.sql ; 20261009000178_ai_wallet.sql
alert_escalation_log,Other,AUDIT,DIRECT hospital_id,YES,id,3,1,1,READ|INSERT,INTENTIONAL DESIGN,LOW,LOW,LOW,LOW,MEDIUM,KEEP,MEDIUM,20260531000004_alert_escalation.sql ; 20260531000004_alert_escalation.sql
alert_escalation_rules,Other,CONFIGURATION,DIRECT hospital_id,YES,id,1,2,2,READ|INSERT|UPDATE,DUPLICATED DESIGN (multiple CREATE TABLE),HIGH,MEDIUM,LOW,LOW,LOW,KEEP,MEDIUM,20260531000004_alert_escalation.sql ; 20260531000004_alert_escalation.sql
ambulance_dispatches,Emergency,CORE ENTITY,DIRECT hospital_id,YES,id,4,1,3,READ|INSERT|UPDATE,INTENTIONAL DESIGN,LOW,LOW,LOW,LOW,MEDIUM,KEEP,MEDIUM,20260509100002_nabh_ambulance.sql ; 20260509100002_nabh_ambulance.sql
ambulance_equipment_checks,Emergency,CORE ENTITY,DIRECT hospital_id,YES,id,3,1,2,READ|INSERT,INTENTIONAL DESIGN,LOW,LOW,LOW,LOW,MEDIUM,KEEP,MEDIUM,20260509100002_nabh_ambulance.sql ; 20260509100002_nabh_ambulance.sql
ambulance_transit_treatment,Emergency,CORE ENTITY,DIRECT hospital_id,YES,id,3,1,1,READ|INSERT,INTENTIONAL DESIGN,LOW,LOW,LOW,LOW,MEDIUM,KEEP,MEDIUM,20260509100002_nabh_ambulance.sql ; 20260509100002_nabh_ambulance.sql
ambulance_vehicles,Emergency,CORE ENTITY,DIRECT hospital_id,YES,id,1,1,4,READ|INSERT|UPDATE,INTENTIONAL DESIGN,LOW,LOW,LOW,LOW,MEDIUM,KEEP,MEDIUM,20260509100002_nabh_ambulance.sql ; 20260509100002_nabh_ambulance.sql
amc_contracts,Other,CORE ENTITY,DIRECT hospital_id,YES,id,2,1,2,READ,INTENTIONAL DESIGN,LOW,LOW,LOW,LOW,MEDIUM,KEEP,MEDIUM,20260329082735_9bc536a7-52f4-4887-8826-8c9555012e77.sql ; 20260329082735_9bc536a7-52f4-4887-8826-8c9555012e77.sql
anaesthesia_records,Other,CORE ENTITY,DIRECT hospital_id,YES,id,3,1,2,READ|INSERT|UPDATE,INTENTIONAL DESIGN,LOW,LOW,LOW,MEDIUM,MEDIUM,KEEP,MEDIUM,20260328143309_2873fa52-f435-4186-ab79-89dcf13b19da.sql ; 20260510000001_enable_rls_missing_tables.sql
andrology_reports,IVF/ART,CORE ENTITY,DIRECT hospital_id,YES,id,4,2,1,READ|INSERT,DUPLICATED DESIGN (multiple CREATE TABLE),HIGH,MEDIUM,LOW,MEDIUM,MEDIUM,KEEP,MEDIUM,20260330090552_8f181820-6667-4345-ae68-d4aed2b4e34e.sql ; 20260330090552_8f181820-6667-4345-ae68-d4aed2b4e34e.sql
antibiotic_justifications,Other,CORE ENTITY,DIRECT hospital_id,YES,id,4,1,2,INSERT|READ|UPDATE,INTENTIONAL DESIGN,LOW,LOW,LOW,MEDIUM,MEDIUM,KEEP,MEDIUM,20260509100009_nabh_high_alert_meds.sql ; 20260509100009_nabh_high_alert_meds.sql
antibiotic_restricted_list,Other,CORE ENTITY,DIRECT hospital_id,YES,id,1,1,1,READ|INSERT,INTENTIONAL DESIGN,LOW,LOW,LOW,LOW,LOW,KEEP,MEDIUM,20260910000006_asp_module.sql ; 20260910000006_asp_module.sql
api_configurations,Integration,INTEGRATION,DIRECT hospital_id,YES,id,1,4,10,READ|UPDATE|INSERT,INTENTIONAL DESIGN,LOW,LOW,LOW,LOW,LOW,KEEP,MEDIUM,20260327062736_ec17f5cb-0625-4f53-a2f9-4d5087d56362.sql ; 20260327062736_ec17f5cb-0625-4f53-a2f9-4d5087d56362.sql
api_keys,Integration,INTEGRATION,DIRECT hospital_id,YES,id,2,3,3,READ|INSERT|UPDATE|DELETE,INTENTIONAL DESIGN,LOW,LOW,LOW,LOW,MEDIUM,KEEP,MEDIUM,20260327045637_374bfc54-05be-4d73-9183-63f042dcadb0.sql ; 20260327045637_374bfc54-05be-4d73-9183-63f042dcadb0.sql
appointments,OPD,CORE ENTITY,DIRECT hospital_id,YES,id,7,4,8,READ|INSERT|UPDATE,EVOLVED DESIGN,LOW,LOW,LOW,MEDIUM,HIGH,KEEP + MODIFY (add FK indexes),HIGH,20260418180322_b744645d-4793-4536-bc58-cbd94bacc2b0.sql ; 20260418180322_b744645d-4793-4536-bc58-cbd94bacc2b0.sql
arogyasri_enrollments,PM-JAY,CORE ENTITY,DIRECT hospital_id,YES,id,0,2,1,READ|INSERT,INTENTIONAL DESIGN,LOW,LOW,LOW,LOW,LOW,KEEP,MEDIUM,20260521000005_govt_schemes.sql ; 20260521000005_govt_schemes.sql
art_couples,IVF/ART,CORE ENTITY,DIRECT hospital_id,YES,id,4,2,2,READ|INSERT,DUPLICATED DESIGN (multiple CREATE TABLE),HIGH,MEDIUM,LOW,LOW,MEDIUM,KEEP,MEDIUM,20260330090552_8f181820-6667-4345-ae68-d4aed2b4e34e.sql ; 20260330090552_8f181820-6667-4345-ae68-d4aed2b4e34e.sql
asr_pricing,Other,CORE ENTITY,GLOBAL / non-tenant,NO,id,0,1,1,READ,INTENTIONAL DESIGN,LOW,LOW,LOW,LOW,LOW,KEEP,MEDIUM,20261009000180_asr_pricing.sql ; 20261009000180_asr_pricing.sql
attendance_regularization_requests,HR,CORE ENTITY,DIRECT hospital_id,YES,id,3,1,2,READ|INSERT|UPDATE,INTENTIONAL DESIGN,LOW,LOW,LOW,LOW,MEDIUM,KEEP,MEDIUM,20261008000061_hr_attendance_ot_requests.sql ; 20261008000061_hr_attendance_ot_requests.sql
audit_log,Audit/Compliance,AUDIT,DIRECT hospital_id,YES,id,0,2,8,INSERT|READ,INTENTIONAL DESIGN,LOW,LOW,LOW,MEDIUM,LOW,KEEP,MEDIUM,20260418102042_6b03ea0e-9a83-4459-bc5b-3b0caab64f95.sql ; 20260418102042_6b03ea0e-9a83-4459-bc5b-3b0caab64f95.sql
audit_records,Audit/Compliance,AUDIT,DIRECT hospital_id,YES,id,2,3,3,READ|UPDATE|INSERT,INTENTIONAL DESIGN,LOW,LOW,LOW,MEDIUM,MEDIUM,KEEP,MEDIUM,20260324133145_ee0f767c-dfb1-49f0-acbb-d8ea9ea4a8ae.sql ; 20260324133145_ee0f767c-dfb1-49f0-acbb-d8ea9ea4a8ae.sql
aumrti_admins,Identity,CORE ENTITY,DERIVED via users,NO,id,1,2,11,READ|INSERT|UPDATE,INTENTIONAL DESIGN,LOW,LOW,LOW,LOW,LOW,KEEP,MEDIUM,20260601150001_aumrti_control_plane.sql ; 20260601150001_aumrti_control_plane.sql
auto_posting_rules,Other,CONFIGURATION,DIRECT hospital_id,YES,id,3,1,3,READ,EVOLVED DESIGN,LOW,LOW,LOW,LOW,MEDIUM,KEEP,MEDIUM,20260327104518_5ee46b79-c027-4225-b405-c6f40efe69be.sql ; 20260327104518_5ee46b79-c027-4225-b405-c6f40efe69be.sql
ayush_drug_master,Other,REFERENCE,DIRECT hospital_id,YES,id,1,1,1,READ,INTENTIONAL DESIGN,LOW,LOW,LOW,LOW,LOW,KEEP,MEDIUM,20260330085045_fb5a8164-9b1f-4fbe-b3a4-9e2067eb51a6.sql ; 20260330085045_fb5a8164-9b1f-4fbe-b3a4-9e2067eb51a6.sql
ayush_encounters,Other,CORE ENTITY,DIRECT hospital_id,YES,id,3,1,3,READ|INSERT,INTENTIONAL DESIGN,LOW,LOW,LOW,MEDIUM,MEDIUM,KEEP,MEDIUM,20260330085045_fb5a8164-9b1f-4fbe-b3a4-9e2067eb51a6.sql ; 20260330085045_fb5a8164-9b1f-4fbe-b3a4-9e2067eb51a6.sql
bank_accounts,Other,CORE ENTITY,DIRECT hospital_id,YES,id,2,1,3,READ|INSERT|UPDATE|DELETE,INTENTIONAL DESIGN,LOW,LOW,LOW,LOW,MEDIUM,KEEP,MEDIUM,20260327104518_5ee46b79-c027-4225-b405-c6f40efe69be.sql ; 20260327104518_5ee46b79-c027-4225-b405-c6f40efe69be.sql
bank_transactions,Other,CORE ENTITY,DIRECT hospital_id,YES,id,3,1,1,READ|INSERT|UPDATE,INTENTIONAL DESIGN,LOW,LOW,LOW,LOW,MEDIUM,KEEP,MEDIUM,20260327104518_5ee46b79-c027-4225-b405-c6f40efe69be.sql ; 20260327104518_5ee46b79-c027-4225-b405-c6f40efe69be.sql
bed_demand_forecasts,IPD,REPORTING,DIRECT hospital_id,YES,id,2,2,1,INSERT,DUPLICATED DESIGN (multiple CREATE TABLE),HIGH,MEDIUM,LOW,LOW,MEDIUM,KEEP,MEDIUM,20260904000003_bed_demand_forecasts.sql ; 20260904000003_bed_demand_forecasts.sql
bed_reservations,IPD,CORE ENTITY,DIRECT hospital_id,YES,id,6,1,3,INSERT|READ|UPDATE,INTENTIONAL DESIGN,LOW,LOW,LOW,LOW,HIGH,KEEP + MODIFY (add FK indexes),HIGH,20261008000009_bed_reservations.sql ; 20261008000009_bed_reservations.sql
beds,IPD,CORE ENTITY,DIRECT hospital_id,YES,id,2,2,28,READ|UPDATE|INSERT|DELETE,INTENTIONAL DESIGN,LOW,LOW,LOW,LOW,LOW,KEEP,MEDIUM,20260321172711_08ce171e-0ec4-4070-a0b9-943fc59cab13.sql ; 20260321172711_08ce171e-0ec4-4070-a0b9-943fc59cab13.sql
bill_amendments,Billing,CORE ENTITY,DIRECT hospital_id,YES,id,3,1,1,INSERT|READ,INTENTIONAL DESIGN,LOW,LOW,LOW,LOW,MEDIUM,KEEP,MEDIUM,20260531000006_rcm_gaps.sql ; 20260531000006_rcm_gaps.sql
bill_discount_approvals,Billing,CORE ENTITY,DIRECT hospital_id,YES,id,4,1,5,READ|UPDATE|INSERT,INTENTIONAL DESIGN,LOW,LOW,LOW,LOW,MEDIUM,KEEP,MEDIUM,20260908000011_discount_approvals.sql ; 20260908000011_discount_approvals.sql
bill_line_items,Billing,JUNCTION,DIRECT hospital_id,YES,id,5,2,51,READ|INSERT|DELETE|UPDATE,EVOLVED DESIGN,LOW,LOW,LOW,LOW,MEDIUM,KEEP,MEDIUM,20260323042425_16804ec8-3823-495a-89b7-52db4d2a494e.sql ; 20260323042425_16804ec8-3823-495a-89b7-52db4d2a494e.sql
bill_payments,Billing,CORE ENTITY,DIRECT hospital_id,YES,id,3,2,22,READ|INSERT,INTENTIONAL DESIGN,LOW,LOW,LOW,LOW,MEDIUM,KEEP,MEDIUM,20260323042425_16804ec8-3823-495a-89b7-52db4d2a494e.sql ; 20260323042425_16804ec8-3823-495a-89b7-52db4d2a494e.sql
bill_sequences,Billing,CONFIGURATION,DIRECT hospital_id,YES,hospital_id prefix,1,1,1,READ,INTENTIONAL DESIGN,LOW,LOW,LOW,LOW,LOW,KEEP,MEDIUM,20260407093348_b1712c02-e58f-41a0-85d2-ead32d0e9529.sql ; 20260407093348_b1712c02-e58f-41a0-85d2-ead32d0e9529.sql
bills,Billing,CORE ENTITY,DIRECT hospital_id,YES,id,7,3,112,READ|INSERT|UPDATE,DUPLICATED DESIGN (multiple CREATE TABLE),HIGH,MEDIUM,LOW,LOW,HIGH,KEEP + MODIFY (add FK indexes),HIGH,20260322092601_7a1cb821-2abc-479b-8d2d-9d19a5740e0b.sql ; 20260322092601_7a1cb821-2abc-479b-8d2d-9d19a5740e0b.sql
blood_antibody_screening,Blood Bank,CORE ENTITY,DIRECT hospital_id,YES,id,4,1,0,NONE,INTENTIONAL DESIGN,LOW,LOW,LOW,LOW,HIGH,"REVIEW (no app usage, no rows)",LOW,20260531000005_blood_bank_tti_isbt.sql ; 20260531000005_blood_bank_tti_isbt.sql
blood_issues,Blood Bank,CORE ENTITY,DIRECT hospital_id,YES,id,7,1,3,READ|UPDATE|INSERT,INTENTIONAL DESIGN,LOW,LOW,LOW,LOW,HIGH,KEEP + MODIFY (add FK indexes),HIGH,20260328052647_ae1a1adb-0b7e-44c0-be24-5a2f81d3a97f.sql ; 20260328052647_ae1a1adb-0b7e-44c0-be24-5a2f81d3a97f.sql
blood_requests,Blood Bank,CORE ENTITY,DIRECT hospital_id,YES,id,4,1,4,READ|UPDATE|INSERT,INTENTIONAL DESIGN,LOW,LOW,LOW,LOW,HIGH,KEEP + MODIFY (add FK indexes),HIGH,20260328052647_ae1a1adb-0b7e-44c0-be24-5a2f81d3a97f.sql ; 20260328052647_ae1a1adb-0b7e-44c0-be24-5a2f81d3a97f.sql
blood_unit_tti_tests,Blood Bank,CORE ENTITY,DIRECT hospital_id,YES,id,4,1,1,READ|INSERT|UPDATE,INTENTIONAL DESIGN,LOW,LOW,LOW,MEDIUM,MEDIUM,KEEP,MEDIUM,20260531000005_blood_bank_tti_isbt.sql ; 20260531000005_blood_bank_tti_isbt.sql
blood_units,Blood Bank,CORE ENTITY,DIRECT hospital_id,YES,id,4,1,11,READ|UPDATE|INSERT,INTENTIONAL DESIGN,LOW,LOW,LOW,LOW,MEDIUM,KEEP,MEDIUM,20260328052647_ae1a1adb-0b7e-44c0-be24-5a2f81d3a97f.sql ; 20260328052647_ae1a1adb-0b7e-44c0-be24-5a2f81d3a97f.sql
bmw_manifests,Biomedical Waste,CORE ENTITY,DIRECT hospital_id,YES,id,1,1,1,READ|INSERT|DELETE,INTENTIONAL DESIGN,LOW,LOW,LOW,LOW,LOW,KEEP,MEDIUM,20260909000007_fms.sql ; 20260909000007_fms.sql
bmw_records,Biomedical Waste,CORE ENTITY,DIRECT hospital_id,YES,id,4,1,3,INSERT|READ,INTENTIONAL DESIGN,LOW,LOW,LOW,MEDIUM,MEDIUM,KEEP,MEDIUM,20260329083647_16e8bea8-2bbf-46b2-a723-b77c856c4480.sql ; 20260329083647_16e8bea8-2bbf-46b2-a723-b77c856c4480.sql
body_releases,Other,CORE ENTITY,DIRECT hospital_id,YES,id,3,1,1,READ|INSERT,INTENTIONAL DESIGN,LOW,LOW,LOW,LOW,MEDIUM,KEEP,MEDIUM,20260329153452_0dce536f-a0cb-4ae9-9af2-e7d3d5baee48.sql ; 20260329153452_0dce536f-a0cb-4ae9-9af2-e7d3d5baee48.sql
bpmh_records,Other,CORE ENTITY,DIRECT hospital_id,YES,id,4,1,1,READ|INSERT,INTENTIONAL DESIGN,LOW,LOW,LOW,LOW,MEDIUM,KEEP,MEDIUM,20260910000007_med_reconciliation.sql ; 20260910000007_med_reconciliation.sql
braden_scale_assessments,Other,CORE ENTITY,DIRECT hospital_id,YES,id,3,1,1,READ|INSERT,INTENTIONAL DESIGN,LOW,LOW,LOW,LOW,MEDIUM,KEEP,MEDIUM,20260910000008_nutrition_wound_care.sql ; 20260910000008_nutrition_wound_care.sql
branches,Tenant,CORE ENTITY,DIRECT hospital_id,YES,id,1,3,0,NONE,INTENTIONAL DESIGN,LOW,LOW,LOW,LOW,MEDIUM,"REVIEW (no app usage, no rows)",LOW,20260321162749_5754cd97-c837-4c8f-a419-b2dd4b7f66f5.sql ; 20260510000001_enable_rls_missing_tables.sql
breakdown_logs,Other,AUDIT,DIRECT hospital_id,YES,id,3,1,5,READ|UPDATE|INSERT,INTENTIONAL DESIGN,LOW,LOW,LOW,MEDIUM,MEDIUM,KEEP,MEDIUM,20260329082735_9bc536a7-52f4-4887-8826-8c9555012e77.sql ; 20260329082735_9bc536a7-52f4-4887-8826-8c9555012e77.sql
budget_lines,Other,JUNCTION,DIRECT hospital_id,YES,id,4,1,1,READ|INSERT|UPDATE,INTENTIONAL DESIGN,LOW,LOW,LOW,LOW,MEDIUM,KEEP,MEDIUM,20260910000010_erp_mci_jci.sql ; 20260910000010_erp_mci_jci.sql
calibration_records,Other,CORE ENTITY,DIRECT hospital_id,YES,id,2,1,3,READ|INSERT,INTENTIONAL DESIGN,LOW,LOW,LOW,LOW,MEDIUM,KEEP,MEDIUM,20260329082735_9bc536a7-52f4-4887-8826-8c9555012e77.sql ; 20260329082735_9bc536a7-52f4-4887-8826-8c9555012e77.sql
capa_records,Other,CORE ENTITY,DIRECT hospital_id,YES,id,3,2,3,READ|UPDATE|INSERT,INTENTIONAL DESIGN,LOW,LOW,LOW,MEDIUM,MEDIUM,KEEP,MEDIUM,20260324133145_ee0f767c-dfb1-49f0-acbb-d8ea9ea4a8ae.sql ; 20260324133145_ee0f767c-dfb1-49f0-acbb-d8ea9ea4a8ae.sql
care_bundle_checks,Other,CORE ENTITY,DIRECT hospital_id,YES,id,3,1,1,READ|INSERT,INTENTIONAL DESIGN,LOW,LOW,LOW,LOW,MEDIUM,KEEP,MEDIUM,20260910000005_icu_workspace.sql ; 20260910000005_icu_workspace.sql
care_plan_tasks,Nursing,CORE ENTITY,DIRECT hospital_id,YES,id,1,2,1,READ|INSERT|UPDATE,INTENTIONAL DESIGN,LOW,LOW,LOW,LOW,MEDIUM,KEEP,MEDIUM,20260521000004_chronic_disease.sql ; 20260521000004_chronic_disease.sql
care_plans,Nursing,CORE ENTITY,DIRECT hospital_id,YES,id,0,2,2,READ|INSERT,INTENTIONAL DESIGN,LOW,LOW,LOW,LOW,LOW,KEEP,MEDIUM,20260521000004_chronic_disease.sql ; 20260521000004_chronic_disease.sql
case_sheet_templates,Other,CORE ENTITY,DIRECT hospital_id,YES,id,2,4,1,READ,PATCHED DESIGN (repeated policy rewrites),LOW,LOW,LOW,LOW,MEDIUM,KEEP,MEDIUM,20261008000002_case_sheet_templates.sql ; 20261008000002_case_sheet_templates.sql
cghs_echs_beneficiaries,PM-JAY,CORE ENTITY,DIRECT hospital_id,YES,id,2,2,5,READ|INSERT|UPDATE|DELETE,EVOLVED DESIGN (heavy column accretion),LOW,LOW,LOW,LOW,LOW,KEEP,MEDIUM,20260521000005_govt_schemes.sql ; 20260521000005_govt_schemes.sql
chain_memberships,Tenant,CORE ENTITY,hospital_id present but UNUSED by RLS,YES,id,2,1,0,NONE,INTENTIONAL DESIGN,LOW,LOW,CRITICAL,LOW,LOW,KEEP + MODIFY (fix RLS),HIGH,20260910000011_phase4_research_nps_chain.sql ; 20260910000011_phase4_research_nps_chain.sql
chart_of_accounts,Other,CORE ENTITY,DIRECT hospital_id,YES,id,2,2,8,READ|UPDATE,INTENTIONAL DESIGN,LOW,LOW,LOW,LOW,MEDIUM,KEEP,MEDIUM,20260326000001_create_chart_of_accounts.sql ; 20260326000001_create_chart_of_accounts.sql
chemo_order_drugs,IPD,CORE ENTITY,DIRECT hospital_id,YES,id,3,1,1,INSERT,INTENTIONAL DESIGN,LOW,LOW,LOW,LOW,MEDIUM,KEEP,MEDIUM,20260328054628_52972efb-5442-46fd-a624-f86462360ec5.sql ; 20260328054628_52972efb-5442-46fd-a624-f86462360ec5.sql
chemo_orders,IPD,CORE ENTITY,DIRECT hospital_id,YES,id,11,1,4,READ|INSERT|UPDATE,INTENTIONAL DESIGN,LOW,LOW,LOW,LOW,HIGH,KEEP + MODIFY (add FK indexes),HIGH,20260328054628_52972efb-5442-46fd-a624-f86462360ec5.sql ; 20260328054628_52972efb-5442-46fd-a624-f86462360ec5.sql
chemo_protocols,IPD,CORE ENTITY,DIRECT hospital_id,YES,id,1,1,4,READ,INTENTIONAL DESIGN,LOW,LOW,LOW,LOW,LOW,KEEP,MEDIUM,20260328054628_52972efb-5442-46fd-a624-f86462360ec5.sql ; 20260328054628_52972efb-5442-46fd-a624-f86462360ec5.sql
chronic_disease_programs,Other,CORE ENTITY,DIRECT hospital_id,YES,id,3,3,3,READ|INSERT,INTENTIONAL DESIGN,LOW,LOW,LOW,MEDIUM,MEDIUM,KEEP,MEDIUM,20260328142149_5bf9388a-1a6a-4cf3-ac5e-a10a04e8a031.sql ; 20260328142149_5bf9388a-1a6a-4cf3-ac5e-a10a04e8a031.sql
churn_remediation_actions,Platform,CORE ENTITY,hospital_id present but UNUSED by RLS,YES,id,1,1,2,READ|INSERT,INTENTIONAL DESIGN,LOW,LOW,HIGH,LOW,LOW,KEEP + MODIFY (tenant guard),HIGH,20261008000106_churn_remediation.sql ; 20261008000106_churn_remediation.sql
cleaning_schedules,Other,CORE ENTITY,DIRECT hospital_id,YES,id,3,1,1,READ|UPDATE|INSERT,INTENTIONAL DESIGN,LOW,LOW,LOW,LOW,MEDIUM,KEEP,MEDIUM,20260329083647_16e8bea8-2bbf-46b2-a723-b77c856c4480.sql ; 20260329083647_16e8bea8-2bbf-46b2-a723-b77c856c4480.sql
clinical_alerts,Other,CORE ENTITY,DIRECT hospital_id,YES,id,5,3,60,READ|INSERT|UPDATE,PATCHED DESIGN (touched by many migrations),LOW,MEDIUM,LOW,LOW,MEDIUM,KEEP,MEDIUM,20260322092601_7a1cb821-2abc-479b-8d2d-9d19a5740e0b.sql ; 20260322092601_7a1cb821-2abc-479b-8d2d-9d19a5740e0b.sql
clinical_audit_samples,Quality/NABH,CORE ENTITY,DERIVED via clinical_audits,NO,id,1,1,1,READ|INSERT|UPDATE|DELETE,INTENTIONAL DESIGN,LOW,LOW,LOW,LOW,LOW,KEEP,MEDIUM,20260909000004_clinical_audits_qi.sql ; 20260909000004_clinical_audits_qi.sql
clinical_audits,Quality/NABH,CORE ENTITY,DIRECT hospital_id,YES,id,4,1,2,READ|INSERT|UPDATE,INTENTIONAL DESIGN,LOW,LOW,LOW,LOW,MEDIUM,KEEP,MEDIUM,20260909000004_clinical_audits_qi.sql ; 20260909000004_clinical_audits_qi.sql
clinical_guidelines,Other,CORE ENTITY,DIRECT hospital_id,YES,id,0,3,1,READ,INTENTIONAL DESIGN,LOW,LOW,LOW,LOW,LOW,KEEP,MEDIUM,20260521000009_clinical_guidelines.sql ; 20260521000009_clinical_guidelines.sql
clinical_note_templates,Other,CORE ENTITY,DIRECT hospital_id,YES,id,2,4,1,READ|INSERT|DELETE,PATCHED DESIGN (repeated policy rewrites),LOW,LOW,LOW,LOW,LOW,KEEP,MEDIUM,20261008000000_clinical_note_templates.sql ; 20261008000000_clinical_note_templates.sql
clinical_protocols,Other,CORE ENTITY,DIRECT hospital_id,YES,id,1,1,2,READ|INSERT|UPDATE|DELETE,INTENTIONAL DESIGN,LOW,LOW,LOW,LOW,MEDIUM,KEEP,MEDIUM,20260327045637_374bfc54-05be-4d73-9183-63f042dcadb0.sql ; 20260327045637_374bfc54-05be-4d73-9183-63f042dcadb0.sql
clinical_reference_sources,Other,REFERENCE,DIRECT hospital_id,YES,id,1,3,0,NONE,UNCERTAIN (not found in migrations),LOW,LOW,LOW,LOW,MEDIUM,KEEP,MEDIUM,
code_blue_audits,Other,CORE ENTITY,DIRECT hospital_id,YES,id,3,1,1,INSERT,INTENTIONAL DESIGN,LOW,LOW,LOW,LOW,MEDIUM,KEEP,MEDIUM,20260509100003_nabh_code_blue.sql ; 20260509100003_nabh_code_blue.sql
code_blue_events,Other,CORE ENTITY,DIRECT hospital_id,YES,id,3,1,1,READ|INSERT,INTENTIONAL DESIGN,LOW,LOW,LOW,LOW,MEDIUM,KEEP,MEDIUM,20260509100003_nabh_code_blue.sql ; 20260509100003_nabh_code_blue.sql
coding_audits,Other,CORE ENTITY,DIRECT hospital_id,YES,id,3,1,0,NONE,INTENTIONAL DESIGN,LOW,LOW,LOW,LOW,MEDIUM,"REVIEW (no app usage, no rows)",LOW,20260328092644_e20b425f-7b11-4901-833e-bae2cd5c4448.sql ; 20260328092644_e20b425f-7b11-4901-833e-bae2cd5c4448.sql
cold_chain_log,Vaccination,AUDIT,DIRECT hospital_id,YES,id,2,2,2,READ|INSERT,DUPLICATED DESIGN (multiple CREATE TABLE),HIGH,LOW,LOW,LOW,MEDIUM,KEEP,MEDIUM,20260330082601_4d96ad0c-559e-412b-978e-1c9185e66d76.sql ; 20260330082601_4d96ad0c-559e-412b-978e-1c9185e66d76.sql
cold_storage_log,Other,AUDIT,DIRECT hospital_id,YES,id,2,1,0,NONE,INTENTIONAL DESIGN,LOW,LOW,LOW,LOW,MEDIUM,"REVIEW (no app usage, no rows)",LOW,20260329153452_0dce536f-a0cb-4ae9-9af2-e7d3d5baee48.sql ; 20260329153452_0dce536f-a0cb-4ae9-9af2-e7d3d5baee48.sql
collection_campaigns,Other,CORE ENTITY,DIRECT hospital_id,YES,id,2,1,1,INSERT|UPDATE,INTENTIONAL DESIGN,LOW,LOW,LOW,LOW,MEDIUM,KEEP,MEDIUM,20260329070823_5e47e3bf-e6fb-4984-a526-620c1df6a340.sql ; 20260329070823_5e47e3bf-e6fb-4984-a526-620c1df6a340.sql
committee_action_items,Quality/NABH,JUNCTION,DERIVED via committee_meetings/users,NO,id,2,1,1,READ|INSERT|UPDATE|DELETE,INTENTIONAL DESIGN,LOW,LOW,LOW,LOW,MEDIUM,KEEP,MEDIUM,20260909000005_committees.sql ; 20260909000005_committees.sql
committee_meetings,Quality/NABH,CORE ENTITY,DERIVED via hospital_committees/users,NO,id,2,1,2,READ|INSERT|UPDATE,INTENTIONAL DESIGN,LOW,LOW,LOW,LOW,MEDIUM,KEEP,MEDIUM,20260909000005_committees.sql ; 20260909000005_committees.sql
committee_members,Quality/NABH,JUNCTION,DERIVED via hospital_committees/users,NO,id,2,1,1,READ|INSERT|DELETE,INTENTIONAL DESIGN,LOW,LOW,LOW,LOW,MEDIUM,KEEP,MEDIUM,20260909000005_committees.sql ; 20260909000005_committees.sql
config_change_logs,Other,AUDIT,DIRECT hospital_id,YES,id,2,1,6,INSERT|READ,INTENTIONAL DESIGN,LOW,LOW,LOW,LOW,MEDIUM,KEEP,MEDIUM,20260909000008_ims.sql ; 20260909000008_ims.sql
consent_form_templates,Audit/Compliance,CORE ENTITY,DIRECT hospital_id,YES,id,1,1,3,READ|UPDATE|INSERT|DELETE,INTENTIONAL DESIGN,LOW,LOW,LOW,LOW,LOW,KEEP,MEDIUM,20260904000023_consent_form_templates.sql ; 20260904000023_consent_form_templates.sql
consent_templates,Audit/Compliance,CORE ENTITY,DIRECT hospital_id,YES,id,1,1,1,READ,INTENTIONAL DESIGN,LOW,LOW,LOW,LOW,MEDIUM,KEEP,MEDIUM,20260327045637_374bfc54-05be-4d73-9183-63f042dcadb0.sql ; 20260327045637_374bfc54-05be-4d73-9183-63f042dcadb0.sql
corporate_accounts,Insurance,CORE ENTITY,DIRECT hospital_id,YES,id,1,3,1,READ|INSERT,INTENTIONAL DESIGN,LOW,LOW,LOW,LOW,LOW,KEEP,MEDIUM,20260330085957_54b90582-7f75-4fcc-be1f-5e5d5aaf3d7a.sql ; 20260330085957_54b90582-7f75-4fcc-be1f-5e5d5aaf3d7a.sql
credential_override_log,Other,AUDIT,DIRECT hospital_id,YES,id,3,1,1,INSERT,INTENTIONAL DESIGN,LOW,LOW,LOW,LOW,MEDIUM,KEEP,MEDIUM,20261008000081_credential_override_log.sql ; 20261008000081_credential_override_log.sql
credit_note_items,Billing,JUNCTION,DIRECT hospital_id,YES,id,3,2,1,INSERT,INTENTIONAL DESIGN,LOW,LOW,LOW,LOW,MEDIUM,KEEP,MEDIUM,20260518000003_drug_return_credit_note.sql ; 20260518000003_drug_return_credit_note.sql
credit_notes,Billing,CORE ENTITY,DIRECT hospital_id,YES,id,6,3,1,INSERT,PATCHED DESIGN (repeated policy rewrites),LOW,LOW,LOW,LOW,HIGH,KEEP + MODIFY (add FK indexes),HIGH,20260518000003_drug_return_credit_note.sql ; 20260518000003_drug_return_credit_note.sql
cross_match_records,Other,CORE ENTITY,DIRECT hospital_id,YES,id,5,1,3,READ|INSERT,INTENTIONAL DESIGN,LOW,LOW,LOW,LOW,HIGH,KEEP + MODIFY (add FK indexes),HIGH,20260328052647_ae1a1adb-0b7e-44c0-be24-5a2f81d3a97f.sql ; 20260328052647_ae1a1adb-0b7e-44c0-be24-5a2f81d3a97f.sql
cycle_instruments,Other,CORE ENTITY,DIRECT hospital_id,YES,id,4,1,1,INSERT|UPDATE|READ,INTENTIONAL DESIGN,LOW,LOW,LOW,LOW,HIGH,KEEP + MODIFY (add FK indexes),HIGH,20260328053244_8e0f8d5a-e7a8-4433-bd17-3cbc6805c53c.sql ; 20260328053244_8e0f8d5a-e7a8-4433-bd17-3cbc6805c53c.sql
daily_cash_closure,Other,CORE ENTITY,DIRECT hospital_id,YES,id,3,2,3,READ|INSERT|UPDATE,INTENTIONAL DESIGN,LOW,LOW,LOW,LOW,MEDIUM,KEEP,MEDIUM,20260518000010_daily_cash_closure.sql ; 20260518000010_daily_cash_closure.sql
daily_census_snapshots,Other,HISTORY,DIRECT hospital_id,YES,id,1,1,1,INSERT,INTENTIONAL DESIGN,LOW,LOW,LOW,LOW,LOW,KEEP,MEDIUM,20260908000018_daily_census.sql ; 20260908000018_daily_census.sql
data_erasure_requests,Other,CORE ENTITY,DIRECT hospital_id,YES,id,3,3,5,READ|UPDATE|INSERT|DELETE,PATCHED DESIGN (repeated policy rewrites),LOW,LOW,LOW,LOW,MEDIUM,KEEP,MEDIUM,20261008000104_data_erasure_requests.sql ; 20261008000104_data_erasure_requests.sql
day_care_procedures,Other,CORE ENTITY,DIRECT hospital_id,YES,id,1,2,4,READ|INSERT|UPDATE|DELETE,INTENTIONAL DESIGN,LOW,LOW,LOW,LOW,LOW,KEEP,MEDIUM,20260518000011_day_care_admission_type.sql ; 20260518000011_day_care_admission_type.sql
daycare_chairs,Other,CORE ENTITY,DIRECT hospital_id,YES,id,2,1,2,READ|UPDATE,INTENTIONAL DESIGN,LOW,LOW,LOW,LOW,MEDIUM,KEEP,MEDIUM,20260328054628_52972efb-5442-46fd-a624-f86462360ec5.sql ; 20260328054628_52972efb-5442-46fd-a624-f86462360ec5.sql
death_certificates,Other,CORE ENTITY,DIRECT hospital_id,YES,id,4,1,1,READ|INSERT,INTENTIONAL DESIGN,LOW,LOW,LOW,MEDIUM,MEDIUM,KEEP,MEDIUM,20260328092644_e20b425f-7b11-4901-833e-bae2cd5c4448.sql ; 20260328092644_e20b425f-7b11-4901-833e-bae2cd5c4448.sql
demand_forecasts,Other,REPORTING,DIRECT hospital_id,YES,id,2,3,0,NONE,INTENTIONAL DESIGN,LOW,LOW,LOW,LOW,MEDIUM,"REVIEW (no app usage, no rows)",LOW,20260501145300_v9_emr_procurement_foundation.sql ; 20260501145300_v9_emr_procurement_foundation.sql
denial_logs,Other,AUDIT,DIRECT hospital_id,YES,id,2,1,3,READ|INSERT,INTENTIONAL DESIGN,LOW,LOW,LOW,LOW,MEDIUM,KEEP,MEDIUM,20260329063511_1963ad63-bfbd-458c-b038-ebbee8ae482b.sql ; 20260329063511_1963ad63-bfbd-458c-b038-ebbee8ae482b.sql
dental_charts,Dental,CORE ENTITY,DIRECT hospital_id,YES,id,3,2,2,INSERT|UPDATE|READ,DUPLICATED DESIGN (multiple CREATE TABLE),HIGH,MEDIUM,LOW,LOW,MEDIUM,KEEP,MEDIUM,20260330083551_91e31bcb-a645-474e-89f4-3350b3322a58.sql ; 20260330083551_91e31bcb-a645-474e-89f4-3350b3322a58.sql
dental_lab_orders,Dental,CORE ENTITY,DIRECT hospital_id,YES,id,3,2,1,READ|INSERT|UPDATE,DUPLICATED DESIGN (multiple CREATE TABLE),HIGH,MEDIUM,LOW,MEDIUM,MEDIUM,KEEP,MEDIUM,20260330083551_91e31bcb-a645-474e-89f4-3350b3322a58.sql ; 20260330083551_91e31bcb-a645-474e-89f4-3350b3322a58.sql
dental_treatment_plans,Dental,CORE ENTITY,DIRECT hospital_id,YES,id,5,2,1,READ|INSERT|UPDATE,DUPLICATED DESIGN (multiple CREATE TABLE),HIGH,MEDIUM,LOW,LOW,HIGH,KEEP + MODIFY (add FK indexes),HIGH,20260330083551_91e31bcb-a645-474e-89f4-3350b3322a58.sql ; 20260330083551_91e31bcb-a645-474e-89f4-3350b3322a58.sql
department_indents,Tenant,CORE ENTITY,DIRECT hospital_id,YES,id,4,4,3,INSERT|READ|UPDATE,INTENTIONAL DESIGN,LOW,LOW,LOW,LOW,MEDIUM,KEEP,MEDIUM,20260324080900_880106fb-2a83-4c42-aec2-012df6887a7a.sql ; 20260518000006_rls_missing_tables.sql
departments,Tenant,CORE ENTITY,DIRECT hospital_id,YES,id,1,2,52,READ|DELETE|UPDATE|INSERT,INTENTIONAL DESIGN,LOW,LOW,LOW,LOW,MEDIUM,KEEP,MEDIUM,20260321162749_5754cd97-c837-4c8f-a419-b2dd4b7f66f5.sql ; 20260510000001_enable_rls_missing_tables.sql
depreciation_postings,Other,CORE ENTITY,DIRECT hospital_id,YES,id,3,1,0,NONE,INTENTIONAL DESIGN,LOW,LOW,LOW,LOW,MEDIUM,"REVIEW (no app usage, no rows)",LOW,20261008000084_depreciation_run.sql ; 20261008000084_depreciation_run.sql
dialysis_machines,IPD,CORE ENTITY,DIRECT hospital_id,YES,id,2,4,3,READ|UPDATE|INSERT,INTENTIONAL DESIGN,LOW,LOW,LOW,LOW,MEDIUM,KEEP,MEDIUM,20260328081418_c6970777-c1c3-41cb-8565-892ccc6173ff.sql ; 20260510000001_enable_rls_missing_tables.sql
dialysis_patients,IPD,CORE ENTITY,DIRECT hospital_id,YES,id,3,4,5,READ|INSERT,INTENTIONAL DESIGN,LOW,LOW,LOW,MEDIUM,MEDIUM,KEEP,MEDIUM,20260328081418_c6970777-c1c3-41cb-8565-892ccc6173ff.sql ; 20260510000001_enable_rls_missing_tables.sql
dialysis_sessions,IPD,CORE ENTITY,DIRECT hospital_id,YES,id,5,4,6,READ|INSERT|UPDATE,EVOLVED DESIGN,LOW,LOW,LOW,LOW,HIGH,KEEP + MODIFY (add FK indexes),HIGH,20260328081418_c6970777-c1c3-41cb-8565-892ccc6173ff.sql ; 20260328084209_433a51b8-50e4-4cfc-8e13-2dff5d717946.sql
dialyzer_reuse,Other,CORE ENTITY,DIRECT hospital_id,YES,id,2,5,0,NONE,INTENTIONAL DESIGN,LOW,LOW,LOW,LOW,MEDIUM,"REVIEW (no app usage, no rows)",LOW,20260328081418_c6970777-c1c3-41cb-8565-892ccc6173ff.sql ; 20260518000006_rls_missing_tables.sql
dicom_files,Radiology,CORE ENTITY,DIRECT hospital_id,YES,id,3,1,2,READ|INSERT|DELETE,INTENTIONAL DESIGN,LOW,LOW,LOW,MEDIUM,MEDIUM,KEEP,MEDIUM,20260531000001_dicom_pacs_config.sql ; 20260531000001_dicom_pacs_config.sql
diet_orders,Dietetics,CORE ENTITY,DIRECT hospital_id,YES,id,4,1,3,INSERT|READ,INTENTIONAL DESIGN,LOW,LOW,LOW,MEDIUM,MEDIUM,KEEP,MEDIUM,20260329085231_c4f8855e-da57-4edf-8209-8111b6461103.sql ; 20260329085231_c4f8855e-da57-4edf-8209-8111b6461103.sql
diet_plans,Dietetics,CORE ENTITY,DIRECT hospital_id,YES,id,4,2,1,INSERT,DUPLICATED DESIGN (multiple CREATE TABLE),HIGH,LOW,LOW,LOW,MEDIUM,KEEP,MEDIUM,20260329085231_c4f8855e-da57-4edf-8209-8111b6461103.sql ; 20260329085231_c4f8855e-da57-4edf-8209-8111b6461103.sql
dietitian_notes,Dietetics,CORE ENTITY,DIRECT hospital_id,YES,id,3,1,1,READ|INSERT,INTENTIONAL DESIGN,LOW,LOW,LOW,LOW,MEDIUM,KEEP,MEDIUM,20260910000008_nutrition_wound_care.sql ; 20260910000008_nutrition_wound_care.sql
disaster_drills,Emergency,CORE ENTITY,DIRECT hospital_id,YES,id,3,1,1,READ|INSERT|UPDATE,INTENTIONAL DESIGN,LOW,LOW,LOW,LOW,MEDIUM,KEEP,MEDIUM,20260509100010_nabh_disaster_management.sql ; 20260509100010_nabh_disaster_management.sql
disciplinary_actions,Other,CORE ENTITY,DIRECT hospital_id,YES,id,3,1,1,READ|INSERT|UPDATE,INTENTIONAL DESIGN,LOW,LOW,LOW,LOW,MEDIUM,KEEP,MEDIUM,20261008000059_hr_disciplinary_grievance.sql ; 20261008000059_hr_disciplinary_grievance.sql
discount_approvals,Billing,CORE ENTITY,DIRECT hospital_id,YES,id,4,2,0,NONE,INTENTIONAL DESIGN,LOW,LOW,LOW,LOW,HIGH,"REVIEW (no app usage, no rows)",LOW,20260323042425_16804ec8-3823-495a-89b7-52db4d2a494e.sql ; 20260323042425_16804ec8-3823-495a-89b7-52db4d2a494e.sql
discount_codes,Billing,REFERENCE,DERIVED via users,NO,id,1,2,5,READ|INSERT|UPDATE,INTENTIONAL DESIGN,LOW,LOW,CRITICAL,LOW,MEDIUM,KEEP + MODIFY (fix RLS),HIGH,20260601150001_aumrti_control_plane.sql ; 20260601150001_aumrti_control_plane.sql
doctor_quick_picks,OPD,CORE ENTITY,DIRECT hospital_id,YES,id,2,4,1,READ|INSERT|DELETE,PATCHED DESIGN (repeated policy rewrites),LOW,LOW,LOW,LOW,LOW,KEEP,MEDIUM,20260610000001_doctor_quick_picks.sql ; 20260610000001_doctor_quick_picks.sql
doctor_schedules,OPD,CORE ENTITY,DIRECT hospital_id,YES,id,2,1,3,READ|DELETE|INSERT,INTENTIONAL DESIGN,LOW,LOW,LOW,LOW,MEDIUM,KEEP,MEDIUM,20260418050359_426c3e87-3bd1-42df-8c02-4bba3466fbc6.sql ; 20260418050359_426c3e87-3bd1-42df-8c02-4bba3466fbc6.sql
doctor_slots,OPD,CORE ENTITY,DIRECT hospital_id,YES,id,3,1,7,READ|UPDATE|INSERT|DELETE,INTENTIONAL DESIGN,LOW,LOW,LOW,LOW,MEDIUM,KEEP,MEDIUM,20260908000013_slot_appointments.sql ; 20260908000013_slot_appointments.sql
donor_campaigns,Blood Bank,CORE ENTITY,DIRECT hospital_id,YES,id,2,1,1,INSERT,INTENTIONAL DESIGN,LOW,LOW,LOW,LOW,MEDIUM,KEEP,MEDIUM,20261003000001_phase6c_ai_bots.sql ; 20261003000001_phase6c_ai_bots.sql
donors,Blood Bank,CORE ENTITY,DIRECT hospital_id,YES,id,1,1,2,READ|INSERT,INTENTIONAL DESIGN,LOW,LOW,LOW,LOW,LOW,KEEP,MEDIUM,20260328052647_ae1a1adb-0b7e-44c0-be24-5a2f81d3a97f.sql ; 20260328052647_ae1a1adb-0b7e-44c0-be24-5a2f81d3a97f.sql
drug_allergy_cross_reactivity,Pharmacy,CORE ENTITY,GLOBAL / non-tenant,NO,id,0,1,2,READ,INTENTIONAL DESIGN,LOW,LOW,CRITICAL,LOW,LOW,KEEP + MODIFY (fix RLS),HIGH,20260327071615_32864482-53f6-47a5-a6fc-ccf9c4839e8f.sql ; 20260327071615_32864482-53f6-47a5-a6fc-ccf9c4839e8f.sql
drug_batches,Pharmacy,CORE ENTITY,DIRECT hospital_id,YES,id,3,3,20,READ|UPDATE|INSERT,EVOLVED DESIGN,LOW,LOW,LOW,LOW,LOW,KEEP,MEDIUM,20260322164553_2b762a05-eb92-4336-b395-713f47d68f9c.sql ; 20260327054836_f05f22b3-c4ab-4ae2-bd2b-cbe28307151f.sql
drug_interactions,Pharmacy,CORE ENTITY,GLOBAL / non-tenant,NO,id,0,1,1,READ,INTENTIONAL DESIGN,LOW,LOW,CRITICAL,LOW,LOW,KEEP + MODIFY (fix RLS),HIGH,20260327071615_32864482-53f6-47a5-a6fc-ccf9c4839e8f.sql ; 20260327071615_32864482-53f6-47a5-a6fc-ccf9c4839e8f.sql
drug_master,Pharmacy,REFERENCE,DIRECT hospital_id,YES,id,1,2,20,READ|INSERT|UPDATE|DELETE,EVOLVED DESIGN,LOW,LOW,LOW,LOW,MEDIUM,KEEP,MEDIUM,20260322095145_2f127eea-e6c2-408b-b1ea-c30530c596b2.sql ; 20260322095145_2f127eea-e6c2-408b-b1ea-c30530c596b2.sql
dunning_attempts,Other,CORE ENTITY,DIRECT hospital_id,YES,id,2,1,1,READ|INSERT,INTENTIONAL DESIGN,LOW,LOW,LOW,LOW,MEDIUM,KEEP,MEDIUM,20260622000010_add_dunning_attempts.sql ; 20260622000010_add_dunning_attempts.sql
dunning_cadence_rules,Other,CONFIGURATION,GLOBAL / non-tenant,NO,id,0,1,2,READ|INSERT|UPDATE|DELETE,INTENTIONAL DESIGN,LOW,LOW,LOW,LOW,LOW,KEEP,MEDIUM,20261008000109_dunning_cadence_rules.sql ; 20261008000109_dunning_cadence_rules.sql
duty_roster,HR,CORE ENTITY,DIRECT hospital_id,YES,id,7,4,5,READ|INSERT|DELETE|UPDATE,EVOLVED DESIGN,LOW,LOW,LOW,LOW,HIGH,KEEP + MODIFY (add FK indexes),HIGH,20260324080455_00c894a3-3659-42b3-8566-d84b0589970e.sql ; 20260327054836_f05f22b3-c4ab-4ae2-bd2b-cbe28307151f.sql
ed_charge_items,Emergency,JUNCTION,DIRECT hospital_id,YES,id,5,2,3,READ|INSERT,INTENTIONAL DESIGN,LOW,LOW,LOW,MEDIUM,MEDIUM,KEEP,MEDIUM,20261008000012_ed_charge_items.sql ; 20261008000012_ed_charge_items.sql
ed_handover_notes,Emergency,CORE ENTITY,DIRECT hospital_id,YES,id,5,2,1,READ|INSERT,INTENTIONAL DESIGN,LOW,LOW,LOW,LOW,MEDIUM,KEEP,MEDIUM,20261008000030_ed_handover_notes.sql ; 20261008000030_ed_handover_notes.sql
ed_medications,Emergency,CORE ENTITY,DIRECT hospital_id,YES,id,4,2,1,READ|INSERT,INTENTIONAL DESIGN,LOW,LOW,LOW,LOW,MEDIUM,KEEP,MEDIUM,20261008000017_ed_medications.sql ; 20261008000017_ed_medications.sql
ed_visits,Emergency,CORE ENTITY,DIRECT hospital_id,YES,id,4,3,9,READ|UPDATE|INSERT|DELETE,EVOLVED DESIGN,LOW,LOW,LOW,LOW,MEDIUM,KEEP,MEDIUM,20260322101256_499ca319-64fe-470e-a913-974fb9aa367d.sql ; 20260322101256_499ca319-64fe-470e-a913-974fb9aa367d.sql
electrical_safety_logs,Other,AUDIT,DIRECT hospital_id,YES,id,2,1,1,READ|INSERT|DELETE,INTENTIONAL DESIGN,LOW,LOW,LOW,MEDIUM,MEDIUM,KEEP,MEDIUM,20260601000001_nabh_gap_fill.sql ; 20260601000001_nabh_gap_fill.sql
email_notifications,Notifications,CORE ENTITY,DIRECT hospital_id,YES,id,1,1,1,INSERT,INTENTIONAL DESIGN,LOW,LOW,LOW,LOW,LOW,KEEP,MEDIUM,20260622000004_add_email_notifications_table.sql ; 20260622000004_add_email_notifications_table.sql
embryo_bank,IVF/ART,CORE ENTITY,DIRECT hospital_id,YES,id,4,2,2,READ,DUPLICATED DESIGN (multiple CREATE TABLE),HIGH,MEDIUM,LOW,MEDIUM,MEDIUM,KEEP,MEDIUM,20260330090552_8f181820-6667-4345-ae68-d4aed2b4e34e.sql ; 20260330090552_8f181820-6667-4345-ae68-d4aed2b4e34e.sql
embryology_records,IVF/ART,CORE ENTITY,DIRECT hospital_id,YES,id,2,2,0,NONE,DUPLICATED DESIGN (multiple CREATE TABLE),HIGH,MEDIUM,LOW,MEDIUM,MEDIUM,"REVIEW (no app usage, no rows)",LOW,20260330090552_8f181820-6667-4345-ae68-d4aed2b4e34e.sql ; 20260330090552_8f181820-6667-4345-ae68-d4aed2b4e34e.sql
emi_installments,Billing,CORE ENTITY,DIRECT hospital_id,YES,id,3,2,1,READ|UPDATE|INSERT,DUPLICATED DESIGN (multiple CREATE TABLE),HIGH,MEDIUM,LOW,LOW,MEDIUM,KEEP,MEDIUM,20260329070823_5e47e3bf-e6fb-4984-a526-620c1df6a340.sql ; 20260329070823_5e47e3bf-e6fb-4984-a526-620c1df6a340.sql
emi_plans,Billing,CORE ENTITY,DIRECT hospital_id,YES,id,4,2,1,READ|INSERT,DUPLICATED DESIGN (multiple CREATE TABLE),HIGH,LOW,LOW,LOW,MEDIUM,KEEP,MEDIUM,20260329070823_5e47e3bf-e6fb-4984-a526-620c1df6a340.sql ; 20260329070823_5e47e3bf-e6fb-4984-a526-620c1df6a340.sql
emr_template_definitions,Other,REFERENCE,DIRECT hospital_id,YES,id,1,3,2,READ|INSERT|DELETE,INTENTIONAL DESIGN,LOW,LOW,LOW,LOW,MEDIUM,KEEP,MEDIUM,20260501145300_v9_emr_procurement_foundation.sql ; 20260501145300_v9_emr_procurement_foundation.sql
enterprise_leads,Other,CORE ENTITY,hospital_id present but UNUSED by RLS,YES,id,1,4,2,READ|UPDATE|INSERT,INTENTIONAL DESIGN,LOW,LOW,CRITICAL,LOW,MEDIUM,KEEP + MODIFY (fix RLS),HIGH,20260609000001_saas_automation_tables.sql ; 20260609000001_saas_automation_tables.sql
entitlement_fail_open_events,Platform,CORE ENTITY,hospital_id present but UNUSED by RLS,YES,id,1,2,3,INSERT|READ,INTENTIONAL DESIGN,LOW,LOW,CRITICAL,LOW,MEDIUM,KEEP + MODIFY (fix RLS),HIGH,20261008000099_entitlement_fail_open_log.sql ; 20261008000099_entitlement_fail_open_log.sql
epidemic_protocols,Other,CORE ENTITY,DIRECT hospital_id,YES,id,2,1,2,READ|INSERT|UPDATE,INTENTIONAL DESIGN,LOW,LOW,LOW,LOW,MEDIUM,KEEP,MEDIUM,20260509100010_nabh_disaster_management.sql ; 20260509100010_nabh_disaster_management.sql
equipment_master,Inventory,REFERENCE,DIRECT hospital_id,YES,id,2,1,10,READ|INSERT|UPDATE,INTENTIONAL DESIGN,LOW,LOW,LOW,MEDIUM,LOW,KEEP,MEDIUM,20260329082735_9bc536a7-52f4-4887-8826-8c9555012e77.sql ; 20260329082735_9bc536a7-52f4-4887-8826-8c9555012e77.sql
esg_monthly_metrics,Other,REPORTING,DIRECT hospital_id,YES,id,2,1,1,READ|INSERT,INTENTIONAL DESIGN,LOW,LOW,LOW,MEDIUM,MEDIUM,KEEP,MEDIUM,20260509100007_nabh_esg.sql ; 20260509100007_nabh_esg.sql
esi_beneficiaries,PM-JAY,CORE ENTITY,DIRECT hospital_id,YES,id,0,2,1,READ,INTENTIONAL DESIGN,LOW,LOW,LOW,LOW,LOW,KEEP,MEDIUM,20260521000005_govt_schemes.sql ; 20260521000005_govt_schemes.sql
expense_records,Other,CORE ENTITY,DIRECT hospital_id,YES,id,4,1,3,READ|INSERT|UPDATE,INTENTIONAL DESIGN,LOW,LOW,LOW,LOW,HIGH,KEEP + MODIFY (add FK indexes),HIGH,20260327104518_5ee46b79-c027-4225-b405-c6f40efe69be.sql ; 20260327104518_5ee46b79-c027-4225-b405-c6f40efe69be.sql
external_lab_referrals,Other,CORE ENTITY,DIRECT hospital_id,YES,id,3,1,3,INSERT|READ|UPDATE|DELETE,INTENTIONAL DESIGN,LOW,LOW,LOW,LOW,MEDIUM,KEEP,MEDIUM,20260904000026_p2_gaps.sql ; 20260904000026_p2_gaps.sql
facility_assets,Tenant,CORE ENTITY,DIRECT hospital_id,YES,id,1,1,1,READ|INSERT|UPDATE,INTENTIONAL DESIGN,LOW,LOW,LOW,LOW,LOW,KEEP,MEDIUM,20260909000007_fms.sql ; 20260909000007_fms.sql
facility_maintenance_logs,Tenant,AUDIT,DIRECT hospital_id,YES,id,2,1,1,READ|INSERT|UPDATE|DELETE,INTENTIONAL DESIGN,LOW,LOW,LOW,LOW,LOW,KEEP,MEDIUM,20260909000007_fms.sql ; 20260909000007_fms.sql
fall_risk_assessments,Nursing,CORE ENTITY,DIRECT hospital_id,YES,id,4,1,1,INSERT,INTENTIONAL DESIGN,LOW,LOW,LOW,LOW,MEDIUM,KEEP,MEDIUM,20260607000002_fall_risk_assessments.sql ; 20260607000002_fall_risk_assessments.sql
fcm_tokens,Other,CORE ENTITY,DIRECT hospital_id,YES,id,2,2,2,READ|INSERT|UPDATE,INTENTIONAL DESIGN,LOW,LOW,LOW,LOW,MEDIUM,KEEP,MEDIUM,20260910000012_mobile_fcm_tokens.sql ; 20260910000012_mobile_fcm_tokens.sql
feedback_records,Patient,CORE ENTITY,DIRECT hospital_id,YES,id,3,1,1,READ,INTENTIONAL DESIGN,LOW,LOW,LOW,LOW,MEDIUM,KEEP,MEDIUM,20260329152029_67617faf-05e8-4ea7-ba64-db5c0add3929.sql ; 20260329152029_67617faf-05e8-4ea7-ba64-db5c0add3929.sql
fire_safety_drills,Other,CORE ENTITY,DIRECT hospital_id,YES,id,2,1,1,READ|INSERT|DELETE,INTENTIONAL DESIGN,LOW,LOW,LOW,LOW,MEDIUM,KEEP,MEDIUM,20260601000001_nabh_gap_fill.sql ; 20260601000001_nabh_gap_fill.sql
fixed_assets,Other,CORE ENTITY,DIRECT hospital_id,YES,id,2,1,3,READ|UPDATE|INSERT,INTENTIONAL DESIGN,LOW,LOW,LOW,LOW,MEDIUM,KEEP,MEDIUM,20260611000001_merge_asset_register_into_fixed_assets.sql ; 20260611000001_merge_asset_register_into_fixed_assets.sql
full_final_settlements,Other,CORE ENTITY,DIRECT hospital_id,YES,id,3,1,1,INSERT,INTENTIONAL DESIGN,LOW,LOW,LOW,LOW,MEDIUM,KEEP,MEDIUM,20261008000058_hr_offboarding.sql ; 20261008000058_hr_offboarding.sql
govt_scheme_claims,PM-JAY,CORE ENTITY,DIRECT hospital_id,YES,id,0,2,3,READ|INSERT,INTENTIONAL DESIGN,LOW,LOW,LOW,LOW,LOW,KEEP,MEDIUM,20260521000005_govt_schemes.sql ; 20260521000005_govt_schemes.sql
govt_schemes,PM-JAY,CORE ENTITY,DIRECT hospital_id,YES,id,1,1,5,READ|INSERT,INTENTIONAL DESIGN,LOW,LOW,LOW,LOW,MEDIUM,KEEP,MEDIUM,20260329063511_1963ad63-bfbd-458c-b038-ebbee8ae482b.sql ; 20260329063511_1963ad63-bfbd-458c-b038-ebbee8ae482b.sql
grievances,HR,CORE ENTITY,DIRECT hospital_id,YES,id,4,1,2,INSERT|READ|UPDATE,DUPLICATED DESIGN (multiple CREATE TABLE),HIGH,MEDIUM,LOW,MEDIUM,MEDIUM,KEEP,MEDIUM,20260329152029_67617faf-05e8-4ea7-ba64-db5c0add3929.sql ; 20260329152029_67617faf-05e8-4ea7-ba64-db5c0add3929.sql
grn_ai_log,AI,AUDIT,DIRECT hospital_id,YES,id,2,4,1,INSERT,INTENTIONAL DESIGN,LOW,LOW,LOW,LOW,MEDIUM,KEEP,MEDIUM,20260327072255_73bc39ae-887a-48f1-bf83-99b5b79bccfb.sql ; 20260518000006_rls_missing_tables.sql
grn_items,Procurement,JUNCTION,DIRECT hospital_id,YES,id,4,4,1,READ|INSERT,INTENTIONAL DESIGN,LOW,LOW,LOW,LOW,HIGH,KEEP + MODIFY (add FK indexes),HIGH,20260324080900_880106fb-2a83-4c42-aec2-012df6887a7a.sql ; 20260518000006_rls_missing_tables.sql
grn_records,Procurement,CORE ENTITY,DIRECT hospital_id,YES,id,4,3,4,READ|INSERT|UPDATE,INTENTIONAL DESIGN,LOW,LOW,LOW,LOW,MEDIUM,KEEP,MEDIUM,20260324080900_880106fb-2a83-4c42-aec2-012df6887a7a.sql ; 20260327072255_73bc39ae-887a-48f1-bf83-99b5b79bccfb.sql
guideline_adherence_log,Other,AUDIT,DIRECT hospital_id,YES,id,1,2,1,INSERT,INTENTIONAL DESIGN,LOW,LOW,LOW,LOW,MEDIUM,KEEP,MEDIUM,20260521000009_clinical_guidelines.sql ; 20260521000009_clinical_guidelines.sql
hand_hygiene_audits,Infection Control,CORE ENTITY,DIRECT hospital_id,YES,id,3,1,2,READ|DELETE|INSERT,INTENTIONAL DESIGN,LOW,LOW,LOW,MEDIUM,MEDIUM,KEEP,MEDIUM,20260601000001_nabh_gap_fill.sql ; 20260601000001_nabh_gap_fill.sql
hcx_submissions,Other,CORE ENTITY,DIRECT hospital_id,YES,id,3,2,3,READ|INSERT,INTENTIONAL DESIGN,LOW,LOW,LOW,LOW,MEDIUM,KEEP,MEDIUM,20260526000001_hcx_schema.sql ; 20260526000001_hcx_schema.sql
health_coach_sessions,Other,CORE ENTITY,DIRECT hospital_id,YES,id,3,1,1,READ|INSERT,INTENTIONAL DESIGN,LOW,LOW,LOW,LOW,MEDIUM,KEEP,MEDIUM,20261003000001_phase6c_ai_bots.sql ; 20261003000001_phase6c_ai_bots.sql
health_packages,Other,CORE ENTITY,DIRECT hospital_id,YES,id,1,4,8,READ|INSERT,DUPLICATED DESIGN (multiple CREATE TABLE),HIGH,MEDIUM,LOW,MEDIUM,LOW,KEEP,MEDIUM,20260330085957_54b90582-7f75-4fcc-be1f-5e5d5aaf3d7a.sql ; 20260330085957_54b90582-7f75-4fcc-be1f-5e5d5aaf3d7a.sql
hep_plans,Other,CORE ENTITY,DIRECT hospital_id,YES,id,4,1,1,READ|INSERT|UPDATE,INTENTIONAL DESIGN,LOW,LOW,LOW,LOW,MEDIUM,KEEP,MEDIUM,20260329152758_bd6673df-fdba-4c2a-9ede-4f52db1a0c84.sql ; 20260329152758_bd6673df-fdba-4c2a-9ede-4f52db1a0c84.sql
high_alert_double_checks,Other,CORE ENTITY,DIRECT hospital_id,YES,id,4,1,1,READ|INSERT|UPDATE,INTENTIONAL DESIGN,LOW,LOW,LOW,LOW,MEDIUM,KEEP,MEDIUM,20260910000007_med_reconciliation.sql ; 20260910000007_med_reconciliation.sql
hmis_reports,Integration,CORE ENTITY,DIRECT hospital_id,YES,id,2,2,3,INSERT|READ|UPDATE,DUPLICATED DESIGN (multiple CREATE TABLE),HIGH,MEDIUM,LOW,LOW,MEDIUM,KEEP,MEDIUM,20260329084511_d6065de8-6580-4187-9e22-cd67f6a8c16d.sql ; 20260329084511_d6065de8-6580-4187-9e22-cd67f6a8c16d.sql
home_care_plans,Other,CORE ENTITY,DIRECT hospital_id,YES,id,4,1,3,READ|INSERT,INTENTIONAL DESIGN,LOW,LOW,LOW,LOW,MEDIUM,KEEP,MEDIUM,20260509100005_nabh_home_care.sql ; 20260509100005_nabh_home_care.sql
home_care_visits,Other,CORE ENTITY,DIRECT hospital_id,YES,id,4,1,3,INSERT|READ|UPDATE,INTENTIONAL DESIGN,LOW,LOW,LOW,LOW,MEDIUM,KEEP,MEDIUM,20260509100005_nabh_home_care.sql ; 20260509100005_nabh_home_care.sql
home_tele_monitoring,Other,CORE ENTITY,DIRECT hospital_id,YES,id,3,1,2,READ|INSERT,INTENTIONAL DESIGN,LOW,LOW,LOW,LOW,MEDIUM,KEEP,MEDIUM,20260509100005_nabh_home_care.sql ; 20260509100005_nabh_home_care.sql
hospital_abdm_config,Tenant,CONFIGURATION,DIRECT hospital_id,YES,id,1,2,19,READ|INSERT|UPDATE,INTENTIONAL DESIGN,LOW,LOW,LOW,MEDIUM,LOW,KEEP,MEDIUM,20260525000002_abdm_schema.sql ; 20260525000002_abdm_schema.sql
hospital_addons,Tenant,CORE ENTITY,DIRECT hospital_id,YES,id,3,2,7,READ|INSERT|UPDATE,INTENTIONAL DESIGN,LOW,LOW,LOW,LOW,MEDIUM,KEEP,MEDIUM,20261008000166_addon_skus.sql ; 20261008000166_addon_skus.sql
hospital_ai_wallet,AI,CORE ENTITY,DIRECT hospital_id,YES,hospital_id,1,2,2,READ,INTENTIONAL DESIGN,LOW,LOW,LOW,LOW,LOW,KEEP,MEDIUM,20261009000178_ai_wallet.sql ; 20261009000178_ai_wallet.sql
hospital_chains,Tenant,CORE ENTITY,GLOBAL / non-tenant,NO,id,0,1,0,NONE,INTENTIONAL DESIGN,LOW,LOW,CRITICAL,LOW,LOW,KEEP + MODIFY (fix RLS),HIGH,20260910000011_phase4_research_nps_chain.sql ; 20260910000011_phase4_research_nps_chain.sql
hospital_committees,Tenant,CORE ENTITY,DIRECT hospital_id,YES,id,3,1,1,READ|INSERT,INTENTIONAL DESIGN,LOW,LOW,LOW,LOW,MEDIUM,KEEP,MEDIUM,20260909000005_committees.sql ; 20260909000005_committees.sql
hospital_config_values,Tenant,CORE ENTITY,DIRECT hospital_id,YES,id,1,4,5,READ|INSERT|UPDATE|DELETE,PATCHED DESIGN (repeated policy rewrites),LOW,LOW,LOW,LOW,LOW,KEEP,MEDIUM,20260531150001_hospital_config_values.sql ; 20260531150001_hospital_config_values.sql
hospital_feature_overrides,Tenant,CORE ENTITY,DIRECT hospital_id,YES,id,2,2,3,READ|INSERT|DELETE,INTENTIONAL DESIGN,LOW,LOW,LOW,LOW,MEDIUM,KEEP,MEDIUM,20260601150001_aumrti_control_plane.sql ; 20260601150001_aumrti_control_plane.sql
hospital_icd_settings,Tenant,CONFIGURATION,DIRECT hospital_id,YES,id,1,1,3,READ|INSERT|UPDATE,INTENTIONAL DESIGN,LOW,LOW,LOW,LOW,LOW,KEEP,MEDIUM,20260329051509_9ecc58e7-078a-4d7f-9112-97ac3aa91584.sql ; 20260329051509_9ecc58e7-078a-4d7f-9112-97ac3aa91584.sql
hospital_insurance_settings,Tenant,CONFIGURATION,DIRECT hospital_id,YES,id,1,3,10,READ|INSERT|UPDATE,PATCHED DESIGN (repeated policy rewrites),LOW,LOW,LOW,LOW,LOW,KEEP,MEDIUM,20260529_insurance_upgrade.sql ; 20260529_insurance_upgrade.sql
hospital_module_entitlements,Tenant,CORE ENTITY,DIRECT hospital_id,YES,id,2,2,3,READ|INSERT|DELETE,INTENTIONAL DESIGN,LOW,LOW,LOW,LOW,MEDIUM,KEEP,MEDIUM,20261008000131_hospital_module_entitlements.sql ; 20261008000131_hospital_module_entitlements.sql
hospital_packages,Tenant,CORE ENTITY,DIRECT hospital_id,YES,id,1,2,1,READ,INTENTIONAL DESIGN,LOW,LOW,LOW,LOW,LOW,KEEP,MEDIUM,20260518000005_package_billing_guard.sql ; 20260518000005_package_billing_guard.sql
hospital_pacs_config,Tenant,CONFIGURATION,DIRECT hospital_id,YES,id,1,1,4,READ|INSERT|UPDATE,INTENTIONAL DESIGN,LOW,LOW,LOW,LOW,LOW,KEEP,MEDIUM,20260531000001_dicom_pacs_config.sql ; 20260531000001_dicom_pacs_config.sql
hospital_pricing_overrides,Tenant,CORE ENTITY,DIRECT hospital_id,YES,id,2,2,5,READ|INSERT,INTENTIONAL DESIGN,LOW,LOW,LOW,LOW,MEDIUM,KEEP,MEDIUM,20260601150001_aumrti_control_plane.sql ; 20260601150001_aumrti_control_plane.sql
hospital_sequences,Tenant,CONFIGURATION,hospital_id present but UNUSED by RLS,YES,hospital_id seq_type,1,1,0,NONE,INTENTIONAL DESIGN,LOW,LOW,HIGH,LOW,LOW,KEEP + MODIFY (tenant guard),HIGH,20260510000002_atomic_sequences.sql ; 20260510000002_atomic_sequences.sql
hospital_settings,Tenant,CONFIGURATION,DIRECT hospital_id,YES,id,1,1,28,READ|INSERT|UPDATE|DELETE,INTENTIONAL DESIGN,LOW,LOW,LOW,LOW,LOW,KEEP,MEDIUM,20260908000006_opd_diagnoses_revisit.sql ; 20260908000006_opd_diagnoses_revisit.sql
hospital_signup_consents,Tenant,CORE ENTITY,hospital_id present but UNUSED by RLS,YES,id,1,1,2,READ|INSERT,INTENTIONAL DESIGN,LOW,MEDIUM,HIGH,LOW,MEDIUM,KEEP + MODIFY (tenant guard),HIGH,20260911000002_hospital_signup_consents.sql ; 20260911000002_hospital_signup_consents.sql
hospital_subscriptions,Tenant,CORE ENTITY,DIRECT hospital_id,YES,id,2,2,20,READ|INSERT|UPDATE,EVOLVED DESIGN (heavy column accretion),LOW,LOW,LOW,LOW,LOW,KEEP,MEDIUM,20260601150001_aumrti_control_plane.sql ; 20260601150001_aumrti_control_plane.sql
hospitals,Tenant,CORE ENTITY,DERIVED via hospital_chains/referral_codes,NO,id,2,5,121,READ|INSERT|UPDATE|DELETE,EVOLVED DESIGN (heavy column accretion),LOW,MEDIUM,LOW,LOW,MEDIUM,KEEP,MEDIUM,20260321162749_5754cd97-c837-4c8f-a419-b2dd4b7f66f5.sql ; 20260321172711_08ce171e-0ec4-4070-a0b9-943fc59cab13.sql
housekeeping_tasks,Housekeeping,CORE ENTITY,DIRECT hospital_id,YES,id,4,1,5,INSERT|READ|UPDATE,INTENTIONAL DESIGN,LOW,LOW,LOW,MEDIUM,MEDIUM,KEEP,MEDIUM,20260329083647_16e8bea8-2bbf-46b2-a723-b77c856c4480.sql ; 20260329083647_16e8bea8-2bbf-46b2-a723-b77c856c4480.sql
icd10_code_sets,Other,CORE ENTITY,DIRECT hospital_id,YES,id,2,1,1,READ|INSERT|DELETE,INTENTIONAL DESIGN,LOW,LOW,LOW,LOW,MEDIUM,KEEP,MEDIUM,20260329051509_9ecc58e7-078a-4d7f-9112-97ac3aa91584.sql ; 20260329051509_9ecc58e7-078a-4d7f-9112-97ac3aa91584.sql
icd10_codes,Other,REFERENCE,DIRECT hospital_id,YES,id,2,4,3,READ|INSERT|DELETE,INTENTIONAL DESIGN,LOW,LOW,LOW,MEDIUM,MEDIUM,KEEP,MEDIUM,20260329051509_9ecc58e7-078a-4d7f-9112-97ac3aa91584.sql ; 20260329051509_9ecc58e7-078a-4d7f-9112-97ac3aa91584.sql
icd_codings,Other,CORE ENTITY,DIRECT hospital_id,YES,id,4,1,10,INSERT|READ|UPDATE,INTENTIONAL DESIGN,LOW,LOW,LOW,MEDIUM,MEDIUM,KEEP,MEDIUM,20260328092644_e20b425f-7b11-4901-833e-bae2cd5c4448.sql ; 20260328092644_e20b425f-7b11-4901-833e-bae2cd5c4448.sql
icu_daily_goals,ICU,CORE ENTITY,DIRECT hospital_id,YES,id,3,1,1,READ|INSERT,INTENTIONAL DESIGN,LOW,LOW,LOW,LOW,MEDIUM,KEEP,MEDIUM,20260910000005_icu_workspace.sql ; 20260910000005_icu_workspace.sql
icu_flowsheet_entries,ICU,CORE ENTITY,DIRECT hospital_id,YES,id,3,1,1,READ|INSERT,INTENTIONAL DESIGN,LOW,LOW,LOW,MEDIUM,MEDIUM,KEEP,MEDIUM,20260910000005_icu_workspace.sql ; 20260910000005_icu_workspace.sql
idsp_alerts,Public Health,CORE ENTITY,DIRECT hospital_id,YES,id,1,2,1,READ|INSERT,DUPLICATED DESIGN (multiple CREATE TABLE),HIGH,MEDIUM,LOW,LOW,LOW,KEEP,MEDIUM,20260329084511_d6065de8-6580-4187-9e22-cd67f6a8c16d.sql ; 20260329084511_d6065de8-6580-4187-9e22-cd67f6a8c16d.sql
idsp_submissions,Public Health,CORE ENTITY,DIRECT hospital_id,YES,id,2,1,1,INSERT,INTENTIONAL DESIGN,LOW,LOW,LOW,LOW,MEDIUM,KEEP,MEDIUM,20260904000004_idsp_submissions.sql ; 20260904000004_idsp_submissions.sql
inbox_messages,Other,CORE ENTITY,DIRECT hospital_id,YES,id,3,2,1,READ|UPDATE|INSERT,INTENTIONAL DESIGN,LOW,LOW,LOW,MEDIUM,MEDIUM,KEEP,MEDIUM,20260327035800_2f6aee27-77fd-4ed4-bd9e-d3bdf88279a3.sql ; 20260327035800_2f6aee27-77fd-4ed4-bd9e-d3bdf88279a3.sql
incident_reports,Quality/NABH,CORE ENTITY,DIRECT hospital_id,YES,id,4,2,7,READ|INSERT|UPDATE,INTENTIONAL DESIGN,LOW,LOW,LOW,LOW,MEDIUM,KEEP,MEDIUM,20260324133145_ee0f767c-dfb1-49f0-acbb-d8ea9ea4a8ae.sql ; 20260324133145_ee0f767c-dfb1-49f0-acbb-d8ea9ea4a8ae.sql
indent_items,Procurement,JUNCTION,DIRECT hospital_id,YES,id,3,4,1,READ|UPDATE|INSERT,INTENTIONAL DESIGN,LOW,LOW,LOW,LOW,MEDIUM,KEEP,MEDIUM,20260324080900_880106fb-2a83-4c42-aec2-012df6887a7a.sql ; 20260518000006_rls_missing_tables.sql
instrument_sets,OT,CORE ENTITY,DIRECT hospital_id,YES,id,1,1,4,READ|UPDATE|INSERT,INTENTIONAL DESIGN,LOW,LOW,LOW,LOW,LOW,KEEP,MEDIUM,20260328053244_8e0f8d5a-e7a8-4433-bd17-3cbc6805c53c.sql ; 20260328053244_8e0f8d5a-e7a8-4433-bd17-3cbc6805c53c.sql
instruments,OT,CORE ENTITY,DIRECT hospital_id,YES,id,2,1,1,READ|INSERT,INTENTIONAL DESIGN,LOW,LOW,LOW,LOW,MEDIUM,KEEP,MEDIUM,20260328053244_8e0f8d5a-e7a8-4433-bd17-3cbc6805c53c.sql ; 20260328053244_8e0f8d5a-e7a8-4433-bd17-3cbc6805c53c.sql
insurance_automation_config,Insurance,CONFIGURATION,DIRECT hospital_id,YES,id,1,1,3,READ|INSERT|UPDATE,INTENTIONAL DESIGN,LOW,LOW,LOW,LOW,LOW,KEEP,MEDIUM,20260907000001_insurance_automation.sql ; 20260907000001_insurance_automation.sql
insurance_automation_log,Insurance,AUDIT,DIRECT hospital_id,YES,id,4,1,3,INSERT,INTENTIONAL DESIGN,LOW,LOW,LOW,LOW,MEDIUM,KEEP,MEDIUM,20260907000001_insurance_automation.sql ; 20260907000001_insurance_automation.sql
insurance_claims,Insurance,CORE ENTITY,DIRECT hospital_id,YES,id,8,4,21,READ|INSERT|UPDATE,EVOLVED DESIGN (heavy column accretion),LOW,MEDIUM,LOW,LOW,HIGH,KEEP + MODIFY (add FK indexes),HIGH,20260323043602_2759c101-1bf1-4e3d-9f97-f9c25785c639.sql ; 20260327054836_f05f22b3-c4ab-4ae2-bd2b-cbe28307151f.sql
insurance_enhancement_requests,Insurance,CORE ENTITY,DIRECT hospital_id,YES,id,5,3,2,INSERT|READ|UPDATE,PATCHED DESIGN (repeated policy rewrites),LOW,LOW,LOW,LOW,HIGH,KEEP + MODIFY (add FK indexes),HIGH,20260517000002_insurance_enhancement_requests.sql ; 20260517000002_insurance_enhancement_requests.sql
insurance_intimations,Insurance,CORE ENTITY,DIRECT hospital_id,YES,id,3,3,5,UPDATE|READ,PATCHED DESIGN (repeated policy rewrites),LOW,LOW,LOW,LOW,MEDIUM,KEEP,MEDIUM,20260518000004_insurance_intimation_trigger.sql ; 20260518000004_insurance_intimation_trigger.sql
insurance_payment_reconciliation,Insurance,CORE ENTITY,DIRECT hospital_id,YES,id,2,4,1,READ|INSERT|UPDATE,PATCHED DESIGN (repeated policy rewrites),LOW,LOW,LOW,LOW,LOW,KEEP,MEDIUM,20260529_insurance_upgrade.sql ; 20260529_insurance_upgrade.sql
insurance_pre_auth,Insurance,CORE ENTITY,DIRECT hospital_id,YES,id,6,4,24,READ|UPDATE|INSERT|DELETE,EVOLVED DESIGN (heavy column accretion),LOW,MEDIUM,LOW,LOW,HIGH,KEEP + MODIFY (add FK indexes),HIGH,20260323043602_2759c101-1bf1-4e3d-9f97-f9c25785c639.sql ; 20260419074624_753847c3-7519-48db-bbdb-a12b750a6788.sql
insurance_sla_log,Insurance,AUDIT,DIRECT hospital_id,YES,id,1,2,3,INSERT,INTENTIONAL DESIGN,LOW,LOW,LOW,LOW,LOW,KEEP,MEDIUM,20260529_insurance_upgrade.sql ; 20260529_insurance_upgrade.sql
inventory_anomalies,Inventory,CORE ENTITY,DIRECT hospital_id,YES,id,3,1,1,READ|UPDATE,INTENTIONAL DESIGN,LOW,LOW,LOW,LOW,MEDIUM,KEEP,MEDIUM,20261008000080_inventory_anomalies.sql ; 20261008000080_inventory_anomalies.sql
inventory_items,Inventory,JUNCTION,DIRECT hospital_id,YES,id,1,3,16,READ|UPDATE,EVOLVED DESIGN,LOW,LOW,LOW,LOW,LOW,KEEP,MEDIUM,20260324080900_880106fb-2a83-4c42-aec2-012df6887a7a.sql ; 20260510000001_enable_rls_missing_tables.sql
inventory_stock,Inventory,CORE ENTITY,DIRECT hospital_id,YES,id,3,4,14,READ|UPDATE|INSERT,EVOLVED DESIGN,LOW,LOW,LOW,LOW,MEDIUM,KEEP,MEDIUM,20260324080900_880106fb-2a83-4c42-aec2-012df6887a7a.sql ; 20260327054836_f05f22b3-c4ab-4ae2-bd2b-cbe28307151f.sql
io_balance_records,Other,CORE ENTITY,DIRECT hospital_id,YES,id,3,1,1,READ|INSERT,INTENTIONAL DESIGN,LOW,LOW,LOW,LOW,MEDIUM,KEEP,MEDIUM,20260910000005_icu_workspace.sql ; 20260910000005_icu_workspace.sql
ipc_bundle_checklists,Other,CORE ENTITY,DIRECT hospital_id,YES,id,5,1,5,INSERT|READ,INTENTIONAL DESIGN,LOW,LOW,LOW,LOW,MEDIUM,KEEP,MEDIUM,20260909000003_ipc_surveillance.sql ; 20260909000003_ipc_surveillance.sql
ipc_device_usage,Other,CORE ENTITY,DIRECT hospital_id,YES,id,6,1,5,INSERT|UPDATE|READ,INTENTIONAL DESIGN,LOW,LOW,LOW,LOW,HIGH,KEEP + MODIFY (add FK indexes),HIGH,20260909000003_ipc_surveillance.sql ; 20260909000003_ipc_surveillance.sql
ipc_infection_events,Other,CORE ENTITY,DIRECT hospital_id,YES,id,7,1,3,READ|INSERT,INTENTIONAL DESIGN,LOW,LOW,LOW,LOW,HIGH,KEEP + MODIFY (add FK indexes),HIGH,20260909000003_ipc_surveillance.sql ; 20260909000003_ipc_surveillance.sql
ipd_advances,IPD,CORE ENTITY,DIRECT hospital_id,YES,id,4,1,9,INSERT|READ,INTENTIONAL DESIGN,LOW,LOW,LOW,LOW,MEDIUM,KEEP,MEDIUM,20260902000001_payment_first_workflow.sql ; 20260902000001_payment_first_workflow.sql
ipd_medications,IPD,CORE ENTITY,DIRECT hospital_id,YES,id,3,2,19,READ|INSERT|UPDATE|DELETE,INTENTIONAL DESIGN,LOW,LOW,LOW,LOW,MEDIUM,KEEP,MEDIUM,20260322100400_6c9a79a1-7e9c-4765-b9ee-5f84aa2a6291.sql ; 20260322100400_6c9a79a1-7e9c-4765-b9ee-5f84aa2a6291.sql
ipd_nursing_notes,IPD,CORE ENTITY,DIRECT hospital_id,YES,id,4,4,1,READ|INSERT,PATCHED DESIGN (repeated policy rewrites),LOW,LOW,LOW,LOW,MEDIUM,KEEP,MEDIUM,20261008000001_ipd_nursing_notes.sql ; 20261008000001_ipd_nursing_notes.sql
ipd_vitals,IPD,CORE ENTITY,DIRECT hospital_id,YES,id,3,2,6,READ,INTENTIONAL DESIGN,LOW,LOW,LOW,LOW,MEDIUM,KEEP,MEDIUM,20260322100400_6c9a79a1-7e9c-4765-b9ee-5f84aa2a6291.sql ; 20260322100400_6c9a79a1-7e9c-4765-b9ee-5f84aa2a6291.sql
item_consumption_daily,Inventory,CORE ENTITY,DIRECT hospital_id,YES,hospital_id item_id consumption_date,2,1,0,NONE,INTENTIONAL DESIGN,LOW,LOW,LOW,LOW,MEDIUM,"REVIEW (no app usage, no rows)",LOW,20261008000079_inventory_forecast_engine.sql ; 20261008000079_inventory_forecast_engine.sql
iv_fluids,Other,CORE ENTITY,DIRECT hospital_id,YES,id,3,1,2,READ|INSERT|UPDATE,INTENTIONAL DESIGN,LOW,LOW,LOW,LOW,MEDIUM,KEEP,MEDIUM,20260904000005_iv_fluids.sql ; 20260904000005_iv_fluids.sql
ivf_cycles,IVF/ART,CORE ENTITY,DIRECT hospital_id,YES,id,3,2,4,READ|INSERT|UPDATE,DUPLICATED DESIGN (multiple CREATE TABLE),HIGH,MEDIUM,LOW,LOW,MEDIUM,KEEP,MEDIUM,20260330090552_8f181820-6667-4345-ae68-d4aed2b4e34e.sql ; 20260330090552_8f181820-6667-4345-ae68-d4aed2b4e34e.sql
jci_evidence_items,Other,JUNCTION,DIRECT hospital_id,YES,id,2,1,1,READ|INSERT,INTENTIONAL DESIGN,LOW,LOW,LOW,LOW,MEDIUM,KEEP,MEDIUM,20260910000010_erp_mci_jci.sql ; 20260910000010_erp_mci_jci.sql
job_applicants,Other,CORE ENTITY,DIRECT hospital_id,YES,id,3,1,2,READ|INSERT|UPDATE,INTENTIONAL DESIGN,LOW,LOW,LOW,LOW,MEDIUM,KEEP,MEDIUM,20261008000057_hr_recruitment.sql ; 20261008000057_hr_recruitment.sql
job_openings,Other,CORE ENTITY,DIRECT hospital_id,YES,id,3,1,1,READ|INSERT,INTENTIONAL DESIGN,LOW,LOW,LOW,LOW,MEDIUM,KEEP,MEDIUM,20261008000057_hr_recruitment.sql ; 20261008000057_hr_recruitment.sql
journal_entries,Billing,CORE ENTITY,DIRECT hospital_id,YES,id,4,1,10,READ|INSERT,EVOLVED DESIGN,LOW,LOW,LOW,LOW,MEDIUM,KEEP,MEDIUM,20260327104518_5ee46b79-c027-4225-b405-c6f40efe69be.sql ; 20260327104518_5ee46b79-c027-4225-b405-c6f40efe69be.sql
journal_line_items,Billing,JUNCTION,DIRECT hospital_id,YES,id,4,1,12,READ|INSERT|UPDATE,INTENTIONAL DESIGN,LOW,LOW,LOW,LOW,HIGH,KEEP + MODIFY (add FK indexes),HIGH,20260327104518_5ee46b79-c027-4225-b405-c6f40efe69be.sql ; 20260327104518_5ee46b79-c027-4225-b405-c6f40efe69be.sql
lab_analyzer_messages,Laboratory,CORE ENTITY,DIRECT hospital_id,YES,id,4,1,2,READ|UPDATE|INSERT,INTENTIONAL DESIGN,LOW,LOW,LOW,MEDIUM,MEDIUM,KEEP,MEDIUM,20260531000002_lab_analyzer_interface.sql ; 20260531000002_lab_analyzer_interface.sql
lab_analyzer_test_mappings,Laboratory,JUNCTION,DIRECT hospital_id,YES,id,3,1,2,READ|INSERT|DELETE,INTENTIONAL DESIGN,LOW,LOW,LOW,LOW,MEDIUM,KEEP,MEDIUM,20260531000002_lab_analyzer_interface.sql ; 20260531000002_lab_analyzer_interface.sql
lab_calibration_records,Laboratory,CORE ENTITY,DIRECT hospital_id,YES,id,2,1,1,READ|INSERT,INTENTIONAL DESIGN,LOW,LOW,LOW,LOW,MEDIUM,KEEP,MEDIUM,20260901000009_add_lab_calibration_table.sql ; 20260901000009_add_lab_calibration_table.sql
lab_device_connectors,Laboratory,CORE ENTITY,DIRECT hospital_id,YES,id,1,2,4,READ|INSERT|UPDATE|DELETE,INTENTIONAL DESIGN,LOW,LOW,LOW,MEDIUM,LOW,KEEP,MEDIUM,20260524000004_integrations.sql ; 20260524000004_integrations.sql
lab_dual_validation_config,Laboratory,CONFIGURATION,DIRECT hospital_id,YES,id,1,1,3,READ|INSERT,INTENTIONAL DESIGN,LOW,LOW,LOW,LOW,LOW,KEEP,MEDIUM,20260908000008_lab_barcode_validation.sql ; 20260908000008_lab_barcode_validation.sql
lab_order_items,Laboratory,JUNCTION,DIRECT hospital_id,YES,id,7,2,29,READ|UPDATE|INSERT,EVOLVED DESIGN,LOW,LOW,LOW,LOW,HIGH,KEEP + MODIFY (add FK indexes),HIGH,20260322152823_f84fbe7f-6343-4e60-a633-545f2a8e1693.sql ; 20260326065510_91dd89ac-18c4-46b2-81aa-8c2f057a528f.sql
lab_orders,Laboratory,CORE ENTITY,DIRECT hospital_id,YES,id,9,4,54,READ|UPDATE|INSERT|DELETE,EVOLVED DESIGN (heavy column accretion),LOW,MEDIUM,LOW,LOW,HIGH,KEEP + MODIFY (add FK indexes),HIGH,20260322152823_f84fbe7f-6343-4e60-a633-545f2a8e1693.sql ; 20260327054836_f05f22b3-c4ab-4ae2-bd2b-cbe28307151f.sql
lab_qc_entries,Laboratory,CORE ENTITY,DIRECT hospital_id,YES,id,2,2,2,READ|INSERT,INTENTIONAL DESIGN,LOW,LOW,LOW,LOW,MEDIUM,KEEP,MEDIUM,20260331070613_90e81850-966e-4523-af1a-5b59a86c3722.sql ; 20260331070613_90e81850-966e-4523-af1a-5b59a86c3722.sql
lab_results,Laboratory,CORE ENTITY,DIRECT hospital_id,YES,id,5,1,1,READ|INSERT|UPDATE,INTENTIONAL DESIGN,LOW,LOW,LOW,LOW,HIGH,KEEP + MODIFY (add FK indexes),HIGH,20260904000026_p2_gaps.sql ; 20260904000026_p2_gaps.sql
lab_samples,Laboratory,CORE ENTITY,DIRECT hospital_id,YES,id,6,2,9,READ|INSERT|UPDATE,INTENTIONAL DESIGN,LOW,LOW,LOW,LOW,HIGH,KEEP + MODIFY (add FK indexes),HIGH,20260322152823_f84fbe7f-6343-4e60-a633-545f2a8e1693.sql ; 20260510000001_enable_rls_missing_tables.sql
lab_test_group_items,Laboratory,JUNCTION,DERIVED via lab_test_groups/lab_test_master,NO,id,2,1,4,INSERT|DELETE|READ,INTENTIONAL DESIGN,LOW,LOW,LOW,LOW,MEDIUM,KEEP,MEDIUM,20260903000002_lab_test_groups.sql ; 20260903000002_lab_test_groups.sql
lab_test_groups,Laboratory,CORE ENTITY,DIRECT hospital_id,YES,id,1,1,9,READ|UPDATE|INSERT|DELETE,INTENTIONAL DESIGN,LOW,LOW,LOW,LOW,LOW,KEEP,MEDIUM,20260903000002_lab_test_groups.sql ; 20260903000002_lab_test_groups.sql
lab_test_master,Laboratory,REFERENCE,DIRECT hospital_id,YES,id,1,2,26,READ|INSERT|UPDATE|DELETE,EVOLVED DESIGN,LOW,LOW,LOW,MEDIUM,LOW,KEEP,MEDIUM,20260322152823_f84fbe7f-6343-4e60-a633-545f2a8e1693.sql ; 20260406173423_b1693e94-88a7-4f87-a070-8ef0235fcf31.sql
leakage_reports,Other,CORE ENTITY,DIRECT hospital_id,YES,id,1,2,4,READ|INSERT|UPDATE,INTENTIONAL DESIGN,LOW,LOW,LOW,LOW,LOW,KEEP,MEDIUM,20260518000008_leakage_reports.sql ; 20260518000008_leakage_reports.sql
leave_balance,HR,CORE ENTITY,DIRECT hospital_id,YES,id,2,4,3,READ|UPDATE,INTENTIONAL DESIGN,LOW,LOW,LOW,LOW,MEDIUM,KEEP,MEDIUM,20260324074230_097bd97d-916e-4031-a3c9-67a2d3091c64.sql ; 20260518000006_rls_missing_tables.sql
leave_requests,HR,CORE ENTITY,DIRECT hospital_id,YES,id,3,4,4,READ|UPDATE|INSERT,INTENTIONAL DESIGN,LOW,LOW,LOW,LOW,MEDIUM,KEEP,MEDIUM,20260324074230_097bd97d-916e-4031-a3c9-67a2d3091c64.sql ; 20260518000006_rls_missing_tables.sql
lifecycle_nudge_actions,Other,CORE ENTITY,hospital_id present but UNUSED by RLS,YES,id,1,1,1,READ|INSERT,INTENTIONAL DESIGN,LOW,LOW,HIGH,LOW,LOW,KEEP + MODIFY (tenant guard),HIGH,20261008000115_lifecycle_nudge_actions.sql ; 20261008000115_lifecycle_nudge_actions.sql
linen_records,Housekeeping,CORE ENTITY,DIRECT hospital_id,YES,id,2,1,1,READ|INSERT,INTENTIONAL DESIGN,LOW,LOW,LOW,LOW,MEDIUM,KEEP,MEDIUM,20260329083647_16e8bea8-2bbf-46b2-a723-b77c856c4480.sql ; 20260329083647_16e8bea8-2bbf-46b2-a723-b77c856c4480.sql
lms_certificates,LMS,CORE ENTITY,DIRECT hospital_id,YES,id,4,1,1,READ|INSERT,INTENTIONAL DESIGN,LOW,LOW,LOW,LOW,MEDIUM,KEEP,MEDIUM,20260329090242_b1b84c3e-c692-43ac-a7b1-80a106530a6c.sql ; 20260329090242_b1b84c3e-c692-43ac-a7b1-80a106530a6c.sql
lms_courses,LMS,CORE ENTITY,DIRECT hospital_id,YES,id,1,2,1,READ|INSERT,INTENTIONAL DESIGN,LOW,LOW,LOW,LOW,LOW,KEEP,MEDIUM,20260329090242_b1b84c3e-c692-43ac-a7b1-80a106530a6c.sql ; 20260329090242_b1b84c3e-c692-43ac-a7b1-80a106530a6c.sql
lms_enrollments,LMS,CORE ENTITY,DIRECT hospital_id,YES,id,3,1,1,READ|UPDATE|INSERT,INTENTIONAL DESIGN,LOW,LOW,LOW,LOW,MEDIUM,KEEP,MEDIUM,20260329090242_b1b84c3e-c692-43ac-a7b1-80a106530a6c.sql ; 20260329090242_b1b84c3e-c692-43ac-a7b1-80a106530a6c.sql
lms_quiz_attempts,LMS,CORE ENTITY,DERIVED via lms_enrollments,NO,id,1,1,1,INSERT,INTENTIONAL DESIGN,LOW,LOW,LOW,LOW,LOW,KEEP,MEDIUM,20260329090242_b1b84c3e-c692-43ac-a7b1-80a106530a6c.sql ; 20260329090242_b1b84c3e-c692-43ac-a7b1-80a106530a6c.sql
lms_quiz_questions,LMS,CORE ENTITY,DERIVED via lms_courses,NO,id,1,2,1,READ|INSERT,INTENTIONAL DESIGN,LOW,LOW,LOW,LOW,LOW,KEEP,MEDIUM,20260329090242_b1b84c3e-c692-43ac-a7b1-80a106530a6c.sql ; 20260329090242_b1b84c3e-c692-43ac-a7b1-80a106530a6c.sql
mar_double_checks,Other,CORE ENTITY,DIRECT hospital_id,YES,id,4,1,1,INSERT,INTENTIONAL DESIGN,LOW,LOW,LOW,LOW,MEDIUM,KEEP,MEDIUM,20260509100009_nabh_high_alert_meds.sql ; 20260509100009_nabh_high_alert_meds.sql
mar_records,Other,CORE ENTITY,DIRECT hospital_id,YES,id,2,1,0,NONE,INTENTIONAL DESIGN,LOW,LOW,LOW,LOW,MEDIUM,"REVIEW (no app usage, no rows)",LOW,20260419075703_710bb3bf-2798-4594-9bfd-8630d46cbd10.sql ; 20260419075703_710bb3bf-2798-4594-9bfd-8630d46cbd10.sql
marketing_campaigns,Other,CORE ENTITY,DIRECT hospital_id,YES,id,2,1,1,INSERT|READ|UPDATE,INTENTIONAL DESIGN,LOW,LOW,LOW,MEDIUM,MEDIUM,KEEP,MEDIUM,20260329151449_d303bc0e-5b84-434f-97a1-0c8b4b6b10a2.sql ; 20260329151449_d303bc0e-5b84-434f-97a1-0c8b4b6b10a2.sql
mccd_certificates,Other,CORE ENTITY,DIRECT hospital_id,YES,id,4,1,1,READ|INSERT,INTENTIONAL DESIGN,LOW,LOW,LOW,MEDIUM,MEDIUM,KEEP,MEDIUM,20260329153452_0dce536f-a0cb-4ae9-9af2-e7d3d5baee48.sql ; 20260329153452_0dce536f-a0cb-4ae9-9af2-e7d3d5baee48.sql
mci_events,Emergency,CORE ENTITY,DIRECT hospital_id,YES,id,3,1,1,READ|INSERT|UPDATE,INTENTIONAL DESIGN,LOW,LOW,LOW,LOW,MEDIUM,KEEP,MEDIUM,20260910000010_erp_mci_jci.sql ; 20260910000010_erp_mci_jci.sql
mci_triage_patients,Emergency,CORE ENTITY,DIRECT hospital_id,YES,id,4,1,1,READ|INSERT,INTENTIONAL DESIGN,LOW,LOW,LOW,LOW,MEDIUM,KEEP,MEDIUM,20260910000010_erp_mci_jci.sql ; 20260910000010_erp_mci_jci.sql
meal_deliveries,Dietetics,CORE ENTITY,DIRECT hospital_id,YES,id,5,1,1,READ|INSERT|UPDATE,INTENTIONAL DESIGN,LOW,LOW,LOW,LOW,HIGH,KEEP + MODIFY (add FK indexes),HIGH,20260329085231_c4f8855e-da57-4edf-8209-8111b6461103.sql ; 20260329085231_c4f8855e-da57-4edf-8209-8111b6461103.sql
med_admin_records,Other,CORE ENTITY,DIRECT hospital_id,YES,id,4,1,0,NONE,INTENTIONAL DESIGN,LOW,LOW,LOW,LOW,MEDIUM,"REVIEW (no app usage, no rows)",LOW,20260908000003_nursing_kardex.sql ; 20260908000003_nursing_kardex.sql
med_reconciliation_events,Other,CORE ENTITY,DIRECT hospital_id,YES,id,4,1,1,READ|INSERT,INTENTIONAL DESIGN,LOW,LOW,LOW,LOW,MEDIUM,KEEP,MEDIUM,20260910000007_med_reconciliation.sql ; 20260910000007_med_reconciliation.sql
medical_gas_logs,Other,AUDIT,DIRECT hospital_id,YES,id,2,1,1,READ|INSERT|DELETE,INTENTIONAL DESIGN,LOW,LOW,LOW,MEDIUM,MEDIUM,KEEP,MEDIUM,20260601000001_nabh_gap_fill.sql ; 20260601000001_nabh_gap_fill.sql
medical_records,Other,CORE ENTITY,DIRECT hospital_id,YES,id,2,1,4,INSERT|READ,INTENTIONAL DESIGN,LOW,LOW,LOW,LOW,MEDIUM,KEEP,MEDIUM,20260328092644_e20b425f-7b11-4901-833e-bae2cd5c4448.sql ; 20260328092644_e20b425f-7b11-4901-833e-bae2cd5c4448.sql
medication_adherence,Other,CORE ENTITY,DIRECT hospital_id,YES,id,1,2,0,NONE,INTENTIONAL DESIGN,LOW,LOW,LOW,LOW,MEDIUM,"REVIEW (no app usage, no rows)",LOW,20260521000004_chronic_disease.sql ; 20260521000004_chronic_disease.sql
mental_health_encounters,Other,CORE ENTITY,DIRECT hospital_id,YES,id,0,2,2,READ|INSERT,INTENTIONAL DESIGN,LOW,LOW,LOW,LOW,LOW,KEEP,MEDIUM,20260521000003_mental_health.sql ; 20260521000003_mental_health.sql
metrics_registry,Reporting,CORE ENTITY,GLOBAL / non-tenant,NO,id,0,2,0,NONE,INTENTIONAL DESIGN,LOW,LOW,LOW,LOW,LOW,KEEP,MEDIUM,20261008000122_metrics_registry.sql ; 20261008000122_metrics_registry.sql
migration_jobs,Other,INTEGRATION,DIRECT hospital_id,YES,id,2,1,2,INSERT|UPDATE|READ,INTENTIONAL DESIGN,LOW,LOW,LOW,MEDIUM,MEDIUM,KEEP,MEDIUM,20260329065515_98a53125-1943-4264-bf7f-d65d6939438e.sql ; 20260329065515_98a53125-1943-4264-bf7f-d65d6939438e.sql
migration_logs,Other,AUDIT,DIRECT hospital_id,YES,id,2,1,2,INSERT|UPDATE|READ,INTENTIONAL DESIGN,LOW,LOW,LOW,LOW,LOW,KEEP,MEDIUM,20260329065515_98a53125-1943-4264-bf7f-d65d6939438e.sql ; 20260329065515_98a53125-1943-4264-bf7f-d65d6939438e.sql
mlc_cases,Other,CORE ENTITY,DIRECT hospital_id,YES,id,5,1,3,READ|INSERT,INTENTIONAL DESIGN,LOW,LOW,LOW,MEDIUM,MEDIUM,KEEP,MEDIUM,20260908000002_mlc_cases.sql ; 20260908000002_mlc_cases.sql
mlc_records,Other,CORE ENTITY,DIRECT hospital_id,YES,id,3,1,2,INSERT|READ|UPDATE,INTENTIONAL DESIGN,LOW,LOW,LOW,MEDIUM,MEDIUM,KEEP,MEDIUM,20260329153452_0dce536f-a0cb-4ae9-9af2-e7d3d5baee48.sql ; 20260329153452_0dce536f-a0cb-4ae9-9af2-e7d3d5baee48.sql
mortuary_admissions,Emergency,CORE ENTITY,DIRECT hospital_id,YES,id,4,1,3,INSERT|READ|UPDATE,INTENTIONAL DESIGN,LOW,LOW,LOW,MEDIUM,MEDIUM,KEEP,MEDIUM,20260329153452_0dce536f-a0cb-4ae9-9af2-e7d3d5baee48.sql ; 20260329153452_0dce536f-a0cb-4ae9-9af2-e7d3d5baee48.sql
mrr_snapshots,Platform,HISTORY,hospital_id present but UNUSED by RLS,YES,id,2,1,1,INSERT,INTENTIONAL DESIGN,LOW,LOW,HIGH,LOW,MEDIUM,KEEP + MODIFY (tenant guard),HIGH,20261008000120_mrr_snapshots.sql ; 20261008000120_mrr_snapshots.sql
nabh_chapter_names,Quality/NABH,REFERENCE,GLOBAL / non-tenant,NO,chapter_code,0,1,1,READ,INTENTIONAL DESIGN,LOW,LOW,CRITICAL,LOW,LOW,KEEP + MODIFY (fix RLS),HIGH,20261011000010_quality_indicator_schema.sql ; 20261011000010_quality_indicator_schema.sql
nabh_criteria,Quality/NABH,CORE ENTITY,DIRECT hospital_id,YES,id,1,2,2,READ,INTENTIONAL DESIGN,LOW,LOW,LOW,MEDIUM,LOW,KEEP,MEDIUM,20260324133145_ee0f767c-dfb1-49f0-acbb-d8ea9ea4a8ae.sql ; 20260324133145_ee0f767c-dfb1-49f0-acbb-d8ea9ea4a8ae.sql
nabh_evidence_items,Quality/NABH,JUNCTION,DIRECT hospital_id,YES,id,3,1,6,READ|INSERT|DELETE,INTENTIONAL DESIGN,LOW,LOW,LOW,LOW,MEDIUM,KEEP,MEDIUM,20260909000001_nabh_compliance_matrix.sql ; 20260909000001_nabh_compliance_matrix.sql
nabh_evidence_log,Quality/NABH,AUDIT,DIRECT hospital_id,YES,id,2,2,7,INSERT|READ,INTENTIONAL DESIGN,LOW,LOW,LOW,LOW,MEDIUM,KEEP,MEDIUM,20261011000010_quality_indicator_schema.sql ; 20261011000010_quality_indicator_schema.sql
nabh_hospital_compliance,Quality/NABH,CORE ENTITY,DIRECT hospital_id,YES,id,4,2,7,READ|INSERT,INTENTIONAL DESIGN,LOW,LOW,LOW,LOW,MEDIUM,KEEP,MEDIUM,20260909000001_nabh_compliance_matrix.sql ; 20260909000001_nabh_compliance_matrix.sql
nabh_standards,Quality/NABH,CORE ENTITY,GLOBAL / non-tenant,NO,id,0,1,4,READ|INSERT,INTENTIONAL DESIGN,LOW,LOW,LOW,LOW,LOW,KEEP,MEDIUM,20260909000001_nabh_compliance_matrix.sql ; 20260909000001_nabh_compliance_matrix.sql
ndps_pending_dispenses,Pharmacy,CORE ENTITY,DIRECT hospital_id,YES,id,4,2,1,READ|INSERT|UPDATE,INTENTIONAL DESIGN,LOW,LOW,LOW,LOW,MEDIUM,KEEP,MEDIUM,20260518000009_ndps_dual_signoff.sql ; 20260518000009_ndps_dual_signoff.sql
ndps_register,Pharmacy,CORE ENTITY,DIRECT hospital_id,YES,id,6,6,5,READ|INSERT,PATCHED DESIGN (repeated policy rewrites),LOW,LOW,LOW,LOW,HIGH,KEEP + MODIFY (add FK indexes),HIGH,20260322164553_2b762a05-eb92-4336-b395-713f47d68f9c.sql ; 20260327053837_f51266ce-baf3-4070-a75e-a980a8197b9f.sql
neonatal_records,Other,CORE ENTITY,DIRECT hospital_id,YES,id,4,1,2,READ|INSERT|UPDATE,INTENTIONAL DESIGN,LOW,LOW,LOW,MEDIUM,HIGH,KEEP + MODIFY (add FK indexes),HIGH,20260328143309_2873fa52-f435-4186-ab79-89dcf13b19da.sql ; 20260510000001_enable_rls_missing_tables.sql
no_show_predictions,Other,CORE ENTITY,DIRECT hospital_id,YES,id,5,1,3,UPDATE|INSERT|READ,INTENTIONAL DESIGN,LOW,LOW,LOW,LOW,MEDIUM,KEEP,MEDIUM,20260622000013_no_show_predictions.sql ; 20260622000013_no_show_predictions.sql
notification_log,Notifications,AUDIT,DIRECT hospital_id,YES,id,2,2,2,READ|INSERT,DUPLICATED DESIGN (multiple CREATE TABLE),HIGH,MEDIUM,LOW,LOW,MEDIUM,KEEP,MEDIUM,20260607000001_fix_missing_tables.sql ; 20260607000001_fix_missing_tables.sql
notification_preferences,Notifications,CONFIGURATION,DIRECT hospital_id,YES,id,2,2,1,INSERT,DUPLICATED DESIGN (multiple CREATE TABLE),HIGH,MEDIUM,LOW,LOW,MEDIUM,KEEP,MEDIUM,20260607000001_fix_missing_tables.sql ; 20260607000001_fix_missing_tables.sql
notification_queue,Notifications,INTEGRATION,DIRECT hospital_id,YES,id,1,1,1,READ|UPDATE,INTENTIONAL DESIGN,LOW,LOW,LOW,LOW,LOW,KEEP,MEDIUM,20260622000011_add_notification_queue.sql ; 20260622000011_add_notification_queue.sql
nps_responses,Other,CORE ENTITY,DIRECT hospital_id,YES,id,2,1,2,READ|INSERT,INTENTIONAL DESIGN,LOW,LOW,LOW,LOW,MEDIUM,KEEP,MEDIUM,20260910000011_phase4_research_nps_chain.sql ; 20260910000011_phase4_research_nps_chain.sql
nps_surveys,Other,CORE ENTITY,DIRECT hospital_id,YES,id,2,1,2,READ|INSERT|DELETE|UPDATE,INTENTIONAL DESIGN,LOW,LOW,LOW,LOW,MEDIUM,KEEP,MEDIUM,20260910000011_phase4_research_nps_chain.sql ; 20260910000011_phase4_research_nps_chain.sql
nursing_care_plans,Nursing,CORE ENTITY,DIRECT hospital_id,YES,id,3,1,2,INSERT|READ|UPDATE,INTENTIONAL DESIGN,LOW,LOW,LOW,LOW,MEDIUM,KEEP,MEDIUM,20260419075703_710bb3bf-2798-4594-9bfd-8630d46cbd10.sql ; 20260419075703_710bb3bf-2798-4594-9bfd-8630d46cbd10.sql
nursing_fluid_outputs,Nursing,CORE ENTITY,DIRECT hospital_id,YES,id,3,1,1,READ|INSERT,INTENTIONAL DESIGN,LOW,LOW,LOW,LOW,MEDIUM,KEEP,MEDIUM,20261008000008_nursing_fluid_outputs.sql ; 20261008000008_nursing_fluid_outputs.sql
nursing_handovers,Nursing,CORE ENTITY,DIRECT hospital_id,YES,id,4,2,1,INSERT,INTENTIONAL DESIGN,LOW,LOW,LOW,LOW,HIGH,KEEP + MODIFY (add FK indexes),HIGH,20260322102931_2c8fe209-2bc1-463e-88d2-9041f1c4edb7.sql ; 20260322102931_2c8fe209-2bc1-463e-88d2-9041f1c4edb7.sql
nursing_mar,Nursing,CORE ENTITY,DIRECT hospital_id,YES,id,5,2,8,READ|UPDATE|INSERT,INTENTIONAL DESIGN,LOW,LOW,LOW,LOW,MEDIUM,KEEP,MEDIUM,20260322102931_2c8fe209-2bc1-463e-88d2-9041f1c4edb7.sql ; 20260322102931_2c8fe209-2bc1-463e-88d2-9041f1c4edb7.sql
nursing_procedure_consumables,Nursing,CORE ENTITY,DIRECT hospital_id,YES,id,3,1,1,INSERT,INTENTIONAL DESIGN,LOW,LOW,LOW,LOW,MEDIUM,KEEP,MEDIUM,20261008000071_ward_consumption_stock_link.sql ; 20261008000071_ward_consumption_stock_link.sql
nursing_procedures,Nursing,CORE ENTITY,DIRECT hospital_id,YES,id,5,1,2,INSERT|READ|UPDATE,INTENTIONAL DESIGN,LOW,LOW,LOW,LOW,HIGH,KEEP + MODIFY (add FK indexes),HIGH,20260407104550_4e787ce1-8f7a-465b-8537-af93c0e0f551.sql ; 20260407104550_4e787ce1-8f7a-465b-8537-af93c0e0f551.sql
nursing_vitals,Nursing,CORE ENTITY,DIRECT hospital_id,YES,id,4,1,11,READ|INSERT,INTENTIONAL DESIGN,LOW,LOW,LOW,LOW,MEDIUM,KEEP,MEDIUM,20260908000003_nursing_kardex.sql ; 20260908000003_nursing_kardex.sql
nutrition_screenings,Dietetics,CORE ENTITY,DIRECT hospital_id,YES,id,4,1,1,READ|INSERT,INTENTIONAL DESIGN,LOW,LOW,LOW,LOW,MEDIUM,KEEP,MEDIUM,20260910000008_nutrition_wound_care.sql ; 20260910000008_nutrition_wound_care.sql
nutritional_screenings,Dietetics,CORE ENTITY,DIRECT hospital_id,YES,id,4,1,1,READ|INSERT,INTENTIONAL DESIGN,LOW,LOW,LOW,MEDIUM,MEDIUM,KEEP,MEDIUM,20260329085231_c4f8855e-da57-4edf-8209-8111b6461103.sql ; 20260329085231_c4f8855e-da57-4edf-8209-8111b6461103.sql
oauth_provider_settings,Identity,CONFIGURATION,GLOBAL / non-tenant,NO,provider,0,1,2,READ|INSERT,INTENTIONAL DESIGN,LOW,LOW,LOW,LOW,LOW,KEEP,MEDIUM,20261005000000_oauth_provider_settings.sql ; 20261005000000_oauth_provider_settings.sql
obstetric_records,Other,CORE ENTITY,DIRECT hospital_id,YES,id,2,3,5,READ|INSERT|UPDATE,INTENTIONAL DESIGN,LOW,LOW,LOW,MEDIUM,MEDIUM,KEEP,MEDIUM,20260328143309_2873fa52-f435-4186-ab79-89dcf13b19da.sql ; 20260518000006_rls_missing_tables.sql
occupational_health_records,Other,CORE ENTITY,DIRECT hospital_id,YES,id,3,1,1,READ|INSERT|DELETE,INTENTIONAL DESIGN,LOW,LOW,LOW,MEDIUM,MEDIUM,KEEP,MEDIUM,20260601000001_nabh_gap_fill.sql ; 20260601000001_nabh_gap_fill.sql
onboarding_tasks,HR,CORE ENTITY,DIRECT hospital_id,YES,id,2,1,1,READ|INSERT|UPDATE,INTENTIONAL DESIGN,LOW,LOW,LOW,LOW,MEDIUM,KEEP,MEDIUM,20261008000057_hr_recruitment.sql ; 20261008000057_hr_recruitment.sql
oncology_patients,IPD,CORE ENTITY,DIRECT hospital_id,YES,id,4,1,3,READ|INSERT,INTENTIONAL DESIGN,LOW,LOW,LOW,MEDIUM,MEDIUM,KEEP,MEDIUM,20260328054628_52972efb-5442-46fd-a624-f86462360ec5.sql ; 20260328054628_52972efb-5442-46fd-a624-f86462360ec5.sql
online_reviews,Other,CORE ENTITY,DIRECT hospital_id,YES,id,2,1,2,INSERT|UPDATE|READ,INTENTIONAL DESIGN,LOW,LOW,LOW,LOW,MEDIUM,KEEP,MEDIUM,20260329151449_d303bc0e-5b84-434f-97a1-0c8b4b6b10a2.sql ; 20260329151449_d303bc0e-5b84-434f-97a1-0c8b4b6b10a2.sql
opd_diagnoses,OPD,CORE ENTITY,DIRECT hospital_id,YES,id,4,1,3,READ|INSERT|UPDATE|DELETE,INTENTIONAL DESIGN,LOW,LOW,LOW,LOW,MEDIUM,KEEP,MEDIUM,20260908000006_opd_diagnoses_revisit.sql ; 20260908000006_opd_diagnoses_revisit.sql
opd_encounters,OPD,CORE ENTITY,DIRECT hospital_id,YES,id,6,2,34,READ|INSERT|UPDATE,EVOLVED DESIGN,LOW,LOW,LOW,LOW,MEDIUM,KEEP,MEDIUM,20260322095145_2f127eea-e6c2-408b-b1ea-c30530c596b2.sql ; 20260322095145_2f127eea-e6c2-408b-b1ea-c30530c596b2.sql
opd_token_sequences,OPD,CONFIGURATION,hospital_id present but UNUSED by RLS,YES,hospital_id doctor_key prefix,1,1,0,NONE,INTENTIONAL DESIGN,LOW,LOW,CRITICAL,LOW,LOW,KEEP + MODIFY (fix RLS),HIGH,20261015000001_opd_token_sequence.sql ; 20261015000001_opd_token_sequence.sql
opd_tokens,OPD,CORE ENTITY,DIRECT hospital_id,YES,id,7,3,30,READ|UPDATE|INSERT|DELETE,PATCHED DESIGN (touched by many migrations),LOW,MEDIUM,LOW,LOW,HIGH,KEEP + MODIFY (add FK indexes),HIGH,20260322095145_2f127eea-e6c2-408b-b1ea-c30530c596b2.sql ; 20260322095145_2f127eea-e6c2-408b-b1ea-c30530c596b2.sql
opd_visits,OPD,CORE ENTITY,DIRECT hospital_id,YES,id,4,2,3,READ|INSERT,INTENTIONAL DESIGN,LOW,LOW,LOW,LOW,HIGH,KEEP + MODIFY (add FK indexes),HIGH,20260322092601_7a1cb821-2abc-479b-8d2d-9d19a5740e0b.sql ; 20260322092601_7a1cb821-2abc-479b-8d2d-9d19a5740e0b.sql
ophthalmology_records,Other,CORE ENTITY,DIRECT hospital_id,YES,id,2,1,1,READ|INSERT|UPDATE,INTENTIONAL DESIGN,LOW,LOW,LOW,MEDIUM,MEDIUM,KEEP,MEDIUM,20260328143309_2873fa52-f435-4186-ab79-89dcf13b19da.sql ; 20260510000001_enable_rls_missing_tables.sql
organ_donations,Other,CORE ENTITY,DIRECT hospital_id,YES,id,3,1,1,READ|INSERT,INTENTIONAL DESIGN,LOW,LOW,LOW,LOW,MEDIUM,KEEP,MEDIUM,20260329153452_0dce536f-a0cb-4ae9-9af2-e7d3d5baee48.sql ; 20260329153452_0dce536f-a0cb-4ae9-9af2-e7d3d5baee48.sql
ot_checklist_custom_items,OT,JUNCTION,DIRECT hospital_id,YES,id,1,2,2,READ|INSERT|DELETE,INTENTIONAL DESIGN,LOW,LOW,LOW,LOW,LOW,KEEP,MEDIUM,20261008000024_ot_stub_ui_fixes.sql ; 20261008000024_ot_stub_ui_fixes.sql
ot_checklists,OT,CORE ENTITY,DIRECT hospital_id,YES,id,2,2,3,INSERT|READ|UPDATE,INTENTIONAL DESIGN,LOW,LOW,LOW,MEDIUM,MEDIUM,KEEP,MEDIUM,20260322135207_74496eb8-ebb4-41cf-8878-fafb4fc55ec2.sql ; 20260322135207_74496eb8-ebb4-41cf-8878-fafb4fc55ec2.sql
ot_consumables,OT,CORE ENTITY,DIRECT hospital_id,YES,id,4,1,1,READ|INSERT|DELETE|UPDATE,INTENTIONAL DESIGN,LOW,LOW,LOW,LOW,MEDIUM,KEEP,MEDIUM,20260908000009_ot_implants_pac.sql ; 20260908000009_ot_implants_pac.sql
ot_equipment_checklist,OT,CORE ENTITY,DIRECT hospital_id,YES,id,2,2,1,READ|INSERT|UPDATE,INTENTIONAL DESIGN,LOW,LOW,LOW,LOW,MEDIUM,KEEP,MEDIUM,20261008000024_ot_stub_ui_fixes.sql ; 20261008000024_ot_stub_ui_fixes.sql
ot_implants,OT,CORE ENTITY,DIRECT hospital_id,YES,id,4,1,5,READ|INSERT|DELETE|UPDATE,INTENTIONAL DESIGN,LOW,LOW,LOW,MEDIUM,MEDIUM,KEEP,MEDIUM,20260908000009_ot_implants_pac.sql ; 20260908000009_ot_implants_pac.sql
ot_instrument_counts,OT,CORE ENTITY,DIRECT hospital_id,YES,id,2,2,1,READ|INSERT|UPDATE,INTENTIONAL DESIGN,LOW,LOW,LOW,LOW,MEDIUM,KEEP,MEDIUM,20261008000023_ot_instrument_counts.sql ; 20261008000023_ot_instrument_counts.sql
ot_rooms,OT,CORE ENTITY,DIRECT hospital_id,YES,id,1,2,3,READ|INSERT,INTENTIONAL DESIGN,LOW,LOW,LOW,LOW,MEDIUM,KEEP,MEDIUM,20260322135207_74496eb8-ebb4-41cf-8878-fafb4fc55ec2.sql ; 20260322135207_74496eb8-ebb4-41cf-8878-fafb4fc55ec2.sql
ot_schedules,OT,CORE ENTITY,DIRECT hospital_id,YES,id,10,3,29,READ|INSERT|UPDATE,PATCHED DESIGN (touched by many migrations),LOW,MEDIUM,LOW,LOW,HIGH,KEEP + MODIFY (add FK indexes),HIGH,20260322135207_74496eb8-ebb4-41cf-8878-fafb4fc55ec2.sql ; 20260322135207_74496eb8-ebb4-41cf-8878-fafb4fc55ec2.sql
ot_team_members,OT,JUNCTION,DERIVED via ot_schedules,NO,id,1,2,1,READ|INSERT|UPDATE,INTENTIONAL DESIGN,LOW,LOW,LOW,LOW,MEDIUM,KEEP,MEDIUM,20260322135207_74496eb8-ebb4-41cf-8878-fafb4fc55ec2.sql ; 20260322135207_74496eb8-ebb4-41cf-8878-fafb4fc55ec2.sql
outcome_scores,Other,REPORTING,DIRECT hospital_id,YES,id,4,1,1,READ|INSERT,INTENTIONAL DESIGN,LOW,LOW,LOW,LOW,MEDIUM,KEEP,MEDIUM,20260329152758_bd6673df-fdba-4c2a-9ede-4f52db1a0c84.sql ; 20260329152758_bd6673df-fdba-4c2a-9ede-4f52db1a0c84.sql
overtime_requests,Other,CORE ENTITY,DIRECT hospital_id,YES,id,3,1,2,READ|UPDATE|INSERT,INTENTIONAL DESIGN,LOW,LOW,LOW,LOW,MEDIUM,KEEP,MEDIUM,20261008000061_hr_attendance_ot_requests.sql ; 20261008000061_hr_attendance_ot_requests.sql
package_bookings,Billing,CORE ENTITY,DIRECT hospital_id,YES,id,6,4,8,INSERT|UPDATE|READ,DUPLICATED DESIGN (multiple CREATE TABLE),HIGH,MEDIUM,LOW,MEDIUM,HIGH,KEEP + MODIFY (add FK indexes),HIGH,20260330085957_54b90582-7f75-4fcc-be1f-5e5d5aaf3d7a.sql ; 20260330085957_54b90582-7f75-4fcc-be1f-5e5d5aaf3d7a.sql
package_extras,Billing,CORE ENTITY,DIRECT hospital_id,YES,id,3,2,1,READ,INTENTIONAL DESIGN,LOW,LOW,LOW,LOW,MEDIUM,KEEP,MEDIUM,20260518000005_package_billing_guard.sql ; 20260518000005_package_billing_guard.sql
package_inclusions,Billing,CORE ENTITY,DIRECT hospital_id,YES,id,3,2,1,READ,INTENTIONAL DESIGN,LOW,LOW,LOW,LOW,MEDIUM,KEEP,MEDIUM,20260518000005_package_billing_guard.sql ; 20260518000005_package_billing_guard.sql
package_station_logs,Billing,AUDIT,DIRECT hospital_id,YES,id,3,1,0,NONE,INTENTIONAL DESIGN,LOW,LOW,LOW,LOW,MEDIUM,"REVIEW (no app usage, no rows)",LOW,20260901000006_add_health_packages_tables.sql ; 20260901000006_add_health_packages_tables.sql
pacs_connectors,Radiology,CORE ENTITY,DIRECT hospital_id,YES,id,1,1,2,READ|INSERT|UPDATE,INTENTIONAL DESIGN,LOW,LOW,LOW,LOW,LOW,KEEP,MEDIUM,20260524000004_integrations.sql ; 20260524000004_integrations.sql
pacu_assessments,OT,CORE ENTITY,DIRECT hospital_id,YES,id,1,4,2,READ|INSERT,INTENTIONAL DESIGN,LOW,LOW,LOW,LOW,LOW,KEEP,MEDIUM,20260419051932_63da34b5-8e7c-4d6f-a376-3ca9fdfebd53.sql ; 20260419051932_63da34b5-8e7c-4d6f-a376-3ca9fdfebd53.sql
pain_audit_records,Other,CORE ENTITY,DIRECT hospital_id,YES,id,3,1,1,READ|INSERT|DELETE,INTENTIONAL DESIGN,LOW,LOW,LOW,LOW,MEDIUM,KEEP,MEDIUM,20260601000001_nabh_gap_fill.sql ; 20260601000001_nabh_gap_fill.sql
palliative_care_plans,Other,CORE ENTITY,DIRECT hospital_id,YES,id,5,1,1,READ|INSERT|UPDATE,INTENTIONAL DESIGN,LOW,LOW,LOW,LOW,HIGH,KEEP + MODIFY (add FK indexes),HIGH,20260601000001_nabh_gap_fill.sql ; 20260601000001_nabh_gap_fill.sql
panchakarma_schedules,Other,CORE ENTITY,DIRECT hospital_id,YES,id,4,1,2,READ|INSERT|UPDATE,INTENTIONAL DESIGN,LOW,LOW,LOW,MEDIUM,MEDIUM,KEEP,MEDIUM,20260330085045_fb5a8164-9b1f-4fbe-b3a4-9e2067eb51a6.sql ; 20260330085045_fb5a8164-9b1f-4fbe-b3a4-9e2067eb51a6.sql
partograph_entries,Other,CORE ENTITY,DIRECT hospital_id,YES,id,4,1,1,READ|INSERT,INTENTIONAL DESIGN,LOW,LOW,LOW,MEDIUM,MEDIUM,KEEP,MEDIUM,20260901000008_add_specialty_emr_tables.sql ; 20260901000008_add_specialty_emr_tables.sql
partograph_records,Other,CORE ENTITY,DIRECT hospital_id,YES,id,3,1,0,NONE,INTENTIONAL DESIGN,LOW,LOW,LOW,LOW,MEDIUM,"REVIEW (no app usage, no rows)",LOW,20260328143309_2873fa52-f435-4186-ab79-89dcf13b19da.sql ; 20260510000001_enable_rls_missing_tables.sql
pathology_cases,Other,CORE ENTITY,DIRECT hospital_id,YES,id,6,2,2,READ|INSERT|UPDATE,INTENTIONAL DESIGN,LOW,LOW,LOW,LOW,MEDIUM,KEEP,MEDIUM,20261008000040_pathology_cases.sql ; 20261008000040_pathology_cases.sql
patient_abha_profiles,ABDM,CORE ENTITY,DIRECT hospital_id,YES,id,3,2,10,READ|INSERT,INTENTIONAL DESIGN,LOW,LOW,LOW,LOW,MEDIUM,KEEP,MEDIUM,20260525000002_abdm_schema.sql ; 20260525000002_abdm_schema.sql
patient_acquisition,Patient,CORE ENTITY,DIRECT hospital_id,YES,id,4,1,4,READ|INSERT,INTENTIONAL DESIGN,LOW,LOW,LOW,LOW,MEDIUM,KEEP,MEDIUM,20260329151449_d303bc0e-5b84-434f-97a1-0c8b4b6b10a2.sql ; 20260329151449_d303bc0e-5b84-434f-97a1-0c8b4b6b10a2.sql
patient_ai_context,AI,CORE ENTITY,DIRECT hospital_id,YES,id,0,2,4,READ|INSERT,INTENTIONAL DESIGN,LOW,LOW,LOW,LOW,LOW,KEEP,MEDIUM,20260521000008_patient_ai_context.sql ; 20260521000008_patient_ai_context.sql
patient_consents,Patient,CORE ENTITY,DIRECT hospital_id,YES,id,6,3,8,INSERT|READ|DELETE,EVOLVED DESIGN,LOW,LOW,LOW,MEDIUM,HIGH,KEEP + MODIFY (add FK indexes),HIGH,20260327060326_858e214b-5560-42f4-84d3-f4f25df9a3fc.sql ; 20260327060326_858e214b-5560-42f4-84d3-f4f25df9a3fc.sql
patient_documents,Patient,CORE ENTITY,DIRECT hospital_id,YES,id,3,3,4,READ|INSERT|DELETE,INTENTIONAL DESIGN,LOW,LOW,LOW,LOW,MEDIUM,KEEP,MEDIUM,20260328142543_cc0a9a2f-04cc-4abc-a4dc-05d7e8919ab0.sql ; 20260328142543_cc0a9a2f-04cc-4abc-a4dc-05d7e8919ab0.sql
patient_encounter_templates,Patient,CORE ENTITY,DIRECT hospital_id,YES,id,4,3,0,NONE,INTENTIONAL DESIGN,LOW,LOW,LOW,LOW,HIGH,"REVIEW (no app usage, no rows)",LOW,20260501145300_v9_emr_procurement_foundation.sql ; 20260501145300_v9_emr_procurement_foundation.sql
patient_feedback,Patient,CORE ENTITY,DIRECT hospital_id,YES,id,4,3,1,INSERT,INTENTIONAL DESIGN,LOW,LOW,LOW,LOW,HIGH,KEEP + MODIFY (add FK indexes),HIGH,20260326094517_8e6560cd-e8fa-4a31-b58b-80b3dd5a2e8a.sql ; 20260326094517_8e6560cd-e8fa-4a31-b58b-80b3dd5a2e8a.sql
patient_history_digests,Patient,CORE ENTITY,DIRECT hospital_id,YES,id,4,1,3,UPDATE|READ|INSERT,INTENTIONAL DESIGN,LOW,LOW,LOW,LOW,MEDIUM,KEEP,MEDIUM,20261013000010_patient_history_ingest.sql ; 20261013000010_patient_history_ingest.sql
patient_history_ingest_jobs,Patient,INTEGRATION,DIRECT hospital_id,YES,id,4,1,3,READ|INSERT|UPDATE,INTENTIONAL DESIGN,LOW,LOW,LOW,LOW,MEDIUM,KEEP,MEDIUM,20261013000010_patient_history_ingest.sql ; 20261013000010_patient_history_ingest.sql
patient_history_source_chunks,Patient,CORE ENTITY,DIRECT hospital_id,YES,id,4,1,2,READ|UPDATE|INSERT,INTENTIONAL DESIGN,LOW,LOW,LOW,LOW,MEDIUM,KEEP,MEDIUM,20261013000010_patient_history_ingest.sql ; 20261013000010_patient_history_ingest.sql
patient_history_sources,Patient,CORE ENTITY,DIRECT hospital_id,YES,id,3,1,3,READ|INSERT|UPDATE,INTENTIONAL DESIGN,LOW,LOW,LOW,LOW,MEDIUM,KEEP,MEDIUM,20261013000010_patient_history_ingest.sql ; 20261013000010_patient_history_ingest.sql
patient_portal_sessions,Patient,CORE ENTITY,DIRECT hospital_id,YES,id,2,6,1,READ|INSERT|UPDATE,PATCHED DESIGN (repeated policy rewrites),LOW,LOW,CRITICAL,LOW,MEDIUM,KEEP + MODIFY (fix RLS),HIGH,20260326094517_8e6560cd-e8fa-4a31-b58b-80b3dd5a2e8a.sql ; 20260326094517_8e6560cd-e8fa-4a31-b58b-80b3dd5a2e8a.sql
patient_rights_acknowledgements,Patient,CORE ENTITY,DIRECT hospital_id,YES,id,3,1,1,READ|INSERT,INTENTIONAL DESIGN,LOW,LOW,LOW,LOW,MEDIUM,KEEP,MEDIUM,20260329152029_67617faf-05e8-4ea7-ba64-db5c0add3929.sql ; 20260329152029_67617faf-05e8-4ea7-ba64-db5c0add3929.sql
patient_segments,Patient,CORE ENTITY,DIRECT hospital_id,YES,id,1,1,1,READ|INSERT,INTENTIONAL DESIGN,LOW,LOW,LOW,LOW,LOW,KEEP,MEDIUM,20260329151449_d303bc0e-5b84-434f-97a1-0c8b4b6b10a2.sql ; 20260329151449_d303bc0e-5b84-434f-97a1-0c8b4b6b10a2.sql
patient_template_responses,Patient,CORE ENTITY,DIRECT hospital_id,YES,id,2,3,0,NONE,INTENTIONAL DESIGN,LOW,LOW,LOW,LOW,MEDIUM,"REVIEW (no app usage, no rows)",LOW,20260501145300_v9_emr_procurement_foundation.sql ; 20260501145300_v9_emr_procurement_foundation.sql
patient_voice_sessions,Patient,CORE ENTITY,DIRECT hospital_id,YES,id,0,2,1,INSERT,INTENTIONAL DESIGN,LOW,LOW,LOW,LOW,LOW,KEEP,MEDIUM,20260521000006_patient_voice.sql ; 20260521000006_patient_voice.sql
patients,Patient,CORE ENTITY,DIRECT hospital_id,YES,id,1,2,127,READ|INSERT|UPDATE|DELETE,EVOLVED DESIGN (heavy column accretion),LOW,MEDIUM,LOW,LOW,LOW,KEEP,MEDIUM,20260321162749_5754cd97-c837-4c8f-a419-b2dd4b7f66f5.sql ; 20260322095145_2f127eea-e6c2-408b-b1ea-c30530c596b2.sql
payer_masters,Insurance,CORE ENTITY,DIRECT hospital_id,YES,id,1,1,7,READ|UPDATE|INSERT|DELETE,INTENTIONAL DESIGN,LOW,MEDIUM,LOW,LOW,LOW,KEEP,MEDIUM,20260531000006_rcm_gaps.sql ; 20260531000006_rcm_gaps.sql
payment_links,Payments,CORE ENTITY,DIRECT hospital_id,YES,id,4,3,5,INSERT|READ|UPDATE,DUPLICATED DESIGN (multiple CREATE TABLE),HIGH,LOW,LOW,LOW,MEDIUM,KEEP,MEDIUM,20260329070823_5e47e3bf-e6fb-4984-a526-620c1df6a340.sql ; 20260329070823_5e47e3bf-e6fb-4984-a526-620c1df6a340.sql
payroll_hooks,Payroll,CORE ENTITY,DIRECT hospital_id,YES,id,1,1,1,READ|INSERT,INTENTIONAL DESIGN,LOW,LOW,LOW,LOW,LOW,KEEP,MEDIUM,20260524000006_hr_attendance_payroll.sql ; 20260524000006_hr_attendance_payroll.sql
payroll_items,Payroll,JUNCTION,DIRECT hospital_id,YES,id,3,2,3,INSERT|READ|UPDATE,INTENTIONAL DESIGN,LOW,LOW,LOW,LOW,MEDIUM,KEEP,MEDIUM,20260324074851_6d19abcc-8170-45ce-bed5-2a0f5a9b351f.sql ; 20260324074851_6d19abcc-8170-45ce-bed5-2a0f5a9b351f.sql
payroll_runs,Payroll,CORE ENTITY,DIRECT hospital_id,YES,id,3,3,5,READ|INSERT|UPDATE,DUPLICATED DESIGN (multiple CREATE TABLE),HIGH,MEDIUM,LOW,LOW,MEDIUM,KEEP,MEDIUM,20260324074851_6d19abcc-8170-45ce-bed5-2a0f5a9b351f.sql ; 20260324074851_6d19abcc-8170-45ce-bed5-2a0f5a9b351f.sql
payslips,Other,CORE ENTITY,DIRECT hospital_id,YES,id,4,1,4,READ|INSERT,INTENTIONAL DESIGN,LOW,LOW,LOW,MEDIUM,MEDIUM,KEEP,MEDIUM,20260531000003_payroll_engine.sql ; 20260531000003_payroll_engine.sql
pcpndt_form_f,Other,CORE ENTITY,DIRECT hospital_id,YES,id,3,3,7,INSERT|UPDATE|READ,INTENTIONAL DESIGN,LOW,LOW,LOW,LOW,MEDIUM,KEEP,MEDIUM,20260322161647_ebcce498-65ae-4af4-9a4e-c13bca9f1026.sql ; 20260322161647_ebcce498-65ae-4af4-9a4e-c13bca9f1026.sql
pcpndt_records,Other,CORE ENTITY,DIRECT hospital_id,YES,id,5,1,4,READ|INSERT|UPDATE,INTENTIONAL DESIGN,LOW,LOW,LOW,LOW,MEDIUM,KEEP,MEDIUM,20260908000005_pcpndt_records.sql ; 20260908000005_pcpndt_records.sql
pcpndt_settings,Other,CONFIGURATION,DIRECT hospital_id,YES,id,1,1,6,READ|INSERT|UPDATE,INTENTIONAL DESIGN,LOW,LOW,LOW,LOW,LOW,KEEP,MEDIUM,20260908000005_pcpndt_records.sql ; 20260908000005_pcpndt_records.sql
performance_appraisals,Other,CORE ENTITY,DIRECT hospital_id,YES,id,3,1,1,READ|INSERT,INTENTIONAL DESIGN,LOW,LOW,LOW,MEDIUM,MEDIUM,KEEP,MEDIUM,20260601000001_nabh_gap_fill.sql ; 20260601000001_nabh_gap_fill.sql
periodontal_charts,Other,CORE ENTITY,DIRECT hospital_id,YES,id,3,2,1,INSERT,DUPLICATED DESIGN (multiple CREATE TABLE),HIGH,MEDIUM,LOW,LOW,MEDIUM,KEEP,MEDIUM,20260330083551_91e31bcb-a645-474e-89f4-3350b3322a58.sql ; 20260330083551_91e31bcb-a645-474e-89f4-3350b3322a58.sql
pharmacy_dispensing,Pharmacy,CORE ENTITY,DIRECT hospital_id,YES,id,6,4,18,READ|UPDATE|INSERT,EVOLVED DESIGN,LOW,LOW,LOW,MEDIUM,MEDIUM,KEEP,MEDIUM,20260322164553_2b762a05-eb92-4336-b395-713f47d68f9c.sql ; 20260327054836_f05f22b3-c4ab-4ae2-bd2b-cbe28307151f.sql
pharmacy_dispensing_items,Pharmacy,JUNCTION,DIRECT hospital_id,YES,id,8,3,13,READ|INSERT|UPDATE,INTENTIONAL DESIGN,LOW,LOW,LOW,LOW,HIGH,KEEP + MODIFY (add FK indexes),HIGH,20260322164553_2b762a05-eb92-4336-b395-713f47d68f9c.sql ; 20260510000001_enable_rls_missing_tables.sql
pharmacy_return_audit,Audit/Compliance,AUDIT,DIRECT hospital_id,YES,id,7,1,1,INSERT,INTENTIONAL DESIGN,LOW,LOW,LOW,LOW,HIGH,KEEP + MODIFY (add FK indexes),HIGH,20260908000014_pharmacy_store_returns.sql ; 20260908000014_pharmacy_store_returns.sql
pharmacy_stock_alerts,Pharmacy,CORE ENTITY,DIRECT hospital_id,YES,id,4,4,3,READ|UPDATE|INSERT,INTENTIONAL DESIGN,LOW,LOW,LOW,LOW,HIGH,KEEP + MODIFY (add FK indexes),HIGH,20260322164553_2b762a05-eb92-4336-b395-713f47d68f9c.sql ; 20260518000006_rls_missing_tables.sql
pharmacy_supplier_returns,Pharmacy,CORE ENTITY,DIRECT hospital_id,YES,id,4,3,1,INSERT,INTENTIONAL DESIGN,LOW,LOW,LOW,LOW,MEDIUM,KEEP,MEDIUM,20261008000047_pharmacy_supplier_returns.sql ; 20261008000047_pharmacy_supplier_returns.sql
pharmacy_waste_disposal,Pharmacy,CORE ENTITY,DIRECT hospital_id,YES,id,4,2,1,INSERT,INTENTIONAL DESIGN,LOW,LOW,LOW,LOW,MEDIUM,KEEP,MEDIUM,20261008000054_pharmacy_waste_disposal.sql ; 20261008000054_pharmacy_waste_disposal.sql
phi_access_audit,Audit/Compliance,AUDIT,DIRECT hospital_id,YES,id,2,4,1,INSERT,INTENTIONAL DESIGN,LOW,LOW,LOW,LOW,LOW,KEEP,MEDIUM,20260628000003_phi_access_audit.sql ; 20260628000003_phi_access_audit.sql
phi_backfill_log,Audit/Compliance,AUDIT,DIRECT hospital_id,YES,id,1,2,2,READ|INSERT|UPDATE,INTENTIONAL DESIGN,LOW,LOW,LOW,LOW,MEDIUM,KEEP,MEDIUM,20260628000001_phi_encryption_keys.sql ; 20260628000001_phi_encryption_keys.sql
phi_encryption_keys,Audit/Compliance,CORE ENTITY,hospital_id present but UNUSED by RLS,YES,id,1,1,2,READ|INSERT,INTENTIONAL DESIGN,LOW,LOW,HIGH,LOW,LOW,KEEP + MODIFY (tenant guard),HIGH,20260628000001_phi_encryption_keys.sql ; 20260628000001_phi_encryption_keys.sql
physio_equipment_bookings,Other,CORE ENTITY,DIRECT hospital_id,YES,id,4,1,1,READ|UPDATE|INSERT,INTENTIONAL DESIGN,LOW,LOW,LOW,LOW,MEDIUM,KEEP,MEDIUM,20260329152758_bd6673df-fdba-4c2a-9ede-4f52db1a0c84.sql ; 20260329152758_bd6673df-fdba-4c2a-9ede-4f52db1a0c84.sql
physio_referrals,Other,CORE ENTITY,DIRECT hospital_id,YES,id,6,1,3,INSERT|READ|UPDATE,INTENTIONAL DESIGN,LOW,LOW,LOW,MEDIUM,HIGH,KEEP + MODIFY (add FK indexes),HIGH,20260329152758_bd6673df-fdba-4c2a-9ede-4f52db1a0c84.sql ; 20260329152758_bd6673df-fdba-4c2a-9ede-4f52db1a0c84.sql
physio_sessions,Other,CORE ENTITY,DIRECT hospital_id,YES,id,4,1,1,READ|INSERT|UPDATE,INTENTIONAL DESIGN,LOW,LOW,LOW,MEDIUM,MEDIUM,KEEP,MEDIUM,20260329152758_bd6673df-fdba-4c2a-9ede-4f52db1a0c84.sql ; 20260329152758_bd6673df-fdba-4c2a-9ede-4f52db1a0c84.sql
plan_features,Platform,PLATFORM,DERIVED via subscription_plans,NO,id,1,3,6,READ|INSERT,PATCHED DESIGN (repeated policy rewrites),LOW,LOW,CRITICAL,LOW,LOW,KEEP + MODIFY (fix RLS),HIGH,20260601150001_aumrti_control_plane.sql ; 20260601150001_aumrti_control_plane.sql
platform_ai_keys,AI,PLATFORM,GLOBAL / non-tenant,NO,id,0,2,8,READ|INSERT|UPDATE,INTENTIONAL DESIGN,LOW,LOW,LOW,LOW,LOW,KEEP,MEDIUM,20261006000000_global_ai_config.sql ; 20261006000000_global_ai_config.sql
platform_ai_provider_config,AI,CONFIGURATION,GLOBAL / non-tenant,NO,id,0,5,3,READ|UPDATE|INSERT,PATCHED DESIGN (repeated policy rewrites),LOW,LOW,CRITICAL,LOW,LOW,KEEP + MODIFY (fix RLS),HIGH,20261006000000_global_ai_config.sql ; 20261006000000_global_ai_config.sql
platform_billing_settings,Platform,CONFIGURATION,GLOBAL / non-tenant,NO,id,0,2,4,INSERT|READ,INTENTIONAL DESIGN,LOW,LOW,LOW,LOW,LOW,KEEP,MEDIUM,20261008000154_platform_billing_v2.sql ; 20261008000154_platform_billing_v2.sql
platform_feature_flag_overrides,Platform,PLATFORM,DIRECT hospital_id,YES,id,2,2,1,READ|INSERT|DELETE,INTENTIONAL DESIGN,LOW,LOW,LOW,LOW,MEDIUM,KEEP,MEDIUM,20261008000110_platform_feature_flags.sql ; 20261008000110_platform_feature_flags.sql
platform_feature_flags,Platform,PLATFORM,DERIVED via users,NO,id,1,2,1,READ|INSERT|UPDATE|DELETE,INTENTIONAL DESIGN,LOW,LOW,CRITICAL,LOW,MEDIUM,KEEP + MODIFY (fix RLS),HIGH,20261008000110_platform_feature_flags.sql ; 20261008000110_platform_feature_flags.sql
platform_incident_updates,Platform,PLATFORM,DERIVED via users/platform_incidents,NO,id,2,2,2,READ|INSERT|UPDATE,INTENTIONAL DESIGN,LOW,LOW,CRITICAL,LOW,MEDIUM,KEEP + MODIFY (fix RLS),HIGH,20261008000103_platform_incidents.sql ; 20261008000103_platform_incidents.sql
platform_incidents,Platform,PLATFORM,DERIVED via users,NO,id,1,2,2,READ|INSERT|UPDATE,INTENTIONAL DESIGN,LOW,LOW,CRITICAL,LOW,MEDIUM,KEEP + MODIFY (fix RLS),HIGH,20261008000103_platform_incidents.sql ; 20261008000103_platform_incidents.sql
platform_metrics_registry,Platform,PLATFORM,GLOBAL / non-tenant,NO,id,0,2,1,READ,INTENTIONAL DESIGN,LOW,LOW,LOW,LOW,LOW,KEEP,MEDIUM,20261008000117_platform_metrics_registry.sql ; 20261008000117_platform_metrics_registry.sql
platform_onboarding_tours,Platform,PLATFORM,GLOBAL / non-tenant,NO,id,0,2,2,READ,INTENTIONAL DESIGN,LOW,LOW,LOW,LOW,LOW,KEEP,MEDIUM,20261008000112_onboarding_tours.sql ; 20261008000112_onboarding_tours.sql
platform_settings,Platform,CONFIGURATION,GLOBAL / non-tenant,NO,id,0,1,4,READ|INSERT,INTENTIONAL DESIGN,LOW,LOW,LOW,LOW,LOW,KEEP,MEDIUM,20261003000003_platform_settings.sql ; 20261003000003_platform_settings.sql
platform_support_tickets,Platform,PLATFORM,DIRECT hospital_id,YES,id,4,1,3,READ|INSERT|UPDATE|DELETE,INTENTIONAL DESIGN,LOW,LOW,LOW,LOW,MEDIUM,KEEP,MEDIUM,20261008000111_platform_support_tickets.sql ; 20261008000111_platform_support_tickets.sql
platform_training_videos,Platform,PLATFORM,GLOBAL / non-tenant,NO,id,0,2,3,READ|INSERT|UPDATE,INTENTIONAL DESIGN,LOW,LOW,LOW,LOW,LOW,KEEP,MEDIUM,20261008000114_platform_training_videos.sql ; 20261008000114_platform_training_videos.sql
pm_schedules,Other,CORE ENTITY,DIRECT hospital_id,YES,id,3,1,5,READ|UPDATE|INSERT,INTENTIONAL DESIGN,LOW,LOW,LOW,LOW,MEDIUM,KEEP,MEDIUM,20260329082735_9bc536a7-52f4-4887-8826-8c9555012e77.sql ; 20260329082735_9bc536a7-52f4-4887-8826-8c9555012e77.sql
pmjay_claims,PM-JAY,CORE ENTITY,DIRECT hospital_id,YES,id,6,1,6,READ|UPDATE|INSERT,INTENTIONAL DESIGN,LOW,LOW,LOW,LOW,HIGH,KEEP + MODIFY (add FK indexes),HIGH,20260329063511_1963ad63-bfbd-458c-b038-ebbee8ae482b.sql ; 20260329063511_1963ad63-bfbd-458c-b038-ebbee8ae482b.sql
pmjay_package_master,PM-JAY,REFERENCE,DIRECT hospital_id,YES,id,1,1,1,READ,INTENTIONAL DESIGN,LOW,LOW,LOW,LOW,LOW,KEEP,MEDIUM,20260531000006_rcm_gaps.sql ; 20260531000006_rcm_gaps.sql
pmjay_packages,PM-JAY,CORE ENTITY,DIRECT hospital_id,YES,id,2,3,3,READ|INSERT,DUPLICATED DESIGN (multiple CREATE TABLE),HIGH,MEDIUM,LOW,LOW,MEDIUM,KEEP,MEDIUM,20260329063511_1963ad63-bfbd-458c-b038-ebbee8ae482b.sql ; 20260329063511_1963ad63-bfbd-458c-b038-ebbee8ae482b.sql
pmjay_preauth_requests,PM-JAY,CORE ENTITY,DIRECT hospital_id,YES,id,3,1,0,NONE,INTENTIONAL DESIGN,LOW,LOW,LOW,LOW,MEDIUM,"REVIEW (no app usage, no rows)",LOW,20260901000005_add_pmjay_tables.sql ; 20260901000005_add_pmjay_tables.sql
po_approval_rules,Other,CONFIGURATION,DIRECT hospital_id,YES,id,1,1,1,READ|INSERT|DELETE,INTENTIONAL DESIGN,LOW,LOW,LOW,LOW,LOW,KEEP,MEDIUM,20261008000076_po_approval_costcentre.sql ; 20261008000076_po_approval_costcentre.sql
po_items,Other,JUNCTION,DIRECT hospital_id,YES,id,3,4,4,READ|UPDATE|INSERT,INTENTIONAL DESIGN,LOW,LOW,LOW,LOW,MEDIUM,KEEP,MEDIUM,20260324080900_880106fb-2a83-4c42-aec2-012df6887a7a.sql ; 20260518000006_rls_missing_tables.sql
portal_chat_messages,Patient,CORE ENTITY,hospital_id present but UNUSED by RLS,YES,id,2,1,1,READ|INSERT|DELETE,INTENTIONAL DESIGN,LOW,LOW,HIGH,LOW,MEDIUM,KEEP + MODIFY (tenant guard),HIGH,20261003000001_phase6c_ai_bots.sql ; 20261003000001_phase6c_ai_bots.sql
prakriti_assessments,Other,CORE ENTITY,DIRECT hospital_id,YES,id,3,1,1,READ|INSERT,INTENTIONAL DESIGN,LOW,LOW,LOW,LOW,MEDIUM,KEEP,MEDIUM,20260330085045_fb5a8164-9b1f-4fbe-b3a4-9e2067eb51a6.sql ; 20260330085045_fb5a8164-9b1f-4fbe-b3a4-9e2067eb51a6.sql
pre_auth_requests,Insurance,CORE ENTITY,DIRECT hospital_id,YES,id,6,1,3,INSERT|READ|UPDATE,INTENTIONAL DESIGN,LOW,LOW,LOW,MEDIUM,HIGH,KEEP + MODIFY (add FK indexes),HIGH,20260329063511_1963ad63-bfbd-458c-b038-ebbee8ae482b.sql ; 20260329063511_1963ad63-bfbd-458c-b038-ebbee8ae482b.sql
prescriptions,Pharmacy,CORE ENTITY,DIRECT hospital_id,YES,id,5,2,23,INSERT|UPDATE|READ,EVOLVED DESIGN,LOW,LOW,LOW,LOW,MEDIUM,KEEP,MEDIUM,20260322095145_2f127eea-e6c2-408b-b1ea-c30530c596b2.sql ; 20260322095145_2f127eea-e6c2-408b-b1ea-c30530c596b2.sql
preventive_screenings,Other,CORE ENTITY,DIRECT hospital_id,YES,id,3,1,1,READ|INSERT,INTENTIONAL DESIGN,LOW,LOW,LOW,LOW,MEDIUM,KEEP,MEDIUM,20260509100001_nabh_preventive_screenings.sql ; 20260509100001_nabh_preventive_screenings.sql
procurement_recommendations,Procurement,CORE ENTITY,DIRECT hospital_id,YES,id,2,3,2,READ|UPDATE|INSERT,INTENTIONAL DESIGN,LOW,LOW,LOW,MEDIUM,MEDIUM,KEEP,MEDIUM,20260501145300_v9_emr_procurement_foundation.sql ; 20260501145300_v9_emr_procurement_foundation.sql
product_analytics_events,Other,CORE ENTITY,DIRECT hospital_id,YES,id,2,2,1,INSERT,INTENTIONAL DESIGN,LOW,LOW,LOW,LOW,MEDIUM,KEEP,MEDIUM,20261008000125_product_analytics_events.sql ; 20261008000125_product_analytics_events.sql
product_modes,Other,CORE ENTITY,DIRECT hospital_id,YES,id,1,1,3,READ|UPDATE|INSERT,INTENTIONAL DESIGN,LOW,MEDIUM,LOW,LOW,LOW,KEEP,MEDIUM,20260524000005_product_modes.sql ; 20260524000005_product_modes.sql
prom_prem_surveys,Patient,CORE ENTITY,DIRECT hospital_id,YES,id,2,3,3,READ|INSERT|UPDATE,INTENTIONAL DESIGN,LOW,LOW,LOW,LOW,MEDIUM,KEEP,MEDIUM,20260509100006_nabh_prom_prem.sql ; 20260509100006_nabh_prom_prem.sql
prompt_registry,AI,CORE ENTITY,DERIVED via users,NO,id,1,2,8,READ,INTENTIONAL DESIGN,LOW,LOW,LOW,LOW,MEDIUM,KEEP,MEDIUM,20260622000009_add_prompt_registry.sql ; 20260622000009_add_prompt_registry.sql
psychometric_assessments,Other,CORE ENTITY,DIRECT hospital_id,YES,id,1,2,1,READ|INSERT,INTENTIONAL DESIGN,LOW,LOW,LOW,LOW,MEDIUM,KEEP,MEDIUM,20260521000003_mental_health.sql ; 20260521000003_mental_health.sql
purchase_orders,Procurement,CORE ENTITY,DIRECT hospital_id,YES,id,6,3,5,READ|UPDATE|INSERT,EVOLVED DESIGN,LOW,LOW,LOW,LOW,HIGH,KEEP + MODIFY (add FK indexes),HIGH,20260324080900_880106fb-2a83-4c42-aec2-012df6887a7a.sql ; 20260510000001_enable_rls_missing_tables.sql
purchase_requisitions,Procurement,CORE ENTITY,DIRECT hospital_id,YES,id,3,1,1,UPDATE|READ|INSERT,INTENTIONAL DESIGN,LOW,LOW,LOW,LOW,MEDIUM,KEEP,MEDIUM,20261008000074_procurement_rfq.sql
push_notifications,Notifications,CORE ENTITY,DIRECT hospital_id,YES,id,2,2,2,READ|INSERT,INTENTIONAL DESIGN,LOW,LOW,LOW,LOW,MEDIUM,KEEP,MEDIUM,20260910000012_mobile_fcm_tokens.sql ; 20260910000012_mobile_fcm_tokens.sql
qi_cycles,Other,CORE ENTITY,DERIVED via qi_projects,NO,id,1,1,1,READ|UPDATE|INSERT,INTENTIONAL DESIGN,LOW,LOW,LOW,LOW,LOW,KEEP,MEDIUM,20260909000004_clinical_audits_qi.sql ; 20260909000004_clinical_audits_qi.sql
qi_projects,Other,CORE ENTITY,DIRECT hospital_id,YES,id,4,1,2,INSERT|READ|UPDATE,INTENTIONAL DESIGN,LOW,LOW,LOW,LOW,MEDIUM,KEEP,MEDIUM,20260909000004_clinical_audits_qi.sql ; 20260909000004_clinical_audits_qi.sql
quality_indicator_definitions,Quality/NABH,REFERENCE,GLOBAL / non-tenant,NO,indicator_code,0,2,2,READ|INSERT,INTENTIONAL DESIGN,LOW,LOW,CRITICAL,LOW,LOW,KEEP + MODIFY (fix RLS),HIGH,20261011000010_quality_indicator_schema.sql ; 20261011000010_quality_indicator_schema.sql
quality_indicator_overrides,Quality/NABH,CORE ENTITY,DIRECT hospital_id,YES,id,3,2,1,READ,INTENTIONAL DESIGN,LOW,LOW,LOW,LOW,MEDIUM,KEEP,MEDIUM,20261011000010_quality_indicator_schema.sql ; 20261011000010_quality_indicator_schema.sql
quality_indicators,Quality/NABH,CORE ENTITY,DIRECT hospital_id,YES,id,1,2,4,READ|INSERT,INTENTIONAL DESIGN,LOW,LOW,LOW,LOW,LOW,KEEP,MEDIUM,20260324133145_ee0f767c-dfb1-49f0-acbb-d8ea9ea4a8ae.sql ; 20260324133145_ee0f767c-dfb1-49f0-acbb-d8ea9ea4a8ae.sql
queue_state,OPD,CORE ENTITY,DIRECT hospital_id,YES,id,5,2,1,INSERT,INTENTIONAL DESIGN,LOW,LOW,CRITICAL,LOW,HIGH,KEEP + MODIFY (fix RLS),HIGH,20260524000001_queue_state_tv_settings.sql ; 20260524000001_queue_state_tv_settings.sql
quotation_items,Other,JUNCTION,DERIVED via inventory_items/vendor_quotations,NO,id,2,1,1,INSERT,INTENTIONAL DESIGN,LOW,LOW,LOW,LOW,MEDIUM,KEEP,MEDIUM,20261008000074_procurement_rfq.sql ; 20261008000074_procurement_rfq.sql
radiology_modalities,Radiology,CORE ENTITY,DIRECT hospital_id,YES,id,1,2,9,READ|INSERT|UPDATE|DELETE,INTENTIONAL DESIGN,LOW,LOW,LOW,LOW,MEDIUM,KEEP,MEDIUM,20260322161647_ebcce498-65ae-4af4-9a4e-c13bca9f1026.sql ; 20260322161647_ebcce498-65ae-4af4-9a4e-c13bca9f1026.sql
radiology_orders,Radiology,CORE ENTITY,DIRECT hospital_id,YES,id,6,4,38,READ|UPDATE|DELETE|INSERT,PATCHED DESIGN (repeated policy rewrites),LOW,MEDIUM,LOW,LOW,HIGH,KEEP + MODIFY (add FK indexes),HIGH,20260322161647_ebcce498-65ae-4af4-9a4e-c13bca9f1026.sql ; 20260322161647_ebcce498-65ae-4af4-9a4e-c13bca9f1026.sql
radiology_reports,Radiology,CORE ENTITY,DIRECT hospital_id,YES,id,5,2,8,READ|INSERT|UPDATE,INTENTIONAL DESIGN,LOW,LOW,LOW,MEDIUM,HIGH,KEEP + MODIFY (add FK indexes),HIGH,20260322161647_ebcce498-65ae-4af4-9a4e-c13bca9f1026.sql ; 20260322161647_ebcce498-65ae-4af4-9a4e-c13bca9f1026.sql
radiology_study_master,Radiology,REFERENCE,DIRECT hospital_id,YES,id,2,1,15,READ|INSERT|UPDATE|DELETE,INTENTIONAL DESIGN,LOW,LOW,LOW,LOW,LOW,KEEP,MEDIUM,20260903000003_radiology_study_master.sql ; 20260903000003_radiology_study_master.sql
razorpay_plan_registry,Payments,CORE ENTITY,DERIVED via subscription_plans,NO,id,1,2,0,NONE,INTENTIONAL DESIGN,LOW,LOW,LOW,LOW,LOW,"REVIEW (no app usage, no rows)",LOW,20261008000154_platform_billing_v2.sql ; 20261008000154_platform_billing_v2.sql
razorpay_webhook_log,Payments,AUDIT,DENY-ALL (no policies),YES,webhook_id,0,0,2,INSERT,INTENTIONAL DESIGN,LOW,LOW,LOW,LOW,LOW,KEEP,MEDIUM,20260622000007_add_razorpay_webhook_log.sql ; 20260622000007_add_razorpay_webhook_log.sql
reconciliation_discrepancies,Other,CORE ENTITY,DIRECT hospital_id,YES,id,4,1,1,INSERT,INTENTIONAL DESIGN,LOW,LOW,LOW,LOW,MEDIUM,KEEP,MEDIUM,20260910000007_med_reconciliation.sql ; 20260910000007_med_reconciliation.sql
record_access_logs,Other,AUDIT,DIRECT hospital_id,YES,id,3,1,2,INSERT|READ,INTENTIONAL DESIGN,LOW,LOW,LOW,LOW,MEDIUM,KEEP,MEDIUM,20260909000008_ims.sql ; 20260909000008_ims.sql
record_requests,Other,CORE ENTITY,DIRECT hospital_id,YES,id,4,1,2,READ|INSERT|UPDATE,INTENTIONAL DESIGN,LOW,LOW,LOW,MEDIUM,HIGH,KEEP + MODIFY (add FK indexes),HIGH,20260328092644_e20b425f-7b11-4901-833e-bae2cd5c4448.sql ; 20260328092644_e20b425f-7b11-4901-833e-bae2cd5c4448.sql
record_retention_policies,Other,CORE ENTITY,DIRECT hospital_id,YES,id,1,1,2,READ|INSERT,INTENTIONAL DESIGN,LOW,LOW,LOW,LOW,LOW,KEEP,MEDIUM,20260909000008_ims.sql ; 20260909000008_ims.sql
referral_codes,Platform,REFERENCE,DIRECT hospital_id,YES,id,3,2,2,READ|INSERT|UPDATE,INTENTIONAL DESIGN,LOW,LOW,LOW,MEDIUM,MEDIUM,KEEP,MEDIUM,20261008000129_referral_system.sql ; 20261008000129_referral_system.sql
referral_doctors,Platform,CORE ENTITY,DIRECT hospital_id,YES,id,1,1,5,READ|UPDATE|INSERT,INTENTIONAL DESIGN,LOW,LOW,LOW,MEDIUM,LOW,KEEP,MEDIUM,20260329151449_d303bc0e-5b84-434f-97a1-0c8b4b6b10a2.sql ; 20260329151449_d303bc0e-5b84-434f-97a1-0c8b4b6b10a2.sql
referral_partners,Platform,CORE ENTITY,DERIVED via users,NO,id,1,1,1,READ|INSERT|UPDATE,INTENTIONAL DESIGN,LOW,LOW,LOW,LOW,MEDIUM,KEEP,MEDIUM,20261008000129_referral_system.sql ; 20261008000129_referral_system.sql
referral_redemptions,Platform,CORE ENTITY,DERIVED via referral_codes,NO,id,2,2,2,READ|INSERT,INTENTIONAL DESIGN,LOW,LOW,LOW,LOW,LOW,KEEP,MEDIUM,20261008000129_referral_system.sql ; 20261008000129_referral_system.sql
refund_payables,Billing,CORE ENTITY,DIRECT hospital_id,YES,id,7,3,7,READ|INSERT,PATCHED DESIGN (repeated policy rewrites),LOW,LOW,LOW,LOW,HIGH,KEEP + MODIFY (add FK indexes),HIGH,20260518000003_drug_return_credit_note.sql ; 20260518000003_drug_return_credit_note.sql
report_schedules,Reporting,CORE ENTITY,DIRECT hospital_id,YES,id,1,1,3,INSERT|READ|UPDATE|DELETE,INTENTIONAL DESIGN,LOW,LOW,LOW,MEDIUM,LOW,KEEP,MEDIUM,20260419080734_4f477d12-b854-4b81-b548-67605a4b5454.sql ; 20260419080734_4f477d12-b854-4b81-b548-67605a4b5454.sql
requisition_items,Other,JUNCTION,DERIVED via inventory_items/purchase_requisitions,NO,id,2,1,1,READ|INSERT,INTENTIONAL DESIGN,LOW,LOW,LOW,LOW,MEDIUM,KEEP,MEDIUM,20261008000074_procurement_rfq.sql ; 20261008000074_procurement_rfq.sql
research_cohorts,Other,CORE ENTITY,DIRECT hospital_id,YES,id,2,1,1,READ|INSERT,INTENTIONAL DESIGN,LOW,LOW,LOW,LOW,MEDIUM,KEEP,MEDIUM,20260910000011_phase4_research_nps_chain.sql ; 20260910000011_phase4_research_nps_chain.sql
restraint_records,Other,CORE ENTITY,DIRECT hospital_id,YES,id,4,1,1,READ|INSERT|UPDATE,INTENTIONAL DESIGN,LOW,LOW,LOW,LOW,MEDIUM,KEEP,MEDIUM,20260904000026_p2_gaps.sql ; 20260904000026_p2_gaps.sql
retention_schedules,Other,CORE ENTITY,DIRECT hospital_id,YES,id,3,1,2,READ|UPDATE,INTENTIONAL DESIGN,LOW,LOW,LOW,LOW,MEDIUM,KEEP,MEDIUM,20260328092644_e20b425f-7b11-4901-833e-bae2cd5c4448.sql ; 20260328092644_e20b425f-7b11-4901-833e-bae2cd5c4448.sql
revenue_alerts,Billing,CORE ENTITY,DIRECT hospital_id,YES,id,4,1,2,READ|INSERT|UPDATE,INTENTIONAL DESIGN,LOW,LOW,LOW,LOW,MEDIUM,KEEP,MEDIUM,20260331065220_ae2c4d60-8578-45af-becb-0a465e2d9470.sql ; 20260331065220_ae2c4d60-8578-45af-becb-0a465e2d9470.sql
revenue_leak_actions,Billing,CORE ENTITY,DIRECT hospital_id,YES,id,4,1,2,UPDATE|INSERT|READ,INTENTIONAL DESIGN,LOW,LOW,LOW,LOW,MEDIUM,KEEP,MEDIUM,20261008000113_revenue_leak_actions.sql ; 20261008000113_revenue_leak_actions.sql
rfq_vendors,Procurement,CORE ENTITY,DERIVED via rfqs/vendors,NO,id,2,1,1,READ|INSERT,INTENTIONAL DESIGN,LOW,LOW,LOW,LOW,MEDIUM,KEEP,MEDIUM,20261008000074_procurement_rfq.sql ; 20261008000074_procurement_rfq.sql
rfqs,Procurement,CORE ENTITY,DIRECT hospital_id,YES,id,3,1,1,READ|UPDATE|INSERT,INTENTIONAL DESIGN,LOW,LOW,LOW,LOW,MEDIUM,KEEP,MEDIUM,20261008000074_procurement_rfq.sql
role_permissions,Identity,JUNCTION,DIRECT hospital_id,YES,id,1,2,5,READ|UPDATE|INSERT|DELETE,INTENTIONAL DESIGN,LOW,LOW,LOW,LOW,LOW,KEEP,MEDIUM,20260327032137_9056a817-66f9-469f-913b-c666dc2e3dc6.sql ; 20260327032137_9056a817-66f9-469f-913b-c666dc2e3dc6.sql
safety_event_capa,Other,CORE ENTITY,DERIVED via users/safety_events,NO,id,2,1,2,READ|INSERT|UPDATE,INTENTIONAL DESIGN,LOW,LOW,LOW,LOW,MEDIUM,KEEP,MEDIUM,20260909000002_safety_events.sql ; 20260909000002_safety_events.sql
safety_event_rca,Other,CORE ENTITY,DERIVED via users/safety_events,NO,id,2,1,1,READ|INSERT|UPDATE,INTENTIONAL DESIGN,LOW,MEDIUM,LOW,LOW,MEDIUM,KEEP,MEDIUM,20260909000002_safety_events.sql ; 20260909000002_safety_events.sql
safety_events,Other,CORE ENTITY,DIRECT hospital_id,YES,id,6,1,5,READ|INSERT|UPDATE,INTENTIONAL DESIGN,LOW,LOW,LOW,LOW,HIGH,KEEP + MODIFY (add FK indexes),HIGH,20260909000002_safety_events.sql ; 20260909000002_safety_events.sql
safety_rounds,Other,CORE ENTITY,DIRECT hospital_id,YES,id,2,1,1,READ|INSERT|DELETE,INTENTIONAL DESIGN,LOW,LOW,LOW,LOW,MEDIUM,KEEP,MEDIUM,20260909000007_fms.sql ; 20260909000007_fms.sql
salary_structures,Payroll,CORE ENTITY,DIRECT hospital_id,YES,id,1,1,1,READ|INSERT,INTENTIONAL DESIGN,LOW,LOW,LOW,MEDIUM,MEDIUM,KEEP,MEDIUM,20260531000003_payroll_engine.sql ; 20260531000003_payroll_engine.sql
scheme_beneficiaries,Other,CORE ENTITY,DIRECT hospital_id,YES,id,3,1,2,READ|INSERT|UPDATE,INTENTIONAL DESIGN,LOW,LOW,LOW,LOW,MEDIUM,KEEP,MEDIUM,20260329063511_1963ad63-bfbd-458c-b038-ebbee8ae482b.sql ; 20260329063511_1963ad63-bfbd-458c-b038-ebbee8ae482b.sql
second_victim_cases,Other,CORE ENTITY,DIRECT hospital_id,YES,id,3,1,1,READ|INSERT|UPDATE,INTENTIONAL DESIGN,LOW,LOW,LOW,LOW,MEDIUM,KEEP,MEDIUM,20260509100008_nabh_second_victim.sql ; 20260509100008_nabh_second_victim.sql
second_victim_sessions,Other,CORE ENTITY,DIRECT hospital_id,YES,id,2,1,1,READ|INSERT,INTENTIONAL DESIGN,LOW,LOW,LOW,LOW,MEDIUM,KEEP,MEDIUM,20260509100008_nabh_second_victim.sql ; 20260509100008_nabh_second_victim.sql
sedation_scores,ICU,REPORTING,DIRECT hospital_id,YES,id,3,1,1,READ|INSERT,INTENTIONAL DESIGN,LOW,LOW,LOW,LOW,MEDIUM,KEEP,MEDIUM,20260910000005_icu_workspace.sql ; 20260910000005_icu_workspace.sql
service_charges,Billing,CORE ENTITY,DIRECT hospital_id,YES,id,7,1,3,READ|UPDATE|INSERT,INTENTIONAL DESIGN,LOW,LOW,LOW,LOW,HIGH,KEEP + MODIFY (add FK indexes),HIGH,20260531000007_billing_leakage_fix.sql ; 20260531000007_billing_leakage_fix.sql
service_master,Billing,REFERENCE,DIRECT hospital_id,YES,id,3,2,47,READ|INSERT|UPDATE|DELETE,PATCHED DESIGN (touched by many migrations),LOW,MEDIUM,LOW,MEDIUM,MEDIUM,KEEP,MEDIUM,20260321172711_08ce171e-0ec4-4070-a0b9-943fc59cab13.sql ; 20260321172711_08ce171e-0ec4-4070-a0b9-943fc59cab13.sql
service_rates,Billing,CORE ENTITY,DIRECT hospital_id,YES,id,2,1,5,READ|INSERT|UPDATE,INTENTIONAL DESIGN,LOW,LOW,LOW,LOW,MEDIUM,KEEP,MEDIUM,20260418165433_d6b096bc-e165-45f9-b6df-0d279a96bd33.sql ; 20260418165433_d6b096bc-e165-45f9-b6df-0d279a96bd33.sql
set_issues,Other,CORE ENTITY,DIRECT hospital_id,YES,id,4,1,2,READ|INSERT|UPDATE,INTENTIONAL DESIGN,LOW,LOW,LOW,LOW,HIGH,KEEP + MODIFY (add FK indexes),HIGH,20260328053244_8e0f8d5a-e7a8-4433-bd17-3cbc6805c53c.sql ; 20260328053244_8e0f8d5a-e7a8-4433-bd17-3cbc6805c53c.sql
settlement_reconciliation_flags,Payments,CORE ENTITY,hospital_id present but UNUSED by RLS,YES,id,3,2,2,READ|INSERT|UPDATE,INTENTIONAL DESIGN,LOW,LOW,HIGH,LOW,MEDIUM,KEEP + MODIFY (tenant guard),HIGH,20261008000118_settlement_reconciliation_flags.sql ; 20261008000118_settlement_reconciliation_flags.sql
shift_master,HR,REFERENCE,DIRECT hospital_id,YES,id,1,4,5,READ|INSERT|UPDATE|DELETE,INTENTIONAL DESIGN,LOW,LOW,LOW,LOW,MEDIUM,KEEP,MEDIUM,20260324080455_00c894a3-3659-42b3-8566-d84b0589970e.sql ; 20260518000006_rls_missing_tables.sql
shift_swap_requests,HR,CORE ENTITY,DIRECT hospital_id,YES,id,4,1,2,READ|INSERT|UPDATE,INTENTIONAL DESIGN,LOW,LOW,LOW,LOW,MEDIUM,KEEP,MEDIUM,20261008000062_hr_shift_swap.sql ; 20261008000062_hr_shift_swap.sql
signup_otp_verifications,Platform,CORE ENTITY,DENY-ALL (no policies),NO,id,0,0,3,READ|UPDATE|INSERT,INTENTIONAL DESIGN,LOW,LOW,LOW,LOW,LOW,KEEP,MEDIUM,20261003000002_signup_otp_verifications.sql ; 20261003000002_signup_otp_verifications.sql
sms_notifications,Notifications,CORE ENTITY,DIRECT hospital_id,YES,id,1,1,1,INSERT,INTENTIONAL DESIGN,LOW,LOW,LOW,LOW,LOW,KEEP,MEDIUM,20260622000003_add_sms_notifications_table.sql ; 20260622000003_add_sms_notifications_table.sql
staff_attendance,HR,CORE ENTITY,DIRECT hospital_id,YES,id,3,3,14,READ|INSERT|UPDATE|DELETE,EVOLVED DESIGN,LOW,LOW,LOW,LOW,MEDIUM,KEEP,MEDIUM,20260322092601_7a1cb821-2abc-479b-8d2d-9d19a5740e0b.sql ; 20260322092601_7a1cb821-2abc-479b-8d2d-9d19a5740e0b.sql
staff_burnout_scores,HR,REPORTING,DIRECT hospital_id,YES,id,2,1,1,READ|INSERT,INTENTIONAL DESIGN,LOW,LOW,LOW,LOW,MEDIUM,KEEP,MEDIUM,20260601000002_tier3_excellence.sql ; 20260601000002_tier3_excellence.sql
staff_credentials,HR,CORE ENTITY,DIRECT hospital_id,YES,id,3,1,7,READ|INSERT|UPDATE|DELETE,INTENTIONAL DESIGN,LOW,LOW,LOW,LOW,MEDIUM,KEEP,MEDIUM,20260904000025_p1_gaps.sql ; 20260904000025_p1_gaps.sql
staff_documents,HR,CORE ENTITY,DIRECT hospital_id,YES,id,4,1,3,READ|INSERT|UPDATE|DELETE,INTENTIONAL DESIGN,LOW,LOW,LOW,LOW,MEDIUM,KEEP,MEDIUM,20261008000060_hr_staff_documents.sql ; 20261008000060_hr_staff_documents.sql
staff_exits,HR,CORE ENTITY,DIRECT hospital_id,YES,id,3,1,1,READ|INSERT|UPDATE,INTENTIONAL DESIGN,LOW,LOW,LOW,LOW,MEDIUM,KEEP,MEDIUM,20261008000058_hr_offboarding.sql ; 20261008000058_hr_offboarding.sql
staff_grievances,HR,CORE ENTITY,DIRECT hospital_id,YES,id,3,1,1,READ|INSERT|UPDATE,INTENTIONAL DESIGN,LOW,LOW,LOW,LOW,MEDIUM,KEEP,MEDIUM,20261008000063_hr_staff_grievances.sql ; 20261008000063_hr_staff_grievances.sql
staff_injuries,HR,CORE ENTITY,DIRECT hospital_id,YES,id,2,1,2,READ|INSERT|UPDATE,INTENTIONAL DESIGN,LOW,LOW,LOW,MEDIUM,MEDIUM,KEEP,MEDIUM,20260904000026_p2_gaps.sql ; 20260904000026_p2_gaps.sql
staff_privileges,HR,CORE ENTITY,DIRECT hospital_id,YES,id,4,1,4,READ|INSERT|UPDATE|DELETE,INTENTIONAL DESIGN,LOW,LOW,LOW,LOW,MEDIUM,KEEP,MEDIUM,20260909000006_hr_credentialing.sql ; 20260909000006_hr_credentialing.sql
staff_profiles,HR,CORE ENTITY,DIRECT hospital_id,YES,id,3,2,11,READ|INSERT|DELETE|UPDATE,INTENTIONAL DESIGN,LOW,LOW,LOW,LOW,MEDIUM,KEEP,MEDIUM,20260324145808_0e88263a-3371-4695-acca-132e3c844e4b.sql ; 20260324145808_0e88263a-3371-4695-acca-132e3c844e4b.sql
staff_salary_assignments,HR,JUNCTION,DIRECT hospital_id,YES,id,3,1,2,READ|INSERT|UPDATE,INTENTIONAL DESIGN,LOW,LOW,LOW,LOW,MEDIUM,KEEP,MEDIUM,20260531000003_payroll_engine.sql ; 20260531000003_payroll_engine.sql
staff_training_records,HR,CORE ENTITY,DIRECT hospital_id,YES,id,2,1,5,READ|INSERT|DELETE,INTENTIONAL DESIGN,LOW,LOW,LOW,LOW,LOW,KEEP,MEDIUM,20260909000006_hr_credentialing.sql ; 20260909000006_hr_credentialing.sql
staffing_alerts,HR,CORE ENTITY,DIRECT hospital_id,YES,id,2,1,2,READ|UPDATE|INSERT,INTENTIONAL DESIGN,LOW,LOW,LOW,LOW,MEDIUM,KEEP,MEDIUM,20260509100004_nabh_acuity_staffing.sql ; 20260509100004_nabh_acuity_staffing.sql
sterilization_cycles,Infection Control,CORE ENTITY,DIRECT hospital_id,YES,id,4,1,3,READ|INSERT|UPDATE,INTENTIONAL DESIGN,LOW,LOW,LOW,LOW,MEDIUM,KEEP,MEDIUM,20260328053244_8e0f8d5a-e7a8-4433-bd17-3cbc6805c53c.sql ; 20260328053244_8e0f8d5a-e7a8-4433-bd17-3cbc6805c53c.sql
stimulation_monitoring,Other,CORE ENTITY,DIRECT hospital_id,YES,id,3,2,2,READ|INSERT,DUPLICATED DESIGN (multiple CREATE TABLE),HIGH,MEDIUM,LOW,MEDIUM,MEDIUM,KEEP,MEDIUM,20260330090552_8f181820-6667-4345-ae68-d4aed2b4e34e.sql ; 20260330090552_8f181820-6667-4345-ae68-d4aed2b4e34e.sql
stock_count_items,Inventory,JUNCTION,DERIVED via stock_counts/inventory_items,NO,id,2,1,1,READ|INSERT|UPDATE,INTENTIONAL DESIGN,LOW,LOW,LOW,LOW,MEDIUM,KEEP,MEDIUM,20261008000072_stock_counts.sql ; 20261008000072_stock_counts.sql
stock_counts,Inventory,CORE ENTITY,DIRECT hospital_id,YES,id,4,1,1,READ|INSERT|UPDATE,INTENTIONAL DESIGN,LOW,LOW,LOW,LOW,MEDIUM,KEEP,MEDIUM,20261008000072_stock_counts.sql ; 20261008000072_stock_counts.sql
stock_reorder_triggers,Inventory,CORE ENTITY,DIRECT hospital_id,YES,id,2,2,1,READ|UPDATE|INSERT,INTENTIONAL DESIGN,LOW,LOW,LOW,LOW,MEDIUM,KEEP,MEDIUM,20260521000002_pharmacy_expiry_control.sql ; 20260521000002_pharmacy_expiry_control.sql
stock_transactions,Inventory,CORE ENTITY,DIRECT hospital_id,YES,id,4,4,6,INSERT|READ,INTENTIONAL DESIGN,LOW,LOW,LOW,LOW,HIGH,KEEP + MODIFY (add FK indexes),HIGH,20260324080900_880106fb-2a83-4c42-aec2-012df6887a7a.sql ; 20260518000006_rls_missing_tables.sql
store_indent_items,Inventory,JUNCTION,DERIVED via store_indents/inventory_items,NO,id,2,1,3,INSERT|READ|UPDATE,INTENTIONAL DESIGN,LOW,LOW,LOW,LOW,LOW,KEEP,MEDIUM,20260908000010_ward_store_inventory.sql ; 20260908000010_ward_store_inventory.sql
store_indents,Inventory,CORE ENTITY,DIRECT hospital_id,YES,id,6,1,4,READ|INSERT|UPDATE,INTENTIONAL DESIGN,LOW,LOW,LOW,LOW,MEDIUM,KEEP,MEDIUM,20260908000010_ward_store_inventory.sql ; 20260908000010_ward_store_inventory.sql
store_locations,Inventory,CORE ENTITY,DIRECT hospital_id,YES,id,2,1,7,READ|INSERT|UPDATE|DELETE,INTENTIONAL DESIGN,LOW,LOW,LOW,LOW,MEDIUM,KEEP,MEDIUM,20260908000010_ward_store_inventory.sql ; 20260908000010_ward_store_inventory.sql
store_stock,Inventory,CORE ENTITY,DIRECT hospital_id,YES,id,4,1,4,READ|INSERT|UPDATE,INTENTIONAL DESIGN,LOW,LOW,LOW,LOW,MEDIUM,KEEP,MEDIUM,20261008000068_store_stock_balances.sql ; 20261008000068_store_stock_balances.sql
store_stock_movements,Inventory,CORE ENTITY,DIRECT hospital_id,YES,id,5,1,4,READ|INSERT,INTENTIONAL DESIGN,LOW,LOW,LOW,LOW,MEDIUM,KEEP,MEDIUM,20260908000010_ward_store_inventory.sql ; 20260908000010_ward_store_inventory.sql
subscription_events,Platform,PLATFORM,DIRECT hospital_id,YES,id,1,2,5,INSERT|READ|UPDATE,INTENTIONAL DESIGN,LOW,LOW,LOW,LOW,LOW,KEEP,MEDIUM,20260609000001_saas_automation_tables.sql ; 20260609000001_saas_automation_tables.sql
subscription_invoices,Platform,PLATFORM,DIRECT hospital_id,YES,id,2,3,7,READ|INSERT|UPDATE,EVOLVED DESIGN (heavy column accretion),LOW,LOW,LOW,LOW,MEDIUM,KEEP,MEDIUM,20260609000001_saas_automation_tables.sql ; 20260609000001_saas_automation_tables.sql
subscription_plans,Platform,PLATFORM,GLOBAL / non-tenant,NO,id,0,3,13,READ|INSERT|UPDATE,EVOLVED DESIGN (heavy column accretion),LOW,MEDIUM,CRITICAL,MEDIUM,LOW,KEEP + MODIFY (fix RLS),HIGH,20260601150001_aumrti_control_plane.sql ; 20260601150001_aumrti_control_plane.sql
system_config,Other,CONFIGURATION,DIRECT hospital_id,YES,id,1,3,1,READ|UPDATE|INSERT,INTENTIONAL DESIGN,LOW,LOW,LOW,LOW,LOW,KEEP,MEDIUM,20260327045637_374bfc54-05be-4d73-9183-63f042dcadb0.sql ; 20260327045637_374bfc54-05be-4d73-9183-63f042dcadb0.sql
tally_export_log,Other,AUDIT,DIRECT hospital_id,YES,id,2,1,2,READ|INSERT,INTENTIONAL DESIGN,LOW,LOW,LOW,LOW,MEDIUM,KEEP,MEDIUM,20260612000001_tally_sync_log.sql ; 20260612000001_tally_sync_log.sql
tally_ledger_mapping,Other,CORE ENTITY,DIRECT hospital_id,YES,id,1,1,3,READ|INSERT,INTENTIONAL DESIGN,LOW,LOW,LOW,LOW,LOW,KEEP,MEDIUM,20260524000004_integrations.sql ; 20260524000004_integrations.sql
tds_annual_summary,Payroll,REPORTING,DIRECT hospital_id,YES,id,2,1,0,NONE,INTENTIONAL DESIGN,LOW,LOW,LOW,MEDIUM,MEDIUM,"REVIEW (no app usage, no rows)",LOW,20260531000003_payroll_engine.sql ; 20260531000003_payroll_engine.sql
tds_sections,Payroll,CORE ENTITY,DIRECT hospital_id,YES,id,1,1,2,READ|UPDATE,INTENTIONAL DESIGN,LOW,LOW,LOW,LOW,LOW,KEEP,MEDIUM,20261008000078_tds_and_partial_payments.sql ; 20261008000078_tds_and_partial_payments.sql
teleconsult_sessions,Telemedicine,CORE ENTITY,DIRECT hospital_id,YES,id,5,2,7,READ|INSERT|UPDATE,INTENTIONAL DESIGN,LOW,LOW,LOW,LOW,HIGH,KEEP + MODIFY (add FK indexes),HIGH,20260327033127_f82bf142-1eee-48a3-a0fe-8474921bbcf0.sql ; 20260327033127_f82bf142-1eee-48a3-a0fe-8474921bbcf0.sql
therapy_plans,Other,CORE ENTITY,DIRECT hospital_id,YES,id,0,2,1,READ|INSERT|UPDATE,INTENTIONAL DESIGN,LOW,LOW,LOW,LOW,LOW,KEEP,MEDIUM,20260521000003_mental_health.sql ; 20260521000003_mental_health.sql
therapy_sessions,Other,CORE ENTITY,DIRECT hospital_id,YES,id,1,2,1,READ|INSERT|UPDATE,INTENTIONAL DESIGN,LOW,LOW,LOW,LOW,LOW,KEEP,MEDIUM,20260521000003_mental_health.sql ; 20260521000003_mental_health.sql
toxicity_events,Other,CORE ENTITY,DIRECT hospital_id,YES,id,4,1,1,READ|INSERT,INTENTIONAL DESIGN,LOW,LOW,LOW,MEDIUM,HIGH,KEEP + MODIFY (add FK indexes),HIGH,20260328054628_52972efb-5442-46fd-a624-f86462360ec5.sql ; 20260328054628_52972efb-5442-46fd-a624-f86462360ec5.sql
tpa_config,TPA,CONFIGURATION,DIRECT hospital_id,YES,id,1,4,7,READ|INSERT|UPDATE,EVOLVED DESIGN (heavy column accretion),LOW,LOW,LOW,LOW,LOW,KEEP,MEDIUM,20260323043602_2759c101-1bf1-4e3d-9f97-f9c25785c639.sql ; 20260518000006_rls_missing_tables.sql
tpa_dispute_communications,TPA,CORE ENTITY,DIRECT hospital_id,YES,id,3,1,1,READ|INSERT,INTENTIONAL DESIGN,LOW,LOW,LOW,LOW,MEDIUM,KEEP,MEDIUM,20260531000006_rcm_gaps.sql ; 20260531000006_rcm_gaps.sql
tpa_disputes,TPA,CORE ENTITY,DIRECT hospital_id,YES,id,4,1,2,READ|INSERT|UPDATE,INTENTIONAL DESIGN,LOW,LOW,LOW,MEDIUM,MEDIUM,KEEP,MEDIUM,20260531000006_rcm_gaps.sql ; 20260531000006_rcm_gaps.sql
tpa_queries,TPA,CORE ENTITY,DIRECT hospital_id,YES,id,5,1,3,READ|UPDATE|INSERT,PATCHED DESIGN (repeated policy rewrites),LOW,LOW,LOW,LOW,MEDIUM,KEEP,MEDIUM,20260529_insurance_upgrade.sql ; 20260529_insurance_upgrade.sql
transfusion_reactions,Blood Bank,CORE ENTITY,DIRECT hospital_id,YES,id,5,1,0,NONE,INTENTIONAL DESIGN,LOW,LOW,LOW,MEDIUM,HIGH,"REVIEW (no app usage, no rows)",LOW,20260531000005_blood_bank_tti_isbt.sql ; 20260531000005_blood_bank_tti_isbt.sql
translate_pricing,Other,CORE ENTITY,GLOBAL / non-tenant,NO,id,0,1,1,READ,INTENTIONAL DESIGN,LOW,LOW,LOW,LOW,LOW,KEEP,MEDIUM,20261009000179_translate_pricing.sql ; 20261009000179_translate_pricing.sql
tv_display_settings,Other,CONFIGURATION,DIRECT hospital_id,YES,id,1,2,3,READ|INSERT|UPDATE,INTENTIONAL DESIGN,LOW,MEDIUM,CRITICAL,LOW,LOW,KEEP + MODIFY (fix RLS),HIGH,20260524000001_queue_state_tv_settings.sql ; 20260524000001_queue_state_tv_settings.sql
user_permission_overrides,Identity,CORE ENTITY,DIRECT hospital_id,YES,id,2,2,2,READ|INSERT|DELETE,INTENTIONAL DESIGN,LOW,LOW,LOW,LOW,LOW,KEEP,MEDIUM,20261008000156_user_permission_overrides.sql ; 20261008000156_user_permission_overrides.sql
user_tour_progress,Identity,CORE ENTITY,DERIVED via platform_onboarding_tours/users,NO,id,2,3,2,READ|INSERT,PATCHED DESIGN (repeated policy rewrites),LOW,LOW,LOW,LOW,MEDIUM,KEEP,MEDIUM,20261008000112_onboarding_tours.sql ; 20261008000112_onboarding_tours.sql
user_trusted_devices,Identity,CORE ENTITY,DERIVED via users,NO,id,1,3,2,INSERT|READ|DELETE,PATCHED DESIGN (repeated policy rewrites),LOW,LOW,LOW,LOW,LOW,KEEP,MEDIUM,20260910000003_user_mfa.sql ; 20260910000003_user_mfa.sql
users,Identity,CORE ENTITY,DIRECT hospital_id,YES,id,5,4,297,READ|INSERT|UPDATE|DELETE,PATCHED DESIGN (touched by many migrations),LOW,MEDIUM,LOW,MEDIUM,HIGH,KEEP + MODIFY (add FK indexes),HIGH,20260321162749_5754cd97-c837-4c8f-a419-b2dd4b7f66f5.sql ; 20260321172711_08ce171e-0ec4-4070-a0b9-943fc59cab13.sql
vaccination_due,Vaccination,CORE ENTITY,DIRECT hospital_id,YES,id,3,2,4,READ|INSERT|UPDATE,DUPLICATED DESIGN (multiple CREATE TABLE),HIGH,MEDIUM,LOW,LOW,MEDIUM,KEEP,MEDIUM,20260330082601_4d96ad0c-559e-412b-978e-1c9185e66d76.sql ; 20260330082601_4d96ad0c-559e-412b-978e-1c9185e66d76.sql
vaccination_records,Vaccination,CORE ENTITY,DIRECT hospital_id,YES,id,5,2,6,READ|INSERT,DUPLICATED DESIGN (multiple CREATE TABLE),HIGH,MEDIUM,LOW,LOW,MEDIUM,KEEP,MEDIUM,20260330082601_4d96ad0c-559e-412b-978e-1c9185e66d76.sql ; 20260330082601_4d96ad0c-559e-412b-978e-1c9185e66d76.sql
vaccine_camps,Vaccination,CORE ENTITY,DIRECT hospital_id,YES,id,2,2,1,READ|INSERT,DUPLICATED DESIGN (multiple CREATE TABLE),HIGH,MEDIUM,LOW,LOW,MEDIUM,KEEP,MEDIUM,20260330082601_4d96ad0c-559e-412b-978e-1c9185e66d76.sql ; 20260330082601_4d96ad0c-559e-412b-978e-1c9185e66d76.sql
vaccine_master,Vaccination,REFERENCE,DIRECT hospital_id,YES,id,1,5,4,READ|INSERT|UPDATE|DELETE,DUPLICATED DESIGN (multiple CREATE TABLE),HIGH,MEDIUM,LOW,MEDIUM,LOW,KEEP,MEDIUM,20260330082601_4d96ad0c-559e-412b-978e-1c9185e66d76.sql ; 20260330082601_4d96ad0c-559e-412b-978e-1c9185e66d76.sql
vaccine_stock,Vaccination,CORE ENTITY,DIRECT hospital_id,YES,id,2,2,3,READ|UPDATE|INSERT,DUPLICATED DESIGN (multiple CREATE TABLE),HIGH,MEDIUM,LOW,LOW,MEDIUM,KEEP,MEDIUM,20260330082601_4d96ad0c-559e-412b-978e-1c9185e66d76.sql ; 20260330082601_4d96ad0c-559e-412b-978e-1c9185e66d76.sql
vendor_quotations,Procurement,CORE ENTITY,DIRECT hospital_id,YES,id,4,1,1,READ|INSERT|UPDATE,INTENTIONAL DESIGN,LOW,LOW,LOW,LOW,MEDIUM,KEEP,MEDIUM,20261008000074_procurement_rfq.sql ; 20261008000074_procurement_rfq.sql
vendor_rate_contracts,Procurement,CORE ENTITY,DIRECT hospital_id,YES,id,3,1,3,READ|INSERT|UPDATE,INTENTIONAL DESIGN,LOW,LOW,LOW,LOW,MEDIUM,KEEP,MEDIUM,20261008000075_vendor_rate_contracts.sql ; 20261008000075_vendor_rate_contracts.sql
vendors,Procurement,CORE ENTITY,DIRECT hospital_id,YES,id,1,4,6,READ|UPDATE|INSERT,EVOLVED DESIGN,LOW,LOW,LOW,MEDIUM,MEDIUM,KEEP,MEDIUM,20260324080900_880106fb-2a83-4c42-aec2-012df6887a7a.sql ; 20260518000006_rls_missing_tables.sql
ventilator_params,ICU,CORE ENTITY,DIRECT hospital_id,YES,id,3,1,1,READ|INSERT,INTENTIONAL DESIGN,LOW,LOW,LOW,MEDIUM,MEDIUM,KEEP,MEDIUM,20260910000005_icu_workspace.sql ; 20260910000005_icu_workspace.sql
vial_wastage,Other,CORE ENTITY,DIRECT hospital_id,YES,id,2,1,1,READ,INTENTIONAL DESIGN,LOW,LOW,LOW,LOW,MEDIUM,KEEP,MEDIUM,20260328054628_52972efb-5442-46fd-a624-f86462360ec5.sql ; 20260328054628_52972efb-5442-46fd-a624-f86462360ec5.sql
visitor_passes,OPD,CORE ENTITY,DIRECT hospital_id,YES,id,3,1,1,READ|INSERT|UPDATE,INTENTIONAL DESIGN,LOW,LOW,LOW,LOW,MEDIUM,KEEP,MEDIUM,20260329152029_67617faf-05e8-4ea7-ba64-db5c0add3929.sql ; 20260329152029_67617faf-05e8-4ea7-ba64-db5c0add3929.sql
ward_acuity_snapshots,IPD,HISTORY,DIRECT hospital_id,YES,id,1,1,2,READ|INSERT,INTENTIONAL DESIGN,LOW,LOW,LOW,LOW,LOW,KEEP,MEDIUM,20260509100004_nabh_acuity_staffing.sql ; 20260509100004_nabh_acuity_staffing.sql
ward_round_notes,IPD,CORE ENTITY,DIRECT hospital_id,YES,id,4,2,7,READ|INSERT,INTENTIONAL DESIGN,LOW,LOW,LOW,LOW,HIGH,KEEP + MODIFY (add FK indexes),HIGH,20260322100400_6c9a79a1-7e9c-4765-b9ee-5f84aa2a6291.sql ; 20260322100400_6c9a79a1-7e9c-4765-b9ee-5f84aa2a6291.sql
wards,IPD,CORE ENTITY,DIRECT hospital_id,YES,id,1,2,40,READ|UPDATE|INSERT|DELETE,EVOLVED DESIGN,LOW,LOW,LOW,LOW,MEDIUM,KEEP,MEDIUM,20260321172711_08ce171e-0ec4-4070-a0b9-943fc59cab13.sql ; 20260321172711_08ce171e-0ec4-4070-a0b9-943fc59cab13.sql
webhook_dlq,Integration,INTEGRATION,DENY-ALL (no policies),NO,id,0,0,3,INSERT|READ|UPDATE,INTENTIONAL DESIGN,LOW,LOW,LOW,LOW,LOW,KEEP,MEDIUM,20260622000008_add_webhook_dlq.sql ; 20260622000008_add_webhook_dlq.sql
whatsapp_bot_messages,Notifications,CORE ENTITY,DIRECT hospital_id,YES,id,2,1,1,INSERT,INTENTIONAL DESIGN,LOW,LOW,LOW,LOW,MEDIUM,KEEP,MEDIUM,20261001000011_add_whatsapp_bot_sessions.sql ; 20261001000011_add_whatsapp_bot_sessions.sql
whatsapp_bot_sessions,Notifications,CORE ENTITY,DIRECT hospital_id,YES,id,2,1,1,READ|INSERT|UPDATE,INTENTIONAL DESIGN,LOW,MEDIUM,LOW,LOW,MEDIUM,KEEP,MEDIUM,20260628000002_phi_column_encryption.sql ; 20261001000011_add_whatsapp_bot_sessions.sql
whatsapp_connectors,Notifications,CORE ENTITY,DIRECT hospital_id,YES,id,1,1,3,READ|UPDATE|INSERT,INTENTIONAL DESIGN,LOW,LOW,LOW,LOW,LOW,KEEP,MEDIUM,20260524000004_integrations.sql ; 20260524000004_integrations.sql
whatsapp_notifications,Notifications,CORE ENTITY,DIRECT hospital_id,YES,id,2,3,6,READ|UPDATE|INSERT,INTENTIONAL DESIGN,LOW,LOW,LOW,LOW,MEDIUM,KEEP,MEDIUM,20260326094517_8e6560cd-e8fa-4a31-b58b-80b3dd5a2e8a.sql ; 20260326094517_8e6560cd-e8fa-4a31-b58b-80b3dd5a2e8a.sql
whatsapp_templates,Notifications,CORE ENTITY,DIRECT hospital_id,YES,id,1,2,3,READ|UPDATE|INSERT|DELETE,INTENTIONAL DESIGN,LOW,LOW,LOW,LOW,MEDIUM,KEEP,MEDIUM,20260327035344_6cb789b8-4986-4a68-84f6-6de67cdb33e6.sql ; 20260327035344_6cb789b8-4986-4a68-84f6-6de67cdb33e6.sql
wound_assessments,Nursing,CORE ENTITY,DIRECT hospital_id,YES,id,4,1,1,READ|INSERT,INTENTIONAL DESIGN,LOW,LOW,LOW,LOW,MEDIUM,KEEP,MEDIUM,20260910000008_nutrition_wound_care.sql ; 20260910000008_nutrition_wound_care.sql
