table,domain,index,columns,kind,size_bytes,scans,flags
abdm_audit_log,ABDM,abdm_audit_log_pkey,id,PK,8192,0,none
abdm_care_contexts,ABDM,abdm_care_contexts_pkey,id,PK,8192,0,none
abdm_consent_logs,ABDM,abdm_consent_logs_pkey,id,PK,16384,0,none
abdm_consent_logs,ABDM,idx_abdm_consent_logs_hospital,hospital_id,INDEX,16384,115,none
abdm_consent_logs,ABDM,idx_abdm_consent_logs_patient,patient_id,INDEX,16384,95,none
abdm_consents,ABDM,abdm_consents_consent_id_key,consent_id,UNIQUE,8192,0,none
abdm_consents,ABDM,abdm_consents_pkey,id,PK,8192,0,none
abdm_gateway_logs,ABDM,abdm_gateway_logs_pkey,id,PK,16384,0,none
abdm_rate_limits,ABDM,abdm_rate_limits_pkey,key,PK,8192,0,none
accounting_posting_failures,Other,accounting_posting_failures_hospital_created_idx,hospital_id created_at,INDEX,16384,114,none
accounting_posting_failures,Other,accounting_posting_failures_pkey,id,PK,16384,0,none
addon_skus,Platform,addon_skus_pkey,id,PK,16384,0,none
addon_skus,Platform,addon_skus_slug_key,slug,UNIQUE,16384,0,none
admin_audit_log,Other,admin_audit_log_pkey,id,PK,16384,0,none
admin_audit_log,Other,idx_admin_audit_log_action,action created_at,INDEX,16384,0,ZERO scans since stats reset
admin_audit_log,Other,idx_admin_audit_log_created,created_at,INDEX,16384,0,ZERO scans since stats reset
admin_audit_log,Other,idx_admin_audit_log_hospital,target_hospital_id created_at,INDEX,16384,1,none
admission_day_care_procedures,IPD,admission_day_care_procedures_pkey,id,PK,16384,0,none
admission_day_care_procedures,IPD,idx_admission_day_care_procedures_admission,admission_id,INDEX,16384,13,none
admission_day_care_procedures,IPD,uq_admission_day_care_procedure,admission_id procedure_id,UNIQUE,16384,0,none
admission_estimates,IPD,admission_estimates_admission_id_idx,admission_id,INDEX,16384,0,ZERO scans since stats reset
admission_estimates,IPD,admission_estimates_hospital_id_idx,hospital_id,INDEX,16384,259,none
admission_estimates,IPD,admission_estimates_pkey,id,PK,16384,0,none
admission_sequences,IPD,admission_sequences_pkey,hospital_id prefix,PK,16384,102,none
admissions,IPD,admissions_ec_phone_hash_idx,hospital_id ec_phone_hash,INDEX,8192,0,ZERO scans since stats reset
admissions,IPD,admissions_hospital_admission_number_key,hospital_id admission_number,UNIQUE,16384,418,none
admissions,IPD,admissions_pkey,id,PK,16384,2125,none
admissions,IPD,idx_admissions_discharge_unsigned,hospital_id discharge_unsigned_at,INDEX,16384,0,ZERO scans since stats reset
admissions,IPD,idx_admissions_doctor,admitting_doctor_id admitted_at,INDEX,16384,5,none
admissions,IPD,idx_admissions_hospital_admitted,hospital_id admitted_at,INDEX,16384,346,none
admissions,IPD,idx_admissions_hospital_status,hospital_id status,INDEX,16384,702,none
admissions,IPD,idx_admissions_late_discharge,hospital_id late_discharge_at,INDEX,16384,0,ZERO scans since stats reset
admissions,IPD,idx_admissions_package,hospital_id package_id,INDEX,8192,0,ZERO scans since stats reset
admissions,IPD,idx_admissions_patient,patient_id admitted_at,INDEX,16384,232,none
admissions,IPD,idx_admissions_scheduled,hospital_id scheduled_at,INDEX,16384,16,none
adult_immunization_schedule,Other,adult_immunization_schedule_hospital_id_patient_id_idx,hospital_id patient_id,INDEX,8192,67,none
adult_immunization_schedule,Other,adult_immunization_schedule_hospital_id_status_due_date_idx,hospital_id status due_date,INDEX,8192,105,none
adult_immunization_schedule,Other,adult_immunization_schedule_pkey,id,PK,8192,0,none
advance_receipts,Other,advance_receipts_hospital_receipt_number_key,hospital_id receipt_number,UNIQUE,16384,0,none
advance_receipts,Other,advance_receipts_pkey,id,PK,16384,0,none
advance_receipts,Other,idx_advance_receipts_admission_id,admission_id,INDEX,16384,0,ZERO scans since stats reset
ai_attestations,AI,ai_attestations_pkey,id,PK,16384,0,none
ai_attestations,AI,idx_ai_attestations_attested_by,attested_by,INDEX,16384,1,none
ai_attestations,AI,idx_ai_attestations_feature,feature,INDEX,16384,0,ZERO scans since stats reset
ai_attestations,AI,idx_ai_attestations_hospital,hospital_id,INDEX,16384,107,none
ai_attestations,AI,idx_ai_attestations_source,source_id,INDEX,16384,0,ZERO scans since stats reset
ai_cost_daily,AI,ai_cost_daily_hospital_id_date_feature_key_provider_key,hospital_id date feature_key provider,UNIQUE,16384,2098,none
ai_cost_daily,AI,ai_cost_daily_pkey,id,PK,16384,0,none
ai_cost_daily,AI,idx_ai_cost_daily_hospital_date,hospital_id date,INDEX,16384,2358,none
ai_digests,AI,ai_digests_hospital_id_digest_date_key,hospital_id digest_date,UNIQUE,16384,112,none
ai_digests,AI,ai_digests_pkey,id,PK,16384,0,none
ai_feature_classes,AI,ai_feature_classes_pkey,feature_key,PK,16384,0,none
ai_feature_logs,AI,ai_feature_logs_pkey,id,PK,16384,0,none
ai_feature_logs,AI,idx_ai_feature_logs_feature,feature_key,INDEX,16384,0,ZERO scans since stats reset
ai_feature_logs,AI,idx_ai_feature_logs_hospital,hospital_id created_at,INDEX,16384,107,none
ai_language_settings,AI,ai_language_settings_pkey,id,PK,8192,0,none
ai_language_settings,AI,idx_ai_language_settings_hospital_feature,hospital_id feature_key,INDEX,8192,976,"DUPLICATE column set: uq_ai_lang_hospital_feature, idx_ai_language_settings_hospital_feature"
ai_language_settings,AI,uq_ai_lang_hospital_feature,hospital_id feature_key,UNIQUE,8192,0,"DUPLICATE column set: uq_ai_lang_hospital_feature, idx_ai_language_settings_hospital_feature"
ai_provider_config,AI,ai_provider_config_hospital_id_feature_key_key,hospital_id feature_key,UNIQUE,16384,108,none
ai_provider_config,AI,ai_provider_config_pkey,id,PK,16384,0,none
ai_safety_flags,AI,ai_safety_flags_pkey,id,PK,8192,0,none
ai_safety_flags,AI,idx_ai_safety_hospital,hospital_id feature_key created_at,INDEX,8192,103,none
ai_safety_flags,AI,idx_ai_safety_patient,patient_id,INDEX,8192,0,ZERO scans since stats reset
ai_suggestions_audit,AI,ai_suggestions_audit_pkey,id,PK,16384,0,none
ai_suggestions_audit,AI,idx_ai_audit_hospital_feature,hospital_id feature_key created_at,INDEX,16384,104,none
ai_suggestions_audit,AI,idx_ai_audit_patient,patient_id created_at,INDEX,8192,0,ZERO scans since stats reset
ai_usage_logs,AI,ai_usage_logs_pkey,id,PK,16384,0,none
ai_usage_logs,AI,idx_ai_usage_logs_feature,hospital_id feature_key created_at,INDEX,32768,102,none
ai_usage_logs,AI,idx_ai_usage_logs_hospital_date,hospital_id created_at,INDEX,16384,0,ZERO scans since stats reset
ai_wallet_transactions,AI,ai_wallet_transactions_pkey,id,PK,90112,0,none
ai_wallet_transactions,AI,idx_ai_wallet_txn_hospital,hospital_id created_at,INDEX,172032,202,none
ai_wallet_transactions,AI,uq_ai_wallet_topup_source,source,UNIQUE,8192,0,none
alert_escalation_log,Other,alert_escalation_log_pkey,id,PK,8192,0,none
alert_escalation_log,Other,escalation_log_alert_idx,alert_id,INDEX,8192,0,ZERO scans since stats reset
alert_escalation_log,Other,escalation_log_hospital_idx,hospital_id,INDEX,8192,101,none
alert_escalation_rules,Other,alert_escalation_rules_pkey,id,PK,8192,0,none
alert_escalation_rules,Other,idx_alert_escalation_rules_hospital,hospital_id,INDEX,8192,1932,none
ambulance_dispatches,Emergency,ambulance_dispatches_hospital_id_call_received_at_idx,hospital_id call_received_at,INDEX,8192,1,none
ambulance_dispatches,Emergency,ambulance_dispatches_hospital_id_status_idx,hospital_id status,INDEX,8192,100,none
ambulance_dispatches,Emergency,ambulance_dispatches_pkey,id,PK,8192,0,none
ambulance_equipment_checks,Emergency,ambulance_equipment_checks_hospital_id_vehicle_id_check_dat_idx,hospital_id vehicle_id check_date,INDEX,8192,107,none
ambulance_equipment_checks,Emergency,ambulance_equipment_checks_pkey,id,PK,8192,0,none
ambulance_transit_treatment,Emergency,ambulance_transit_treatment_hospital_id_dispatch_id_idx,hospital_id dispatch_id,INDEX,8192,105,none
ambulance_transit_treatment,Emergency,ambulance_transit_treatment_pkey,id,PK,8192,0,none
ambulance_vehicles,Emergency,ambulance_vehicles_pkey,id,PK,16384,0,none
amc_contracts,Other,amc_contracts_pkey,id,PK,8192,0,none
amc_contracts,Other,idx_amc_expiry,hospital_id end_date,INDEX,8192,117,none
anaesthesia_records,Other,anaesthesia_records_pkey,id,PK,16384,0,none
andrology_reports,IVF/ART,andrology_reports_pkey,id,PK,8192,0,none
andrology_reports,IVF/ART,idx_andrology_hospital,hospital_id,INDEX,8192,111,none
andrology_reports,IVF/ART,idx_andrology_patient,patient_id,INDEX,8192,67,none
antibiotic_justifications,Other,antibiotic_justifications_hospital_id_created_at_idx,hospital_id created_at,INDEX,16384,0,ZERO scans since stats reset
antibiotic_justifications,Other,antibiotic_justifications_hospital_id_patient_id_idx,hospital_id patient_id,INDEX,16384,297,none
antibiotic_justifications,Other,antibiotic_justifications_pkey,id,PK,16384,0,none
antibiotic_restricted_list,Other,antibiotic_restricted_list_hospital_id_drug_name_key,hospital_id drug_name,UNIQUE,8192,0,none
antibiotic_restricted_list,Other,antibiotic_restricted_list_pkey,id,PK,8192,0,none
antibiotic_restricted_list,Other,idx_restricted_list_hospital,hospital_id is_active,INDEX,8192,101,none
api_configurations,Integration,api_configurations_hospital_id_service_key_key,hospital_id service_key,UNIQUE,16384,405,none
api_configurations,Integration,api_configurations_pkey,id,PK,16384,0,none
api_keys,Integration,api_keys_pkey,id,PK,16384,0,none
appointments,OPD,appointments_active_slot_uniq,hospital_id doctor_id appointment_date slot_time,UNIQUE,16384,0,none
appointments,OPD,appointments_pkey,id,PK,16384,0,none
appointments,OPD,idx_appointments_date,appointment_date hospital_id,INDEX,16384,0,ZERO scans since stats reset
appointments,OPD,idx_appointments_doctor,doctor_id appointment_date,INDEX,16384,0,"ZERO scans since stats reset; DUPLICATE column set: idx_appointments_doctor_date, idx_appointments_doctor"
appointments,OPD,idx_appointments_doctor_date,doctor_id appointment_date,INDEX,16384,0,"ZERO scans since stats reset; DUPLICATE column set: idx_appointments_doctor_date, idx_appointments_doctor"
appointments,OPD,idx_appointments_hospital_date,hospital_id appointment_date,INDEX,16384,0,ZERO scans since stats reset
appointments,OPD,idx_appointments_patient,patient_id,INDEX,16384,0,ZERO scans since stats reset
appointments,OPD,idx_appointments_reminder,appointment_date reminder_sent hospital_id,INDEX,16384,0,ZERO scans since stats reset
appointments,OPD,idx_appointments_status,status,INDEX,16384,0,ZERO scans since stats reset
arogyasri_enrollments,PM-JAY,arogyasri_enrollments_pkey,id,PK,8192,0,none
arogyasri_enrollments,PM-JAY,idx_arogyasri_hospital,hospital_id,INDEX,8192,104,none
arogyasri_enrollments,PM-JAY,idx_arogyasri_patient,patient_id,INDEX,8192,0,ZERO scans since stats reset
art_couples,IVF/ART,art_couples_hospital_couple_code_key,hospital_id couple_code,UNIQUE,16384,131,none
art_couples,IVF/ART,art_couples_pkey,id,PK,16384,2,none
art_couples,IVF/ART,idx_art_couples_female,female_patient_id,INDEX,16384,67,none
art_couples,IVF/ART,idx_art_couples_hospital,hospital_id,INDEX,16384,0,ZERO scans since stats reset
asr_pricing,Other,asr_pricing_pkey,id,PK,16384,0,none
asr_pricing,Other,asr_pricing_provider_key,provider,UNIQUE,16384,72,none
attendance_regularization_requests,HR,attendance_regularization_requests_pkey,id,PK,8192,0,none
attendance_regularization_requests,HR,reg_req_hospital_idx,hospital_id status,INDEX,8192,193,none
audit_log,Audit/Compliance,audit_log_pkey,id,PK,548864,0,none
audit_log,Audit/Compliance,idx_audit_log_changed_by,changed_by,INDEX,155648,0,ZERO scans since stats reset
audit_log,Audit/Compliance,idx_audit_log_hospital,hospital_id changed_at,INDEX,843776,127,none
audit_log,Audit/Compliance,idx_audit_log_table_record,table_name record_id,INDEX,319488,20,none
audit_records,Audit/Compliance,audit_records_pkey,id,PK,16384,0,none
aumrti_admins,Identity,aumrti_admins_auth_user_id_key,auth_user_id,UNIQUE,16384,0,"DUPLICATE column set: aumrti_admins_auth_user_id_key, idx_aumrti_admins_auth_user_id"
aumrti_admins,Identity,aumrti_admins_pkey,id,PK,16384,7,none
aumrti_admins,Identity,idx_aumrti_admins_auth_user_id,auth_user_id,INDEX,16384,1457860,"DUPLICATE column set: aumrti_admins_auth_user_id_key, idx_aumrti_admins_auth_user_id"
auto_posting_rules,Other,auto_posting_rules_hospital_trigger_unique,hospital_id trigger_event,UNIQUE,40960,957,none
auto_posting_rules,Other,auto_posting_rules_pkey,id,PK,16384,0,none
ayush_drug_master,Other,ayush_drug_master_pkey,id,PK,16384,0,none
ayush_drug_master,Other,idx_ayush_drug_hospital,hospital_id,INDEX,16384,131,none
ayush_drug_master,Other,idx_ayush_drug_system,system,INDEX,16384,0,ZERO scans since stats reset
ayush_encounters,Other,ayush_encounters_pkey,id,PK,8192,0,none
ayush_encounters,Other,idx_ayush_enc_hospital,hospital_id,INDEX,8192,107,none
ayush_encounters,Other,idx_ayush_enc_patient,patient_id,INDEX,8192,67,none
ayush_encounters,Other,idx_ayush_enc_system,system,INDEX,8192,0,ZERO scans since stats reset
bank_accounts,Other,bank_accounts_pkey,id,PK,8192,0,none
bank_transactions,Other,bank_transactions_pkey,id,PK,8192,0,none
bed_demand_forecasts,IPD,bed_demand_forecasts_pkey,id,PK,8192,0,none
bed_demand_forecasts,IPD,idx_bed_demand_forecasts_hospital,hospital_id forecast_date,INDEX,8192,0,"ZERO scans since stats reset; DUPLICATE column set: idx_bed_demand_hospital_date, idx_bed_demand_forecasts_hospital"
bed_demand_forecasts,IPD,idx_bed_demand_forecasts_uniq,hospital_id ward_id forecast_date,UNIQUE,8192,0,none
bed_demand_forecasts,IPD,idx_bed_demand_hospital_date,hospital_id forecast_date,INDEX,8192,109,"DUPLICATE column set: idx_bed_demand_hospital_date, idx_bed_demand_forecasts_hospital"
bed_reservations,IPD,bed_reservations_bed_active_idx,bed_id,INDEX,8192,0,ZERO scans since stats reset
bed_reservations,IPD,bed_reservations_hospital_date_idx,hospital_id planned_admission_date,INDEX,8192,123,none
bed_reservations,IPD,bed_reservations_pkey,id,PK,8192,0,none
beds,IPD,beds_pkey,id,PK,16384,614,none
beds,IPD,idx_beds_hospital_status,hospital_id status,INDEX,16384,5293,none
beds,IPD,idx_beds_ward_status,ward_id status,INDEX,16384,20,none
bill_amendments,Billing,bill_amendments_bill_idx,bill_id,INDEX,8192,712,none
bill_amendments,Billing,bill_amendments_changed_idx,changed_at,INDEX,8192,0,ZERO scans since stats reset
bill_amendments,Billing,bill_amendments_hospital_idx,hospital_id,INDEX,8192,101,none
bill_amendments,Billing,bill_amendments_pkey,id,PK,8192,0,none
bill_discount_approvals,Billing,bill_discount_approvals_pkey,id,PK,16384,0,none
bill_discount_approvals,Billing,idx_bill_discount_approvals_bill,bill_id,INDEX,16384,1626,none
bill_discount_approvals,Billing,idx_bill_discount_approvals_hospital,hospital_id,INDEX,16384,115,none
bill_discount_approvals,Billing,idx_bill_discount_approvals_status,status,INDEX,16384,340,none
bill_line_items,Billing,bill_line_items_pkey,id,PK,32768,25,none
bill_line_items,Billing,idx_bill_line_items_bill,bill_id,INDEX,16384,2274,none
bill_line_items,Billing,idx_bill_line_items_dedupe,bill_id source_dedupe_key,INDEX,57344,0,ZERO scans since stats reset
bill_line_items,Billing,idx_bill_line_items_type,hospital_id item_type,INDEX,16384,191,none
bill_line_items,Billing,idx_bli_dedupe_lookup,hospital_id source_dedupe_key,INDEX,49152,50,none
bill_line_items,Billing,idx_bli_payment_status,payment_status hospital_id,INDEX,16384,2,none
bill_payments,Billing,bill_payments_pkey,id,PK,16384,728,none
bill_payments,Billing,idx_bill_payments_bill,bill_id payment_date,INDEX,16384,1639,none
bill_payments,Billing,idx_bill_payments_hospital_date,hospital_id payment_date,INDEX,16384,138,none
bill_sequences,Billing,bill_sequences_pkey,hospital_id prefix,PK,16384,825,none
bills,Billing,bills_hospital_bill_number_key,hospital_id bill_number,UNIQUE,40960,0,"DUPLICATE column set: bills_hospital_bill_number_key, idx_bills_hospital_number"
bills,Billing,bills_pkey,id,PK,16384,16241,none
bills,Billing,idx_bills_analytics,hospital_id bill_date bill_type payment_status total_amount paid_amount,INDEX,32768,2801,none
bills,Billing,idx_bills_ed_visit_id,ed_visit_id,INDEX,16384,3,none
bills,Billing,idx_bills_hospital_date,hospital_id bill_date,INDEX,16384,73,none
bills,Billing,idx_bills_hospital_number,hospital_id bill_number,INDEX,32768,2253,"DUPLICATE column set: bills_hospital_bill_number_key, idx_bills_hospital_number"
bills,Billing,idx_bills_patient_status,patient_id payment_status,INDEX,16384,4876,none
bills,Billing,idx_bills_status_date,hospital_id payment_status bill_date,INDEX,16384,531,none
bills,Billing,idx_bills_unposted,hospital_id posted_to_journal bill_status,INDEX,16384,0,ZERO scans since stats reset
blood_antibody_screening,Blood Bank,blood_antibody_screening_pkey,id,PK,8192,0,none
blood_issues,Blood Bank,blood_issues_pkey,id,PK,8192,0,none
blood_requests,Blood Bank,blood_requests_pkey,id,PK,8192,0,none
blood_unit_tti_tests,Blood Bank,blood_tti_hospital_idx,hospital_id,INDEX,8192,101,none
blood_unit_tti_tests,Blood Bank,blood_tti_result_idx,overall_result,INDEX,8192,0,ZERO scans since stats reset
blood_unit_tti_tests,Blood Bank,blood_tti_unit_idx,unit_id,INDEX,8192,0,"ZERO scans since stats reset; DUPLICATE column set: blood_unit_tti_tests_unit_id_key, blood_tti_unit_idx"
blood_unit_tti_tests,Blood Bank,blood_unit_tti_tests_pkey,id,PK,8192,0,none
blood_unit_tti_tests,Blood Bank,blood_unit_tti_tests_unit_id_key,unit_id,UNIQUE,8192,0,"DUPLICATE column set: blood_unit_tti_tests_unit_id_key, blood_tti_unit_idx"
blood_units,Blood Bank,blood_units_hospital_unit_number_key,hospital_id unit_number,UNIQUE,8192,109,none
blood_units,Blood Bank,blood_units_pkey,id,PK,8192,0,none
blood_units,Blood Bank,blood_units_qr_code_unique,qr_code,UNIQUE,8192,0,none
bmw_manifests,Biomedical Waste,bmw_manifests_pkey,id,PK,8192,0,none
bmw_manifests,Biomedical Waste,idx_bmw_manifests_hospital,hospital_id manifest_date,INDEX,8192,106,none
bmw_records,Biomedical Waste,bmw_records_pkey,id,PK,8192,0,none
bmw_records,Biomedical Waste,idx_bmw_hospital_date,hospital_id record_date,INDEX,8192,288,none
body_releases,Other,body_releases_pkey,id,PK,8192,0,none
body_releases,Other,idx_body_releases_hospital,hospital_id,INDEX,8192,108,none
bpmh_records,Other,bpmh_records_pkey,id,PK,8192,0,none
bpmh_records,Other,idx_bpmh_admission,hospital_id admission_id,INDEX,8192,161,none
braden_scale_assessments,Other,braden_scale_assessments_pkey,id,PK,8192,0,none
braden_scale_assessments,Other,idx_braden_admission,hospital_id admission_id assessed_at,INDEX,8192,165,none
branches,Tenant,branches_pkey,id,PK,8192,0,none
breakdown_logs,Other,breakdown_logs_pkey,id,PK,8192,0,none
breakdown_logs,Other,idx_breakdown_equipment,equipment_id,INDEX,8192,0,ZERO scans since stats reset
breakdown_logs,Other,idx_breakdown_status,hospital_id status,INDEX,8192,235,none
budget_lines,Other,budget_lines_pkey,id,PK,8192,0,none
budget_lines,Other,idx_budget_lines_hospital,hospital_id fiscal_year period_month,INDEX,8192,255,none
calibration_records,Other,calibration_records_pkey,id,PK,8192,0,none
calibration_records,Other,idx_calibration_next,hospital_id next_due,INDEX,8192,124,none
capa_records,Other,capa_records_hospital_capa_number_key,hospital_id capa_number,UNIQUE,16384,253,none
capa_records,Other,capa_records_pkey,id,PK,16384,6,none
care_bundle_checks,Other,care_bundle_checks_hospital_id_admission_id_bundle_type_che_key,hospital_id admission_id bundle_type check_date,UNIQUE,8192,0,"DUPLICATE column set: care_bundle_checks_hospital_id_admission_id_bundle_type_che_key, idx_care_bundles_admission"
care_bundle_checks,Other,care_bundle_checks_pkey,id,PK,8192,0,none
care_bundle_checks,Other,idx_care_bundles_admission,hospital_id admission_id bundle_type check_date,INDEX,8192,102,"DUPLICATE column set: care_bundle_checks_hospital_id_admission_id_bundle_type_che_key, idx_care_bundles_admission"
care_plan_tasks,Nursing,care_plan_tasks_pkey,id,PK,8192,0,none
care_plan_tasks,Nursing,idx_care_plan_tasks_due,hospital_id due_date status,INDEX,8192,103,none
care_plan_tasks,Nursing,idx_care_plan_tasks_patient,patient_id status,INDEX,8192,0,ZERO scans since stats reset
care_plans,Nursing,care_plans_pkey,id,PK,8192,0,none
care_plans,Nursing,idx_care_plans_hospital,hospital_id status created_at,INDEX,8192,103,none
care_plans,Nursing,idx_care_plans_patient,patient_id status,INDEX,8192,2,none
case_sheet_templates,Other,case_sheet_templates_pkey,id,PK,8192,0,none
case_sheet_templates,Other,idx_cst_hospital,hospital_id is_active,INDEX,8192,117,none
cghs_echs_beneficiaries,PM-JAY,cghs_echs_beneficiaries_pkey,id,PK,16384,4,none
cghs_echs_beneficiaries,PM-JAY,idx_cghs_echs_hospital,hospital_id,INDEX,16384,169,none
cghs_echs_beneficiaries,PM-JAY,idx_cghs_echs_patient,patient_id,INDEX,16384,4,none
cghs_echs_beneficiaries,PM-JAY,idx_cghs_echs_referral_lookup,hospital_id patient_id,INDEX,16384,0,ZERO scans since stats reset
cghs_echs_beneficiaries,PM-JAY,idx_cghs_id,cghs_id,INDEX,16384,19,none
cghs_echs_beneficiaries,PM-JAY,idx_echs_card_no,echs_card_no,INDEX,8192,0,ZERO scans since stats reset
chain_memberships,Tenant,chain_memberships_chain_id_hospital_id_key,chain_id hospital_id,UNIQUE,8192,0,none
chain_memberships,Tenant,chain_memberships_pkey,id,PK,8192,0,none
chain_memberships,Tenant,idx_chain_memberships_hospital,hospital_id,INDEX,8192,109,none
chart_of_accounts,Other,chart_of_accounts_hospital_id_code_key,hospital_id code,UNIQUE,57344,519,none
chart_of_accounts,Other,chart_of_accounts_pkey,id,PK,40960,6415,none
chemo_order_drugs,IPD,chemo_order_drugs_pkey,id,PK,8192,0,none
chemo_orders,IPD,chemo_orders_pkey,id,PK,8192,0,none
chemo_protocols,IPD,chemo_protocols_hospital_id_protocol_code_key,hospital_id protocol_code,UNIQUE,8192,119,none
chemo_protocols,IPD,chemo_protocols_pkey,id,PK,8192,0,none
chronic_disease_programs,Other,chronic_disease_programs_pkey,id,PK,8192,0,none
chronic_disease_programs,Other,idx_cdp_hospital_patient,hospital_id patient_id,INDEX,8192,271,none
chronic_disease_programs,Other,idx_cdp_next_followup,hospital_id next_followup,INDEX,8192,978,none
churn_remediation_actions,Platform,churn_remediation_actions_pkey,id,PK,8192,0,none
churn_remediation_actions,Platform,idx_churn_remediation_hospital,hospital_id triggered_at,INDEX,8192,98,none
cleaning_schedules,Other,cleaning_schedules_pkey,id,PK,8192,0,none
cleaning_schedules,Other,idx_cleaning_sched_hospital,hospital_id is_active,INDEX,8192,107,none
cleaning_schedules,Other,idx_cleaning_sched_next,next_due_at,INDEX,8192,0,ZERO scans since stats reset
clinical_alerts,Other,clinical_alerts_pkey,id,PK,16384,43,none
clinical_alerts,Other,idx_clinical_alerts_created_by,created_by,INDEX,8192,2,none
clinical_alerts,Other,idx_clinical_alerts_hospital_unack,hospital_id is_acknowledged created_at,INDEX,16384,12843,none
clinical_alerts,Other,idx_clinical_alerts_indicator,hospital_id indicator_code created_at,INDEX,8192,0,ZERO scans since stats reset
clinical_alerts,Other,idx_clinical_alerts_patient,patient_id,INDEX,8192,1704,none
clinical_audit_samples,Quality/NABH,clinical_audit_samples_pkey,id,PK,8192,0,none
clinical_audit_samples,Quality/NABH,idx_audit_samples_audit,audit_id,INDEX,8192,1,none
clinical_audits,Quality/NABH,clinical_audits_pkey,id,PK,16384,1,none
clinical_audits,Quality/NABH,idx_clinical_audits_hospital,hospital_id created_at,INDEX,16384,2,none
clinical_audits,Quality/NABH,idx_clinical_audits_status,hospital_id status,INDEX,16384,107,none
clinical_guidelines,Other,clinical_guidelines_pkey,id,PK,16384,0,none
clinical_guidelines,Other,idx_guidelines_condition,condition_name,INDEX,16384,0,ZERO scans since stats reset
clinical_guidelines,Other,idx_guidelines_icd,icd10_codes,INDEX,24576,0,ZERO scans since stats reset
clinical_note_templates,Other,clinical_note_templates_pkey,id,PK,16384,0,none
clinical_note_templates,Other,idx_cnt_owner,created_by note_type,INDEX,16384,1,none
clinical_note_templates,Other,idx_cnt_shared,hospital_id note_type is_shared,INDEX,16384,116,none
clinical_protocols,Other,clinical_protocols_pkey,id,PK,8192,0,none
clinical_reference_sources,Other,clinical_reference_sources_pkey,id,PK,16384,0,none
clinical_reference_sources,Other,clinical_reference_sources_source_key_key,source_key,UNIQUE,16384,11,none
clinical_reference_sources,Other,idx_clinical_ref_sources_active_org,NULL,INDEX,16384,0,ZERO scans since stats reset
clinical_reference_sources,Other,idx_clinical_ref_sources_aliases,aliases,INDEX,24576,0,ZERO scans since stats reset
code_blue_audits,Other,code_blue_audits_hospital_id_event_id_idx,hospital_id event_id,INDEX,8192,105,none
code_blue_audits,Other,code_blue_audits_pkey,id,PK,8192,0,none
code_blue_events,Other,code_blue_events_hospital_id_event_datetime_idx,hospital_id event_datetime,INDEX,8192,230,none
code_blue_events,Other,code_blue_events_pkey,id,PK,8192,0,none
coding_audits,Other,coding_audits_pkey,id,PK,8192,0,none
cold_chain_log,Vaccination,cold_chain_log_pkey,id,PK,8192,0,none
cold_chain_log,Vaccination,idx_cold_chain_log_hospital,hospital_id recorded_at,INDEX,8192,108,none
cold_storage_log,Other,cold_storage_log_pkey,id,PK,8192,0,none
cold_storage_log,Other,idx_cold_storage_hospital,hospital_id,INDEX,8192,0,ZERO scans since stats reset
cold_storage_log,Other,idx_cold_storage_unit,hospital_id unit_name,INDEX,8192,107,none
collection_campaigns,Other,collection_campaigns_pkey,id,PK,8192,0,none
committee_action_items,Quality/NABH,committee_action_items_pkey,id,PK,8192,0,none
committee_action_items,Quality/NABH,idx_committee_actions_meeting,meeting_id,INDEX,8192,0,ZERO scans since stats reset
committee_action_items,Quality/NABH,idx_committee_actions_status,status,INDEX,8192,0,ZERO scans since stats reset
committee_meetings,Quality/NABH,committee_meetings_pkey,id,PK,8192,0,none
committee_meetings,Quality/NABH,idx_committee_meetings_committee,committee_id meeting_date,INDEX,8192,0,ZERO scans since stats reset
committee_members,Quality/NABH,committee_members_pkey,id,PK,8192,0,none
committee_members,Quality/NABH,idx_committee_members_committee,committee_id,INDEX,8192,0,ZERO scans since stats reset
config_change_logs,Other,config_change_logs_pkey,id,PK,8192,0,none
config_change_logs,Other,idx_config_change_logs_area,hospital_id config_area changed_at,INDEX,8192,157,none
config_change_logs,Other,idx_config_change_logs_hospital,hospital_id changed_at,INDEX,8192,116,none
consent_form_templates,Audit/Compliance,consent_form_templates_pkey,id,PK,16384,3,none
consent_form_templates,Audit/Compliance,idx_consent_templates_hospital,hospital_id is_active,INDEX,16384,139,none
consent_templates,Audit/Compliance,consent_templates_pkey,id,PK,8192,0,none
corporate_accounts,Insurance,corporate_accounts_pkey,id,PK,8192,0,none
corporate_accounts,Insurance,idx_corporate_accounts_hospital,hospital_id,INDEX,8192,109,none
credential_override_log,Other,credential_override_log_hospital_idx,hospital_id created_at,INDEX,8192,99,none
credential_override_log,Other,credential_override_log_pkey,id,PK,8192,0,none
credit_note_items,Billing,credit_note_items_pkey,id,PK,8192,0,none
credit_note_items,Billing,idx_credit_note_items_note,credit_note_id,INDEX,8192,0,ZERO scans since stats reset
credit_notes,Billing,credit_notes_pkey,id,PK,8192,0,none
credit_notes,Billing,idx_credit_notes_admission,hospital_id admission_id,INDEX,8192,0,ZERO scans since stats reset
credit_notes,Billing,idx_credit_notes_patient,hospital_id patient_id created_at,INDEX,8192,172,none
credit_notes,Billing,uq_credit_note_number,hospital_id credit_note_number,UNIQUE,8192,0,none
cross_match_records,Other,cross_match_records_pkey,id,PK,8192,0,none
cycle_instruments,Other,cycle_instruments_pkey,id,PK,8192,0,none
daily_cash_closure,Other,daily_cash_closure_pkey,id,PK,16384,0,none
daily_cash_closure,Other,daily_cash_closure_unique,hospital_id closure_date,UNIQUE,16384,0,"DUPLICATE column set: daily_cash_closure_unique, idx_daily_cash_closure_hospital_date"
daily_cash_closure,Other,idx_daily_cash_closure_hospital_date,hospital_id closure_date,INDEX,16384,5259,"DUPLICATE column set: daily_cash_closure_unique, idx_daily_cash_closure_hospital_date"
daily_census_snapshots,Other,daily_census_snapshots_hospital_id_snapshot_date_key,hospital_id snapshot_date,UNIQUE,16384,0,"DUPLICATE column set: daily_census_snapshots_hospital_id_snapshot_date_key, idx_daily_census_hospital_date"
daily_census_snapshots,Other,daily_census_snapshots_pkey,id,PK,16384,0,none
daily_census_snapshots,Other,idx_daily_census_hospital_date,hospital_id snapshot_date,INDEX,16384,787,"DUPLICATE column set: daily_census_snapshots_hospital_id_snapshot_date_key, idx_daily_census_hospital_date"
data_erasure_requests,Other,data_erasure_requests_pkey,id,PK,8192,0,none
data_erasure_requests,Other,idx_data_erasure_requests_hospital,hospital_id,INDEX,8192,123,none
data_erasure_requests,Other,idx_data_erasure_requests_status,status requested_at,INDEX,8192,6,none
day_care_procedures,Other,day_care_procedures_pkey,id,PK,16384,30,none
day_care_procedures,Other,idx_day_care_procedures_hospital,hospital_id is_active,INDEX,16384,233,none
daycare_chairs,Other,daycare_chairs_pkey,id,PK,8192,0,none
death_certificates,Other,death_certificates_hospital_mccd_form_number_key,hospital_id mccd_form_number,UNIQUE,8192,108,none
death_certificates,Other,death_certificates_pkey,id,PK,8192,0,none
demand_forecasts,Other,demand_forecasts_pkey,id,PK,8192,0,none
denial_logs,Other,denial_logs_pkey,id,PK,8192,0,none
denial_logs,Other,idx_denial_logs_claim,claim_id,INDEX,8192,0,ZERO scans since stats reset
dental_charts,Dental,dental_charts_pkey,id,PK,8192,0,none
dental_charts,Dental,idx_dental_charts_hospital,hospital_id,INDEX,8192,108,none
dental_charts,Dental,idx_dental_charts_patient,patient_id,INDEX,8192,67,none
dental_lab_orders,Dental,dental_lab_orders_pkey,id,PK,8192,0,none
dental_lab_orders,Dental,idx_dental_lab_orders_patient,patient_id,INDEX,8192,67,none
dental_lab_orders,Dental,idx_dental_lab_orders_status,hospital_id status,INDEX,8192,109,none
dental_treatment_plans,Dental,dental_treatment_plans_pkey,id,PK,8192,0,none
dental_treatment_plans,Dental,idx_dental_treatment_plans_patient,patient_id,INDEX,8192,69,none
department_indents,Tenant,department_indents_hospital_indent_number_key,hospital_id indent_number,UNIQUE,8192,113,none
department_indents,Tenant,department_indents_pkey,id,PK,8192,0,none
departments,Tenant,departments_pkey,id,PK,16384,14192,none
depreciation_postings,Other,depreciation_postings_pkey,id,PK,8192,0,none
depreciation_postings,Other,depreciation_postings_unique,hospital_id asset_id period,UNIQUE,8192,0,none
depreciation_postings,Other,idx_depreciation_postings_hospital,hospital_id period,INDEX,8192,99,none
dialysis_machines,IPD,dialysis_machines_pkey,id,PK,16384,10,none
dialysis_patients,IPD,dialysis_patients_hospital_id_patient_id_key,hospital_id patient_id,UNIQUE,16384,227,none
dialysis_patients,IPD,dialysis_patients_pkey,id,PK,16384,32,none
dialysis_sessions,IPD,dialysis_sessions_pkey,id,PK,16384,5,none
dialyzer_reuse,Other,dialyzer_reuse_pkey,id,PK,8192,0,none
dicom_files,Radiology,dicom_files_hospital_idx,hospital_id,INDEX,8192,105,none
dicom_files,Radiology,dicom_files_order_idx,order_id,INDEX,8192,34,none
dicom_files,Radiology,dicom_files_pkey,id,PK,8192,0,none
dicom_files,Radiology,dicom_files_study_idx,study_instance_uid,INDEX,8192,0,ZERO scans since stats reset
diet_orders,Dietetics,diet_orders_pkey,id,PK,16384,0,none
diet_orders,Dietetics,idx_diet_orders_admission,admission_id,INDEX,16384,0,ZERO scans since stats reset
diet_orders,Dietetics,idx_diet_orders_hospital,hospital_id,INDEX,16384,107,none
diet_orders,Dietetics,idx_diet_orders_status,status,INDEX,16384,0,ZERO scans since stats reset
diet_plans,Dietetics,diet_plans_pkey,id,PK,8192,0,none
diet_plans,Dietetics,idx_diet_plans_admission,admission_id,INDEX,8192,0,ZERO scans since stats reset
diet_plans,Dietetics,idx_diet_plans_hospital,hospital_id,INDEX,8192,0,ZERO scans since stats reset
diet_plans,Dietetics,idx_diet_plans_hospital_admission,hospital_id admission_id,INDEX,8192,107,none
dietitian_notes,Dietetics,dietitian_notes_pkey,id,PK,8192,0,none
dietitian_notes,Dietetics,idx_dietitian_notes_admission,hospital_id admission_id note_date,INDEX,8192,101,none
disaster_drills,Emergency,disaster_drills_hospital_id_drill_date_idx,hospital_id drill_date,INDEX,8192,105,none
disaster_drills,Emergency,disaster_drills_pkey,id,PK,8192,0,none
disciplinary_actions,Other,disciplinary_actions_pkey,id,PK,8192,0,none
disciplinary_actions,Other,disciplinary_user_idx,user_id,INDEX,8192,1,none
discount_approvals,Billing,discount_approvals_pkey,id,PK,8192,0,none
discount_codes,Billing,discount_codes_code_key,code,UNIQUE,8192,0,"DUPLICATE column set: idx_discount_codes_code, discount_codes_code_key"
discount_codes,Billing,discount_codes_pkey,id,PK,8192,0,none
discount_codes,Billing,idx_discount_codes_active_valid,is_active valid_from valid_until,INDEX,8192,0,ZERO scans since stats reset
discount_codes,Billing,idx_discount_codes_code,code,INDEX,8192,0,"ZERO scans since stats reset; DUPLICATE column set: idx_discount_codes_code, discount_codes_code_key"
doctor_quick_picks,OPD,doctor_quick_picks_doctor_id_category_key,doctor_id category,UNIQUE,16384,11,"DUPLICATE column set: doctor_quick_picks_doctor_id_category_key, idx_doctor_quick_picks_doctor"
doctor_quick_picks,OPD,doctor_quick_picks_pkey,id,PK,16384,0,none
doctor_quick_picks,OPD,idx_doctor_quick_picks_doctor,doctor_id category,INDEX,16384,1677,"DUPLICATE column set: doctor_quick_picks_doctor_id_category_key, idx_doctor_quick_picks_doctor"
doctor_quick_picks,OPD,idx_doctor_quick_picks_hospital,hospital_id,INDEX,16384,109,none
doctor_schedules,OPD,doctor_schedules_pkey,id,PK,16384,0,none
doctor_schedules,OPD,doctor_schedules_unique,hospital_id doctor_id day_of_week session_start,UNIQUE,16384,24,none
doctor_schedules,OPD,idx_doctor_schedules_doctor,hospital_id doctor_id,INDEX,16384,198,none
doctor_slots,OPD,doctor_slots_pkey,id,PK,991232,136,none
doctor_slots,OPD,idx_doctor_slots_date,slot_date hospital_id,INDEX,311296,156,none
doctor_slots,OPD,idx_doctor_slots_doctor,doctor_id slot_date,INDEX,245760,1,none
doctor_slots,OPD,idx_doctor_slots_unique,hospital_id doctor_id slot_date slot_time,UNIQUE,1753088,31938,none
donor_campaigns,Blood Bank,donor_campaigns_pkey,id,PK,8192,0,none
donor_campaigns,Blood Bank,idx_donor_campaigns_hospital,hospital_id created_at,INDEX,8192,107,none
donors,Blood Bank,donors_hospital_donor_code_key,hospital_id donor_code,UNIQUE,8192,109,none
donors,Blood Bank,donors_pkey,id,PK,8192,0,none
drug_allergy_cross_reactivity,Pharmacy,drug_allergy_cross_reactivity_pkey,id,PK,16384,0,none
drug_batches,Pharmacy,drug_batches_pkey,id,PK,16384,43,none
drug_batches,Pharmacy,idx_drug_batches_drug_expiry,drug_id expiry_date,INDEX,16384,100,none
drug_batches,Pharmacy,idx_drug_batches_hospital_active,hospital_id is_active,INDEX,16384,6,none
drug_batches,Pharmacy,idx_drug_batches_status,status hospital_id,INDEX,16384,207,none
drug_batches,Pharmacy,idx_drug_batches_store,store_location_id hospital_id,INDEX,16384,4,none
drug_interactions,Pharmacy,drug_interactions_pkey,id,PK,16384,0,none
drug_master,Pharmacy,drug_master_pkey,id,PK,16384,96,none
dunning_attempts,Other,dunning_attempts_pkey,id,PK,8192,0,none
dunning_attempts,Other,idx_dunning_attempts_hospital,hospital_id sent_at,INDEX,8192,100,none
dunning_cadence_rules,Other,dunning_cadence_rules_pkey,id,PK,16384,0,none
dunning_cadence_rules,Other,idx_dunning_cadence_rules_day,day_offset,INDEX,16384,0,ZERO scans since stats reset
duty_roster,HR,duty_roster_hospital_id_user_id_roster_date_key,hospital_id user_id roster_date,UNIQUE,16384,5,none
duty_roster,HR,duty_roster_pkey,id,PK,16384,2,none
duty_roster,HR,idx_duty_roster_hospital_date,hospital_id roster_date,INDEX,16384,142,none
duty_roster,HR,idx_duty_roster_user_date,user_id roster_date,INDEX,16384,1,none
ed_charge_items,Emergency,ed_charge_items_pkey,id,PK,16384,0,none
ed_charge_items,Emergency,idx_ed_charge_items_bill_id,bill_id,INDEX,16384,712,none
ed_charge_items,Emergency,idx_ed_charge_items_ed_visit_id,ed_visit_id,INDEX,16384,4,none
ed_charge_items,Emergency,idx_ed_charge_items_hospital_id,hospital_id,INDEX,16384,100,none
ed_charge_items,Emergency,idx_ed_charge_items_patient_id,patient_id,INDEX,16384,67,none
ed_handover_notes,Emergency,ed_handover_notes_pkey,id,PK,16384,0,none
ed_handover_notes,Emergency,idx_ed_handover_notes_hospital,hospital_id,INDEX,16384,100,none
ed_handover_notes,Emergency,idx_ed_handover_notes_visit,ed_visit_id,INDEX,16384,3,none
ed_medications,Emergency,ed_medications_pkey,id,PK,8192,0,none
ed_medications,Emergency,idx_ed_medications_ed_visit_id,ed_visit_id,INDEX,8192,3,none
ed_medications,Emergency,idx_ed_medications_hospital_id,hospital_id,INDEX,8192,100,none
ed_medications,Emergency,idx_ed_medications_patient_id,patient_id,INDEX,8192,67,none
ed_visits,Emergency,ed_visits_pkey,id,PK,16384,16,none
ed_visits,Emergency,idx_ed_visits_hospital_arrival,hospital_id arrival_time,INDEX,16384,389,none
electrical_safety_logs,Other,electrical_safety_logs_hospital_date,hospital_id log_date,INDEX,8192,101,none
electrical_safety_logs,Other,electrical_safety_logs_pkey,id,PK,8192,0,none
email_notifications,Notifications,email_notifications_pkey,id,PK,8192,0,none
email_notifications,Notifications,idx_email_notifications_hospital,hospital_id created_at,INDEX,8192,109,none
embryo_bank,IVF/ART,embryo_bank_pkey,id,PK,8192,0,none
embryo_bank,IVF/ART,idx_embryo_bank_couple,couple_id,INDEX,8192,0,ZERO scans since stats reset
embryo_bank,IVF/ART,idx_embryo_bank_hospital,hospital_id,INDEX,8192,173,none
embryology_records,IVF/ART,embryology_records_pkey,id,PK,8192,0,none
embryology_records,IVF/ART,idx_embryology_cycle,cycle_id,INDEX,8192,0,ZERO scans since stats reset
emi_installments,Billing,emi_installments_pkey,id,PK,8192,0,none
emi_installments,Billing,idx_emi_inst_due,hospital_id due_date status,INDEX,8192,108,none
emi_installments,Billing,idx_emi_inst_plan,plan_id,INDEX,8192,0,"ZERO scans since stats reset; DUPLICATE column set: idx_emi_inst_plan, idx_emi_installments_plan"
emi_installments,Billing,idx_emi_installments_due,due_date,INDEX,8192,18,none
emi_installments,Billing,idx_emi_installments_plan,plan_id,INDEX,8192,0,"ZERO scans since stats reset; DUPLICATE column set: idx_emi_inst_plan, idx_emi_installments_plan"
emi_plans,Billing,emi_plans_pkey,id,PK,8192,0,none
emi_plans,Billing,idx_emi_plans_bill,bill_id,INDEX,8192,712,none
emi_plans,Billing,idx_emi_plans_hospital,hospital_id status,INDEX,8192,137,none
emi_plans,Billing,idx_emi_plans_patient,patient_id,INDEX,8192,67,none
emi_plans,Billing,idx_emi_plans_status,status,INDEX,8192,0,ZERO scans since stats reset
emr_template_definitions,Other,emr_template_definitions_pkey,id,PK,16384,0,none
enterprise_leads,Other,enterprise_leads_pkey,id,PK,8192,0,none
entitlement_fail_open_events,Platform,entitlement_fail_open_events_pkey,id,PK,8192,0,none
entitlement_fail_open_events,Platform,idx_entitlement_fail_open_events_occurred,occurred_at,INDEX,8192,0,ZERO scans since stats reset
epidemic_protocols,Other,epidemic_protocols_hospital_id_is_active_idx,hospital_id is_active,INDEX,16384,128,none
epidemic_protocols,Other,epidemic_protocols_pkey,id,PK,16384,0,none
equipment_master,Inventory,equipment_master_hospital_id_equipment_code_key,hospital_id equipment_code,UNIQUE,16384,6,none
equipment_master,Inventory,equipment_master_pkey,id,PK,16384,0,none
equipment_master,Inventory,idx_equipment_dept,department_id,INDEX,16384,1,none
equipment_master,Inventory,idx_equipment_hospital,hospital_id,INDEX,16384,0,ZERO scans since stats reset
equipment_master,Inventory,idx_equipment_status,hospital_id status,INDEX,16384,251,none
esg_monthly_metrics,Other,esg_monthly_metrics_hospital_id_month_year_idx,hospital_id month_year,INDEX,8192,105,"DUPLICATE column set: esg_monthly_metrics_hospital_id_month_year_key, esg_monthly_metrics_hospital_id_month_year_idx"
esg_monthly_metrics,Other,esg_monthly_metrics_hospital_id_month_year_key,hospital_id month_year,UNIQUE,8192,0,"DUPLICATE column set: esg_monthly_metrics_hospital_id_month_year_key, esg_monthly_metrics_hospital_id_month_year_idx"
esg_monthly_metrics,Other,esg_monthly_metrics_pkey,id,PK,8192,0,none
esi_beneficiaries,PM-JAY,esi_beneficiaries_pkey,id,PK,8192,0,none
esi_beneficiaries,PM-JAY,idx_esi_hospital,hospital_id,INDEX,8192,104,none
esi_beneficiaries,PM-JAY,idx_esi_patient,patient_id,INDEX,8192,0,ZERO scans since stats reset
expense_records,Other,expense_records_pkey,id,PK,16384,0,none
external_lab_referrals,Other,external_lab_referrals_pkey,id,PK,8192,0,none
external_lab_referrals,Other,idx_ext_lab_hospital,hospital_id status referred_at,INDEX,8192,110,none
facility_assets,Tenant,facility_assets_pkey,id,PK,8192,0,none
facility_assets,Tenant,idx_facility_assets_hospital,hospital_id is_active,INDEX,8192,109,none
facility_maintenance_logs,Tenant,facility_maintenance_logs_pkey,id,PK,8192,0,none
facility_maintenance_logs,Tenant,idx_maintenance_logs_asset,asset_id maintenance_date,INDEX,8192,0,ZERO scans since stats reset
facility_maintenance_logs,Tenant,idx_maintenance_logs_due,hospital_id next_due_date,INDEX,8192,4,none
facility_maintenance_logs,Tenant,idx_maintenance_logs_hospital,hospital_id maintenance_date,INDEX,8192,104,none
fall_risk_assessments,Nursing,fall_risk_assessments_pkey,id,PK,8192,0,none
fall_risk_assessments,Nursing,idx_fall_risk_admission,admission_id,INDEX,8192,0,ZERO scans since stats reset
fall_risk_assessments,Nursing,idx_fall_risk_hospital_patient,hospital_id patient_id assessment_date,INDEX,8192,292,none
fcm_tokens,Other,fcm_tokens_hospital_id_user_id_token_key,hospital_id user_id token,UNIQUE,8192,0,none
fcm_tokens,Other,fcm_tokens_pkey,id,PK,8192,0,none
fcm_tokens,Other,idx_fcm_tokens_hospital_user,hospital_id user_id is_active,INDEX,8192,112,none
feedback_records,Patient,feedback_records_pkey,id,PK,8192,0,none
feedback_records,Patient,idx_feedback_records_hospital,hospital_id,INDEX,8192,224,none
fire_safety_drills,Other,fire_safety_drills_hospital_date,hospital_id drill_date,INDEX,8192,226,none
fire_safety_drills,Other,fire_safety_drills_pkey,id,PK,8192,0,none
fixed_assets,Other,fixed_assets_hospital_id_asset_code_key,hospital_id asset_code,UNIQUE,8192,6,none
fixed_assets,Other,fixed_assets_pkey,id,PK,8192,0,none
fixed_assets,Other,idx_fixed_assets_hospital,hospital_id category status,INDEX,8192,110,none
full_final_settlements,Other,ffs_exit_idx,staff_exit_id,INDEX,8192,0,ZERO scans since stats reset
full_final_settlements,Other,full_final_settlements_pkey,id,PK,8192,0,none
govt_scheme_claims,PM-JAY,govt_scheme_claims_pkey,id,PK,8192,0,none
govt_scheme_claims,PM-JAY,idx_govt_claims_hospital,hospital_id scheme_type status created_at,INDEX,8192,102,none
govt_scheme_claims,PM-JAY,idx_govt_claims_patient,patient_id,INDEX,8192,0,ZERO scans since stats reset
govt_schemes,PM-JAY,govt_schemes_pkey,id,PK,8192,0,none
grievances,HR,grievances_hospital_idx,hospital_id,INDEX,8192,242,"DUPLICATE column set: grievances_hospital_idx, idx_grievances_hospital"
grievances,HR,grievances_pkey,id,PK,8192,0,none
grievances,HR,idx_grievances_hospital,hospital_id,INDEX,8192,0,"ZERO scans since stats reset; DUPLICATE column set: grievances_hospital_idx, idx_grievances_hospital"
grievances,HR,idx_grievances_patient,patient_id,INDEX,8192,67,none
grievances,HR,idx_grievances_status,hospital_id status,INDEX,8192,0,ZERO scans since stats reset
grn_ai_log,AI,grn_ai_log_pkey,id,PK,8192,0,none
grn_items,Procurement,grn_items_pkey,id,PK,8192,0,none
grn_records,Procurement,grn_records_hospital_grn_number_key,hospital_id grn_number,UNIQUE,8192,109,none
grn_records,Procurement,grn_records_pkey,id,PK,8192,0,none
guideline_adherence_log,Other,guideline_adherence_log_pkey,id,PK,8192,0,none
guideline_adherence_log,Other,idx_guideline_log_patient,patient_id,INDEX,8192,0,ZERO scans since stats reset
hand_hygiene_audits,Infection Control,hand_hygiene_audits_hospital_date,hospital_id audit_date,INDEX,8192,287,none
hand_hygiene_audits,Infection Control,hand_hygiene_audits_pkey,id,PK,8192,0,none
hcx_submissions,Other,hcx_submissions_pkey,id,PK,8192,0,none
health_coach_sessions,Other,health_coach_sessions_pkey,id,PK,8192,0,none
health_coach_sessions,Other,idx_hcs_patient,patient_id created_at,INDEX,8192,67,none
health_packages,Other,health_packages_hospital_code_key,hospital_id package_code,UNIQUE,8192,0,none
health_packages,Other,health_packages_pkey,id,PK,8192,0,none
health_packages,Other,idx_health_packages_hospital,hospital_id,INDEX,8192,307,none
hep_plans,Other,hep_plans_pkey,id,PK,8192,0,none
hep_plans,Other,idx_hep_plans_hospital,hospital_id,INDEX,8192,109,none
hep_plans,Other,idx_hep_plans_referral,referral_id,INDEX,8192,17,none
high_alert_double_checks,Other,high_alert_double_checks_pkey,id,PK,8192,0,none
high_alert_double_checks,Other,idx_high_alert_checks_admission,hospital_id admission_id both_verified,INDEX,8192,226,none
hmis_reports,Integration,hmis_reports_pkey,id,PK,8192,0,none
hmis_reports,Integration,idx_hmis_reports_hospital,hospital_id,INDEX,8192,0,ZERO scans since stats reset
hmis_reports,Integration,idx_hmis_reports_type_year,hospital_id report_type period_year,INDEX,8192,0,ZERO scans since stats reset
hmis_reports,Integration,uq_hmis_report,hospital_id report_type period_year period_month period_week,UNIQUE,8192,107,none
home_care_plans,Other,home_care_plans_hospital_id_patient_id_idx,hospital_id patient_id,INDEX,8192,67,none
home_care_plans,Other,home_care_plans_hospital_id_status_idx,hospital_id status,INDEX,8192,108,none
home_care_plans,Other,home_care_plans_pkey,id,PK,8192,0,none
home_care_visits,Other,home_care_visits_hospital_id_plan_id_scheduled_date_idx,hospital_id plan_id scheduled_date,INDEX,8192,0,ZERO scans since stats reset
home_care_visits,Other,home_care_visits_hospital_id_scheduled_date_idx,hospital_id scheduled_date,INDEX,8192,109,none
home_care_visits,Other,home_care_visits_pkey,id,PK,8192,0,none
home_tele_monitoring,Other,home_tele_monitoring_hospital_id_patient_id_reported_at_idx,hospital_id patient_id reported_at,INDEX,8192,174,none
home_tele_monitoring,Other,home_tele_monitoring_pkey,id,PK,8192,0,none
hospital_abdm_config,Tenant,hospital_abdm_config_hospital_id_key,hospital_id,UNIQUE,8192,697,none
hospital_abdm_config,Tenant,hospital_abdm_config_pkey,id,PK,8192,0,none
hospital_addons,Tenant,hospital_addons_active_uniq,hospital_id addon_sku_id,UNIQUE,16384,16,none
hospital_addons,Tenant,hospital_addons_pkey,id,PK,16384,0,none
hospital_addons,Tenant,idx_hospital_addons_hospital,hospital_id,INDEX,16384,38442,none
hospital_ai_wallet,AI,hospital_ai_wallet_pkey,hospital_id,PK,16384,2144,none
hospital_chains,Tenant,hospital_chains_pkey,id,PK,8192,0,none
hospital_chains,Tenant,hospital_chains_slug_key,slug,UNIQUE,8192,0,none
hospital_committees,Tenant,hospital_committees_pkey,id,PK,8192,0,none
hospital_committees,Tenant,idx_committees_hospital,hospital_id is_active,INDEX,8192,231,none
hospital_config_values,Tenant,hospital_config_values_hospital_id_category_value_key,hospital_id category value,UNIQUE,40960,0,none
hospital_config_values,Tenant,hospital_config_values_pkey,id,PK,16384,0,none
hospital_config_values,Tenant,idx_hcv_hospital_category,hospital_id category is_active sort_order,INDEX,40960,0,ZERO scans since stats reset
hospital_config_values,Tenant,uq_config_system_defaults,category value,UNIQUE,32768,0,none
hospital_feature_overrides,Tenant,hospital_feature_overrides_hospital_id_module_key_key,hospital_id module_key,UNIQUE,16384,2078,none
hospital_feature_overrides,Tenant,hospital_feature_overrides_pkey,id,PK,16384,0,none
hospital_feature_overrides,Tenant,idx_hospital_feature_overrides_hosp_id,hospital_id,INDEX,16384,11815,none
hospital_icd_settings,Tenant,hospital_icd_settings_hospital_id_key,hospital_id,UNIQUE,8192,166,none
hospital_icd_settings,Tenant,hospital_icd_settings_pkey,id,PK,8192,0,none
hospital_insurance_settings,Tenant,hospital_insurance_settings_hospital_id_key,hospital_id,UNIQUE,8192,0,"DUPLICATE column set: idx_his_hospital_id, hospital_insurance_settings_hospital_id_key"
hospital_insurance_settings,Tenant,hospital_insurance_settings_pkey,id,PK,8192,0,none
hospital_insurance_settings,Tenant,idx_his_hospital_id,hospital_id,INDEX,8192,136,"DUPLICATE column set: idx_his_hospital_id, hospital_insurance_settings_hospital_id_key"
hospital_module_entitlements,Tenant,hospital_module_entitlements_hospital_id_module_key_key,hospital_id module_key,UNIQUE,8192,2078,none
hospital_module_entitlements,Tenant,hospital_module_entitlements_pkey,id,PK,8192,0,none
hospital_module_entitlements,Tenant,idx_hospital_module_entitlements_hosp_id,hospital_id,INDEX,8192,28542,none
hospital_packages,Tenant,hospital_packages_pkey,id,PK,16384,0,none
hospital_packages,Tenant,idx_hospital_packages_hospital,hospital_id is_active,INDEX,16384,105,none
hospital_packages,Tenant,uq_hospital_package_code,hospital_id package_code,UNIQUE,16384,0,none
hospital_pacs_config,Tenant,hospital_pacs_config_hospital_idx,hospital_id,UNIQUE,8192,141,none
hospital_pacs_config,Tenant,hospital_pacs_config_pkey,id,PK,8192,0,none
hospital_pricing_overrides,Tenant,hospital_pricing_overrides_hospital_id_key,hospital_id,UNIQUE,16384,0,"DUPLICATE column set: idx_hospital_pricing_overrides_hosp_id, hospital_pricing_overrides_hospital_id_key"
hospital_pricing_overrides,Tenant,hospital_pricing_overrides_pkey,id,PK,16384,0,none
hospital_pricing_overrides,Tenant,idx_hospital_pricing_overrides_hosp_id,hospital_id,INDEX,16384,11787,"DUPLICATE column set: idx_hospital_pricing_overrides_hosp_id, hospital_pricing_overrides_hospital_id_key"
hospital_sequences,Tenant,hospital_sequences_pkey,hospital_id seq_type,PK,16384,818,none
hospital_settings,Tenant,hospital_settings_hospital_id_key_key,hospital_id key,UNIQUE,16384,1417,none
hospital_settings,Tenant,hospital_settings_pkey,id,PK,16384,7,none
hospital_settings,Tenant,idx_hospital_settings_hospital,hospital_id,INDEX,16384,62,none
hospital_signup_consents,Tenant,hospital_signup_consents_pkey,id,PK,16384,0,none
hospital_subscriptions,Tenant,hospital_subscriptions_hospital_id_key,hospital_id,UNIQUE,16384,2,"DUPLICATE column set: idx_hospital_subscriptions_hospital_id, hospital_subscriptions_hospital_id_key"
hospital_subscriptions,Tenant,hospital_subscriptions_pkey,id,PK,16384,1,none
hospital_subscriptions,Tenant,idx_hospital_subscriptions_hospital_id,hospital_id,INDEX,16384,54581,"DUPLICATE column set: idx_hospital_subscriptions_hospital_id, hospital_subscriptions_hospital_id_key"
hospital_subscriptions,Tenant,idx_hospital_subscriptions_plan_id,plan_id,INDEX,16384,0,ZERO scans since stats reset
hospital_subscriptions,Tenant,idx_hospital_subscriptions_status,status,INDEX,16384,16,none
hospitals,Tenant,hospitals_pkey,id,PK,16384,36962,none
hospitals,Tenant,hospitals_subdomain_key,subdomain,UNIQUE,16384,0,none
hospitals,Tenant,idx_hospitals_deleted_at,deleted_at,INDEX,16384,0,ZERO scans since stats reset
hospitals,Tenant,idx_hospitals_group_tag,group_tag,INDEX,8192,0,ZERO scans since stats reset
housekeeping_tasks,Housekeeping,housekeeping_tasks_pkey,id,PK,16384,0,none
housekeeping_tasks,Housekeeping,idx_hk_tasks_assigned,assigned_to,INDEX,16384,1,none
housekeeping_tasks,Housekeeping,idx_hk_tasks_hospital_status,hospital_id status,INDEX,16384,107,none
housekeeping_tasks,Housekeeping,idx_hk_tasks_ward,ward_id,INDEX,16384,0,ZERO scans since stats reset
icd10_code_sets,Other,icd10_code_sets_pkey,id,PK,8192,0,none
icd10_codes,Other,icd10_codes_pkey,id,PK,32768,0,none
icd10_codes,Other,idx_icd10_code,code,INDEX,16384,0,ZERO scans since stats reset
icd10_codes,Other,idx_icd10_common,common_india use_count,INDEX,16384,0,ZERO scans since stats reset
icd10_codes,Other,idx_icd10_fts,NULL,INDEX,90112,0,ZERO scans since stats reset
icd_codings,Other,icd_codings_pkey,id,PK,16384,25,none
icd_codings,Other,idx_icd_codings_visit,hospital_id visit_type visit_id,UNIQUE,16384,81,none
icu_daily_goals,ICU,icu_daily_goals_hospital_id_admission_id_goal_date_key,hospital_id admission_id goal_date,UNIQUE,8192,0,"DUPLICATE column set: idx_icu_daily_goals_admission, icu_daily_goals_hospital_id_admission_id_goal_date_key"
icu_daily_goals,ICU,icu_daily_goals_pkey,id,PK,8192,0,none
icu_daily_goals,ICU,idx_icu_daily_goals_admission,hospital_id admission_id goal_date,INDEX,8192,103,"DUPLICATE column set: idx_icu_daily_goals_admission, icu_daily_goals_hospital_id_admission_id_goal_date_key"
icu_flowsheet_entries,ICU,icu_flowsheet_entries_pkey,id,PK,8192,0,none
icu_flowsheet_entries,ICU,idx_icu_flowsheet_admission,hospital_id admission_id recorded_at,INDEX,8192,103,none
idsp_alerts,Public Health,idsp_alerts_pkey,id,PK,8192,0,none
idsp_alerts,Public Health,idx_idsp_alerts_hospital,hospital_id,INDEX,8192,0,ZERO scans since stats reset
idsp_alerts,Public Health,idx_idsp_alerts_week,hospital_id year week_number,INDEX,8192,107,none
idsp_submissions,Public Health,idsp_submissions_pkey,id,PK,8192,0,none
idsp_submissions,Public Health,idx_idsp_submissions_hospital,hospital_id submitted_at,INDEX,8192,109,none
inbox_messages,Other,inbox_messages_pkey,id,PK,16384,4,none
incident_reports,Quality/NABH,incident_reports_hospital_incident_number_key,hospital_id incident_number,UNIQUE,16384,335,none
incident_reports,Quality/NABH,incident_reports_pkey,id,PK,16384,1,none
indent_items,Procurement,indent_items_pkey,id,PK,8192,0,none
instrument_sets,OT,instrument_sets_hospital_set_code_key,hospital_id set_code,UNIQUE,8192,109,none
instrument_sets,OT,instrument_sets_pkey,id,PK,8192,0,none
instruments,OT,instruments_hospital_barcode_key,hospital_id barcode,UNIQUE,8192,109,none
instruments,OT,instruments_pkey,id,PK,8192,0,none
insurance_automation_config,Insurance,insurance_automation_config_hospital_id_key,hospital_id,UNIQUE,8192,108,none
insurance_automation_config,Insurance,insurance_automation_config_pkey,id,PK,8192,0,none
insurance_automation_log,Insurance,idx_ins_auto_log_admission,hospital_id admission_id created_at,INDEX,8192,0,ZERO scans since stats reset
insurance_automation_log,Insurance,idx_ins_auto_log_claim,claim_id,INDEX,8192,0,ZERO scans since stats reset
insurance_automation_log,Insurance,idx_ins_auto_log_event,hospital_id event_type created_at,INDEX,8192,123,none
insurance_automation_log,Insurance,insurance_automation_log_pkey,id,PK,8192,0,none
insurance_claims,Insurance,idx_ic_created_at,created_at,INDEX,16384,0,ZERO scans since stats reset
insurance_claims,Insurance,idx_ic_hospital_status,hospital_id status,INDEX,16384,0,"ZERO scans since stats reset; DUPLICATE column set: idx_insurance_claims_hospital_status, idx_ic_hospital_status"
insurance_claims,Insurance,idx_ic_reconciled,hospital_id reconciled,INDEX,16384,0,ZERO scans since stats reset
insurance_claims,Insurance,idx_ic_submission_mode,hospital_id submission_mode,INDEX,16384,0,ZERO scans since stats reset
insurance_claims,Insurance,idx_insurance_claims_admission,admission_id,INDEX,8192,0,ZERO scans since stats reset
insurance_claims,Insurance,idx_insurance_claims_deadline,hospital_id submission_deadline,INDEX,8192,0,ZERO scans since stats reset
insurance_claims,Insurance,idx_insurance_claims_hospital_status,hospital_id status,INDEX,16384,0,"ZERO scans since stats reset; DUPLICATE column set: idx_insurance_claims_hospital_status, idx_ic_hospital_status"
insurance_claims,Insurance,idx_insurance_claims_payer,hospital_id payer_type status,INDEX,16384,191,none
insurance_claims,Insurance,idx_insurance_claims_tpa,hospital_id tpa_name status,INDEX,16384,0,ZERO scans since stats reset
insurance_claims,Insurance,insurance_claims_pkey,id,PK,16384,0,none
insurance_enhancement_requests,Insurance,idx_enhancement_requests_admission,hospital_id admission_id status,INDEX,8192,97,none
insurance_enhancement_requests,Insurance,idx_enhancement_requests_pending,hospital_id status created_at,INDEX,8192,16,none
insurance_enhancement_requests,Insurance,insurance_enhancement_requests_pkey,id,PK,8192,0,none
insurance_intimations,Insurance,idx_intimations_pending_deadline,hospital_id intimation_deadline status,INDEX,16384,0,ZERO scans since stats reset
insurance_intimations,Insurance,insurance_intimations_pkey,id,PK,16384,2,none
insurance_intimations,Insurance,uq_intimation_per_admission,hospital_id admission_id,UNIQUE,16384,1,none
insurance_payment_reconciliation,Insurance,idx_ipr_claim_id,claim_id,INDEX,8192,0,ZERO scans since stats reset
insurance_payment_reconciliation,Insurance,idx_ipr_created_at,created_at,INDEX,8192,0,ZERO scans since stats reset
insurance_payment_reconciliation,Insurance,idx_ipr_hospital_id,hospital_id,INDEX,8192,0,ZERO scans since stats reset
insurance_payment_reconciliation,Insurance,idx_ipr_payment_date,payment_date,INDEX,8192,0,ZERO scans since stats reset
insurance_payment_reconciliation,Insurance,idx_ipr_reconciled,hospital_id reconciled,INDEX,8192,103,none
insurance_payment_reconciliation,Insurance,insurance_payment_reconciliation_pkey,id,PK,8192,0,none
insurance_pre_auth,Insurance,idx_insurance_pre_auth_copayment,hospital_id copayment_collected,INDEX,8192,0,ZERO scans since stats reset
insurance_pre_auth,Insurance,idx_ipa_created_at,created_at,INDEX,16384,0,ZERO scans since stats reset
insurance_pre_auth,Insurance,idx_ipa_hospital_status,hospital_id status,INDEX,16384,19,none
insurance_pre_auth,Insurance,idx_ipa_sla_deadline,sla_deadline,INDEX,16384,0,ZERO scans since stats reset
insurance_pre_auth,Insurance,idx_ipa_submission_mode,hospital_id submission_mode,INDEX,16384,204,none
insurance_pre_auth,Insurance,insurance_pre_auth_pkey,id,PK,16384,0,none
insurance_sla_log,Insurance,idx_isla_breached_at,breached_at,INDEX,8192,0,ZERO scans since stats reset
insurance_sla_log,Insurance,idx_isla_created_at,created_at,INDEX,8192,0,ZERO scans since stats reset
insurance_sla_log,Insurance,idx_isla_hospital_id,hospital_id,INDEX,8192,103,none
insurance_sla_log,Insurance,idx_isla_reference,reference_type reference_id,INDEX,8192,0,ZERO scans since stats reset
insurance_sla_log,Insurance,idx_isla_sla_deadline,sla_deadline,INDEX,8192,0,ZERO scans since stats reset
insurance_sla_log,Insurance,insurance_sla_log_pkey,id,PK,8192,0,none
inventory_anomalies,Inventory,idx_inventory_anomalies_hospital,hospital_id status,INDEX,8192,99,none
inventory_anomalies,Inventory,inventory_anomalies_pkey,id,PK,8192,0,none
inventory_items,Inventory,idx_inventory_items_barcode,hospital_id barcode,INDEX,8192,117,none
inventory_items,Inventory,inventory_items_pkey,id,PK,8192,0,none
inventory_stock,Inventory,idx_inventory_stock_expiry,hospital_id expiry_date,INDEX,8192,0,ZERO scans since stats reset
inventory_stock,Inventory,idx_inventory_stock_item,item_id quantity_available,INDEX,8192,0,ZERO scans since stats reset
inventory_stock,Inventory,inventory_stock_hospital_id_item_id_batch_number_key,hospital_id item_id batch_number,UNIQUE,8192,125,none
inventory_stock,Inventory,inventory_stock_pkey,id,PK,8192,0,none
io_balance_records,Other,idx_io_balance_admission,hospital_id admission_id recorded_at,INDEX,8192,103,none
io_balance_records,Other,io_balance_records_pkey,id,PK,8192,0,none
ipc_bundle_checklists,Other,idx_ipc_bundle_admission,admission_id device_type checklist_date,INDEX,8192,1,none
ipc_bundle_checklists,Other,idx_ipc_bundle_hospital,hospital_id checklist_date,INDEX,8192,308,none
ipc_bundle_checklists,Other,ipc_bundle_checklists_pkey,id,PK,8192,0,none
ipc_device_usage,Other,idx_ipc_device_active,hospital_id device_type,INDEX,8192,1,none
ipc_device_usage,Other,idx_ipc_device_admission,admission_id device_type,INDEX,8192,0,ZERO scans since stats reset
ipc_device_usage,Other,idx_ipc_device_hospital,hospital_id device_inserted_at,INDEX,8192,308,none
ipc_device_usage,Other,ipc_device_usage_pkey,id,PK,8192,0,none
ipc_infection_events,Other,idx_ipc_infection_hospital,hospital_id onset_date,INDEX,8192,25,none
ipc_infection_events,Other,idx_ipc_infection_type,hospital_id infection_type onset_date,INDEX,8192,650,none
ipc_infection_events,Other,ipc_infection_events_pkey,id,PK,8192,0,none
ipd_advances,IPD,idx_ipd_advances_admission,admission_id hospital_id,INDEX,16384,202,none
ipd_advances,IPD,ipd_advances_pkey,id,PK,16384,0,none
ipd_medications,IPD,idx_ipd_medications_admission,admission_id is_active,INDEX,16384,119,none
ipd_medications,IPD,idx_ipd_medications_hospital,hospital_id created_at,INDEX,16384,130,none
ipd_medications,IPD,ipd_medications_pkey,id,PK,16384,0,none
ipd_nursing_notes,IPD,idx_inn_admission,admission_id recorded_at,INDEX,16384,12,none
ipd_nursing_notes,IPD,idx_inn_hospital,hospital_id,INDEX,16384,107,none
ipd_nursing_notes,IPD,ipd_nursing_notes_pkey,id,PK,16384,0,none
ipd_vitals,IPD,idx_ipd_vitals_admission_time,admission_id recorded_at,INDEX,16384,58,none
ipd_vitals,IPD,ipd_vitals_pkey,id,PK,16384,0,none
item_consumption_daily,Inventory,item_consumption_daily_pkey,hospital_id item_id consumption_date,PK,8192,99,none
iv_fluids,Other,idx_iv_fluids_admission,admission_id status,INDEX,8192,0,ZERO scans since stats reset
iv_fluids,Other,idx_iv_fluids_hospital,hospital_id status,INDEX,8192,109,none
iv_fluids,Other,iv_fluids_pkey,id,PK,8192,0,none
ivf_cycles,IVF/ART,idx_ivf_cycles_couple,couple_id,INDEX,16384,0,ZERO scans since stats reset
ivf_cycles,IVF/ART,idx_ivf_cycles_hospital,hospital_id,INDEX,16384,157,none
ivf_cycles,IVF/ART,ivf_cycles_pkey,id,PK,16384,9,none
jci_evidence_items,Other,idx_jci_evidence_hospital,hospital_id chapter status,INDEX,8192,101,none
jci_evidence_items,Other,jci_evidence_items_hospital_id_standard_code_key,hospital_id standard_code,UNIQUE,8192,0,none
jci_evidence_items,Other,jci_evidence_items_pkey,id,PK,8192,0,none
job_applicants,Other,job_applicants_hospital_idx,hospital_id,INDEX,8192,100,none
job_applicants,Other,job_applicants_opening_idx,job_opening_id,INDEX,8192,0,ZERO scans since stats reset
job_applicants,Other,job_applicants_pkey,id,PK,8192,0,none
job_openings,Other,job_openings_pkey,id,PK,8192,0,none
journal_entries,Billing,idx_journal_entries_reversal_of,reversal_of,INDEX,16384,0,ZERO scans since stats reset
journal_entries,Billing,journal_entries_hospital_entry_number_key,hospital_id entry_number,UNIQUE,90112,225,none
journal_entries,Billing,journal_entries_pkey,id,PK,57344,1494,none
journal_line_items,Billing,journal_line_items_pkey,id,PK,90112,0,none
lab_analyzer_messages,Laboratory,lab_analyzer_messages_pkey,id,PK,16384,0,none
lab_analyzer_messages,Laboratory,lab_analyzer_msg_accession_idx,accession_number,INDEX,16384,0,ZERO scans since stats reset
lab_analyzer_messages,Laboratory,lab_analyzer_msg_device_idx,device_id,INDEX,16384,0,ZERO scans since stats reset
lab_analyzer_messages,Laboratory,lab_analyzer_msg_hospital_idx,hospital_id,INDEX,16384,106,none
lab_analyzer_messages,Laboratory,lab_analyzer_msg_received_idx,received_at,INDEX,16384,0,ZERO scans since stats reset
lab_analyzer_messages,Laboratory,lab_analyzer_msg_status_idx,status,INDEX,16384,0,ZERO scans since stats reset
lab_analyzer_test_mappings,Laboratory,lab_analyzer_test_mappings_device_id_analyzer_code_key,device_id analyzer_code,UNIQUE,16384,0,none
lab_analyzer_test_mappings,Laboratory,lab_analyzer_test_mappings_pkey,id,PK,16384,0,none
lab_analyzer_test_mappings,Laboratory,lab_test_mappings_device_idx,device_id,INDEX,16384,0,ZERO scans since stats reset
lab_calibration_records,Laboratory,idx_lab_calibration_hospital,hospital_id next_calibration_date,INDEX,8192,109,none
lab_calibration_records,Laboratory,lab_calibration_records_pkey,id,PK,8192,0,none
lab_device_connectors,Laboratory,idx_lab_device_connectors_hospital,hospital_id,INDEX,16384,1088,none
lab_device_connectors,Laboratory,lab_device_connectors_pkey,id,PK,16384,0,none
lab_dual_validation_config,Laboratory,idx_lab_dual_val_hospital,hospital_id,INDEX,8192,107,none
lab_dual_validation_config,Laboratory,lab_dual_validation_config_hospital_id_test_category_key,hospital_id test_category,UNIQUE,8192,10,none
lab_dual_validation_config,Laboratory,lab_dual_validation_config_pkey,id,PK,8192,0,none
lab_order_items,Laboratory,idx_lab_order_items_hospital_status,hospital_id status,INDEX,16384,0,"ZERO scans since stats reset; DUPLICATE column set: idx_lab_order_items_hospital_status, idx_lab_order_items_status"
lab_order_items,Laboratory,idx_lab_order_items_order,lab_order_id,INDEX,16384,136,none
lab_order_items,Laboratory,idx_lab_order_items_status,hospital_id status,INDEX,16384,476,"DUPLICATE column set: idx_lab_order_items_hospital_status, idx_lab_order_items_status"
lab_order_items,Laboratory,lab_order_items_pkey,id,PK,16384,45,none
lab_orders,Laboratory,idx_lab_orders_accession,hospital_id accession_number,UNIQUE,16384,0,none
lab_orders,Laboratory,idx_lab_orders_admission_billed,admission_id billed,INDEX,16384,11,none
lab_orders,Laboratory,idx_lab_orders_barcode,barcode,INDEX,8192,0,ZERO scans since stats reset
lab_orders,Laboratory,idx_lab_orders_billing_status,hospital_id billing_status order_date,INDEX,16384,0,ZERO scans since stats reset
lab_orders,Laboratory,idx_lab_orders_hospital_date,hospital_id order_date,INDEX,16384,6,none
lab_orders,Laboratory,idx_lab_orders_patient,patient_id order_date,INDEX,16384,4,none
lab_orders,Laboratory,idx_lab_orders_status,hospital_id status,INDEX,16384,0,ZERO scans since stats reset
lab_orders,Laboratory,idx_lab_orders_status_billing,hospital_id status billing_status,INDEX,16384,248,none
lab_orders,Laboratory,idx_lab_orders_validated_by,validated_by,INDEX,16384,0,ZERO scans since stats reset
lab_orders,Laboratory,lab_orders_pkey,id,PK,16384,38,none
lab_qc_entries,Laboratory,idx_lab_qc_entries_hospital_test,hospital_id test_name analyzer,INDEX,8192,183,none
lab_qc_entries,Laboratory,lab_qc_entries_pkey,id,PK,8192,0,none
lab_results,Laboratory,idx_lab_results_order_item,order_item_id,INDEX,8192,72,none
lab_results,Laboratory,lab_results_pkey,id,PK,8192,0,none
lab_samples,Laboratory,idx_lab_samples_hospital_status,hospital_id status,INDEX,16384,0,ZERO scans since stats reset
lab_samples,Laboratory,lab_samples_hospital_barcode_key,hospital_id barcode,UNIQUE,16384,4,none
lab_samples,Laboratory,lab_samples_pkey,id,PK,16384,0,none
lab_test_group_items,Laboratory,idx_lab_test_group_items_group,group_id,INDEX,16384,406,none
lab_test_group_items,Laboratory,lab_test_group_items_group_id_test_id_key,group_id test_id,UNIQUE,16384,45,none
lab_test_group_items,Laboratory,lab_test_group_items_pkey,id,PK,16384,0,none
lab_test_groups,Laboratory,idx_lab_test_groups_hospital,hospital_id,INDEX,16384,586,none
lab_test_groups,Laboratory,lab_test_groups_pkey,id,PK,16384,3,none
lab_test_master,Laboratory,lab_test_master_hospital_id_test_name_key,hospital_id test_name,UNIQUE,57344,942,none
lab_test_master,Laboratory,lab_test_master_pkey,id,PK,40960,1173,none
leakage_reports,Other,idx_leakage_reports_hospital_date,hospital_id report_date,INDEX,16384,102,"DUPLICATE column set: idx_leakage_reports_hospital_date, leakage_reports_unique"
leakage_reports,Other,leakage_reports_pkey,id,PK,16384,0,none
leakage_reports,Other,leakage_reports_unique,hospital_id report_date,UNIQUE,16384,14,"DUPLICATE column set: idx_leakage_reports_hospital_date, leakage_reports_unique"
leave_balance,HR,leave_balance_hospital_id_user_id_year_key,hospital_id user_id year,UNIQUE,8192,206,none
leave_balance,HR,leave_balance_pkey,id,PK,8192,0,none
leave_requests,HR,leave_requests_pkey,id,PK,16384,0,none
lifecycle_nudge_actions,Other,idx_lifecycle_nudge_hospital,hospital_id nudge_type triggered_at,INDEX,8192,98,none
lifecycle_nudge_actions,Other,lifecycle_nudge_actions_pkey,id,PK,8192,0,none
linen_records,Housekeeping,idx_linen_hospital_date,hospital_id record_date,INDEX,8192,107,none
linen_records,Housekeeping,linen_records_pkey,id,PK,8192,0,none
lms_certificates,LMS,idx_lms_certificates_hospital,hospital_id,INDEX,8192,0,ZERO scans since stats reset
lms_certificates,LMS,idx_lms_certificates_user,user_id,INDEX,8192,1,none
lms_certificates,LMS,lms_certificates_hospital_certificate_number_key,hospital_id certificate_number,UNIQUE,8192,107,none
lms_certificates,LMS,lms_certificates_pkey,id,PK,8192,0,none
lms_courses,LMS,idx_lms_courses_hospital,hospital_id,INDEX,16384,0,ZERO scans since stats reset
lms_courses,LMS,lms_courses_hospital_course_code_key,hospital_id course_code,UNIQUE,8192,107,none
lms_courses,LMS,lms_courses_pkey,id,PK,16384,0,none
lms_enrollments,LMS,idx_lms_enrollments_hospital,hospital_id,INDEX,8192,107,none
lms_enrollments,LMS,idx_lms_enrollments_status,status,INDEX,8192,0,ZERO scans since stats reset
lms_enrollments,LMS,idx_lms_enrollments_user,user_id,INDEX,8192,1,none
lms_enrollments,LMS,lms_enrollments_hospital_id_user_id_course_id_key,hospital_id user_id course_id,UNIQUE,8192,0,none
lms_enrollments,LMS,lms_enrollments_pkey,id,PK,8192,0,none
lms_quiz_attempts,LMS,idx_lms_quiz_attempts_enrollment,enrollment_id,INDEX,8192,0,ZERO scans since stats reset
lms_quiz_attempts,LMS,lms_quiz_attempts_pkey,id,PK,8192,0,none
lms_quiz_questions,LMS,idx_lms_quiz_questions_course,course_id,INDEX,8192,0,ZERO scans since stats reset
lms_quiz_questions,LMS,lms_quiz_questions_pkey,id,PK,8192,0,none
mar_double_checks,Other,mar_double_checks_hospital_id_mar_id_idx,hospital_id mar_id,INDEX,8192,105,none
mar_double_checks,Other,mar_double_checks_pkey,id,PK,8192,0,none
mar_records,Other,idx_mar_records_admission,admission_id,INDEX,16384,0,ZERO scans since stats reset
mar_records,Other,idx_mar_records_hospital,hospital_id,INDEX,16384,230,none
mar_records,Other,mar_records_pkey,id,PK,16384,0,none
marketing_campaigns,Other,idx_marketing_campaigns_hospital,hospital_id,INDEX,8192,108,none
marketing_campaigns,Other,marketing_campaigns_pkey,id,PK,8192,0,none
mccd_certificates,Other,idx_mccd_hospital,hospital_id,INDEX,8192,0,ZERO scans since stats reset
mccd_certificates,Other,idx_mccd_mortuary,mortuary_id,INDEX,8192,0,ZERO scans since stats reset
mccd_certificates,Other,mccd_certificates_hospital_mccd_number_key,hospital_id mccd_number,UNIQUE,8192,233,none
mccd_certificates,Other,mccd_certificates_pkey,id,PK,8192,0,none
mci_events,Emergency,idx_mci_events_hospital,hospital_id status activated_at,INDEX,8192,102,none
mci_events,Emergency,mci_events_pkey,id,PK,8192,0,none
mci_triage_patients,Emergency,idx_mci_triage_event,hospital_id mci_event_id triage_tag,INDEX,8192,101,none
mci_triage_patients,Emergency,mci_triage_patients_pkey,id,PK,8192,0,none
meal_deliveries,Dietetics,idx_meal_deliveries_date,meal_date,INDEX,8192,0,ZERO scans since stats reset
meal_deliveries,Dietetics,idx_meal_deliveries_hospital,hospital_id,INDEX,8192,107,none
meal_deliveries,Dietetics,meal_deliveries_pkey,id,PK,8192,0,none
med_admin_records,Other,idx_med_admin_records_admission_id,admission_id,INDEX,8192,0,ZERO scans since stats reset
med_admin_records,Other,idx_med_admin_records_hospital_id,hospital_id,INDEX,8192,108,none
med_admin_records,Other,idx_med_admin_records_scheduled_time,scheduled_time,INDEX,8192,0,ZERO scans since stats reset
med_admin_records,Other,idx_med_admin_records_status,status,INDEX,8192,0,ZERO scans since stats reset
med_admin_records,Other,med_admin_records_pkey,id,PK,8192,0,none
med_reconciliation_events,Other,idx_reconciliation_admission,hospital_id admission_id,INDEX,8192,351,none
med_reconciliation_events,Other,med_reconciliation_events_admission_id_event_type_key,admission_id event_type,UNIQUE,8192,60,none
med_reconciliation_events,Other,med_reconciliation_events_pkey,id,PK,8192,0,none
medical_gas_logs,Other,medical_gas_logs_hospital_date,hospital_id log_date,INDEX,8192,101,none
medical_gas_logs,Other,medical_gas_logs_pkey,id,PK,8192,0,none
medical_records,Other,idx_medical_records_visit,hospital_id patient_id record_type visit_id,UNIQUE,16384,0,none
medical_records,Other,medical_records_hospital_barcode_key,hospital_id barcode,UNIQUE,16384,0,none
medical_records,Other,medical_records_pkey,id,PK,16384,0,none
medication_adherence,Other,idx_medication_adherence_patient,patient_id scheduled_date,INDEX,8192,0,ZERO scans since stats reset
medication_adherence,Other,medication_adherence_pkey,id,PK,8192,0,none
mental_health_encounters,Other,idx_mh_encounters_hospital,hospital_id encounter_date,INDEX,8192,104,none
mental_health_encounters,Other,idx_mh_encounters_patient,patient_id encounter_date,INDEX,8192,0,ZERO scans since stats reset
mental_health_encounters,Other,mental_health_encounters_pkey,id,PK,8192,0,none
metrics_registry,Reporting,idx_analytics_metrics_registry_key,metric_key,INDEX,16384,0,"ZERO scans since stats reset; DUPLICATE column set: metrics_registry_metric_key_key, idx_analytics_metrics_registry_key"
metrics_registry,Reporting,idx_analytics_metrics_registry_tab,tab_key,INDEX,16384,0,ZERO scans since stats reset
metrics_registry,Reporting,metrics_registry_metric_key_key,metric_key,UNIQUE,16384,6,"DUPLICATE column set: metrics_registry_metric_key_key, idx_analytics_metrics_registry_key"
metrics_registry,Reporting,metrics_registry_pkey,id,PK,16384,0,none
migration_jobs,Other,idx_migration_jobs_hospital,hospital_id,INDEX,16384,108,none
migration_jobs,Other,idx_migration_jobs_status,status,INDEX,16384,0,ZERO scans since stats reset
migration_jobs,Other,migration_jobs_pkey,id,PK,16384,0,none
migration_logs,Other,idx_migration_logs_hospital,hospital_id,INDEX,16384,107,none
migration_logs,Other,idx_migration_logs_job,job_id,INDEX,16384,0,ZERO scans since stats reset
migration_logs,Other,migration_logs_pkey,id,PK,57344,0,none
mlc_cases,Other,idx_mlc_cases_admission_id,admission_id,INDEX,8192,0,ZERO scans since stats reset
mlc_cases,Other,idx_mlc_cases_ed_visit_id,ed_visit_id,INDEX,8192,3,none
mlc_cases,Other,idx_mlc_cases_hospital_id,hospital_id,INDEX,8192,110,none
mlc_cases,Other,idx_mlc_cases_patient_id,patient_id,INDEX,8192,67,none
mlc_cases,Other,mlc_cases_pkey,id,PK,8192,0,none
mlc_records,Other,idx_mlc_hospital,hospital_id,INDEX,8192,0,ZERO scans since stats reset
mlc_records,Other,idx_mlc_patient,patient_id,INDEX,8192,67,none
mlc_records,Other,mlc_records_hospital_mlc_number_key,hospital_id mlc_number,UNIQUE,8192,108,none
mlc_records,Other,mlc_records_pkey,id,PK,8192,0,none
mortuary_admissions,Emergency,idx_mortuary_hospital,hospital_id,INDEX,16384,0,ZERO scans since stats reset
mortuary_admissions,Emergency,idx_mortuary_patient,patient_id,INDEX,16384,68,none
mortuary_admissions,Emergency,idx_mortuary_status,hospital_id status,INDEX,16384,0,ZERO scans since stats reset
mortuary_admissions,Emergency,mortuary_admissions_hospital_body_number_key,hospital_id body_number,UNIQUE,16384,108,none
mortuary_admissions,Emergency,mortuary_admissions_pkey,id,PK,16384,0,none
mrr_snapshots,Platform,idx_mrr_snapshots_month,snapshot_month,INDEX,8192,2,none
mrr_snapshots,Platform,mrr_snapshots_hospital_id_snapshot_month_key,hospital_id snapshot_month,UNIQUE,8192,98,none
mrr_snapshots,Platform,mrr_snapshots_pkey,id,PK,8192,0,none
nabh_chapter_names,Quality/NABH,nabh_chapter_names_pkey,chapter_code,PK,16384,80,none
nabh_criteria,Quality/NABH,nabh_criteria_pkey,id,PK,40960,0,none
nabh_criteria,Quality/NABH,uq_nabh_criteria_hospital_criterion,hospital_id criterion_number,UNIQUE,49152,1098,none
nabh_evidence_items,Quality/NABH,idx_nabh_evidence_compliance,nabh_compliance_id,INDEX,8192,80,none
nabh_evidence_items,Quality/NABH,idx_nabh_evidence_hospital,hospital_id,INDEX,8192,105,none
nabh_evidence_items,Quality/NABH,nabh_evidence_items_pkey,id,PK,8192,0,none
nabh_evidence_log,Quality/NABH,idx_nabh_evidence_log_criterion,hospital_id criterion_number logged_at,INDEX,73728,73,none
nabh_evidence_log,Quality/NABH,idx_nabh_evidence_log_hospital,hospital_id logged_at,INDEX,49152,24,none
nabh_evidence_log,Quality/NABH,nabh_evidence_log_pkey,id,PK,57344,0,none
nabh_hospital_compliance,Quality/NABH,idx_nabh_compliance_hospital,hospital_id nabh_standard_id,INDEX,57344,2032,"DUPLICATE column set: idx_nabh_compliance_hospital, nabh_hospital_compliance_hospital_id_nabh_standard_id_key"
nabh_hospital_compliance,Quality/NABH,nabh_hospital_compliance_hospital_id_nabh_standard_id_key,hospital_id nabh_standard_id,UNIQUE,57344,520,"DUPLICATE column set: idx_nabh_compliance_hospital, nabh_hospital_compliance_hospital_id_nabh_standard_id_key"
nabh_hospital_compliance,Quality/NABH,nabh_hospital_compliance_pkey,id,PK,40960,0,none
nabh_standards,Quality/NABH,idx_nabh_standards_chapter,chapter_code standard_code,INDEX,16384,0,ZERO scans since stats reset
nabh_standards,Quality/NABH,nabh_standards_pkey,id,PK,16384,36470,none
nabh_standards,Quality/NABH,nabh_standards_standard_code_objective_element_code_key,standard_code objective_element_code,UNIQUE,16384,1603,none
ndps_pending_dispenses,Pharmacy,idx_ndps_pending_hospital_status,hospital_id status,INDEX,8192,105,none
ndps_pending_dispenses,Pharmacy,ndps_pending_dispenses_pkey,id,PK,8192,0,none
ndps_register,Pharmacy,ndps_register_pkey,id,PK,8192,0,none
neonatal_records,Other,neonatal_records_pkey,id,PK,8192,0,none
no_show_predictions,Other,idx_no_show_predictions_appt,appointment_id,INDEX,40960,750,none
no_show_predictions,Other,idx_no_show_predictions_appt_ref,appointment_ref,INDEX,32768,0,ZERO scans since stats reset
no_show_predictions,Other,idx_no_show_predictions_patient,patient_id created_at,INDEX,122880,2222,none
no_show_predictions,Other,idx_no_show_predictions_token,token_id,INDEX,32768,753,none
no_show_predictions,Other,no_show_predictions_pkey,id,PK,90112,0,none
notification_log,Notifications,idx_notification_log_hospital,hospital_id created_at,INDEX,8192,1,none
notification_log,Notifications,idx_notification_log_patient,hospital_id patient_id created_at,INDEX,8192,168,none
notification_log,Notifications,notification_log_pkey,id,PK,8192,0,none
notification_preferences,Notifications,idx_notification_prefs_hospital,hospital_id,INDEX,8192,101,none
notification_preferences,Notifications,notification_preferences_hospital_id_patient_id_key,hospital_id patient_id,UNIQUE,8192,67,none
notification_preferences,Notifications,notification_preferences_pkey,id,PK,8192,0,none
notification_queue,Notifications,idx_notification_queue_dedup,dedup_key,UNIQUE,8192,0,none
notification_queue,Notifications,idx_notification_queue_dispatch,status next_retry_at,INDEX,8192,0,ZERO scans since stats reset
notification_queue,Notifications,idx_notification_queue_hospital,hospital_id created_at,INDEX,8192,100,none
notification_queue,Notifications,notification_queue_pkey,id,PK,8192,0,none
nps_responses,Other,nps_responses_pkey,id,PK,8192,0,none
nps_surveys,Other,idx_nps_surveys_hospital,hospital_id sent_at,INDEX,8192,109,none
nps_surveys,Other,nps_surveys_pkey,id,PK,8192,0,none
nursing_care_plans,Nursing,idx_ncp_admission,admission_id,INDEX,8192,0,ZERO scans since stats reset
nursing_care_plans,Nursing,idx_ncp_hospital,hospital_id,INDEX,8192,107,none
nursing_care_plans,Nursing,nursing_care_plans_pkey,id,PK,8192,0,none
nursing_fluid_outputs,Nursing,nursing_fluid_outputs_admission_idx,admission_id recorded_at,INDEX,8192,0,ZERO scans since stats reset
nursing_fluid_outputs,Nursing,nursing_fluid_outputs_pkey,id,PK,8192,0,none
nursing_handovers,Nursing,nursing_handovers_pkey,id,PK,8192,0,none
nursing_mar,Nursing,idx_nursing_mar_admission_date,admission_id scheduled_date,INDEX,16384,2,none
nursing_mar,Nursing,idx_nursing_mar_hospital_pending,hospital_id scheduled_time,INDEX,16384,0,ZERO scans since stats reset
nursing_mar,Nursing,idx_nursing_mar_medication,medication_id scheduled_time,INDEX,16384,0,ZERO scans since stats reset
nursing_mar,Nursing,nursing_mar_admission_med_schedule_unique,admission_id medication_id scheduled_date scheduled_time,UNIQUE,16384,126,none
nursing_mar,Nursing,nursing_mar_pkey,id,PK,16384,0,none
nursing_procedure_consumables,Nursing,idx_nursing_consumables_proc,nursing_procedure_id,INDEX,8192,0,ZERO scans since stats reset
nursing_procedure_consumables,Nursing,nursing_procedure_consumables_pkey,id,PK,8192,0,none
nursing_procedures,Nursing,nursing_procedures_pkey,id,PK,8192,0,none
nursing_vitals,Nursing,idx_nursing_vitals_admission_id,admission_id,INDEX,16384,2,none
nursing_vitals,Nursing,idx_nursing_vitals_hospital_id,hospital_id,INDEX,16384,401,none
nursing_vitals,Nursing,idx_nursing_vitals_news2,admission_id news2_score,INDEX,16384,0,ZERO scans since stats reset
nursing_vitals,Nursing,idx_nursing_vitals_recorded_at,recorded_at,INDEX,16384,0,ZERO scans since stats reset
nursing_vitals,Nursing,nursing_vitals_pkey,id,PK,16384,0,none
nutrition_screenings,Dietetics,idx_nutrition_screenings_admission,hospital_id admission_id,INDEX,16384,101,none
nutrition_screenings,Dietetics,nutrition_screenings_admission_id_screening_tool_key,admission_id screening_tool,UNIQUE,16384,0,none
nutrition_screenings,Dietetics,nutrition_screenings_pkey,id,PK,16384,0,none
nutritional_screenings,Dietetics,idx_nutritional_screenings_admission,admission_id,INDEX,8192,0,ZERO scans since stats reset
nutritional_screenings,Dietetics,idx_nutritional_screenings_hospital,hospital_id,INDEX,8192,107,none
nutritional_screenings,Dietetics,nutritional_screenings_pkey,id,PK,8192,0,none
oauth_provider_settings,Identity,oauth_provider_settings_pkey,provider,PK,16384,0,none
obstetric_records,Other,obstetric_records_pkey,id,PK,8192,0,none
occupational_health_records,Other,occupational_health_records_hospital_user,hospital_id user_id event_date,INDEX,8192,283,none
occupational_health_records,Other,occupational_health_records_pkey,id,PK,8192,0,none
onboarding_tasks,HR,onboarding_tasks_applicant_idx,applicant_id,INDEX,8192,0,ZERO scans since stats reset
onboarding_tasks,HR,onboarding_tasks_pkey,id,PK,8192,0,none
oncology_patients,IPD,oncology_patients_hospital_id_patient_id_key,hospital_id patient_id,UNIQUE,16384,182,none
oncology_patients,IPD,oncology_patients_pkey,id,PK,16384,0,none
online_reviews,Other,idx_online_reviews_hospital,hospital_id,INDEX,8192,108,none
online_reviews,Other,online_reviews_pkey,id,PK,8192,0,none
opd_diagnoses,OPD,idx_opd_diagnoses_ai_suggested,encounter_id,INDEX,8192,0,"ZERO scans since stats reset; DUPLICATE column set: idx_opd_diagnoses_encounter, idx_opd_diagnoses_ai_suggested"
opd_diagnoses,OPD,idx_opd_diagnoses_encounter,encounter_id,INDEX,16384,0,"ZERO scans since stats reset; DUPLICATE column set: idx_opd_diagnoses_encounter, idx_opd_diagnoses_ai_suggested"
opd_diagnoses,OPD,idx_opd_diagnoses_hospital,hospital_id,INDEX,16384,0,ZERO scans since stats reset
opd_diagnoses,OPD,idx_opd_diagnoses_patient,patient_id,INDEX,16384,0,ZERO scans since stats reset
opd_diagnoses,OPD,opd_diagnoses_pkey,id,PK,16384,0,none
opd_encounters,OPD,idx_opd_doctor_analytics,doctor_id created_at patient_id,INDEX,16384,7,none
opd_encounters,OPD,idx_opd_doctor_date,doctor_id created_at,INDEX,16384,0,ZERO scans since stats reset
opd_encounters,OPD,idx_opd_hospital_date,hospital_id created_at,INDEX,16384,1545,none
opd_encounters,OPD,idx_opd_patient,patient_id created_at,INDEX,16384,1891,none
opd_encounters,OPD,opd_encounters_pkey,id,PK,16384,5908,none
opd_token_sequences,OPD,opd_token_sequences_pkey,hospital_id doctor_key prefix,PK,16384,43,none
opd_tokens,OPD,idx_opd_tokens_hospital_date,hospital_id visit_date status,INDEX,16384,9303,none
opd_tokens,OPD,idx_opd_tokens_hospital_status,hospital_id status created_at,INDEX,16384,4861,none
opd_tokens,OPD,idx_opd_tokens_patient,patient_id,INDEX,16384,7276,none
opd_tokens,OPD,idx_opd_tokens_patient_doctor_date,patient_id doctor_id visit_date,INDEX,16384,186,none
opd_tokens,OPD,idx_opd_tokens_visit_mode,hospital_id visit_mode,INDEX,16384,0,ZERO scans since stats reset
opd_tokens,OPD,opd_tokens_daily_token_uniq,hospital_id visit_date NULL token_number,UNIQUE,16384,77,none
opd_tokens,OPD,opd_tokens_pkey,id,PK,16384,7109,none
opd_visits,OPD,opd_visits_pkey,id,PK,16384,0,none
ophthalmology_records,Other,ophthalmology_records_pkey,id,PK,8192,0,none
organ_donations,Other,idx_organ_donations_hospital,hospital_id,INDEX,8192,108,none
organ_donations,Other,organ_donations_pkey,id,PK,8192,0,none
ot_checklist_custom_items,OT,idx_ot_checklist_custom_items_hospital,hospital_id phase,INDEX,16384,163,none
ot_checklist_custom_items,OT,ot_checklist_custom_items_pkey,id,PK,16384,3,none
ot_checklists,OT,ot_checklists_pkey,id,PK,16384,20,none
ot_consumables,OT,idx_ot_consumables_hospital,hospital_id,INDEX,8192,108,none
ot_consumables,OT,idx_ot_consumables_schedule,schedule_id,INDEX,8192,0,ZERO scans since stats reset
ot_consumables,OT,ot_consumables_pkey,id,PK,8192,0,none
ot_equipment_checklist,OT,idx_ot_equipment_checklist_schedule,ot_schedule_id,INDEX,16384,1,none
ot_equipment_checklist,OT,ot_equipment_checklist_ot_schedule_id_item_text_key,ot_schedule_id item_text,UNIQUE,16384,0,none
ot_equipment_checklist,OT,ot_equipment_checklist_pkey,id,PK,16384,0,none
ot_implants,OT,idx_ot_implants_hospital,hospital_id,INDEX,8192,107,none
ot_implants,OT,idx_ot_implants_schedule,schedule_id,INDEX,8192,2,none
ot_implants,OT,ot_implants_pkey,id,PK,8192,0,none
ot_instrument_counts,OT,idx_ot_instrument_counts_schedule,ot_schedule_id,INDEX,16384,1,none
ot_instrument_counts,OT,ot_instrument_counts_ot_schedule_id_count_type_key,ot_schedule_id count_type,UNIQUE,16384,0,none
ot_instrument_counts,OT,ot_instrument_counts_pkey,id,PK,16384,0,none
ot_rooms,OT,ot_rooms_pkey,id,PK,16384,3,none
ot_schedules,OT,idx_ot_schedules_date_room,hospital_id scheduled_date ot_room_id,INDEX,16384,0,ZERO scans since stats reset
ot_schedules,OT,idx_ot_schedules_pac_cleared,pac_cleared,INDEX,16384,0,ZERO scans since stats reset
ot_schedules,OT,idx_ot_schedules_status,hospital_id status scheduled_date,INDEX,16384,0,ZERO scans since stats reset
ot_schedules,OT,ot_schedules_no_overlap,hospital_id ot_room_id NULL,INDEX,8192,1,none
ot_schedules,OT,ot_schedules_pkey,id,PK,16384,0,none
ot_team_members,OT,ot_team_members_pkey,id,PK,16384,0,none
outcome_scores,Other,idx_outcome_scores_hospital,hospital_id,INDEX,8192,113,none
outcome_scores,Other,idx_outcome_scores_referral,referral_id,INDEX,8192,17,none
outcome_scores,Other,outcome_scores_pkey,id,PK,8192,0,none
overtime_requests,Other,ot_req_hospital_idx,hospital_id status,INDEX,8192,195,none
overtime_requests,Other,overtime_requests_pkey,id,PK,8192,0,none
package_bookings,Billing,idx_package_bookings_hospital,hospital_id,INDEX,8192,0,ZERO scans since stats reset
package_bookings,Billing,idx_package_bookings_patient,patient_id,INDEX,8192,67,none
package_bookings,Billing,idx_package_bookings_scheduled,hospital_id scheduled_date,INDEX,8192,0,ZERO scans since stats reset
package_bookings,Billing,idx_package_bookings_status,hospital_id status,INDEX,8192,165,none
package_bookings,Billing,package_bookings_pkey,id,PK,8192,0,none
package_extras,Billing,idx_pkg_extras_package,package_id,INDEX,8192,0,ZERO scans since stats reset
package_extras,Billing,idx_pkg_extras_service,hospital_id service_id,INDEX,8192,45,none
package_extras,Billing,package_extras_pkey,id,PK,8192,0,none
package_inclusions,Billing,idx_pkg_inclusions_category,hospital_id service_category,INDEX,8192,0,ZERO scans since stats reset
package_inclusions,Billing,idx_pkg_inclusions_package,package_id,INDEX,16384,0,ZERO scans since stats reset
package_inclusions,Billing,idx_pkg_inclusions_service,hospital_id service_id,INDEX,16384,45,none
package_inclusions,Billing,package_inclusions_pkey,id,PK,16384,0,none
package_station_logs,Billing,package_station_logs_pkey,id,PK,8192,0,none
pacs_connectors,Radiology,pacs_connectors_pkey,id,PK,8192,0,none
pacs_connectors,Radiology,uq_pacs_hospital,hospital_id,UNIQUE,8192,149,none
pacu_assessments,OT,idx_pacu_assessments_hospital,hospital_id,INDEX,16384,105,none
pacu_assessments,OT,idx_pacu_assessments_ot_schedule,ot_schedule_id assessed_at,INDEX,16384,2,none
pacu_assessments,OT,pacu_assessments_pkey,id,PK,16384,0,none
pain_audit_records,Other,pain_audit_records_hospital_date,hospital_id audit_date,INDEX,8192,359,none
pain_audit_records,Other,pain_audit_records_pkey,id,PK,8192,0,none
palliative_care_plans,Other,palliative_care_plans_hospital_patient,hospital_id patient_id created_at,INDEX,8192,170,none
palliative_care_plans,Other,palliative_care_plans_pkey,id,PK,8192,0,none
panchakarma_schedules,Other,idx_panchakarma_date,scheduled_date,INDEX,8192,0,ZERO scans since stats reset
panchakarma_schedules,Other,idx_panchakarma_hospital,hospital_id,INDEX,8192,107,none
panchakarma_schedules,Other,idx_panchakarma_patient,patient_id,INDEX,8192,67,none
panchakarma_schedules,Other,panchakarma_schedules_pkey,id,PK,8192,0,none
partograph_entries,Other,idx_partograph_admission,admission_id,INDEX,8192,0,ZERO scans since stats reset
partograph_entries,Other,idx_partograph_patient,patient_id hospital_id time_hour,INDEX,8192,176,none
partograph_entries,Other,partograph_entries_pkey,id,PK,8192,0,none
partograph_records,Other,partograph_records_pkey,id,PK,8192,0,none
pathology_cases,Other,idx_pathology_cases_hospital,hospital_id status,INDEX,16384,101,none
pathology_cases,Other,idx_pathology_cases_order,lab_order_id,INDEX,16384,69,none
pathology_cases,Other,idx_pathology_cases_patient,patient_id,INDEX,16384,67,none
pathology_cases,Other,pathology_cases_hospital_id_case_number_key,hospital_id case_number,UNIQUE,16384,0,none
pathology_cases,Other,pathology_cases_pkey,id,PK,16384,0,none
patient_abha_profiles,ABDM,patient_abha_profiles_hospital_id_abha_number_key,hospital_id abha_number,UNIQUE,8192,1342,none
patient_abha_profiles,ABDM,patient_abha_profiles_pkey,id,PK,8192,0,none
patient_acquisition,Patient,idx_patient_acquisition_hospital,hospital_id,INDEX,8192,0,ZERO scans since stats reset
patient_acquisition,Patient,idx_patient_acquisition_patient,patient_id,INDEX,8192,1767,none
patient_acquisition,Patient,idx_patient_acquisition_source,hospital_id source,INDEX,8192,111,none
patient_acquisition,Patient,patient_acquisition_pkey,id,PK,8192,0,none
patient_ai_context,AI,idx_patient_ai_context_patient,patient_id,INDEX,16384,39,none
patient_ai_context,AI,patient_ai_context_hospital_id_patient_id_key,hospital_id patient_id,UNIQUE,16384,99,none
patient_ai_context,AI,patient_ai_context_pkey,id,PK,16384,0,none
patient_consents,Patient,idx_patient_consents_admission,hospital_id admission_id consent_given,INDEX,16384,4,none
patient_consents,Patient,idx_patient_consents_ed_visit_id,ed_visit_id,INDEX,16384,3,none
patient_consents,Patient,patient_consents_pkey,id,PK,16384,0,none
patient_documents,Patient,idx_patient_documents_patient,hospital_id patient_id,INDEX,16384,325,none
patient_documents,Patient,patient_documents_pkey,id,PK,16384,0,none
patient_encounter_templates,Patient,patient_encounter_templates_pkey,id,PK,8192,0,none
patient_feedback,Patient,patient_feedback_pkey,id,PK,8192,0,none
patient_history_digests,Patient,idx_history_digests_patient,patient_id version,INDEX,8192,80,none
patient_history_digests,Patient,patient_history_digests_pkey,id,PK,8192,0,none
patient_history_digests,Patient,uq_history_digest_current,hospital_id patient_id,UNIQUE,8192,623,none
patient_history_ingest_jobs,Patient,idx_history_jobs_open,status created_at,INDEX,8192,0,ZERO scans since stats reset
patient_history_ingest_jobs,Patient,idx_history_jobs_patient,patient_id created_at,INDEX,8192,118,none
patient_history_ingest_jobs,Patient,patient_history_ingest_jobs_pkey,id,PK,8192,0,none
patient_history_source_chunks,Patient,idx_history_chunks_pending,job_id page_from,INDEX,8192,0,ZERO scans since stats reset
patient_history_source_chunks,Patient,idx_history_chunks_source,source_id page_from,INDEX,8192,0,"ZERO scans since stats reset; DUPLICATE column set: uq_history_chunk_range, idx_history_chunks_source"
patient_history_source_chunks,Patient,patient_history_source_chunks_pkey,id,PK,8192,0,none
patient_history_source_chunks,Patient,uq_history_chunk_range,source_id page_from,UNIQUE,8192,0,"DUPLICATE column set: uq_history_chunk_range, idx_history_chunks_source"
patient_history_sources,Patient,idx_history_sources_dedupe,patient_id content_hash,INDEX,8192,0,ZERO scans since stats reset
patient_history_sources,Patient,idx_history_sources_job,job_id,INDEX,8192,0,"ZERO scans since stats reset; DUPLICATE column set: idx_history_sources_job, idx_history_sources_staged"
patient_history_sources,Patient,idx_history_sources_staged,job_id,INDEX,8192,0,"ZERO scans since stats reset; DUPLICATE column set: idx_history_sources_job, idx_history_sources_staged"
patient_history_sources,Patient,patient_history_sources_pkey,id,PK,8192,0,none
patient_portal_sessions,Patient,patient_portal_sessions_pkey,id,PK,8192,0,none
patient_portal_sessions,Patient,patient_portal_sessions_session_token_key,session_token,UNIQUE,8192,0,none
patient_rights_acknowledgements,Patient,idx_patient_rights_hospital,hospital_id,INDEX,8192,109,none
patient_rights_acknowledgements,Patient,idx_patient_rights_patient,patient_id,INDEX,8192,67,none
patient_rights_acknowledgements,Patient,patient_rights_acknowledgements_pkey,id,PK,8192,0,none
patient_segments,Patient,idx_patient_segments_hospital,hospital_id,INDEX,16384,108,none
patient_segments,Patient,patient_segments_pkey,id,PK,16384,0,none
patient_template_responses,Patient,patient_template_responses_pkey,id,PK,8192,0,none
patient_voice_sessions,Patient,idx_patient_voice_patient,patient_id created_at,INDEX,8192,0,ZERO scans since stats reset
patient_voice_sessions,Patient,patient_voice_sessions_pkey,id,PK,8192,0,none
patients,Patient,idx_patients_email,email,INDEX,16384,22,none
patients,Patient,idx_patients_hospital_active,hospital_id is_active,INDEX,16384,10218,none
patients,Patient,idx_patients_hospital_phone,hospital_id phone,INDEX,98304,53,none
patients,Patient,idx_patients_hospital_uhid,hospital_id uhid,INDEX,114688,2418,"DUPLICATE column set: idx_patients_hospital_uhid, patients_hospital_id_uhid_key"
patients,Patient,idx_patients_name_search,NULL,INDEX,40960,0,ZERO scans since stats reset
patients,Patient,patients_hospital_id_uhid_key,hospital_id uhid,UNIQUE,114688,0,"DUPLICATE column set: idx_patients_hospital_uhid, patients_hospital_id_uhid_key"
patients,Patient,patients_name_hash_idx,hospital_id name_hash,INDEX,16384,0,ZERO scans since stats reset
patients,Patient,patients_phone_hash_idx,hospital_id phone_hash,INDEX,16384,0,ZERO scans since stats reset
patients,Patient,patients_pkey,id,PK,57344,32465,none
payer_masters,Insurance,idx_payer_masters_hospital_id,hospital_id,INDEX,16384,1234,none
payer_masters,Insurance,idx_payer_masters_payer_type,payer_type,INDEX,16384,0,ZERO scans since stats reset
payer_masters,Insurance,payer_masters_pkey,id,PK,16384,66,none
payment_links,Payments,idx_payment_links_bill,bill_id,INDEX,16384,712,none
payment_links,Payments,idx_payment_links_hospital,hospital_id status,INDEX,16384,145,none
payment_links,Payments,idx_payment_links_patient,patient_id,INDEX,16384,67,none
payment_links,Payments,idx_payment_links_status,status,INDEX,16384,0,ZERO scans since stats reset
payment_links,Payments,idx_payment_links_token,link_token,INDEX,16384,0,"ZERO scans since stats reset; DUPLICATE column set: payment_links_link_token_key, idx_payment_links_token"
payment_links,Payments,payment_links_link_token_key,link_token,UNIQUE,16384,0,"DUPLICATE column set: payment_links_link_token_key, idx_payment_links_token"
payment_links,Payments,payment_links_pkey,id,PK,16384,0,none
payroll_hooks,Payroll,payroll_hooks_hospital_id_integration_type_key,hospital_id integration_type,UNIQUE,8192,103,none
payroll_hooks,Payroll,payroll_hooks_pkey,id,PK,8192,0,none
payroll_items,Payroll,payroll_items_pkey,id,PK,8192,0,none
payroll_runs,Payroll,payroll_runs_hospital_month_year_key,hospital_id month year,UNIQUE,8192,120,none
payroll_runs,Payroll,payroll_runs_pkey,id,PK,8192,0,none
payslips,Other,payslips_hospital_idx,hospital_id,INDEX,8192,102,none
payslips,Other,payslips_pkey,id,PK,8192,0,none
payslips,Other,payslips_run_id_staff_id_key,run_id staff_id,UNIQUE,8192,0,none
payslips,Other,payslips_run_idx,run_id,INDEX,8192,0,ZERO scans since stats reset
payslips,Other,payslips_staff_idx,staff_id,INDEX,8192,97,none
pcpndt_form_f,Other,pcpndt_form_f_pkey,id,PK,16384,0,none
pcpndt_records,Other,idx_pcpndt_records_created_at,created_at,INDEX,8192,1,none
pcpndt_records,Other,idx_pcpndt_records_hospital_id,hospital_id,INDEX,8192,108,none
pcpndt_records,Other,idx_pcpndt_records_order_id,radiology_order_id,INDEX,8192,34,none
pcpndt_records,Other,idx_pcpndt_records_patient_id,patient_id,INDEX,8192,67,none
pcpndt_records,Other,pcpndt_records_pkey,id,PK,8192,0,none
pcpndt_settings,Other,pcpndt_settings_hospital_id_key,hospital_id,UNIQUE,8192,143,none
pcpndt_settings,Other,pcpndt_settings_pkey,id,PK,8192,0,none
performance_appraisals,Other,performance_appraisals_hospital_user,hospital_id user_id period_start,INDEX,8192,102,none
performance_appraisals,Other,performance_appraisals_pkey,id,PK,8192,0,none
periodontal_charts,Other,idx_periodontal_charts_patient,patient_id,INDEX,8192,67,none
periodontal_charts,Other,periodontal_charts_pkey,id,PK,8192,0,none
pharmacy_dispensing,Pharmacy,idx_pharmacy_dispensing_admission_billed,admission_id billed,INDEX,8192,113,none
pharmacy_dispensing,Pharmacy,idx_pharmacy_dispensing_patient,patient_id dispensed_at,INDEX,16384,90,none
pharmacy_dispensing,Pharmacy,idx_pharmacy_dispensing_status,hospital_id status,INDEX,16384,0,ZERO scans since stats reset
pharmacy_dispensing,Pharmacy,pharmacy_dispensing_hospital_dispensing_number_key,hospital_id dispensing_number,UNIQUE,16384,2401,none
pharmacy_dispensing,Pharmacy,pharmacy_dispensing_pkey,id,PK,16384,5,none
pharmacy_dispensing_items,Pharmacy,pharmacy_dispensing_items_pkey,id,PK,16384,0,none
pharmacy_return_audit,Audit/Compliance,idx_pharmacy_return_audit_bill,bill_id,INDEX,8192,712,none
pharmacy_return_audit,Audit/Compliance,idx_pharmacy_return_audit_hospital,hospital_id created_at,INDEX,8192,107,none
pharmacy_return_audit,Audit/Compliance,idx_pharmacy_return_audit_patient,patient_id,INDEX,8192,67,none
pharmacy_return_audit,Audit/Compliance,pharmacy_return_audit_pkey,id,PK,8192,0,none
pharmacy_stock_alerts,Pharmacy,pharmacy_stock_alerts_pkey,id,PK,8192,0,none
pharmacy_supplier_returns,Pharmacy,idx_pharmacy_supplier_returns_hospital_status,hospital_id status created_at,INDEX,16384,100,none
pharmacy_supplier_returns,Pharmacy,pharmacy_supplier_returns_pkey,id,PK,16384,0,none
pharmacy_waste_disposal,Pharmacy,idx_pharmacy_waste_disposal_hospital_date,hospital_id disposed_at,INDEX,16384,100,none
pharmacy_waste_disposal,Pharmacy,pharmacy_waste_disposal_pkey,id,PK,16384,0,none
phi_access_audit,Audit/Compliance,phi_access_audit_hospital_time_idx,hospital_id accessed_at,INDEX,8192,100,none
phi_access_audit,Audit/Compliance,phi_access_audit_pkey,id,PK,8192,0,none
phi_access_audit,Audit/Compliance,phi_access_audit_user_time_idx,user_id accessed_at,INDEX,8192,1,none
phi_backfill_log,Audit/Compliance,phi_backfill_log_pkey,id,PK,16384,0,none
phi_encryption_keys,Audit/Compliance,phi_encryption_keys_hospital_version_idx,hospital_id key_version,INDEX,16384,100,none
phi_encryption_keys,Audit/Compliance,phi_encryption_keys_one_active_per_hospital,hospital_id is_active,UNIQUE,16384,0,none
phi_encryption_keys,Audit/Compliance,phi_encryption_keys_pkey,id,PK,16384,0,none
phi_encryption_keys,Audit/Compliance,phi_encryption_keys_unique_active,hospital_id,UNIQUE,16384,0,none
physio_equipment_bookings,Other,idx_physio_equip_hospital,hospital_id,INDEX,8192,0,ZERO scans since stats reset
physio_equipment_bookings,Other,idx_physio_equip_time,hospital_id start_time,INDEX,8192,132,none
physio_equipment_bookings,Other,physio_equipment_bookings_pkey,id,PK,8192,0,none
physio_referrals,Other,idx_physio_referrals_hospital,hospital_id,INDEX,16384,0,ZERO scans since stats reset
physio_referrals,Other,idx_physio_referrals_patient,patient_id,INDEX,16384,1767,none
physio_referrals,Other,idx_physio_referrals_status,hospital_id status,INDEX,16384,222,none
physio_referrals,Other,physio_referrals_pkey,id,PK,16384,54,none
physio_sessions,Other,idx_physio_sessions_date,hospital_id session_date,INDEX,8192,146,none
physio_sessions,Other,idx_physio_sessions_hospital,hospital_id,INDEX,8192,0,ZERO scans since stats reset
physio_sessions,Other,idx_physio_sessions_referral,referral_id,INDEX,8192,17,none
physio_sessions,Other,physio_sessions_pkey,id,PK,8192,0,none
plan_features,Platform,idx_plan_features_module_key,module_key,INDEX,16384,0,ZERO scans since stats reset
plan_features,Platform,idx_plan_features_plan_id,plan_id,INDEX,16384,35204,none
plan_features,Platform,plan_features_pkey,id,PK,40960,0,none
plan_features,Platform,plan_features_plan_id_module_key_key,plan_id module_key,UNIQUE,49152,2078,none
platform_ai_keys,AI,platform_ai_keys_pkey,id,PK,16384,0,none
platform_ai_keys,AI,platform_ai_keys_service_key_key,service_key,UNIQUE,16384,0,none
platform_ai_provider_config,AI,platform_ai_provider_config_feature_key_key,feature_key,UNIQUE,16384,4261,none
platform_ai_provider_config,AI,platform_ai_provider_config_pkey,id,PK,16384,0,none
platform_billing_settings,Platform,platform_billing_settings_pkey,id,PK,16384,21443,none
platform_feature_flag_overrides,Platform,platform_feature_flag_overrides_flag_id_hospital_id_key,flag_id hospital_id,UNIQUE,16384,204,none
platform_feature_flag_overrides,Platform,platform_feature_flag_overrides_pkey,id,PK,16384,0,none
platform_feature_flags,Platform,platform_feature_flags_key_key,key,UNIQUE,16384,107,none
platform_feature_flags,Platform,platform_feature_flags_pkey,id,PK,16384,0,none
platform_incident_updates,Platform,idx_platform_incident_updates_incident,incident_id created_at,INDEX,8192,0,ZERO scans since stats reset
platform_incident_updates,Platform,platform_incident_updates_pkey,id,PK,8192,0,none
platform_incidents,Platform,idx_platform_incidents_status,status started_at,INDEX,8192,0,ZERO scans since stats reset
platform_incidents,Platform,platform_incidents_pkey,id,PK,8192,0,none
platform_metrics_registry,Platform,idx_metrics_registry_key,metric_key,INDEX,16384,8,"DUPLICATE column set: idx_metrics_registry_key, platform_metrics_registry_metric_key_key"
platform_metrics_registry,Platform,platform_metrics_registry_metric_key_key,metric_key,UNIQUE,16384,0,"DUPLICATE column set: idx_metrics_registry_key, platform_metrics_registry_metric_key_key"
platform_metrics_registry,Platform,platform_metrics_registry_pkey,id,PK,16384,0,none
platform_onboarding_tours,Platform,platform_onboarding_tours_pkey,id,PK,16384,0,none
platform_onboarding_tours,Platform,platform_onboarding_tours_tour_key_key,tour_key,UNIQUE,16384,563,none
platform_settings,Platform,platform_settings_pkey,id,PK,16384,0,none
platform_support_tickets,Platform,idx_platform_support_tickets_hospital,hospital_id created_at,INDEX,16384,253,none
platform_support_tickets,Platform,idx_platform_support_tickets_status,status created_at,INDEX,16384,1,none
platform_support_tickets,Platform,idx_platform_support_tickets_thread,parent_id,INDEX,16384,1,none
platform_support_tickets,Platform,platform_support_tickets_pkey,id,PK,16384,1,none
platform_training_videos,Platform,platform_training_videos_pkey,id,PK,16384,0,none
pm_schedules,Other,idx_pm_equipment,equipment_id,INDEX,8192,2,none
pm_schedules,Other,idx_pm_next_due,hospital_id next_due_at,INDEX,8192,246,none
pm_schedules,Other,pm_schedules_pkey,id,PK,8192,0,none
pmjay_claims,PM-JAY,idx_pmjay_claims_status,hospital_id status,INDEX,8192,0,ZERO scans since stats reset
pmjay_claims,PM-JAY,pmjay_claims_hospital_claim_number_key,hospital_id claim_number,UNIQUE,8192,116,none
pmjay_claims,PM-JAY,pmjay_claims_pkey,id,PK,8192,0,none
pmjay_package_master,PM-JAY,pmjay_package_master_pkey,id,PK,8192,0,none
pmjay_package_master,PM-JAY,pmjay_pkg_code_idx,package_code,INDEX,8192,0,ZERO scans since stats reset
pmjay_package_master,PM-JAY,pmjay_pkg_hospital_idx,hospital_id,INDEX,8192,103,none
pmjay_packages,PM-JAY,idx_pmjay_packages_hospital,hospital_id,INDEX,16384,108,none
pmjay_packages,PM-JAY,pmjay_packages_hospital_id_package_code_key,hospital_id package_code,UNIQUE,16384,0,none
pmjay_packages,PM-JAY,pmjay_packages_pkey,id,PK,16384,0,none
pmjay_preauth_requests,PM-JAY,pmjay_preauth_requests_pkey,id,PK,8192,0,none
po_approval_rules,Other,idx_po_approval_rules_hospital,hospital_id,INDEX,8192,99,none
po_approval_rules,Other,po_approval_rules_pkey,id,PK,8192,0,none
po_items,Other,po_items_pkey,id,PK,8192,0,none
portal_chat_messages,Patient,idx_pcm_patient,patient_id created_at,INDEX,8192,67,none
portal_chat_messages,Patient,portal_chat_messages_pkey,id,PK,8192,0,none
prakriti_assessments,Other,idx_prakriti_hospital,hospital_id,INDEX,8192,107,none
prakriti_assessments,Other,idx_prakriti_patient,patient_id,INDEX,8192,67,none
prakriti_assessments,Other,prakriti_assessments_pkey,id,PK,8192,0,none
pre_auth_requests,Insurance,idx_pre_auth_requests_status,hospital_id status,INDEX,8192,108,none
pre_auth_requests,Insurance,pre_auth_requests_pkey,id,PK,8192,0,none
prescriptions,Pharmacy,idx_prescriptions_hospital_admission,hospital_id admission_id,INDEX,16384,14,none
prescriptions,Pharmacy,idx_prescriptions_source,hospital_id source,INDEX,16384,463,none
prescriptions,Pharmacy,prescriptions_admission_uniq,admission_id,UNIQUE,16384,4,none
prescriptions,Pharmacy,prescriptions_encounter_uniq,encounter_id,UNIQUE,16384,256,none
prescriptions,Pharmacy,prescriptions_pkey,id,PK,16384,503,none
preventive_screenings,Other,preventive_screenings_hospital_id_patient_id_idx,hospital_id patient_id,INDEX,8192,67,none
preventive_screenings,Other,preventive_screenings_hospital_id_screen_type_screened_at_idx,hospital_id screen_type screened_at,INDEX,8192,105,none
preventive_screenings,Other,preventive_screenings_pkey,id,PK,8192,0,none
procurement_recommendations,Procurement,procurement_recommendations_pkey,id,PK,8192,0,none
product_analytics_events,Other,idx_product_analytics_events_lookup,hospital_id event_name created_at,INDEX,32768,97,none
product_analytics_events,Other,product_analytics_events_pkey,id,PK,16384,0,none
product_modes,Other,product_modes_hospital_id_key,hospital_id,UNIQUE,16384,5199,none
product_modes,Other,product_modes_pkey,id,PK,16384,0,none
prom_prem_surveys,Patient,prom_prem_surveys_hospital_id_sent_at_idx,hospital_id sent_at,INDEX,8192,232,none
prom_prem_surveys,Patient,prom_prem_surveys_pkey,id,PK,8192,0,none
prom_prem_surveys,Patient,prom_prem_surveys_response_token_idx,response_token,INDEX,8192,0,"ZERO scans since stats reset; DUPLICATE column set: prom_prem_surveys_response_token_idx, prom_prem_surveys_response_token_key"
prom_prem_surveys,Patient,prom_prem_surveys_response_token_key,response_token,UNIQUE,8192,0,"DUPLICATE column set: prom_prem_surveys_response_token_idx, prom_prem_surveys_response_token_key"
prompt_registry,AI,idx_prompt_registry_feature_active,feature_key is_active,INDEX,16384,1308,none
prompt_registry,AI,idx_prompt_registry_feature_key,feature_key,INDEX,16384,0,"ZERO scans since stats reset; DUPLICATE column set: prompt_registry_feature_key_key, idx_prompt_registry_feature_key"
prompt_registry,AI,prompt_registry_feature_key_key,feature_key,UNIQUE,16384,732,"DUPLICATE column set: prompt_registry_feature_key_key, idx_prompt_registry_feature_key"
prompt_registry,AI,prompt_registry_pkey,id,PK,16384,0,none
psychometric_assessments,Other,idx_psychometric_patient,patient_id created_at,INDEX,8192,0,ZERO scans since stats reset
psychometric_assessments,Other,psychometric_assessments_pkey,id,PK,8192,0,none
purchase_orders,Procurement,purchase_orders_hospital_po_number_key,hospital_id po_number,UNIQUE,8192,109,none
purchase_orders,Procurement,purchase_orders_pkey,id,PK,8192,0,none
purchase_requisitions,Procurement,purchase_requisitions_pkey,id,PK,8192,0,none
push_notifications,Notifications,idx_push_notifications_hospital,hospital_id created_at,INDEX,8192,100,none
push_notifications,Notifications,push_notifications_pkey,id,PK,8192,0,none
qi_cycles,Other,idx_qi_cycles_project,qi_project_id created_at,INDEX,8192,0,ZERO scans since stats reset
qi_cycles,Other,qi_cycles_pkey,id,PK,8192,0,none
qi_projects,Other,idx_qi_projects_hospital,hospital_id status,INDEX,8192,106,none
qi_projects,Other,qi_projects_pkey,id,PK,8192,0,none
quality_indicator_definitions,Quality/NABH,idx_qi_definitions_chapter,nabh_chapter sort_order,INDEX,16384,0,ZERO scans since stats reset
quality_indicator_definitions,Quality/NABH,idx_qi_definitions_standard,nabh_standard_code,INDEX,16384,0,ZERO scans since stats reset
quality_indicator_definitions,Quality/NABH,quality_indicator_definitions_pkey,indicator_code,PK,16384,479,none
quality_indicator_overrides,Quality/NABH,quality_indicator_overrides_hospital_id_indicator_code_key,hospital_id indicator_code,UNIQUE,8192,220,none
quality_indicator_overrides,Quality/NABH,quality_indicator_overrides_pkey,id,PK,8192,0,none
quality_indicators,Quality/NABH,idx_quality_indicators_trend,hospital_id indicator_code period_start,INDEX,147456,235,none
quality_indicators,Quality/NABH,quality_indicators_pkey,id,PK,90112,0,none
quality_indicators,Quality/NABH,uq_quality_indicators_key,hospital_id indicator_code period period_start,UNIQUE,155648,10250,none
queue_state,OPD,queue_state_pkey,id,PK,16384,0,none
queue_state,OPD,uq_queue_state_hospital_doctor,hospital_id doctor_id,UNIQUE,16384,106,none
quotation_items,Other,idx_quotation_items_q,quotation_id,INDEX,8192,0,ZERO scans since stats reset
quotation_items,Other,quotation_items_pkey,id,PK,8192,0,none
radiology_modalities,Radiology,radiology_modalities_pkey,id,PK,16384,60,none
radiology_orders,Radiology,idx_rad_orders_ai_flag,hospital_id ai_flag,INDEX,8192,0,ZERO scans since stats reset
radiology_orders,Radiology,idx_radiology_orders_admission_billed,admission_id billed,INDEX,16384,0,ZERO scans since stats reset
radiology_orders,Radiology,idx_radiology_orders_billing_status,hospital_id billing_status order_date,INDEX,16384,0,ZERO scans since stats reset
radiology_orders,Radiology,idx_radiology_orders_status_billing,hospital_id status billing_status,INDEX,16384,0,ZERO scans since stats reset
radiology_orders,Radiology,radiology_orders_hospital_accession_number_key,hospital_id accession_number,UNIQUE,16384,0,none
radiology_orders,Radiology,radiology_orders_pkey,id,PK,16384,0,none
radiology_reports,Radiology,radiology_reports_pkey,id,PK,16384,0,none
radiology_study_master,Radiology,idx_radiology_study_master_form_f,hospital_id,INDEX,16384,0,"ZERO scans since stats reset; DUPLICATE column set: idx_radiology_study_master_hospital, idx_radiology_study_master_form_f"
radiology_study_master,Radiology,idx_radiology_study_master_hospital,hospital_id,INDEX,16384,573,"DUPLICATE column set: idx_radiology_study_master_hospital, idx_radiology_study_master_form_f"
radiology_study_master,Radiology,idx_radiology_study_master_modality,modality_id,INDEX,16384,0,ZERO scans since stats reset
radiology_study_master,Radiology,radiology_study_master_pkey,id,PK,16384,21,none
razorpay_plan_registry,Payments,razorpay_plan_registry_pkey,id,PK,16384,0,none
razorpay_plan_registry,Payments,razorpay_plan_registry_plan_id_billing_cycle_amount_paise_key,plan_id billing_cycle amount_paise,UNIQUE,16384,0,none
razorpay_webhook_log,Payments,idx_razorpay_webhook_hospital,hospital_id processed_at,INDEX,8192,108,none
razorpay_webhook_log,Payments,razorpay_webhook_log_pkey,webhook_id,PK,8192,0,none
reconciliation_discrepancies,Other,idx_discrepancies_admission,hospital_id admission_id resolved,INDEX,8192,101,none
reconciliation_discrepancies,Other,reconciliation_discrepancies_pkey,id,PK,8192,0,none
record_access_logs,Other,idx_record_access_logs_hospital,hospital_id accessed_at,INDEX,8192,0,ZERO scans since stats reset
record_access_logs,Other,idx_record_access_logs_patient,patient_id accessed_at,INDEX,8192,67,none
record_access_logs,Other,idx_record_access_logs_type,hospital_id record_type accessed_at,INDEX,8192,103,none
record_access_logs,Other,record_access_logs_pkey,id,PK,8192,0,none
record_requests,Other,record_requests_pkey,id,PK,8192,0,none
record_retention_policies,Other,idx_retention_policies_hospital,hospital_id,INDEX,16384,156,none
record_retention_policies,Other,record_retention_policies_hospital_id_record_type_key,hospital_id record_type,UNIQUE,16384,1,none
record_retention_policies,Other,record_retention_policies_pkey,id,PK,16384,0,none
referral_codes,Platform,idx_referral_codes_code_active,code,INDEX,16384,0,"ZERO scans since stats reset; DUPLICATE column set: referral_codes_code_key, idx_referral_codes_code_active"
referral_codes,Platform,referral_codes_code_key,code,UNIQUE,16384,0,"DUPLICATE column set: referral_codes_code_key, idx_referral_codes_code_active"
referral_codes,Platform,referral_codes_one_per_hospital,hospital_id,UNIQUE,16384,212,none
referral_codes,Platform,referral_codes_pkey,id,PK,16384,2,none
referral_doctors,Platform,idx_referral_doctors_hospital,hospital_id,INDEX,16384,117,none
referral_doctors,Platform,referral_doctors_pkey,id,PK,16384,0,none
referral_partners,Platform,referral_partners_pkey,id,PK,8192,0,none
referral_redemptions,Platform,idx_referral_redemptions_code,code_id,INDEX,16384,104,none
referral_redemptions,Platform,referral_redemptions_one_per_hospital,referred_hospital_id,UNIQUE,16384,1,none
referral_redemptions,Platform,referral_redemptions_pkey,id,PK,16384,0,none
refund_payables,Billing,idx_refund_payables_pending,hospital_id status created_at,INDEX,16384,207,none
refund_payables,Billing,refund_payables_bill_idx,bill_id,INDEX,16384,684,"DUPLICATE column set: refund_payables_one_open_per_bill_idx, refund_payables_bill_idx"
refund_payables,Billing,refund_payables_one_open_per_admission_idx,admission_id,UNIQUE,16384,0,none
refund_payables,Billing,refund_payables_one_open_per_bill_idx,bill_id,UNIQUE,16384,3219,"DUPLICATE column set: refund_payables_one_open_per_bill_idx, refund_payables_bill_idx"
refund_payables,Billing,refund_payables_pkey,id,PK,16384,1,none
report_schedules,Reporting,idx_report_schedules_hospital,hospital_id is_active,INDEX,8192,278,none
report_schedules,Reporting,report_schedules_pkey,id,PK,8192,0,none
requisition_items,Other,idx_req_items_req,requisition_id,INDEX,8192,0,ZERO scans since stats reset
requisition_items,Other,requisition_items_pkey,id,PK,8192,0,none
research_cohorts,Other,idx_research_cohorts_hospital,hospital_id created_at,INDEX,8192,102,none
research_cohorts,Other,research_cohorts_pkey,id,PK,8192,0,none
restraint_records,Other,idx_restraint_admission,admission_id applied_at,INDEX,8192,125,none
restraint_records,Other,restraint_records_pkey,id,PK,8192,0,none
retention_schedules,Other,retention_schedules_pkey,id,PK,8192,0,none
revenue_alerts,Billing,idx_revenue_alerts_bill,bill_id,INDEX,16384,800,none
revenue_alerts,Billing,idx_revenue_alerts_hospital,hospital_id created_at,INDEX,16384,107,none
revenue_alerts,Billing,revenue_alerts_pkey,id,PK,16384,0,none
revenue_leak_actions,Billing,idx_revenue_leak_actions_finding_key,hospital_id finding_key,UNIQUE,8192,98,none
revenue_leak_actions,Billing,revenue_leak_actions_pkey,id,PK,8192,0,none
rfq_vendors,Procurement,idx_rfq_vendors_rfq,rfq_id,INDEX,8192,0,ZERO scans since stats reset
rfq_vendors,Procurement,rfq_vendors_pkey,id,PK,8192,0,none
rfqs,Procurement,rfqs_pkey,id,PK,8192,0,none
role_permissions,Identity,role_permissions_hospital_id_role_name_key,hospital_id role_name,UNIQUE,16384,29328,none
role_permissions,Identity,role_permissions_pkey,id,PK,16384,470,none
safety_event_capa,Other,idx_safety_event_capa_event,safety_event_id,INDEX,16384,0,ZERO scans since stats reset
safety_event_capa,Other,idx_safety_event_capa_status,safety_event_id status,INDEX,16384,271,none
safety_event_capa,Other,safety_event_capa_pkey,id,PK,16384,0,none
safety_event_rca,Other,idx_safety_event_rca_event,safety_event_id,INDEX,16384,1,"DUPLICATE column set: safety_event_rca_safety_event_id_key, idx_safety_event_rca_event"
safety_event_rca,Other,safety_event_rca_pkey,id,PK,16384,0,none
safety_event_rca,Other,safety_event_rca_safety_event_id_key,safety_event_id,UNIQUE,16384,0,"DUPLICATE column set: safety_event_rca_safety_event_id_key, idx_safety_event_rca_event"
safety_events,Other,idx_safety_events_hospital,hospital_id reported_at,INDEX,16384,4,none
safety_events,Other,idx_safety_events_patient,patient_id,INDEX,16384,67,none
safety_events,Other,idx_safety_events_type,hospital_id event_type status,INDEX,16384,1082,none
safety_events,Other,safety_events_hospital_id_event_number_key,hospital_id event_number,UNIQUE,16384,0,none
safety_events,Other,safety_events_pkey,id,PK,16384,0,none
safety_rounds,Other,idx_safety_rounds_hospital,hospital_id round_date,INDEX,8192,106,none
safety_rounds,Other,safety_rounds_pkey,id,PK,8192,0,none
salary_structures,Payroll,salary_structures_pkey,id,PK,8192,0,none
scheme_beneficiaries,Other,idx_scheme_beneficiaries_patient,patient_id,INDEX,8192,67,none
scheme_beneficiaries,Other,scheme_beneficiaries_pkey,id,PK,8192,0,none
second_victim_cases,Other,second_victim_cases_hospital_id_event_date_idx,hospital_id event_date,INDEX,8192,105,none
second_victim_cases,Other,second_victim_cases_pkey,id,PK,8192,0,none
second_victim_sessions,Other,second_victim_sessions_hospital_id_case_id_idx,hospital_id case_id,INDEX,8192,105,none
second_victim_sessions,Other,second_victim_sessions_pkey,id,PK,8192,0,none
sedation_scores,ICU,idx_sedation_scores_admission,hospital_id admission_id recorded_at,INDEX,8192,103,none
sedation_scores,ICU,sedation_scores_pkey,id,PK,8192,0,none
service_charges,Billing,sc_admission_idx,admission_id,INDEX,16384,0,ZERO scans since stats reset
service_charges,Billing,sc_date_idx,service_date,INDEX,16384,18,none
service_charges,Billing,sc_hospital_idx,hospital_id,INDEX,16384,103,none
service_charges,Billing,sc_module_idx,service_module,INDEX,16384,0,ZERO scans since stats reset
service_charges,Billing,sc_patient_idx,patient_id,INDEX,16384,67,none
service_charges,Billing,sc_status_idx,billing_status,INDEX,16384,1,none
service_charges,Billing,service_charges_pkey,id,PK,16384,0,none
service_master,Billing,idx_service_master_dept,hospital_id department_id item_type,INDEX,16384,3617,none
service_master,Billing,idx_service_master_doctor,hospital_id doctor_id item_type,INDEX,16384,3,"DUPLICATE column set: idx_service_master_doctor, idx_service_master_doctor_unique"
service_master,Billing,idx_service_master_doctor_unique,hospital_id doctor_id item_type,UNIQUE,16384,1246,"DUPLICATE column set: idx_service_master_doctor, idx_service_master_doctor_unique"
service_master,Billing,idx_service_master_source_unique,hospital_id source_table source_id,UNIQUE,65536,618,none
service_master,Billing,service_master_pkey,id,PK,40960,263,none
service_rates,Billing,idx_service_rates_hospital_active,hospital_id is_active,INDEX,16384,106,none
service_rates,Billing,idx_service_rates_lookup,hospital_id item_code,INDEX,16384,123,"DUPLICATE column set: idx_service_rates_lookup, service_rates_hospital_code_unique"
service_rates,Billing,idx_service_rates_payer_type,payer_type,INDEX,16384,0,ZERO scans since stats reset
service_rates,Billing,service_rates_hospital_code_unique,hospital_id item_code,UNIQUE,16384,57,"DUPLICATE column set: idx_service_rates_lookup, service_rates_hospital_code_unique"
service_rates,Billing,service_rates_pkey,id,PK,16384,0,none
set_issues,Other,set_issues_pkey,id,PK,8192,0,none
settlement_reconciliation_flags,Payments,idx_settlement_flags_invoice_open,invoice_id,UNIQUE,8192,0,none
settlement_reconciliation_flags,Payments,idx_settlement_flags_unresolved,flagged_at,INDEX,8192,1,none
settlement_reconciliation_flags,Payments,settlement_reconciliation_flags_pkey,id,PK,8192,0,none
shift_master,HR,shift_master_pkey,id,PK,16384,9,none
shift_swap_requests,HR,shift_swap_hospital_idx,hospital_id status,INDEX,16384,196,none
shift_swap_requests,HR,shift_swap_requests_pkey,id,PK,16384,0,none
signup_otp_verifications,Platform,idx_signup_otp_expires,expires_at,INDEX,8192,0,ZERO scans since stats reset
signup_otp_verifications,Platform,idx_signup_otp_phone,phone created_at,INDEX,8192,0,ZERO scans since stats reset
signup_otp_verifications,Platform,idx_signup_otp_token,verification_token,INDEX,8192,0,ZERO scans since stats reset
signup_otp_verifications,Platform,signup_otp_verifications_pkey,id,PK,8192,0,none
sms_notifications,Notifications,idx_sms_notifications_hospital,hospital_id created_at,INDEX,8192,109,none
sms_notifications,Notifications,sms_notifications_pkey,id,PK,8192,0,none
staff_attendance,HR,idx_staff_attendance_user_date,user_id attendance_date,INDEX,16384,105,"DUPLICATE column set: staff_attendance_user_id_attendance_date_key, idx_staff_attendance_user_date"
staff_attendance,HR,staff_attendance_hospital_user_date_unique,hospital_id user_id attendance_date,UNIQUE,16384,3723,none
staff_attendance,HR,staff_attendance_pkey,id,PK,16384,0,none
staff_attendance,HR,staff_attendance_user_id_attendance_date_key,user_id attendance_date,UNIQUE,16384,0,"DUPLICATE column set: staff_attendance_user_id_attendance_date_key, idx_staff_attendance_user_date"
staff_burnout_scores,HR,staff_burnout_scores_hospital_date,hospital_id score_date,INDEX,16384,101,none
staff_burnout_scores,HR,staff_burnout_scores_hospital_id_user_id_score_date_key,hospital_id user_id score_date,UNIQUE,16384,1,none
staff_burnout_scores,HR,staff_burnout_scores_pkey,id,PK,16384,0,none
staff_credentials,HR,idx_staff_credentials_hospital,hospital_id expiry_date,INDEX,8192,10263,none
staff_credentials,HR,idx_staff_credentials_user,user_id expiry_date,INDEX,8192,1,none
staff_credentials,HR,staff_credentials_pkey,id,PK,8192,0,none
staff_documents,HR,staff_documents_hospital_idx,hospital_id,INDEX,8192,7400,none
staff_documents,HR,staff_documents_pkey,id,PK,8192,0,none
staff_documents,HR,staff_documents_user_idx,user_id,INDEX,8192,1,none
staff_exits,HR,staff_exits_pkey,id,PK,8192,0,none
staff_exits,HR,staff_exits_user_idx,user_id,INDEX,8192,1,none
staff_grievances,HR,staff_grievances_hospital_idx,hospital_id,INDEX,8192,99,none
staff_grievances,HR,staff_grievances_pkey,id,PK,8192,0,none
staff_injuries,HR,idx_staff_injuries_hospital,hospital_id incident_date,INDEX,8192,234,none
staff_injuries,HR,staff_injuries_pkey,id,PK,8192,0,none
staff_privileges,HR,idx_staff_privileges_hospital,hospital_id review_due_date,INDEX,8192,205,none
staff_privileges,HR,idx_staff_privileges_user,user_id active,INDEX,8192,2,none
staff_privileges,HR,staff_privileges_pkey,id,PK,8192,0,none
staff_profiles,HR,staff_profiles_pkey,id,PK,16384,0,none
staff_profiles,HR,staff_profiles_user_id_key,user_id,UNIQUE,16384,15,none
staff_salary_assignments,HR,ssa_hospital_idx,hospital_id,INDEX,8192,103,none
staff_salary_assignments,HR,ssa_staff_idx,staff_id,INDEX,8192,1,none
staff_salary_assignments,HR,staff_salary_assignments_pkey,id,PK,8192,0,none
staff_salary_assignments,HR,staff_salary_assignments_staff_id_effective_from_key,staff_id effective_from,UNIQUE,8192,11,none
staff_training_records,HR,idx_training_records_hospital,hospital_id training_type,INDEX,16384,455,none
staff_training_records,HR,idx_training_records_user,user_id end_date,INDEX,16384,1,none
staff_training_records,HR,staff_training_records_pkey,id,PK,16384,0,none
staffing_alerts,HR,staffing_alerts_hospital_id_created_at_idx,hospital_id created_at,INDEX,8192,105,none
staffing_alerts,HR,staffing_alerts_pkey,id,PK,8192,0,none
sterilization_cycles,Infection Control,sterilization_cycles_hospital_cycle_number_key,hospital_id cycle_number,UNIQUE,8192,289,none
sterilization_cycles,Infection Control,sterilization_cycles_pkey,id,PK,8192,0,none
stimulation_monitoring,Other,idx_stimulation_cycle,cycle_id,INDEX,8192,1,none
stimulation_monitoring,Other,stimulation_monitoring_pkey,id,PK,8192,0,none
stock_count_items,Inventory,idx_stock_count_items_count,count_id,INDEX,8192,0,ZERO scans since stats reset
stock_count_items,Inventory,stock_count_items_pkey,id,PK,8192,0,none
stock_counts,Inventory,idx_stock_counts_hospital,hospital_id status,INDEX,8192,99,none
stock_counts,Inventory,stock_counts_pkey,id,PK,8192,0,none
stock_reorder_triggers,Inventory,idx_reorder_triggers_hospital,hospital_id status created_at,INDEX,8192,109,none
stock_reorder_triggers,Inventory,stock_reorder_triggers_pkey,id,PK,8192,0,none
stock_transactions,Inventory,stock_transactions_pkey,id,PK,8192,0,none
store_indent_items,Inventory,idx_store_indent_items_indent,indent_id,INDEX,8192,0,ZERO scans since stats reset
store_indent_items,Inventory,idx_store_indent_items_item,item_id,INDEX,8192,0,ZERO scans since stats reset
store_indent_items,Inventory,store_indent_items_pkey,id,PK,8192,0,none
store_indents,Inventory,idx_store_indents_from_store,from_store_id,INDEX,8192,4,none
store_indents,Inventory,idx_store_indents_hospital,hospital_id,INDEX,8192,107,none
store_indents,Inventory,idx_store_indents_status,status,INDEX,8192,0,ZERO scans since stats reset
store_indents,Inventory,idx_store_indents_to_store,to_store_id,INDEX,8192,4,none
store_indents,Inventory,store_indents_pkey,id,PK,8192,0,none
store_locations,Inventory,idx_store_locations_hospital,hospital_id,INDEX,16384,205,none
store_locations,Inventory,store_locations_pkey,id,PK,16384,28,none
store_stock,Inventory,idx_store_stock_hospital,hospital_id,INDEX,8192,99,none
store_stock,Inventory,idx_store_stock_item,item_id,INDEX,8192,0,ZERO scans since stats reset
store_stock,Inventory,idx_store_stock_store,store_id,INDEX,8192,4,none
store_stock,Inventory,store_stock_pkey,id,PK,8192,0,none
store_stock,Inventory,store_stock_store_id_item_id_batch_number_key,store_id item_id batch_number,UNIQUE,8192,0,none
store_stock_movements,Inventory,idx_store_movements_hospital,hospital_id,INDEX,8192,107,none
store_stock_movements,Inventory,idx_store_movements_item,item_id,INDEX,8192,0,ZERO scans since stats reset
store_stock_movements,Inventory,idx_store_movements_moved_at,moved_at,INDEX,8192,0,ZERO scans since stats reset
store_stock_movements,Inventory,idx_store_movements_store,store_id,INDEX,8192,4,none
store_stock_movements,Inventory,store_stock_movements_pkey,id,PK,8192,0,none
subscription_events,Platform,idx_sub_events_created,created_at,INDEX,16384,0,ZERO scans since stats reset
subscription_events,Platform,idx_sub_events_hospital,hospital_id,INDEX,16384,101,none
subscription_events,Platform,subscription_events_pkey,id,PK,16384,0,none
subscription_invoices,Platform,idx_sub_invoices_created,created_at,INDEX,16384,1,"DUPLICATE column set: idx_sub_invoices_created, idx_sub_invoices_paid"
subscription_invoices,Platform,idx_sub_invoices_hospital,hospital_id,INDEX,16384,0,ZERO scans since stats reset
subscription_invoices,Platform,idx_sub_invoices_hospital_created,hospital_id created_at,INDEX,16384,316,none
subscription_invoices,Platform,idx_sub_invoices_paid,created_at,INDEX,8192,0,"ZERO scans since stats reset; DUPLICATE column set: idx_sub_invoices_created, idx_sub_invoices_paid"
subscription_invoices,Platform,idx_sub_invoices_rzp_payment,razorpay_payment_id,INDEX,8192,0,ZERO scans since stats reset
subscription_invoices,Platform,subscription_invoices_invoice_number_key,invoice_number,UNIQUE,16384,0,none
subscription_invoices,Platform,subscription_invoices_pkey,id,PK,16384,0,none
subscription_plans,Platform,subscription_plans_pkey,id,PK,16384,12867,none
subscription_plans,Platform,subscription_plans_slug_key,slug,UNIQUE,16384,3,none
system_config,Other,system_config_hospital_id_key_key,hospital_id key,UNIQUE,16384,161,none
system_config,Other,system_config_pkey,id,PK,16384,0,none
tally_export_log,Other,idx_tally_export_log_hospital,hospital_id exported_at,INDEX,8192,109,none
tally_export_log,Other,tally_export_log_pkey,id,PK,8192,0,none
tally_ledger_mapping,Other,idx_tally_ledger_mapping_hospital,hospital_id,INDEX,8192,467,none
tally_ledger_mapping,Other,tally_ledger_mapping_pkey,id,PK,8192,0,none
tally_ledger_mapping,Other,uq_tally_hospital_head,hospital_id aumrti_revenue_head,UNIQUE,8192,0,none
tds_annual_summary,Payroll,tds_annual_summary_hospital_id_staff_id_financial_year_key,hospital_id staff_id financial_year,UNIQUE,8192,102,none
tds_annual_summary,Payroll,tds_annual_summary_pkey,id,PK,8192,0,none
tds_sections,Payroll,tds_sections_hospital_id_section_key,hospital_id section,UNIQUE,16384,99,none
tds_sections,Payroll,tds_sections_pkey,id,PK,16384,0,none
teleconsult_sessions,Telemedicine,idx_teleconsult_sessions_opd_token,opd_token_id,INDEX,16384,750,none
teleconsult_sessions,Telemedicine,teleconsult_sessions_pkey,id,PK,16384,0,none
teleconsult_sessions,Telemedicine,teleconsult_sessions_room_id_key,room_id,UNIQUE,16384,0,none
therapy_plans,Other,idx_therapy_plans_patient,patient_id status,INDEX,8192,0,ZERO scans since stats reset
therapy_plans,Other,therapy_plans_pkey,id,PK,8192,0,none
therapy_sessions,Other,idx_therapy_sessions_plan,plan_id session_date,INDEX,8192,0,ZERO scans since stats reset
therapy_sessions,Other,therapy_sessions_pkey,id,PK,8192,0,none
toxicity_events,Other,toxicity_events_pkey,id,PK,8192,0,none
tpa_config,TPA,tpa_config_hospital_id_tpa_code_key,hospital_id tpa_code,UNIQUE,16384,106,none
tpa_config,TPA,tpa_config_pkey,id,PK,16384,0,none
tpa_dispute_communications,TPA,tpa_dispute_communications_pkey,id,PK,8192,0,none
tpa_disputes,TPA,tpa_disputes_claim_idx,claim_id,INDEX,8192,0,ZERO scans since stats reset
tpa_disputes,TPA,tpa_disputes_hospital_idx,hospital_id,INDEX,8192,101,none
tpa_disputes,TPA,tpa_disputes_pkey,id,PK,8192,0,none
tpa_disputes,TPA,tpa_disputes_status_idx,status,INDEX,8192,0,ZERO scans since stats reset
tpa_queries,TPA,idx_tpa_queries_claim,claim_id,INDEX,8192,0,"ZERO scans since stats reset; DUPLICATE column set: idx_tpa_queries_claim, idx_tpaq_claim_id"
tpa_queries,TPA,idx_tpa_queries_hospital,hospital_id status raised_at,INDEX,8192,0,ZERO scans since stats reset
tpa_queries,TPA,idx_tpaq_claim_id,claim_id,INDEX,8192,0,"ZERO scans since stats reset; DUPLICATE column set: idx_tpa_queries_claim, idx_tpaq_claim_id"
tpa_queries,TPA,idx_tpaq_created_at,created_at,INDEX,8192,0,ZERO scans since stats reset
tpa_queries,TPA,idx_tpaq_hospital_id,hospital_id,INDEX,8192,0,ZERO scans since stats reset
tpa_queries,TPA,idx_tpaq_response_deadline,response_deadline,INDEX,8192,0,ZERO scans since stats reset
tpa_queries,TPA,idx_tpaq_status,hospital_id status,INDEX,8192,124,none
tpa_queries,TPA,tpa_queries_pkey,id,PK,8192,0,none
transfusion_reactions,Blood Bank,transfusion_reactions_pkey,id,PK,8192,0,none
translate_pricing,Other,translate_pricing_pkey,id,PK,16384,0,none
translate_pricing,Other,translate_pricing_provider_key,provider,UNIQUE,16384,4,none
tv_display_settings,Other,tv_display_settings_hospital_id_key,hospital_id,UNIQUE,16384,185,none
tv_display_settings,Other,tv_display_settings_pkey,id,PK,16384,2,none
user_permission_overrides,Identity,idx_user_permission_overrides_hospital,hospital_id,INDEX,8192,98,none
user_permission_overrides,Identity,user_permission_overrides_pkey,id,PK,8192,0,none
user_permission_overrides,Identity,user_permission_overrides_user_id_key,user_id,UNIQUE,8192,28677,none
user_tour_progress,Identity,user_tour_progress_pkey,id,PK,16384,0,none
user_tour_progress,Identity,user_tour_progress_user_id_tour_key_key,user_id tour_key,UNIQUE,16384,552,none
user_trusted_devices,Identity,idx_trusted_devices_user,user_id expires_at,INDEX,8192,349,none
user_trusted_devices,Identity,user_trusted_devices_pkey,id,PK,8192,0,none
user_trusted_devices,Identity,user_trusted_devices_user_id_fingerprint_hash_key,user_id fingerprint_hash,UNIQUE,8192,0,none
users,Identity,idx_users_auth_user_id,auth_user_id,INDEX,16384,62966,"DUPLICATE column set: idx_users_auth_user_id, users_auth_user_id_unique"
users,Identity,users_auth_user_id_unique,auth_user_id,UNIQUE,16384,22982,"DUPLICATE column set: idx_users_auth_user_id, users_auth_user_id_unique"
users,Identity,users_pkey,id,PK,16384,13590,none
vaccination_due,Vaccination,idx_vaccination_due_date,due_date status,INDEX,8192,4,none
vaccination_due,Vaccination,idx_vaccination_due_patient,patient_id status,INDEX,8192,67,none
vaccination_due,Vaccination,vaccination_due_pkey,id,PK,8192,0,none
vaccination_records,Vaccination,idx_vaccination_records_hospital,hospital_id,INDEX,8192,109,none
vaccination_records,Vaccination,idx_vaccination_records_patient,patient_id,INDEX,8192,67,none
vaccination_records,Vaccination,vaccination_records_pkey,id,PK,8192,0,none
vaccine_camps,Vaccination,vaccine_camps_pkey,id,PK,8192,0,none
vaccine_master,Vaccination,uq_vaccine_master_code,hospital_id vaccine_code,UNIQUE,16384,0,"DUPLICATE column set: vaccine_master_hospital_id_vaccine_code_key, uq_vaccine_master_code"
vaccine_master,Vaccination,vaccine_master_hospital_id_vaccine_code_key,hospital_id vaccine_code,UNIQUE,16384,0,"DUPLICATE column set: vaccine_master_hospital_id_vaccine_code_key, uq_vaccine_master_code"
vaccine_master,Vaccination,vaccine_master_pkey,id,PK,16384,0,none
vaccine_stock,Vaccination,idx_vaccine_stock_expiry,expiry_date,INDEX,8192,0,ZERO scans since stats reset
vaccine_stock,Vaccination,idx_vaccine_stock_hospital,hospital_id vaccine_id,INDEX,8192,108,none
vaccine_stock,Vaccination,vaccine_stock_pkey,id,PK,8192,0,none
vendor_quotations,Procurement,idx_quotations_rfq,rfq_id,INDEX,8192,0,ZERO scans since stats reset
vendor_quotations,Procurement,vendor_quotations_pkey,id,PK,8192,0,none
vendor_rate_contracts,Procurement,idx_rate_contracts_lookup,hospital_id vendor_id item_id is_active,INDEX,8192,99,none
vendor_rate_contracts,Procurement,vendor_rate_contracts_pkey,id,PK,8192,0,none
vendors,Procurement,vendors_pkey,id,PK,8192,0,none
ventilator_params,ICU,idx_vent_params_admission,hospital_id admission_id recorded_at,INDEX,8192,103,none
ventilator_params,ICU,ventilator_params_pkey,id,PK,8192,0,none
vial_wastage,Other,vial_wastage_pkey,id,PK,8192,0,none
visitor_passes,OPD,idx_visitor_passes_hospital,hospital_id,INDEX,8192,0,ZERO scans since stats reset
visitor_passes,OPD,idx_visitor_passes_patient,patient_id,INDEX,8192,67,none
visitor_passes,OPD,visitor_passes_hospital_pass_number_key,hospital_id pass_number,UNIQUE,8192,111,none
visitor_passes,OPD,visitor_passes_pkey,id,PK,8192,0,none
ward_acuity_snapshots,IPD,ward_acuity_snapshots_hospital_id_ward_id_snapshot_at_idx,hospital_id ward_id snapshot_at,INDEX,8192,105,none
ward_acuity_snapshots,IPD,ward_acuity_snapshots_pkey,id,PK,8192,0,none
ward_round_notes,IPD,ward_round_notes_pkey,id,PK,16384,0,none
wards,IPD,wards_pkey,id,PK,16384,2397,none
webhook_dlq,Integration,idx_webhook_dlq_dispatch,status next_retry_at,INDEX,8192,0,ZERO scans since stats reset
webhook_dlq,Integration,webhook_dlq_pkey,id,PK,8192,0,none
whatsapp_bot_messages,Notifications,idx_wbm_session,session_id created_at,INDEX,8192,0,ZERO scans since stats reset
whatsapp_bot_messages,Notifications,whatsapp_bot_messages_pkey,id,PK,8192,0,none
whatsapp_bot_sessions,Notifications,idx_wbs_hospital_phone,hospital_id phone,INDEX,8192,100,none
whatsapp_bot_sessions,Notifications,idx_wbs_last_message,last_message_at,INDEX,8192,0,ZERO scans since stats reset
whatsapp_bot_sessions,Notifications,whatsapp_bot_sessions_pkey,id,PK,8192,0,none
whatsapp_connectors,Notifications,idx_whatsapp_connectors_hospital,hospital_id,INDEX,8192,335,none
whatsapp_connectors,Notifications,uq_whatsapp_hospital_provider,hospital_id provider,UNIQUE,8192,0,none
whatsapp_connectors,Notifications,whatsapp_connectors_pkey,id,PK,8192,0,none
whatsapp_notifications,Notifications,idx_whatsapp_notifications_pending,hospital_id sent_at,INDEX,16384,14901,none
whatsapp_notifications,Notifications,whatsapp_notifications_pkey,id,PK,16384,1,none
whatsapp_templates,Notifications,whatsapp_templates_pkey,id,PK,8192,0,none
wound_assessments,Nursing,idx_wound_assessments_admission,hospital_id admission_id assessed_at,INDEX,8192,226,none
wound_assessments,Nursing,wound_assessments_pkey,id,PK,8192,0,none
abdm_audit_log,ABDM,(MISSING),hospital_id,RECOMMENDED,,,FK abdm_audit_log_hospital_id_fkey -> hospitals has no supporting index
abdm_audit_log,ABDM,(MISSING),patient_id,RECOMMENDED,,,FK abdm_audit_log_patient_id_fkey -> patients has no supporting index
abdm_audit_log,ABDM,(MISSING),performed_by,RECOMMENDED,,,FK abdm_audit_log_performed_by_fkey -> users has no supporting index
abdm_care_contexts,ABDM,(MISSING),hospital_id,RECOMMENDED,,,FK abdm_care_contexts_hospital_id_fkey -> hospitals has no supporting index
abdm_care_contexts,ABDM,(MISSING),patient_id,RECOMMENDED,,,FK abdm_care_contexts_patient_id_fkey -> patients has no supporting index
abdm_consent_logs,ABDM,(MISSING),consent_given_by,RECOMMENDED,,,FK abdm_consent_logs_consent_given_by_fkey -> users has no supporting index
abdm_consents,ABDM,(MISSING),hospital_id,RECOMMENDED,,,FK abdm_consents_hospital_id_fkey -> hospitals has no supporting index
abdm_consents,ABDM,(MISSING),patient_id,RECOMMENDED,,,FK abdm_consents_patient_id_fkey -> patients has no supporting index
abdm_gateway_logs,ABDM,(MISSING),hospital_id,RECOMMENDED,,,FK abdm_gateway_logs_hospital_id_fkey -> hospitals has no supporting index
admin_audit_log,Other,(MISSING),admin_id,RECOMMENDED,,,FK admin_audit_log_admin_id_fkey -> aumrti_admins has no supporting index
admission_day_care_procedures,IPD,(MISSING),hospital_id,RECOMMENDED,,,FK admission_day_care_procedures_hospital_id_fkey -> hospitals has no supporting index
admission_day_care_procedures,IPD,(MISSING),procedure_id,RECOMMENDED,,,FK admission_day_care_procedures_procedure_id_fkey -> day_care_procedures has no supporting index
admission_estimates,IPD,(MISSING),created_by,RECOMMENDED,,,FK admission_estimates_created_by_fkey -> users has no supporting index
admission_estimates,IPD,(MISSING),package_id,RECOMMENDED,,,FK admission_estimates_package_id_fkey -> health_packages has no supporting index
admission_estimates,IPD,(MISSING),patient_id,RECOMMENDED,,,FK admission_estimates_patient_id_fkey -> patients has no supporting index
admissions,IPD,(MISSING),bed_id,RECOMMENDED,,,FK admissions_bed_id_fkey -> beds has no supporting index
admissions,IPD,(MISSING),cancelled_by,RECOMMENDED,,,FK admissions_cancelled_by_fkey -> users has no supporting index
admissions,IPD,(MISSING),consultant_doctor_id,RECOMMENDED,,,FK admissions_consultant_doctor_id_fkey -> users has no supporting index
admissions,IPD,(MISSING),day_care_procedure_id,RECOMMENDED,,,FK admissions_day_care_procedure_id_fkey -> day_care_procedures has no supporting index
admissions,IPD,(MISSING),department_id,RECOMMENDED,,,FK admissions_department_id_fkey -> departments has no supporting index
admissions,IPD,(MISSING),discharge_signed_by,RECOMMENDED,,,FK admissions_discharge_signed_by_fkey -> users has no supporting index
admissions,IPD,(MISSING),discharge_unsigned_by,RECOMMENDED,,,FK admissions_discharge_unsigned_by_fkey -> users has no supporting index
admissions,IPD,(MISSING),financial_clearance_by,RECOMMENDED,,,FK admissions_financial_clearance_by_fkey -> users has no supporting index
admissions,IPD,(MISSING),financial_override_by,RECOMMENDED,,,FK admissions_financial_override_by_fkey -> users has no supporting index
admissions,IPD,(MISSING),late_discharge_by,RECOMMENDED,,,FK admissions_late_discharge_by_fkey -> users has no supporting index
admissions,IPD,(MISSING),package_id,RECOMMENDED,,,FK admissions_package_id_fkey -> hospital_packages has no supporting index
admissions,IPD,(MISSING),payer_id,RECOMMENDED,,,FK admissions_payer_id_fkey -> payer_masters has no supporting index
admissions,IPD,(MISSING),ward_id,RECOMMENDED,,,FK admissions_ward_id_fkey -> wards has no supporting index
adult_immunization_schedule,Other,(MISSING),given_by,RECOMMENDED,,,FK adult_immunization_schedule_given_by_fkey -> users has no supporting index
adult_immunization_schedule,Other,(MISSING),patient_id,RECOMMENDED,,,FK adult_immunization_schedule_patient_id_fkey -> patients has no supporting index
advance_receipts,Other,(MISSING),adjusted_in_bill_id,RECOMMENDED,,,FK advance_receipts_adjusted_in_bill_id_fkey -> bills has no supporting index
advance_receipts,Other,(MISSING),patient_id,RECOMMENDED,,,FK advance_receipts_patient_id_fkey -> patients has no supporting index
advance_receipts,Other,(MISSING),received_by,RECOMMENDED,,,FK advance_receipts_received_by_fkey -> users has no supporting index
ai_feature_classes,AI,(MISSING),updated_by,RECOMMENDED,,,FK ai_feature_classes_updated_by_fkey -> users has no supporting index
ai_feature_logs,AI,(MISSING),patient_id,RECOMMENDED,,,FK ai_feature_logs_patient_id_fkey -> patients has no supporting index
ai_suggestions_audit,AI,(MISSING),user_id,RECOMMENDED,,,FK ai_suggestions_audit_user_id_fkey -> users has no supporting index
alert_escalation_log,Other,(MISSING),rule_id,RECOMMENDED,,,FK alert_escalation_log_rule_id_fkey -> alert_escalation_rules has no supporting index
ambulance_dispatches,Emergency,(MISSING),bill_id,RECOMMENDED,,,FK ambulance_dispatches_bill_id_fkey -> bills has no supporting index
ambulance_dispatches,Emergency,(MISSING),patient_id,RECOMMENDED,,,FK ambulance_dispatches_patient_id_fkey -> patients has no supporting index
ambulance_dispatches,Emergency,(MISSING),vehicle_id,RECOMMENDED,,,FK ambulance_dispatches_vehicle_id_fkey -> ambulance_vehicles has no supporting index
ambulance_equipment_checks,Emergency,(MISSING),checked_by,RECOMMENDED,,,FK ambulance_equipment_checks_checked_by_fkey -> users has no supporting index
ambulance_equipment_checks,Emergency,(MISSING),vehicle_id,RECOMMENDED,,,FK ambulance_equipment_checks_vehicle_id_fkey -> ambulance_vehicles has no supporting index
ambulance_transit_treatment,Emergency,(MISSING),dispatch_id,RECOMMENDED,,,FK ambulance_transit_treatment_dispatch_id_fkey -> ambulance_dispatches has no supporting index
ambulance_transit_treatment,Emergency,(MISSING),recorded_by,RECOMMENDED,,,FK ambulance_transit_treatment_recorded_by_fkey -> users has no supporting index
ambulance_vehicles,Emergency,(MISSING),hospital_id,RECOMMENDED,,,FK ambulance_vehicles_hospital_id_fkey -> hospitals has no supporting index
amc_contracts,Other,(MISSING),equipment_id,RECOMMENDED,,,FK amc_contracts_equipment_id_fkey -> equipment_master has no supporting index
anaesthesia_records,Other,(MISSING),hospital_id,RECOMMENDED,,,FK anaesthesia_records_hospital_id_fkey -> hospitals has no supporting index
anaesthesia_records,Other,(MISSING),ot_id,RECOMMENDED,,,FK anaesthesia_records_ot_id_fkey -> ot_schedules has no supporting index
anaesthesia_records,Other,(MISSING),patient_id,RECOMMENDED,,,FK anaesthesia_records_patient_id_fkey -> patients has no supporting index
andrology_reports,IVF/ART,(MISSING),couple_id,RECOMMENDED,,,FK andrology_reports_couple_id_fkey -> art_couples has no supporting index
andrology_reports,IVF/ART,(MISSING),reported_by,RECOMMENDED,,,FK andrology_reports_reported_by_fkey -> users has no supporting index
antibiotic_justifications,Other,(MISSING),approved_by,RECOMMENDED,,,FK antibiotic_justifications_approved_by_fkey -> users has no supporting index
antibiotic_justifications,Other,(MISSING),patient_id,RECOMMENDED,,,FK antibiotic_justifications_patient_id_fkey -> patients has no supporting index
antibiotic_justifications,Other,(MISSING),prescribed_by,RECOMMENDED,,,FK antibiotic_justifications_prescribed_by_fkey -> users has no supporting index
api_keys,Integration,(MISSING),created_by,RECOMMENDED,,,FK api_keys_created_by_fkey -> users has no supporting index
api_keys,Integration,(MISSING),hospital_id,RECOMMENDED,,,FK api_keys_hospital_id_fkey -> hospitals has no supporting index
appointments,OPD,(MISSING),booked_by,RECOMMENDED,,,FK appointments_booked_by_fkey -> users has no supporting index
appointments,OPD,(MISSING),department_id,RECOMMENDED,,,FK appointments_department_id_fkey -> departments has no supporting index
appointments,OPD,(MISSING),referral_doctor_id,RECOMMENDED,,,FK appointments_referral_doctor_id_fkey -> referral_doctors has no supporting index
appointments,OPD,(MISSING),slot_id,RECOMMENDED,,,FK appointments_slot_id_fkey -> doctor_slots has no supporting index
art_couples,IVF/ART,(MISSING),male_patient_id,RECOMMENDED,,,FK art_couples_male_patient_id_fkey -> patients has no supporting index
art_couples,IVF/ART,(MISSING),treating_doctor,RECOMMENDED,,,FK art_couples_treating_doctor_fkey -> users has no supporting index
attendance_regularization_requests,HR,(MISSING),reviewed_by,RECOMMENDED,,,FK attendance_regularization_requests_reviewed_by_fkey -> users has no supporting index
attendance_regularization_requests,HR,(MISSING),user_id,RECOMMENDED,,,FK attendance_regularization_requests_user_id_fkey -> users has no supporting index
audit_records,Audit/Compliance,(MISSING),created_by,RECOMMENDED,,,FK audit_records_created_by_fkey -> users has no supporting index
audit_records,Audit/Compliance,(MISSING),hospital_id,RECOMMENDED,,,FK audit_records_hospital_id_fkey -> hospitals has no supporting index
auto_posting_rules,Other,(MISSING),credit_account_id,RECOMMENDED,,,FK auto_posting_rules_credit_account_id_fkey -> chart_of_accounts has no supporting index
auto_posting_rules,Other,(MISSING),debit_account_id,RECOMMENDED,,,FK auto_posting_rules_debit_account_id_fkey -> chart_of_accounts has no supporting index
ayush_encounters,Other,(MISSING),practitioner_id,RECOMMENDED,,,FK ayush_encounters_practitioner_id_fkey -> users has no supporting index
bank_accounts,Other,(MISSING),coa_account_id,RECOMMENDED,,,FK bank_accounts_coa_account_id_fkey -> chart_of_accounts has no supporting index
bank_accounts,Other,(MISSING),hospital_id,RECOMMENDED,,,FK bank_accounts_hospital_id_fkey -> hospitals has no supporting index
bank_transactions,Other,(MISSING),bank_account_id,RECOMMENDED,,,FK bank_transactions_bank_account_id_fkey -> bank_accounts has no supporting index
bank_transactions,Other,(MISSING),hospital_id,RECOMMENDED,,,FK bank_transactions_hospital_id_fkey -> hospitals has no supporting index
bank_transactions,Other,(MISSING),reconciled_with,RECOMMENDED,,,FK bank_transactions_reconciled_with_fkey -> journal_line_items has no supporting index
bed_demand_forecasts,IPD,(MISSING),ward_id,RECOMMENDED,,,FK bed_demand_forecasts_ward_id_fkey -> wards has no supporting index
bed_reservations,IPD,(MISSING),admission_id,RECOMMENDED,,,FK bed_reservations_admission_id_fkey -> admissions has no supporting index
bed_reservations,IPD,(MISSING),doctor_id,RECOMMENDED,,,FK bed_reservations_doctor_id_fkey -> users has no supporting index
bed_reservations,IPD,(MISSING),patient_id,RECOMMENDED,,,FK bed_reservations_patient_id_fkey -> patients has no supporting index
bed_reservations,IPD,(MISSING),reserved_by,RECOMMENDED,,,FK bed_reservations_reserved_by_fkey -> users has no supporting index
bill_amendments,Billing,(MISSING),changed_by,RECOMMENDED,,,FK bill_amendments_changed_by_fkey -> users has no supporting index
bill_discount_approvals,Billing,(MISSING),approved_by,RECOMMENDED,,,FK bill_discount_approvals_approved_by_fkey -> users has no supporting index
bill_discount_approvals,Billing,(MISSING),requested_by,RECOMMENDED,,,FK bill_discount_approvals_requested_by_fkey -> users has no supporting index
bill_line_items,Billing,(MISSING),ordered_by,RECOMMENDED,,,FK bill_line_items_ordered_by_fkey -> users has no supporting index
bill_line_items,Billing,(MISSING),payment_collected_by,RECOMMENDED,,,FK bill_line_items_payment_collected_by_fkey -> users has no supporting index
bill_line_items,Billing,(MISSING),service_id,RECOMMENDED,,,FK bill_line_items_service_id_fkey -> service_master has no supporting index
bill_payments,Billing,(MISSING),received_by,RECOMMENDED,,,FK bill_payments_received_by_fkey -> users has no supporting index
bills,Billing,(MISSING),admission_id,RECOMMENDED,,,FK bills_admission_id_fkey -> admissions has no supporting index
bills,Billing,(MISSING),created_by,RECOMMENDED,,,FK bills_created_by_fkey -> users has no supporting index
bills,Billing,(MISSING),discount_approved_by,RECOMMENDED,,,FK bills_discount_approved_by_fkey -> users has no supporting index
bills,Billing,(MISSING),encounter_id,RECOMMENDED,,,FK bills_encounter_id_fkey -> opd_encounters has no supporting index
blood_antibody_screening,Blood Bank,(MISSING),hospital_id,RECOMMENDED,,,FK blood_antibody_screening_hospital_id_fkey -> hospitals has no supporting index
blood_antibody_screening,Blood Bank,(MISSING),patient_id,RECOMMENDED,,,FK blood_antibody_screening_patient_id_fkey -> patients has no supporting index
blood_antibody_screening,Blood Bank,(MISSING),tested_by,RECOMMENDED,,,FK blood_antibody_screening_tested_by_fkey -> users has no supporting index
blood_antibody_screening,Blood Bank,(MISSING),unit_id,RECOMMENDED,,,FK blood_antibody_screening_unit_id_fkey -> blood_units has no supporting index
blood_issues,Blood Bank,(MISSING),admission_id,RECOMMENDED,,,FK blood_issues_admission_id_fkey -> admissions has no supporting index
blood_issues,Blood Bank,(MISSING),bill_id,RECOMMENDED,,,FK blood_issues_bill_id_fkey -> bills has no supporting index
blood_issues,Blood Bank,(MISSING),cross_match_id,RECOMMENDED,,,FK blood_issues_cross_match_id_fkey -> cross_match_records has no supporting index
blood_issues,Blood Bank,(MISSING),hospital_id,RECOMMENDED,,,FK blood_issues_hospital_id_fkey -> hospitals has no supporting index
blood_issues,Blood Bank,(MISSING),issued_by,RECOMMENDED,,,FK blood_issues_issued_by_fkey -> users has no supporting index
blood_issues,Blood Bank,(MISSING),patient_id,RECOMMENDED,,,FK blood_issues_patient_id_fkey -> patients has no supporting index
blood_issues,Blood Bank,(MISSING),unit_id,RECOMMENDED,,,FK blood_issues_unit_id_fkey -> blood_units has no supporting index
blood_requests,Blood Bank,(MISSING),admission_id,RECOMMENDED,,,FK blood_requests_admission_id_fkey -> admissions has no supporting index
blood_requests,Blood Bank,(MISSING),hospital_id,RECOMMENDED,,,FK blood_requests_hospital_id_fkey -> hospitals has no supporting index
blood_requests,Blood Bank,(MISSING),patient_id,RECOMMENDED,,,FK blood_requests_patient_id_fkey -> patients has no supporting index
blood_requests,Blood Bank,(MISSING),requested_by,RECOMMENDED,,,FK blood_requests_requested_by_fkey -> users has no supporting index
blood_unit_tti_tests,Blood Bank,(MISSING),released_by,RECOMMENDED,,,FK blood_unit_tti_tests_released_by_fkey -> users has no supporting index
blood_unit_tti_tests,Blood Bank,(MISSING),tested_by,RECOMMENDED,,,FK blood_unit_tti_tests_tested_by_fkey -> users has no supporting index
blood_units,Blood Bank,(MISSING),donor_id,RECOMMENDED,,,FK blood_units_donor_id_fkey -> donors has no supporting index
blood_units,Blood Bank,(MISSING),issued_to,RECOMMENDED,,,FK blood_units_issued_to_fkey -> patients has no supporting index
blood_units,Blood Bank,(MISSING),reserved_for,RECOMMENDED,,,FK blood_units_reserved_for_fkey -> patients has no supporting index
bmw_records,Biomedical Waste,(MISSING),collected_by,RECOMMENDED,,,FK bmw_records_collected_by_fkey -> users has no supporting index
bmw_records,Biomedical Waste,(MISSING),verified_by,RECOMMENDED,,,FK bmw_records_verified_by_fkey -> users has no supporting index
bmw_records,Biomedical Waste,(MISSING),ward_id,RECOMMENDED,,,FK bmw_records_ward_id_fkey -> wards has no supporting index
body_releases,Other,(MISSING),mortuary_id,RECOMMENDED,,,FK body_releases_mortuary_id_fkey -> mortuary_admissions has no supporting index
body_releases,Other,(MISSING),released_by,RECOMMENDED,,,FK body_releases_released_by_fkey -> users has no supporting index
bpmh_records,Other,(MISSING),admission_id,RECOMMENDED,,,FK bpmh_records_admission_id_fkey -> admissions has no supporting index
bpmh_records,Other,(MISSING),patient_id,RECOMMENDED,,,FK bpmh_records_patient_id_fkey -> patients has no supporting index
bpmh_records,Other,(MISSING),recorded_by,RECOMMENDED,,,FK bpmh_records_recorded_by_fkey -> users has no supporting index
braden_scale_assessments,Other,(MISSING),admission_id,RECOMMENDED,,,FK braden_scale_assessments_admission_id_fkey -> admissions has no supporting index
braden_scale_assessments,Other,(MISSING),assessed_by,RECOMMENDED,,,FK braden_scale_assessments_assessed_by_fkey -> users has no supporting index
branches,Tenant,(MISSING),hospital_id,RECOMMENDED,,,FK branches_hospital_id_fkey -> hospitals has no supporting index
breakdown_logs,Other,(MISSING),reported_by,RECOMMENDED,,,FK breakdown_logs_reported_by_fkey -> users has no supporting index
budget_lines,Other,(MISSING),approved_by,RECOMMENDED,,,FK budget_lines_approved_by_fkey -> users has no supporting index
budget_lines,Other,(MISSING),created_by,RECOMMENDED,,,FK budget_lines_created_by_fkey -> users has no supporting index
budget_lines,Other,(MISSING),department_id,RECOMMENDED,,,FK budget_lines_department_id_fkey -> departments has no supporting index
calibration_records,Other,(MISSING),equipment_id,RECOMMENDED,,,FK calibration_records_equipment_id_fkey -> equipment_master has no supporting index
capa_records,Other,(MISSING),responsible_person,RECOMMENDED,,,FK capa_records_responsible_person_fkey -> users has no supporting index
capa_records,Other,(MISSING),verification_by,RECOMMENDED,,,FK capa_records_verification_by_fkey -> users has no supporting index
care_bundle_checks,Other,(MISSING),admission_id,RECOMMENDED,,,FK care_bundle_checks_admission_id_fkey -> admissions has no supporting index
care_bundle_checks,Other,(MISSING),recorded_by,RECOMMENDED,,,FK care_bundle_checks_recorded_by_fkey -> users has no supporting index
care_plan_tasks,Nursing,(MISSING),care_plan_id,RECOMMENDED,,,FK care_plan_tasks_care_plan_id_fkey -> care_plans has no supporting index
case_sheet_templates,Other,(MISSING),created_by,RECOMMENDED,,,FK case_sheet_templates_created_by_fkey -> users has no supporting index
chart_of_accounts,Other,(MISSING),parent_id,RECOMMENDED,,,FK chart_of_accounts_parent_id_fkey -> chart_of_accounts has no supporting index
chemo_order_drugs,IPD,(MISSING),administered_by,RECOMMENDED,,,FK chemo_order_drugs_administered_by_fkey -> users has no supporting index
chemo_order_drugs,IPD,(MISSING),hospital_id,RECOMMENDED,,,FK chemo_order_drugs_hospital_id_fkey -> hospitals has no supporting index
chemo_order_drugs,IPD,(MISSING),order_id,RECOMMENDED,,,FK chemo_order_drugs_order_id_fkey -> chemo_orders has no supporting index
chemo_orders,IPD,(MISSING),bill_id,RECOMMENDED,,,FK chemo_orders_bill_id_fkey -> bills has no supporting index
chemo_orders,IPD,(MISSING),hospital_id,RECOMMENDED,,,FK chemo_orders_hospital_id_fkey -> hospitals has no supporting index
chemo_orders,IPD,(MISSING),oncology_patient_id,RECOMMENDED,,,FK chemo_orders_oncology_patient_id_fkey -> oncology_patients has no supporting index
chemo_orders,IPD,(MISSING),ordered_by,RECOMMENDED,,,FK chemo_orders_ordered_by_fkey -> users has no supporting index
chemo_orders,IPD,(MISSING),patient_id,RECOMMENDED,,,FK chemo_orders_patient_id_fkey -> patients has no supporting index
chemo_orders,IPD,(MISSING),protocol_id,RECOMMENDED,,,FK chemo_orders_protocol_id_fkey -> chemo_protocols has no supporting index
chemo_orders,IPD,(MISSING),v1_by,RECOMMENDED,,,FK chemo_orders_v1_by_fkey -> users has no supporting index
chemo_orders,IPD,(MISSING),v2_by,RECOMMENDED,,,FK chemo_orders_v2_by_fkey -> users has no supporting index
chemo_orders,IPD,(MISSING),v3_by,RECOMMENDED,,,FK chemo_orders_v3_by_fkey -> users has no supporting index
chemo_orders,IPD,(MISSING),v4_by,RECOMMENDED,,,FK chemo_orders_v4_by_fkey -> users has no supporting index
chemo_orders,IPD,(MISSING),v5_by,RECOMMENDED,,,FK chemo_orders_v5_by_fkey -> users has no supporting index
chronic_disease_programs,Other,(MISSING),patient_id,RECOMMENDED,,,FK chronic_disease_programs_patient_id_fkey -> patients has no supporting index
chronic_disease_programs,Other,(MISSING),treating_doctor,RECOMMENDED,,,FK chronic_disease_programs_treating_doctor_fkey -> users has no supporting index
cleaning_schedules,Other,(MISSING),assigned_supervisor,RECOMMENDED,,,FK cleaning_schedules_assigned_supervisor_fkey -> users has no supporting index
cleaning_schedules,Other,(MISSING),ward_id,RECOMMENDED,,,FK cleaning_schedules_ward_id_fkey -> wards has no supporting index
clinical_alerts,Other,(MISSING),acknowledged_by,RECOMMENDED,,,FK clinical_alerts_acknowledged_by_fkey -> users has no supporting index
clinical_alerts,Other,(MISSING),lab_order_item_id,RECOMMENDED,,,FK clinical_alerts_lab_order_item_id_fkey -> lab_order_items has no supporting index
clinical_audits,Quality/NABH,(MISSING),created_by,RECOMMENDED,,,FK clinical_audits_created_by_fkey -> users has no supporting index
clinical_audits,Quality/NABH,(MISSING),department_id,RECOMMENDED,,,FK clinical_audits_department_id_fkey -> departments has no supporting index
clinical_audits,Quality/NABH,(MISSING),linked_nabh_standard_id,RECOMMENDED,,,FK clinical_audits_linked_nabh_standard_id_fkey -> nabh_standards has no supporting index
clinical_protocols,Other,(MISSING),hospital_id,RECOMMENDED,,,FK clinical_protocols_hospital_id_fkey -> hospitals has no supporting index
clinical_reference_sources,Other,(MISSING),hospital_id,RECOMMENDED,,,FK clinical_reference_sources_hospital_id_fkey -> hospitals has no supporting index
code_blue_audits,Other,(MISSING),audited_by,RECOMMENDED,,,FK code_blue_audits_audited_by_fkey -> users has no supporting index
code_blue_audits,Other,(MISSING),event_id,RECOMMENDED,,,FK code_blue_audits_event_id_fkey -> code_blue_events has no supporting index
code_blue_events,Other,(MISSING),patient_id,RECOMMENDED,,,FK code_blue_events_patient_id_fkey -> patients has no supporting index
code_blue_events,Other,(MISSING),team_leader,RECOMMENDED,,,FK code_blue_events_team_leader_fkey -> users has no supporting index
coding_audits,Other,(MISSING),audited_by,RECOMMENDED,,,FK coding_audits_audited_by_fkey -> users has no supporting index
coding_audits,Other,(MISSING),coding_id,RECOMMENDED,,,FK coding_audits_coding_id_fkey -> icd_codings has no supporting index
coding_audits,Other,(MISSING),hospital_id,RECOMMENDED,,,FK coding_audits_hospital_id_fkey -> hospitals has no supporting index
cold_chain_log,Vaccination,(MISSING),recorded_by,RECOMMENDED,,,FK cold_chain_log_recorded_by_fkey -> users has no supporting index
cold_storage_log,Other,(MISSING),recorded_by,RECOMMENDED,,,FK cold_storage_log_recorded_by_fkey -> users has no supporting index
collection_campaigns,Other,(MISSING),created_by,RECOMMENDED,,,FK collection_campaigns_created_by_fkey -> users has no supporting index
collection_campaigns,Other,(MISSING),hospital_id,RECOMMENDED,,,FK collection_campaigns_hospital_id_fkey -> hospitals has no supporting index
committee_action_items,Quality/NABH,(MISSING),responsible_owner_id,RECOMMENDED,,,FK committee_action_items_responsible_owner_id_fkey -> users has no supporting index
committee_meetings,Quality/NABH,(MISSING),created_by,RECOMMENDED,,,FK committee_meetings_created_by_fkey -> users has no supporting index
committee_members,Quality/NABH,(MISSING),user_id,RECOMMENDED,,,FK committee_members_user_id_fkey -> users has no supporting index
config_change_logs,Other,(MISSING),changed_by,RECOMMENDED,,,FK config_change_logs_changed_by_fkey -> users has no supporting index
consent_templates,Audit/Compliance,(MISSING),hospital_id,RECOMMENDED,,,FK consent_templates_hospital_id_fkey -> hospitals has no supporting index
credential_override_log,Other,(MISSING),acting_user_id,RECOMMENDED,,,FK credential_override_log_acting_user_id_fkey -> users has no supporting index
credential_override_log,Other,(MISSING),clinician_id,RECOMMENDED,,,FK credential_override_log_clinician_id_fkey -> users has no supporting index
credit_note_items,Billing,(MISSING),dispensing_item_id,RECOMMENDED,,,FK credit_note_items_dispensing_item_id_fkey -> pharmacy_dispensing_items has no supporting index
credit_note_items,Billing,(MISSING),hospital_id,RECOMMENDED,,,FK credit_note_items_hospital_id_fkey -> hospitals has no supporting index
credit_notes,Billing,(MISSING),admission_id,RECOMMENDED,,,FK credit_notes_admission_id_fkey -> admissions has no supporting index
credit_notes,Billing,(MISSING),approved_by,RECOMMENDED,,,FK credit_notes_approved_by_fkey -> users has no supporting index
credit_notes,Billing,(MISSING),created_by,RECOMMENDED,,,FK credit_notes_created_by_fkey -> users has no supporting index
credit_notes,Billing,(MISSING),original_bill_id,RECOMMENDED,,,FK credit_notes_original_bill_id_fkey -> bills has no supporting index
credit_notes,Billing,(MISSING),patient_id,RECOMMENDED,,,FK credit_notes_patient_id_fkey -> patients has no supporting index
cross_match_records,Other,(MISSING),admission_id,RECOMMENDED,,,FK cross_match_records_admission_id_fkey -> admissions has no supporting index
cross_match_records,Other,(MISSING),hospital_id,RECOMMENDED,,,FK cross_match_records_hospital_id_fkey -> hospitals has no supporting index
cross_match_records,Other,(MISSING),patient_id,RECOMMENDED,,,FK cross_match_records_patient_id_fkey -> patients has no supporting index
cross_match_records,Other,(MISSING),performed_by,RECOMMENDED,,,FK cross_match_records_performed_by_fkey -> users has no supporting index
cross_match_records,Other,(MISSING),unit_id,RECOMMENDED,,,FK cross_match_records_unit_id_fkey -> blood_units has no supporting index
cycle_instruments,Other,(MISSING),cycle_id,RECOMMENDED,,,FK cycle_instruments_cycle_id_fkey -> sterilization_cycles has no supporting index
cycle_instruments,Other,(MISSING),hospital_id,RECOMMENDED,,,FK cycle_instruments_hospital_id_fkey -> hospitals has no supporting index
cycle_instruments,Other,(MISSING),instrument_id,RECOMMENDED,,,FK cycle_instruments_instrument_id_fkey -> instruments has no supporting index
cycle_instruments,Other,(MISSING),set_id,RECOMMENDED,,,FK cycle_instruments_set_id_fkey -> instrument_sets has no supporting index
daily_cash_closure,Other,(MISSING),approved_by,RECOMMENDED,,,FK daily_cash_closure_approved_by_fkey -> users has no supporting index
daily_cash_closure,Other,(MISSING),closed_by,RECOMMENDED,,,FK daily_cash_closure_closed_by_fkey -> users has no supporting index
data_erasure_requests,Other,(MISSING),requested_by,RECOMMENDED,,,FK data_erasure_requests_requested_by_fkey -> users has no supporting index
data_erasure_requests,Other,(MISSING),reviewed_by,RECOMMENDED,,,FK data_erasure_requests_reviewed_by_fkey -> users has no supporting index
daycare_chairs,Other,(MISSING),current_patient,RECOMMENDED,,,FK daycare_chairs_current_patient_fkey -> patients has no supporting index
daycare_chairs,Other,(MISSING),hospital_id,RECOMMENDED,,,FK daycare_chairs_hospital_id_fkey -> hospitals has no supporting index
death_certificates,Other,(MISSING),admission_id,RECOMMENDED,,,FK death_certificates_admission_id_fkey -> admissions has no supporting index
death_certificates,Other,(MISSING),certified_by,RECOMMENDED,,,FK death_certificates_certified_by_fkey -> users has no supporting index
death_certificates,Other,(MISSING),patient_id,RECOMMENDED,,,FK death_certificates_patient_id_fkey -> patients has no supporting index
demand_forecasts,Other,(MISSING),hospital_id,RECOMMENDED,,,FK demand_forecasts_hospital_id_fkey -> hospitals has no supporting index
demand_forecasts,Other,(MISSING),item_id,RECOMMENDED,,,FK demand_forecasts_item_id_fkey -> inventory_items has no supporting index
denial_logs,Other,(MISSING),hospital_id,RECOMMENDED,,,FK denial_logs_hospital_id_fkey -> hospitals has no supporting index
dental_charts,Dental,(MISSING),created_by,RECOMMENDED,,,FK dental_charts_created_by_fkey -> users has no supporting index
dental_lab_orders,Dental,(MISSING),ordered_by,RECOMMENDED,,,FK dental_lab_orders_ordered_by_fkey -> users has no supporting index
dental_treatment_plans,Dental,(MISSING),bill_id,RECOMMENDED,,,FK dental_treatment_plans_bill_id_fkey -> bills has no supporting index
dental_treatment_plans,Dental,(MISSING),chart_id,RECOMMENDED,,,FK dental_treatment_plans_chart_id_fkey -> dental_charts has no supporting index
dental_treatment_plans,Dental,(MISSING),created_by,RECOMMENDED,,,FK dental_treatment_plans_created_by_fkey -> users has no supporting index
dental_treatment_plans,Dental,(MISSING),hospital_id,RECOMMENDED,,,FK dental_treatment_plans_hospital_id_fkey -> hospitals has no supporting index
department_indents,Tenant,(MISSING),approved_by,RECOMMENDED,,,FK department_indents_approved_by_fkey -> users has no supporting index
department_indents,Tenant,(MISSING),department_id,RECOMMENDED,,,FK department_indents_department_id_fkey -> departments has no supporting index
department_indents,Tenant,(MISSING),requested_by,RECOMMENDED,,,FK department_indents_requested_by_fkey -> users has no supporting index
departments,Tenant,(MISSING),hospital_id,RECOMMENDED,,,FK departments_hospital_id_fkey -> hospitals has no supporting index
depreciation_postings,Other,(MISSING),asset_id,RECOMMENDED,,,FK depreciation_postings_asset_id_fkey -> fixed_assets has no supporting index
depreciation_postings,Other,(MISSING),journal_id,RECOMMENDED,,,FK depreciation_postings_journal_id_fkey -> journal_entries has no supporting index
dialysis_machines,IPD,(MISSING),current_patient_id,RECOMMENDED,,,FK dialysis_machines_current_patient_id_fkey -> patients has no supporting index
dialysis_machines,IPD,(MISSING),hospital_id,RECOMMENDED,,,FK dialysis_machines_hospital_id_fkey -> hospitals has no supporting index
dialysis_patients,IPD,(MISSING),patient_id,RECOMMENDED,,,FK dialysis_patients_patient_id_fkey -> patients has no supporting index
dialysis_patients,IPD,(MISSING),treating_doctor,RECOMMENDED,,,FK dialysis_patients_treating_doctor_fkey -> users has no supporting index
dialysis_sessions,IPD,(MISSING),bill_id,RECOMMENDED,,,FK dialysis_sessions_bill_id_fkey -> bills has no supporting index
dialysis_sessions,IPD,(MISSING),dialysis_patient_id,RECOMMENDED,,,FK dialysis_sessions_dialysis_patient_id_fkey -> dialysis_patients has no supporting index
dialysis_sessions,IPD,(MISSING),hospital_id,RECOMMENDED,,,FK dialysis_sessions_hospital_id_fkey -> hospitals has no supporting index
dialysis_sessions,IPD,(MISSING),machine_id,RECOMMENDED,,,FK dialysis_sessions_machine_id_fkey -> dialysis_machines has no supporting index
dialysis_sessions,IPD,(MISSING),performed_by,RECOMMENDED,,,FK dialysis_sessions_performed_by_fkey -> users has no supporting index
dialyzer_reuse,Other,(MISSING),dialysis_patient_id,RECOMMENDED,,,FK dialyzer_reuse_dialysis_patient_id_fkey -> dialysis_patients has no supporting index
dialyzer_reuse,Other,(MISSING),hospital_id,RECOMMENDED,,,FK dialyzer_reuse_hospital_id_fkey -> hospitals has no supporting index
dicom_files,Radiology,(MISSING),uploaded_by,RECOMMENDED,,,FK dicom_files_uploaded_by_fkey -> users has no supporting index
diet_orders,Dietetics,(MISSING),ordered_by,RECOMMENDED,,,FK diet_orders_ordered_by_fkey -> users has no supporting index
diet_orders,Dietetics,(MISSING),patient_id,RECOMMENDED,,,FK diet_orders_patient_id_fkey -> patients has no supporting index
diet_plans,Dietetics,(MISSING),created_by,RECOMMENDED,,,FK diet_plans_created_by_fkey -> users has no supporting index
diet_plans,Dietetics,(MISSING),patient_id,RECOMMENDED,,,FK diet_plans_patient_id_fkey -> patients has no supporting index
dietitian_notes,Dietetics,(MISSING),admission_id,RECOMMENDED,,,FK dietitian_notes_admission_id_fkey -> admissions has no supporting index
dietitian_notes,Dietetics,(MISSING),noted_by,RECOMMENDED,,,FK dietitian_notes_noted_by_fkey -> users has no supporting index
disaster_drills,Emergency,(MISSING),approved_by,RECOMMENDED,,,FK disaster_drills_approved_by_fkey -> users has no supporting index
disaster_drills,Emergency,(MISSING),coordinator,RECOMMENDED,,,FK disaster_drills_coordinator_fkey -> users has no supporting index
disciplinary_actions,Other,(MISSING),hospital_id,RECOMMENDED,,,FK disciplinary_actions_hospital_id_fkey -> hospitals has no supporting index
disciplinary_actions,Other,(MISSING),raised_by,RECOMMENDED,,,FK disciplinary_actions_raised_by_fkey -> users has no supporting index
discount_approvals,Billing,(MISSING),approved_by,RECOMMENDED,,,FK discount_approvals_approved_by_fkey -> users has no supporting index
discount_approvals,Billing,(MISSING),bill_id,RECOMMENDED,,,FK discount_approvals_bill_id_fkey -> bills has no supporting index
discount_approvals,Billing,(MISSING),hospital_id,RECOMMENDED,,,FK discount_approvals_hospital_id_fkey -> hospitals has no supporting index
discount_approvals,Billing,(MISSING),requested_by,RECOMMENDED,,,FK discount_approvals_requested_by_fkey -> users has no supporting index
discount_codes,Billing,(MISSING),created_by,RECOMMENDED,,,FK discount_codes_created_by_fkey -> users has no supporting index
doctor_schedules,OPD,(MISSING),doctor_id,RECOMMENDED,,,FK doctor_schedules_doctor_id_fkey -> users has no supporting index
doctor_slots,OPD,(MISSING),department_id,RECOMMENDED,,,FK doctor_slots_department_id_fkey -> departments has no supporting index
donor_campaigns,Blood Bank,(MISSING),triggered_by,RECOMMENDED,,,FK donor_campaigns_triggered_by_fkey -> users has no supporting index
drug_master,Pharmacy,(MISSING),hospital_id,RECOMMENDED,,,FK drug_master_hospital_id_fkey -> hospitals has no supporting index
dunning_attempts,Other,(MISSING),subscription_id,RECOMMENDED,,,FK dunning_attempts_subscription_id_fkey -> hospital_subscriptions has no supporting index
duty_roster,HR,(MISSING),created_by,RECOMMENDED,,,FK duty_roster_created_by_fkey -> users has no supporting index
duty_roster,HR,(MISSING),department_id,RECOMMENDED,,,FK duty_roster_department_id_fkey -> departments has no supporting index
duty_roster,HR,(MISSING),published_by,RECOMMENDED,,,FK duty_roster_published_by_fkey -> users has no supporting index
duty_roster,HR,(MISSING),shift_id,RECOMMENDED,,,FK duty_roster_shift_id_fkey -> shift_master has no supporting index
duty_roster,HR,(MISSING),ward_id,RECOMMENDED,,,FK duty_roster_ward_id_fkey -> wards has no supporting index
ed_charge_items,Emergency,(MISSING),service_master_id,RECOMMENDED,,,FK ed_charge_items_service_master_id_fkey -> service_master has no supporting index
ed_handover_notes,Emergency,(MISSING),incoming_nurse_id,RECOMMENDED,,,FK ed_handover_notes_incoming_nurse_id_fkey -> users has no supporting index
ed_handover_notes,Emergency,(MISSING),outgoing_nurse_id,RECOMMENDED,,,FK ed_handover_notes_outgoing_nurse_id_fkey -> users has no supporting index
ed_handover_notes,Emergency,(MISSING),patient_id,RECOMMENDED,,,FK ed_handover_notes_patient_id_fkey -> patients has no supporting index
ed_medications,Emergency,(MISSING),ed_charge_item_id,RECOMMENDED,,,FK ed_medications_ed_charge_item_id_fkey -> ed_charge_items has no supporting index
ed_visits,Emergency,(MISSING),bill_id,RECOMMENDED,,,FK ed_visits_bill_id_fkey -> bills has no supporting index
ed_visits,Emergency,(MISSING),doctor_id,RECOMMENDED,,,FK ed_visits_doctor_id_fkey -> users has no supporting index
ed_visits,Emergency,(MISSING),patient_id,RECOMMENDED,,,FK ed_visits_patient_id_fkey -> patients has no supporting index
electrical_safety_logs,Other,(MISSING),performed_by,RECOMMENDED,,,FK electrical_safety_logs_performed_by_fkey -> users has no supporting index
embryo_bank,IVF/ART,(MISSING),cycle_id,RECOMMENDED,,,FK embryo_bank_cycle_id_fkey -> ivf_cycles has no supporting index
embryo_bank,IVF/ART,(MISSING),embryo_id,RECOMMENDED,,,FK embryo_bank_embryo_id_fkey -> embryology_records has no supporting index
embryology_records,IVF/ART,(MISSING),hospital_id,RECOMMENDED,,,FK embryology_records_hospital_id_fkey -> hospitals has no supporting index
emi_installments,Billing,(MISSING),payment_id,RECOMMENDED,,,FK emi_installments_payment_id_fkey -> bill_payments has no supporting index
emi_plans,Billing,(MISSING),created_by,RECOMMENDED,,,FK emi_plans_created_by_fkey -> users has no supporting index
emr_template_definitions,Other,(MISSING),hospital_id,RECOMMENDED,,,FK emr_template_definitions_hospital_id_fkey -> hospitals has no supporting index
enterprise_leads,Other,(MISSING),hospital_id,RECOMMENDED,,,FK enterprise_leads_hospital_id_fkey -> hospitals has no supporting index
entitlement_fail_open_events,Platform,(MISSING),hospital_id,RECOMMENDED,,,FK entitlement_fail_open_events_hospital_id_fkey -> hospitals has no supporting index
epidemic_protocols,Other,(MISSING),activated_by,RECOMMENDED,,,FK epidemic_protocols_activated_by_fkey -> users has no supporting index
esg_monthly_metrics,Other,(MISSING),entered_by,RECOMMENDED,,,FK esg_monthly_metrics_entered_by_fkey -> users has no supporting index
expense_records,Other,(MISSING),created_by,RECOMMENDED,,,FK expense_records_created_by_fkey -> users has no supporting index
expense_records,Other,(MISSING),department_id,RECOMMENDED,,,FK expense_records_department_id_fkey -> departments has no supporting index
expense_records,Other,(MISSING),hospital_id,RECOMMENDED,,,FK expense_records_hospital_id_fkey -> hospitals has no supporting index
expense_records,Other,(MISSING),journal_id,RECOMMENDED,,,FK expense_records_journal_id_fkey -> journal_entries has no supporting index
external_lab_referrals,Other,(MISSING),patient_id,RECOMMENDED,,,FK external_lab_referrals_patient_id_fkey -> patients has no supporting index
external_lab_referrals,Other,(MISSING),referred_by,RECOMMENDED,,,FK external_lab_referrals_referred_by_fkey -> users has no supporting index
fall_risk_assessments,Nursing,(MISSING),assessed_by,RECOMMENDED,,,FK fall_risk_assessments_assessed_by_fkey -> users has no supporting index
fall_risk_assessments,Nursing,(MISSING),patient_id,RECOMMENDED,,,FK fall_risk_assessments_patient_id_fkey -> patients has no supporting index
fcm_tokens,Other,(MISSING),user_id,RECOMMENDED,,,FK fcm_tokens_user_id_fkey -> users has no supporting index
feedback_records,Patient,(MISSING),escalated_to,RECOMMENDED,,,FK feedback_records_escalated_to_fkey -> users has no supporting index
feedback_records,Patient,(MISSING),patient_id,RECOMMENDED,,,FK feedback_records_patient_id_fkey -> patients has no supporting index
fire_safety_drills,Other,(MISSING),conducted_by,RECOMMENDED,,,FK fire_safety_drills_conducted_by_fkey -> users has no supporting index
fixed_assets,Other,(MISSING),department_id,RECOMMENDED,,,FK fixed_assets_department_id_fkey -> departments has no supporting index
full_final_settlements,Other,(MISSING),hospital_id,RECOMMENDED,,,FK full_final_settlements_hospital_id_fkey -> hospitals has no supporting index
full_final_settlements,Other,(MISSING),settled_by,RECOMMENDED,,,FK full_final_settlements_settled_by_fkey -> users has no supporting index
govt_schemes,PM-JAY,(MISSING),hospital_id,RECOMMENDED,,,FK govt_schemes_hospital_id_fkey -> hospitals has no supporting index
grievances,HR,(MISSING),assigned_to,RECOMMENDED,,,FK grievances_assigned_to_fkey -> users has no supporting index
grievances,HR,(MISSING),department_id,RECOMMENDED,,,FK grievances_department_id_fkey -> departments has no supporting index
grn_ai_log,AI,(MISSING),grn_id,RECOMMENDED,,,FK grn_ai_log_grn_id_fkey -> grn_records has no supporting index
grn_ai_log,AI,(MISSING),hospital_id,RECOMMENDED,,,FK grn_ai_log_hospital_id_fkey -> hospitals has no supporting index
grn_items,Procurement,(MISSING),grn_id,RECOMMENDED,,,FK grn_items_grn_id_fkey -> grn_records has no supporting index
grn_items,Procurement,(MISSING),hospital_id,RECOMMENDED,,,FK grn_items_hospital_id_fkey -> hospitals has no supporting index
grn_items,Procurement,(MISSING),item_id,RECOMMENDED,,,FK grn_items_item_id_fkey -> inventory_items has no supporting index
grn_items,Procurement,(MISSING),po_item_id,RECOMMENDED,,,FK grn_items_po_item_id_fkey -> po_items has no supporting index
grn_records,Procurement,(MISSING),po_id,RECOMMENDED,,,FK grn_records_po_id_fkey -> purchase_orders has no supporting index
grn_records,Procurement,(MISSING),received_by,RECOMMENDED,,,FK grn_records_received_by_fkey -> users has no supporting index
grn_records,Procurement,(MISSING),vendor_id,RECOMMENDED,,,FK grn_records_vendor_id_fkey -> vendors has no supporting index
guideline_adherence_log,Other,(MISSING),guideline_id,RECOMMENDED,,,FK guideline_adherence_log_guideline_id_fkey -> clinical_guidelines has no supporting index
hand_hygiene_audits,Infection Control,(MISSING),auditor_id,RECOMMENDED,,,FK hand_hygiene_audits_auditor_id_fkey -> users has no supporting index
hand_hygiene_audits,Infection Control,(MISSING),ward_id,RECOMMENDED,,,FK hand_hygiene_audits_ward_id_fkey -> wards has no supporting index
hcx_submissions,Other,(MISSING),claim_id,RECOMMENDED,,,FK hcx_submissions_claim_id_fkey -> insurance_claims has no supporting index
hcx_submissions,Other,(MISSING),hospital_id,RECOMMENDED,,,FK hcx_submissions_hospital_id_fkey -> hospitals has no supporting index
hcx_submissions,Other,(MISSING),pre_auth_id,RECOMMENDED,,,FK hcx_submissions_pre_auth_id_fkey -> insurance_pre_auth has no supporting index
health_coach_sessions,Other,(MISSING),discharge_id,RECOMMENDED,,,FK health_coach_sessions_discharge_id_fkey -> admissions has no supporting index
health_coach_sessions,Other,(MISSING),hospital_id,RECOMMENDED,,,FK health_coach_sessions_hospital_id_fkey -> hospitals has no supporting index
hep_plans,Other,(MISSING),created_by,RECOMMENDED,,,FK hep_plans_created_by_fkey -> users has no supporting index
hep_plans,Other,(MISSING),patient_id,RECOMMENDED,,,FK hep_plans_patient_id_fkey -> patients has no supporting index
high_alert_double_checks,Other,(MISSING),admission_id,RECOMMENDED,,,FK high_alert_double_checks_admission_id_fkey -> admissions has no supporting index
high_alert_double_checks,Other,(MISSING),first_check_by,RECOMMENDED,,,FK high_alert_double_checks_first_check_by_fkey -> users has no supporting index
high_alert_double_checks,Other,(MISSING),second_check_by,RECOMMENDED,,,FK high_alert_double_checks_second_check_by_fkey -> users has no supporting index
hmis_reports,Integration,(MISSING),submitted_by,RECOMMENDED,,,FK hmis_reports_submitted_by_fkey -> users has no supporting index
home_care_plans,Other,(MISSING),care_coordinator,RECOMMENDED,,,FK home_care_plans_care_coordinator_fkey -> users has no supporting index
home_care_plans,Other,(MISSING),created_by,RECOMMENDED,,,FK home_care_plans_created_by_fkey -> users has no supporting index
home_care_plans,Other,(MISSING),patient_id,RECOMMENDED,,,FK home_care_plans_patient_id_fkey -> patients has no supporting index
home_care_visits,Other,(MISSING),nurse_id,RECOMMENDED,,,FK home_care_visits_nurse_id_fkey -> users has no supporting index
home_care_visits,Other,(MISSING),patient_id,RECOMMENDED,,,FK home_care_visits_patient_id_fkey -> patients has no supporting index
home_care_visits,Other,(MISSING),plan_id,RECOMMENDED,,,FK home_care_visits_plan_id_fkey -> home_care_plans has no supporting index
home_tele_monitoring,Other,(MISSING),patient_id,RECOMMENDED,,,FK home_tele_monitoring_patient_id_fkey -> patients has no supporting index
home_tele_monitoring,Other,(MISSING),plan_id,RECOMMENDED,,,FK home_tele_monitoring_plan_id_fkey -> home_care_plans has no supporting index
hospital_addons,Tenant,(MISSING),addon_sku_id,RECOMMENDED,,,FK hospital_addons_addon_sku_id_fkey -> addon_skus has no supporting index
hospital_addons,Tenant,(MISSING),purchased_by,RECOMMENDED,,,FK hospital_addons_purchased_by_fkey -> users has no supporting index
hospital_committees,Tenant,(MISSING),chairperson_id,RECOMMENDED,,,FK hospital_committees_chairperson_id_fkey -> users has no supporting index
hospital_committees,Tenant,(MISSING),secretary_id,RECOMMENDED,,,FK hospital_committees_secretary_id_fkey -> users has no supporting index
hospital_feature_overrides,Tenant,(MISSING),created_by,RECOMMENDED,,,FK hospital_feature_overrides_created_by_fkey -> users has no supporting index
hospital_module_entitlements,Tenant,(MISSING),updated_by,RECOMMENDED,,,FK hospital_module_entitlements_updated_by_fkey -> users has no supporting index
hospital_pricing_overrides,Tenant,(MISSING),created_by,RECOMMENDED,,,FK hospital_pricing_overrides_created_by_fkey -> users has no supporting index
hospital_signup_consents,Tenant,(MISSING),hospital_id,RECOMMENDED,,,FK hospital_signup_consents_hospital_id_fkey -> hospitals has no supporting index
hospitals,Tenant,(MISSING),chain_id,RECOMMENDED,,,FK hospitals_chain_id_fkey -> hospital_chains has no supporting index
hospitals,Tenant,(MISSING),referred_by_code_id,RECOMMENDED,,,FK hospitals_referred_by_code_id_fkey -> referral_codes has no supporting index
housekeeping_tasks,Housekeeping,(MISSING),bed_id,RECOMMENDED,,,FK housekeeping_tasks_bed_id_fkey -> beds has no supporting index
icd10_code_sets,Other,(MISSING),hospital_id,RECOMMENDED,,,FK icd10_code_sets_hospital_id_fkey -> hospitals has no supporting index
icd10_code_sets,Other,(MISSING),uploaded_by,RECOMMENDED,,,FK icd10_code_sets_uploaded_by_fkey -> users has no supporting index
icd10_codes,Other,(MISSING),code_set_id,RECOMMENDED,,,FK icd10_codes_code_set_id_fkey -> icd10_code_sets has no supporting index
icd10_codes,Other,(MISSING),hospital_id,RECOMMENDED,,,FK icd10_codes_hospital_id_fkey -> hospitals has no supporting index
icd_codings,Other,(MISSING),coded_by,RECOMMENDED,,,FK icd_codings_coded_by_fkey -> users has no supporting index
icd_codings,Other,(MISSING),mrd_locked_by,RECOMMENDED,,,FK icd_codings_mrd_locked_by_fkey -> users has no supporting index
icd_codings,Other,(MISSING),validated_by,RECOMMENDED,,,FK icd_codings_validated_by_fkey -> users has no supporting index
icu_daily_goals,ICU,(MISSING),admission_id,RECOMMENDED,,,FK icu_daily_goals_admission_id_fkey -> admissions has no supporting index
icu_daily_goals,ICU,(MISSING),updated_by,RECOMMENDED,,,FK icu_daily_goals_updated_by_fkey -> users has no supporting index
icu_flowsheet_entries,ICU,(MISSING),admission_id,RECOMMENDED,,,FK icu_flowsheet_entries_admission_id_fkey -> admissions has no supporting index
icu_flowsheet_entries,ICU,(MISSING),recorded_by,RECOMMENDED,,,FK icu_flowsheet_entries_recorded_by_fkey -> users has no supporting index
idsp_submissions,Public Health,(MISSING),patient_id,RECOMMENDED,,,FK idsp_submissions_patient_id_fkey -> patients has no supporting index
inbox_messages,Other,(MISSING),hospital_id,RECOMMENDED,,,FK inbox_messages_hospital_id_fkey -> hospitals has no supporting index
inbox_messages,Other,(MISSING),parent_id,RECOMMENDED,,,FK inbox_messages_parent_id_fkey -> inbox_messages has no supporting index
inbox_messages,Other,(MISSING),patient_id,RECOMMENDED,,,FK inbox_messages_patient_id_fkey -> patients has no supporting index
incident_reports,Quality/NABH,(MISSING),department_id,RECOMMENDED,,,FK incident_reports_department_id_fkey -> departments has no supporting index
incident_reports,Quality/NABH,(MISSING),patient_id,RECOMMENDED,,,FK incident_reports_patient_id_fkey -> patients has no supporting index
incident_reports,Quality/NABH,(MISSING),reported_by,RECOMMENDED,,,FK incident_reports_reported_by_fkey -> users has no supporting index
indent_items,Procurement,(MISSING),hospital_id,RECOMMENDED,,,FK indent_items_hospital_id_fkey -> hospitals has no supporting index
indent_items,Procurement,(MISSING),indent_id,RECOMMENDED,,,FK indent_items_indent_id_fkey -> department_indents has no supporting index
indent_items,Procurement,(MISSING),item_id,RECOMMENDED,,,FK indent_items_item_id_fkey -> inventory_items has no supporting index
instruments,OT,(MISSING),set_id,RECOMMENDED,,,FK instruments_set_id_fkey -> instrument_sets has no supporting index
insurance_automation_log,Insurance,(MISSING),admission_id,RECOMMENDED,,,FK insurance_automation_log_admission_id_fkey -> admissions has no supporting index
insurance_automation_log,Insurance,(MISSING),pre_auth_id,RECOMMENDED,,,FK insurance_automation_log_pre_auth_id_fkey -> insurance_pre_auth has no supporting index
insurance_claims,Insurance,(MISSING),bill_id,RECOMMENDED,,,FK insurance_claims_bill_id_fkey -> bills has no supporting index
insurance_claims,Insurance,(MISSING),created_by,RECOMMENDED,,,FK insurance_claims_created_by_fkey -> users has no supporting index
insurance_claims,Insurance,(MISSING),parent_claim_id,RECOMMENDED,,,FK insurance_claims_parent_claim_id_fkey -> insurance_claims has no supporting index
insurance_claims,Insurance,(MISSING),patient_id,RECOMMENDED,,,FK insurance_claims_patient_id_fkey -> patients has no supporting index
insurance_claims,Insurance,(MISSING),payer_id,RECOMMENDED,,,FK insurance_claims_payer_id_fkey -> payer_masters has no supporting index
insurance_claims,Insurance,(MISSING),pre_auth_id,RECOMMENDED,,,FK insurance_claims_pre_auth_id_fkey -> insurance_pre_auth has no supporting index
insurance_enhancement_requests,Insurance,(MISSING),admission_id,RECOMMENDED,,,FK insurance_enhancement_requests_admission_id_fkey -> admissions has no supporting index
insurance_enhancement_requests,Insurance,(MISSING),pre_auth_id,RECOMMENDED,,,FK insurance_enhancement_requests_pre_auth_id_fkey -> insurance_pre_auth has no supporting index
insurance_enhancement_requests,Insurance,(MISSING),reviewed_by,RECOMMENDED,,,FK insurance_enhancement_requests_reviewed_by_fkey -> users has no supporting index
insurance_enhancement_requests,Insurance,(MISSING),submitted_by,RECOMMENDED,,,FK insurance_enhancement_requests_submitted_by_fkey -> users has no supporting index
insurance_intimations,Insurance,(MISSING),admission_id,RECOMMENDED,,,FK insurance_intimations_admission_id_fkey -> admissions has no supporting index
insurance_intimations,Insurance,(MISSING),patient_id,RECOMMENDED,,,FK insurance_intimations_patient_id_fkey -> patients has no supporting index
insurance_pre_auth,Insurance,(MISSING),admission_id,RECOMMENDED,,,FK insurance_pre_auth_admission_id_fkey -> admissions has no supporting index
insurance_pre_auth,Insurance,(MISSING),created_by,RECOMMENDED,,,FK insurance_pre_auth_created_by_fkey -> users has no supporting index
insurance_pre_auth,Insurance,(MISSING),parent_pre_auth_id,RECOMMENDED,,,FK insurance_pre_auth_parent_pre_auth_id_fkey -> insurance_pre_auth has no supporting index
insurance_pre_auth,Insurance,(MISSING),patient_id,RECOMMENDED,,,FK insurance_pre_auth_patient_id_fkey -> patients has no supporting index
insurance_pre_auth,Insurance,(MISSING),submitted_by,RECOMMENDED,,,FK insurance_pre_auth_submitted_by_fkey -> users has no supporting index
inventory_anomalies,Inventory,(MISSING),item_id,RECOMMENDED,,,FK inventory_anomalies_item_id_fkey -> inventory_items has no supporting index
inventory_anomalies,Inventory,(MISSING),reviewed_by,RECOMMENDED,,,FK inventory_anomalies_reviewed_by_fkey -> users has no supporting index
inventory_stock,Inventory,(MISSING),consignment_vendor_id,RECOMMENDED,,,FK inventory_stock_consignment_vendor_id_fkey -> vendors has no supporting index
io_balance_records,Other,(MISSING),admission_id,RECOMMENDED,,,FK io_balance_records_admission_id_fkey -> admissions has no supporting index
io_balance_records,Other,(MISSING),recorded_by,RECOMMENDED,,,FK io_balance_records_recorded_by_fkey -> users has no supporting index
ipc_bundle_checklists,Other,(MISSING),completed_by,RECOMMENDED,,,FK ipc_bundle_checklists_completed_by_fkey -> users has no supporting index
ipc_bundle_checklists,Other,(MISSING),device_usage_id,RECOMMENDED,,,FK ipc_bundle_checklists_device_usage_id_fkey -> ipc_device_usage has no supporting index
ipc_bundle_checklists,Other,(MISSING),patient_id,RECOMMENDED,,,FK ipc_bundle_checklists_patient_id_fkey -> patients has no supporting index
ipc_device_usage,Other,(MISSING),inserted_by,RECOMMENDED,,,FK ipc_device_usage_inserted_by_fkey -> users has no supporting index
ipc_device_usage,Other,(MISSING),patient_id,RECOMMENDED,,,FK ipc_device_usage_patient_id_fkey -> patients has no supporting index
ipc_device_usage,Other,(MISSING),removed_by,RECOMMENDED,,,FK ipc_device_usage_removed_by_fkey -> users has no supporting index
ipc_device_usage,Other,(MISSING),ward_id,RECOMMENDED,,,FK ipc_device_usage_ward_id_fkey -> wards has no supporting index
ipc_infection_events,Other,(MISSING),admission_id,RECOMMENDED,,,FK ipc_infection_events_admission_id_fkey -> admissions has no supporting index
ipc_infection_events,Other,(MISSING),device_usage_id,RECOMMENDED,,,FK ipc_infection_events_device_usage_id_fkey -> ipc_device_usage has no supporting index
ipc_infection_events,Other,(MISSING),lab_order_id,RECOMMENDED,,,FK ipc_infection_events_lab_order_id_fkey -> lab_orders has no supporting index
ipc_infection_events,Other,(MISSING),patient_id,RECOMMENDED,,,FK ipc_infection_events_patient_id_fkey -> patients has no supporting index
ipc_infection_events,Other,(MISSING),reported_by,RECOMMENDED,,,FK ipc_infection_events_reported_by_fkey -> users has no supporting index
ipc_infection_events,Other,(MISSING),ward_id,RECOMMENDED,,,FK ipc_infection_events_ward_id_fkey -> wards has no supporting index
ipd_advances,IPD,(MISSING),collected_by,RECOMMENDED,,,FK ipd_advances_collected_by_fkey -> users has no supporting index
ipd_advances,IPD,(MISSING),hospital_id,RECOMMENDED,,,FK ipd_advances_hospital_id_fkey -> hospitals has no supporting index
ipd_advances,IPD,(MISSING),patient_id,RECOMMENDED,,,FK ipd_advances_patient_id_fkey -> patients has no supporting index
ipd_medications,IPD,(MISSING),ordered_by,RECOMMENDED,,,FK ipd_medications_ordered_by_fkey -> users has no supporting index
ipd_nursing_notes,IPD,(MISSING),patient_id,RECOMMENDED,,,FK ipd_nursing_notes_patient_id_fkey -> patients has no supporting index
ipd_nursing_notes,IPD,(MISSING),recorded_by,RECOMMENDED,,,FK ipd_nursing_notes_recorded_by_fkey -> users has no supporting index
ipd_vitals,IPD,(MISSING),hospital_id,RECOMMENDED,,,FK ipd_vitals_hospital_id_fkey -> hospitals has no supporting index
ipd_vitals,IPD,(MISSING),recorded_by,RECOMMENDED,,,FK ipd_vitals_recorded_by_fkey -> users has no supporting index
item_consumption_daily,Inventory,(MISSING),item_id,RECOMMENDED,,,FK item_consumption_daily_item_id_fkey -> inventory_items has no supporting index
iv_fluids,Other,(MISSING),recorded_by,RECOMMENDED,,,FK iv_fluids_recorded_by_fkey -> users has no supporting index
ivf_cycles,IVF/ART,(MISSING),bill_id,RECOMMENDED,,,FK ivf_cycles_bill_id_fkey -> bills has no supporting index
jci_evidence_items,Other,(MISSING),assessed_by,RECOMMENDED,,,FK jci_evidence_items_assessed_by_fkey -> users has no supporting index
job_applicants,Other,(MISSING),hired_user_id,RECOMMENDED,,,FK job_applicants_hired_user_id_fkey -> users has no supporting index
job_openings,Other,(MISSING),created_by,RECOMMENDED,,,FK job_openings_created_by_fkey -> users has no supporting index
job_openings,Other,(MISSING),department_id,RECOMMENDED,,,FK job_openings_department_id_fkey -> departments has no supporting index
job_openings,Other,(MISSING),hospital_id,RECOMMENDED,,,FK job_openings_hospital_id_fkey -> hospitals has no supporting index
journal_entries,Billing,(MISSING),posted_by,RECOMMENDED,,,FK journal_entries_posted_by_fkey -> users has no supporting index
journal_entries,Billing,(MISSING),reversed_by,RECOMMENDED,,,FK journal_entries_reversed_by_fkey -> users has no supporting index
journal_line_items,Billing,(MISSING),account_id,RECOMMENDED,,,FK journal_line_items_account_id_fkey -> chart_of_accounts has no supporting index
journal_line_items,Billing,(MISSING),cost_centre_id,RECOMMENDED,,,FK journal_line_items_cost_centre_id_fkey -> departments has no supporting index
journal_line_items,Billing,(MISSING),hospital_id,RECOMMENDED,,,FK journal_line_items_hospital_id_fkey -> hospitals has no supporting index
journal_line_items,Billing,(MISSING),journal_id,RECOMMENDED,,,FK journal_line_items_journal_id_fkey -> journal_entries has no supporting index
lab_analyzer_messages,Laboratory,(MISSING),order_item_id,RECOMMENDED,,,FK lab_analyzer_messages_order_item_id_fkey -> lab_order_items has no supporting index
lab_analyzer_messages,Laboratory,(MISSING),posted_by,RECOMMENDED,,,FK lab_analyzer_messages_posted_by_fkey -> users has no supporting index
lab_analyzer_test_mappings,Laboratory,(MISSING),hospital_id,RECOMMENDED,,,FK lab_analyzer_test_mappings_hospital_id_fkey -> hospitals has no supporting index
lab_analyzer_test_mappings,Laboratory,(MISSING),test_id,RECOMMENDED,,,FK lab_analyzer_test_mappings_test_id_fkey -> lab_test_master has no supporting index
lab_calibration_records,Laboratory,(MISSING),created_by,RECOMMENDED,,,FK lab_calibration_records_created_by_fkey -> users has no supporting index
lab_order_items,Laboratory,(MISSING),critical_acknowledged_by,RECOMMENDED,,,FK lab_order_items_critical_acknowledged_by_fkey -> users has no supporting index
lab_order_items,Laboratory,(MISSING),result_entered_by,RECOMMENDED,,,FK lab_order_items_result_entered_by_fkey -> users has no supporting index
lab_order_items,Laboratory,(MISSING),sample_collected_by,RECOMMENDED,,,FK lab_order_items_sample_collected_by_fkey -> users has no supporting index
lab_order_items,Laboratory,(MISSING),test_id,RECOMMENDED,,,FK lab_order_items_test_id_fkey -> lab_test_master has no supporting index
lab_order_items,Laboratory,(MISSING),validated_by,RECOMMENDED,,,FK lab_order_items_validated_by_fkey -> users has no supporting index
lab_orders,Laboratory,(MISSING),barcode_printed_by,RECOMMENDED,,,FK lab_orders_barcode_printed_by_fkey -> users has no supporting index
lab_orders,Laboratory,(MISSING),encounter_id,RECOMMENDED,,,FK lab_orders_encounter_id_fkey -> opd_encounters has no supporting index
lab_orders,Laboratory,(MISSING),mixup_acknowledged_by,RECOMMENDED,,,FK lab_orders_mixup_acknowledged_by_fkey -> users has no supporting index
lab_orders,Laboratory,(MISSING),ordered_by,RECOMMENDED,,,FK lab_orders_ordered_by_fkey -> users has no supporting index
lab_orders,Laboratory,(MISSING),qc_override_by,RECOMMENDED,,,FK lab_orders_qc_override_by_fkey -> users has no supporting index
lab_qc_entries,Laboratory,(MISSING),recorded_by,RECOMMENDED,,,FK lab_qc_entries_recorded_by_fkey -> users has no supporting index
lab_results,Laboratory,(MISSING),finalized_by,RECOMMENDED,,,FK lab_results_finalized_by_fkey -> users has no supporting index
lab_results,Laboratory,(MISSING),hospital_id,RECOMMENDED,,,FK lab_results_hospital_id_fkey -> hospitals has no supporting index
lab_results,Laboratory,(MISSING),patient_id,RECOMMENDED,,,FK lab_results_patient_id_fkey -> patients has no supporting index
lab_results,Laboratory,(MISSING),verified_by,RECOMMENDED,,,FK lab_results_verified_by_fkey -> users has no supporting index
lab_samples,Laboratory,(MISSING),collected_by,RECOMMENDED,,,FK lab_samples_collected_by_fkey -> users has no supporting index
lab_samples,Laboratory,(MISSING),lab_order_id,RECOMMENDED,,,FK lab_samples_lab_order_id_fkey -> lab_orders has no supporting index
lab_samples,Laboratory,(MISSING),received_by,RECOMMENDED,,,FK lab_samples_received_by_fkey -> users has no supporting index
lab_samples,Laboratory,(MISSING),recollected_from_sample_id,RECOMMENDED,,,FK lab_samples_recollected_from_sample_id_fkey -> lab_samples has no supporting index
lab_samples,Laboratory,(MISSING),rejected_by,RECOMMENDED,,,FK lab_samples_rejected_by_fkey -> users has no supporting index
lab_test_group_items,Laboratory,(MISSING),test_id,RECOMMENDED,,,FK lab_test_group_items_test_id_fkey -> lab_test_master has no supporting index
leave_balance,HR,(MISSING),user_id,RECOMMENDED,,,FK leave_balance_user_id_fkey -> users has no supporting index
leave_requests,HR,(MISSING),hospital_id,RECOMMENDED,,,FK leave_requests_hospital_id_fkey -> hospitals has no supporting index
leave_requests,HR,(MISSING),reviewed_by,RECOMMENDED,,,FK leave_requests_reviewed_by_fkey -> users has no supporting index
leave_requests,HR,(MISSING),user_id,RECOMMENDED,,,FK leave_requests_user_id_fkey -> users has no supporting index
linen_records,Housekeeping,(MISSING),ward_id,RECOMMENDED,,,FK linen_records_ward_id_fkey -> wards has no supporting index
lms_certificates,LMS,(MISSING),course_id,RECOMMENDED,,,FK lms_certificates_course_id_fkey -> lms_courses has no supporting index
lms_certificates,LMS,(MISSING),enrollment_id,RECOMMENDED,,,FK lms_certificates_enrollment_id_fkey -> lms_enrollments has no supporting index
lms_enrollments,LMS,(MISSING),course_id,RECOMMENDED,,,FK lms_enrollments_course_id_fkey -> lms_courses has no supporting index
mar_double_checks,Other,(MISSING),first_nurse_id,RECOMMENDED,,,FK mar_double_checks_first_nurse_id_fkey -> users has no supporting index
mar_double_checks,Other,(MISSING),mar_id,RECOMMENDED,,,FK mar_double_checks_mar_id_fkey -> nursing_mar has no supporting index
mar_double_checks,Other,(MISSING),second_nurse_id,RECOMMENDED,,,FK mar_double_checks_second_nurse_id_fkey -> users has no supporting index
mar_records,Other,(MISSING),source_mar_id,RECOMMENDED,,,FK mar_records_source_mar_id_fkey -> nursing_mar has no supporting index
marketing_campaigns,Other,(MISSING),created_by,RECOMMENDED,,,FK marketing_campaigns_created_by_fkey -> users has no supporting index
mccd_certificates,Other,(MISSING),certifying_doctor,RECOMMENDED,,,FK mccd_certificates_certifying_doctor_fkey -> users has no supporting index
mccd_certificates,Other,(MISSING),patient_id,RECOMMENDED,,,FK mccd_certificates_patient_id_fkey -> patients has no supporting index
mci_events,Emergency,(MISSING),activated_by,RECOMMENDED,,,FK mci_events_activated_by_fkey -> users has no supporting index
mci_events,Emergency,(MISSING),deactivated_by,RECOMMENDED,,,FK mci_events_deactivated_by_fkey -> users has no supporting index
mci_triage_patients,Emergency,(MISSING),mci_event_id,RECOMMENDED,,,FK mci_triage_patients_mci_event_id_fkey -> mci_events has no supporting index
mci_triage_patients,Emergency,(MISSING),patient_id,RECOMMENDED,,,FK mci_triage_patients_patient_id_fkey -> patients has no supporting index
mci_triage_patients,Emergency,(MISSING),triaged_by,RECOMMENDED,,,FK mci_triage_patients_triaged_by_fkey -> users has no supporting index
meal_deliveries,Dietetics,(MISSING),admission_id,RECOMMENDED,,,FK meal_deliveries_admission_id_fkey -> admissions has no supporting index
meal_deliveries,Dietetics,(MISSING),delivered_by,RECOMMENDED,,,FK meal_deliveries_delivered_by_fkey -> users has no supporting index
meal_deliveries,Dietetics,(MISSING),diet_order_id,RECOMMENDED,,,FK meal_deliveries_diet_order_id_fkey -> diet_orders has no supporting index
meal_deliveries,Dietetics,(MISSING),patient_id,RECOMMENDED,,,FK meal_deliveries_patient_id_fkey -> patients has no supporting index
med_admin_records,Other,(MISSING),administered_by,RECOMMENDED,,,FK med_admin_records_administered_by_fkey -> users has no supporting index
med_admin_records,Other,(MISSING),patient_id,RECOMMENDED,,,FK med_admin_records_patient_id_fkey -> patients has no supporting index
med_reconciliation_events,Other,(MISSING),reconciled_by,RECOMMENDED,,,FK med_reconciliation_events_reconciled_by_fkey -> users has no supporting index
med_reconciliation_events,Other,(MISSING),verified_by,RECOMMENDED,,,FK med_reconciliation_events_verified_by_fkey -> users has no supporting index
medical_gas_logs,Other,(MISSING),recorded_by,RECOMMENDED,,,FK medical_gas_logs_recorded_by_fkey -> users has no supporting index
medical_records,Other,(MISSING),patient_id,RECOMMENDED,,,FK medical_records_patient_id_fkey -> patients has no supporting index
medication_adherence,Other,(MISSING),care_plan_id,RECOMMENDED,,,FK medication_adherence_care_plan_id_fkey -> care_plans has no supporting index
migration_jobs,Other,(MISSING),started_by,RECOMMENDED,,,FK migration_jobs_started_by_fkey -> users has no supporting index
mlc_cases,Other,(MISSING),created_by,RECOMMENDED,,,FK mlc_cases_created_by_fkey -> users has no supporting index
mlc_records,Other,(MISSING),mortuary_id,RECOMMENDED,,,FK mlc_records_mortuary_id_fkey -> mortuary_admissions has no supporting index
mortuary_admissions,Emergency,(MISSING),admission_id,RECOMMENDED,,,FK mortuary_admissions_admission_id_fkey -> admissions has no supporting index
mortuary_admissions,Emergency,(MISSING),pronounced_by,RECOMMENDED,,,FK mortuary_admissions_pronounced_by_fkey -> users has no supporting index
mrr_snapshots,Platform,(MISSING),plan_id,RECOMMENDED,,,FK mrr_snapshots_plan_id_fkey -> subscription_plans has no supporting index
nabh_evidence_items,Quality/NABH,(MISSING),uploaded_by,RECOMMENDED,,,FK nabh_evidence_items_uploaded_by_fkey -> users has no supporting index
nabh_evidence_log,Quality/NABH,(MISSING),logged_by,RECOMMENDED,,,FK nabh_evidence_log_logged_by_fkey -> users has no supporting index
nabh_hospital_compliance,Quality/NABH,(MISSING),last_assessed_by,RECOMMENDED,,,FK nabh_hospital_compliance_last_assessed_by_fkey -> users has no supporting index
nabh_hospital_compliance,Quality/NABH,(MISSING),nabh_standard_id,RECOMMENDED,,,FK nabh_hospital_compliance_nabh_standard_id_fkey -> nabh_standards has no supporting index
nabh_hospital_compliance,Quality/NABH,(MISSING),process_owner_id,RECOMMENDED,,,FK nabh_hospital_compliance_process_owner_id_fkey -> users has no supporting index
ndps_pending_dispenses,Pharmacy,(MISSING),countersigner_id,RECOMMENDED,,,FK ndps_pending_dispenses_countersigner_id_fkey -> users has no supporting index
ndps_pending_dispenses,Pharmacy,(MISSING),drug_id,RECOMMENDED,,,FK ndps_pending_dispenses_drug_id_fkey -> drug_master has no supporting index
ndps_pending_dispenses,Pharmacy,(MISSING),primary_pharmacist_id,RECOMMENDED,,,FK ndps_pending_dispenses_primary_pharmacist_id_fkey -> users has no supporting index
ndps_register,Pharmacy,(MISSING),countersigned_by,RECOMMENDED,,,FK ndps_register_countersigned_by_fkey -> users has no supporting index
ndps_register,Pharmacy,(MISSING),dispensing_id,RECOMMENDED,,,FK ndps_register_dispensing_id_fkey -> pharmacy_dispensing has no supporting index
ndps_register,Pharmacy,(MISSING),drug_id,RECOMMENDED,,,FK ndps_register_drug_id_fkey -> drug_master has no supporting index
ndps_register,Pharmacy,(MISSING),hospital_id,RECOMMENDED,,,FK ndps_register_hospital_id_fkey -> hospitals has no supporting index
ndps_register,Pharmacy,(MISSING),pharmacist_id,RECOMMENDED,,,FK ndps_register_pharmacist_id_fkey -> users has no supporting index
ndps_register,Pharmacy,(MISSING),second_pharmacist_id,RECOMMENDED,,,FK ndps_register_second_pharmacist_id_fkey -> users has no supporting index
neonatal_records,Other,(MISSING),admission_id,RECOMMENDED,,,FK neonatal_records_admission_id_fkey -> admissions has no supporting index
neonatal_records,Other,(MISSING),hospital_id,RECOMMENDED,,,FK neonatal_records_hospital_id_fkey -> hospitals has no supporting index
neonatal_records,Other,(MISSING),mother_patient_id,RECOMMENDED,,,FK neonatal_records_mother_patient_id_fkey -> patients has no supporting index
neonatal_records,Other,(MISSING),patient_id,RECOMMENDED,,,FK neonatal_records_patient_id_fkey -> patients has no supporting index
no_show_predictions,Other,(MISSING),hospital_id,RECOMMENDED,,,FK no_show_predictions_hospital_id_fkey -> hospitals has no supporting index
notification_log,Notifications,(MISSING),patient_id,RECOMMENDED,,,FK notification_log_patient_id_fkey -> patients has no supporting index
notification_preferences,Notifications,(MISSING),patient_id,RECOMMENDED,,,FK notification_preferences_patient_id_fkey -> patients has no supporting index
nps_responses,Other,(MISSING),hospital_id,RECOMMENDED,,,FK nps_responses_hospital_id_fkey -> hospitals has no supporting index
nps_responses,Other,(MISSING),survey_id,RECOMMENDED,,,FK nps_responses_survey_id_fkey -> nps_surveys has no supporting index
nps_surveys,Other,(MISSING),patient_id,RECOMMENDED,,,FK nps_surveys_patient_id_fkey -> patients has no supporting index
nursing_care_plans,Nursing,(MISSING),patient_id,RECOMMENDED,,,FK nursing_care_plans_patient_id_fkey -> patients has no supporting index
nursing_fluid_outputs,Nursing,(MISSING),hospital_id,RECOMMENDED,,,FK nursing_fluid_outputs_hospital_id_fkey -> hospitals has no supporting index
nursing_fluid_outputs,Nursing,(MISSING),recorded_by,RECOMMENDED,,,FK nursing_fluid_outputs_recorded_by_fkey -> users has no supporting index
nursing_handovers,Nursing,(MISSING),hospital_id,RECOMMENDED,,,FK nursing_handovers_hospital_id_fkey -> hospitals has no supporting index
nursing_handovers,Nursing,(MISSING),incoming_nurse_id,RECOMMENDED,,,FK nursing_handovers_incoming_nurse_id_fkey -> users has no supporting index
nursing_handovers,Nursing,(MISSING),outgoing_nurse_id,RECOMMENDED,,,FK nursing_handovers_outgoing_nurse_id_fkey -> users has no supporting index
nursing_handovers,Nursing,(MISSING),ward_id,RECOMMENDED,,,FK nursing_handovers_ward_id_fkey -> wards has no supporting index
nursing_mar,Nursing,(MISSING),administered_by,RECOMMENDED,,,FK nursing_mar_administered_by_fkey -> users has no supporting index
nursing_mar,Nursing,(MISSING),second_nurse_id,RECOMMENDED,,,FK nursing_mar_second_nurse_id_fkey -> users has no supporting index
nursing_procedure_consumables,Nursing,(MISSING),hospital_id,RECOMMENDED,,,FK nursing_procedure_consumables_hospital_id_fkey -> hospitals has no supporting index
nursing_procedure_consumables,Nursing,(MISSING),inventory_item_id,RECOMMENDED,,,FK nursing_procedure_consumables_inventory_item_id_fkey -> inventory_items has no supporting index
nursing_procedures,Nursing,(MISSING),admission_id,RECOMMENDED,,,FK nursing_procedures_admission_id_fkey -> admissions has no supporting index
nursing_procedures,Nursing,(MISSING),bill_id,RECOMMENDED,,,FK nursing_procedures_bill_id_fkey -> bills has no supporting index
nursing_procedures,Nursing,(MISSING),hospital_id,RECOMMENDED,,,FK nursing_procedures_hospital_id_fkey -> hospitals has no supporting index
nursing_procedures,Nursing,(MISSING),patient_id,RECOMMENDED,,,FK nursing_procedures_patient_id_fkey -> patients has no supporting index
nursing_procedures,Nursing,(MISSING),performed_by,RECOMMENDED,,,FK nursing_procedures_performed_by_fkey -> users has no supporting index
nursing_vitals,Nursing,(MISSING),patient_id,RECOMMENDED,,,FK nursing_vitals_patient_id_fkey -> patients has no supporting index
nursing_vitals,Nursing,(MISSING),recorded_by,RECOMMENDED,,,FK nursing_vitals_recorded_by_fkey -> users has no supporting index
nutrition_screenings,Dietetics,(MISSING),patient_id,RECOMMENDED,,,FK nutrition_screenings_patient_id_fkey -> patients has no supporting index
nutrition_screenings,Dietetics,(MISSING),screened_by,RECOMMENDED,,,FK nutrition_screenings_screened_by_fkey -> users has no supporting index
nutritional_screenings,Dietetics,(MISSING),patient_id,RECOMMENDED,,,FK nutritional_screenings_patient_id_fkey -> patients has no supporting index
nutritional_screenings,Dietetics,(MISSING),screened_by,RECOMMENDED,,,FK nutritional_screenings_screened_by_fkey -> users has no supporting index
obstetric_records,Other,(MISSING),hospital_id,RECOMMENDED,,,FK obstetric_records_hospital_id_fkey -> hospitals has no supporting index
obstetric_records,Other,(MISSING),patient_id,RECOMMENDED,,,FK obstetric_records_patient_id_fkey -> patients has no supporting index
occupational_health_records,Other,(MISSING),recorded_by,RECOMMENDED,,,FK occupational_health_records_recorded_by_fkey -> users has no supporting index
occupational_health_records,Other,(MISSING),user_id,RECOMMENDED,,,FK occupational_health_records_user_id_fkey -> users has no supporting index
onboarding_tasks,HR,(MISSING),hospital_id,RECOMMENDED,,,FK onboarding_tasks_hospital_id_fkey -> hospitals has no supporting index
oncology_patients,IPD,(MISSING),patient_id,RECOMMENDED,,,FK oncology_patients_patient_id_fkey -> patients has no supporting index
oncology_patients,IPD,(MISSING),protocol_id,RECOMMENDED,,,FK oncology_patients_protocol_id_fkey -> chemo_protocols has no supporting index
oncology_patients,IPD,(MISSING),treating_oncologist,RECOMMENDED,,,FK oncology_patients_treating_oncologist_fkey -> users has no supporting index
online_reviews,Other,(MISSING),responded_by,RECOMMENDED,,,FK online_reviews_responded_by_fkey -> users has no supporting index
opd_diagnoses,OPD,(MISSING),created_by,RECOMMENDED,,,FK opd_diagnoses_created_by_fkey -> users has no supporting index
opd_encounters,OPD,(MISSING),consultation_bill_id,RECOMMENDED,,,FK opd_encounters_consultation_bill_id_fkey -> bills has no supporting index
opd_encounters,OPD,(MISSING),revisit_of_encounter_id,RECOMMENDED,,,FK opd_encounters_revisit_of_encounter_id_fkey -> opd_encounters has no supporting index
opd_encounters,OPD,(MISSING),token_id,RECOMMENDED,,,FK opd_encounters_token_id_fkey -> opd_tokens has no supporting index
opd_tokens,OPD,(MISSING),appointment_id,RECOMMENDED,,,FK opd_tokens_appointment_id_fkey -> appointments has no supporting index
opd_tokens,OPD,(MISSING),department_id,RECOMMENDED,,,FK opd_tokens_department_id_fkey -> departments has no supporting index
opd_tokens,OPD,(MISSING),doctor_id,RECOMMENDED,,,FK opd_tokens_doctor_id_fkey -> users has no supporting index
opd_tokens,OPD,(MISSING),payer_id,RECOMMENDED,,,FK opd_tokens_payer_id_fkey -> payer_masters has no supporting index
opd_tokens,OPD,(MISSING),revisit_of_token_id,RECOMMENDED,,,FK opd_tokens_revisit_of_token_id_fkey -> opd_tokens has no supporting index
opd_visits,OPD,(MISSING),department_id,RECOMMENDED,,,FK opd_visits_department_id_fkey -> departments has no supporting index
opd_visits,OPD,(MISSING),doctor_id,RECOMMENDED,,,FK opd_visits_doctor_id_fkey -> users has no supporting index
opd_visits,OPD,(MISSING),hospital_id,RECOMMENDED,,,FK opd_visits_hospital_id_fkey -> hospitals has no supporting index
opd_visits,OPD,(MISSING),patient_id,RECOMMENDED,,,FK opd_visits_patient_id_fkey -> patients has no supporting index
ophthalmology_records,Other,(MISSING),hospital_id,RECOMMENDED,,,FK ophthalmology_records_hospital_id_fkey -> hospitals has no supporting index
ophthalmology_records,Other,(MISSING),patient_id,RECOMMENDED,,,FK ophthalmology_records_patient_id_fkey -> patients has no supporting index
organ_donations,Other,(MISSING),mortuary_id,RECOMMENDED,,,FK organ_donations_mortuary_id_fkey -> mortuary_admissions has no supporting index
organ_donations,Other,(MISSING),patient_id,RECOMMENDED,,,FK organ_donations_patient_id_fkey -> patients has no supporting index
ot_checklists,OT,(MISSING),hospital_id,RECOMMENDED,,,FK ot_checklists_hospital_id_fkey -> hospitals has no supporting index
ot_checklists,OT,(MISSING),ot_schedule_id,RECOMMENDED,,,FK ot_checklists_ot_schedule_id_fkey -> ot_schedules has no supporting index
ot_consumables,OT,(MISSING),created_by,RECOMMENDED,,,FK ot_consumables_created_by_fkey -> users has no supporting index
ot_consumables,OT,(MISSING),inventory_item_id,RECOMMENDED,,,FK ot_consumables_inventory_item_id_fkey -> inventory_items has no supporting index
ot_equipment_checklist,OT,(MISSING),hospital_id,RECOMMENDED,,,FK ot_equipment_checklist_hospital_id_fkey -> hospitals has no supporting index
ot_implants,OT,(MISSING),created_by,RECOMMENDED,,,FK ot_implants_created_by_fkey -> users has no supporting index
ot_implants,OT,(MISSING),inventory_item_id,RECOMMENDED,,,FK ot_implants_inventory_item_id_fkey -> inventory_items has no supporting index
ot_instrument_counts,OT,(MISSING),hospital_id,RECOMMENDED,,,FK ot_instrument_counts_hospital_id_fkey -> hospitals has no supporting index
ot_rooms,OT,(MISSING),hospital_id,RECOMMENDED,,,FK ot_rooms_hospital_id_fkey -> hospitals has no supporting index
ot_schedules,OT,(MISSING),admission_id,RECOMMENDED,,,FK ot_schedules_admission_id_fkey -> admissions has no supporting index
ot_schedules,OT,(MISSING),anaesthetist_id,RECOMMENDED,,,FK ot_schedules_anaesthetist_id_fkey -> users has no supporting index
ot_schedules,OT,(MISSING),bill_id,RECOMMENDED,,,FK ot_schedules_bill_id_fkey -> bills has no supporting index
ot_schedules,OT,(MISSING),ot_room_id,RECOMMENDED,,,FK ot_schedules_ot_room_id_fkey -> ot_rooms has no supporting index
ot_schedules,OT,(MISSING),pac_done_by,RECOMMENDED,,,FK ot_schedules_pac_done_by_fkey -> users has no supporting index
ot_schedules,OT,(MISSING),patient_id,RECOMMENDED,,,FK ot_schedules_patient_id_fkey -> patients has no supporting index
ot_schedules,OT,(MISSING),privilege_override_by,RECOMMENDED,,,FK ot_schedules_privilege_override_by_fkey -> users has no supporting index
ot_schedules,OT,(MISSING),scrub_nurse_id,RECOMMENDED,,,FK ot_schedules_scrub_nurse_id_fkey -> users has no supporting index
ot_schedules,OT,(MISSING),surgeon_id,RECOMMENDED,,,FK ot_schedules_surgeon_id_fkey -> users has no supporting index
ot_team_members,OT,(MISSING),ot_schedule_id,RECOMMENDED,,,FK ot_team_members_ot_schedule_id_fkey -> ot_schedules has no supporting index
outcome_scores,Other,(MISSING),patient_id,RECOMMENDED,,,FK outcome_scores_patient_id_fkey -> patients has no supporting index
outcome_scores,Other,(MISSING),scored_by,RECOMMENDED,,,FK outcome_scores_scored_by_fkey -> users has no supporting index
overtime_requests,Other,(MISSING),reviewed_by,RECOMMENDED,,,FK overtime_requests_reviewed_by_fkey -> users has no supporting index
overtime_requests,Other,(MISSING),user_id,RECOMMENDED,,,FK overtime_requests_user_id_fkey -> users has no supporting index
package_bookings,Billing,(MISSING),bill_id,RECOMMENDED,,,FK package_bookings_bill_id_fkey -> bills has no supporting index
package_bookings,Billing,(MISSING),coordinator,RECOMMENDED,,,FK package_bookings_coordinator_fkey -> users has no supporting index
package_bookings,Billing,(MISSING),corporate_account_id,RECOMMENDED,,,FK package_bookings_corporate_account_id_fkey -> corporate_accounts has no supporting index
package_bookings,Billing,(MISSING),package_id,RECOMMENDED,,,FK package_bookings_package_id_fkey -> health_packages has no supporting index
package_extras,Billing,(MISSING),service_id,RECOMMENDED,,,FK package_extras_service_id_fkey -> service_master has no supporting index
package_inclusions,Billing,(MISSING),service_id,RECOMMENDED,,,FK package_inclusions_service_id_fkey -> service_master has no supporting index
package_station_logs,Billing,(MISSING),booking_id,RECOMMENDED,,,FK package_station_logs_booking_id_fkey -> package_bookings has no supporting index
package_station_logs,Billing,(MISSING),completed_by,RECOMMENDED,,,FK package_station_logs_completed_by_fkey -> users has no supporting index
package_station_logs,Billing,(MISSING),hospital_id,RECOMMENDED,,,FK package_station_logs_hospital_id_fkey -> hospitals has no supporting index
pain_audit_records,Other,(MISSING),auditor_id,RECOMMENDED,,,FK pain_audit_records_auditor_id_fkey -> users has no supporting index
pain_audit_records,Other,(MISSING),ward_id,RECOMMENDED,,,FK pain_audit_records_ward_id_fkey -> wards has no supporting index
palliative_care_plans,Other,(MISSING),admission_id,RECOMMENDED,,,FK palliative_care_plans_admission_id_fkey -> admissions has no supporting index
palliative_care_plans,Other,(MISSING),key_nurse_id,RECOMMENDED,,,FK palliative_care_plans_key_nurse_id_fkey -> users has no supporting index
palliative_care_plans,Other,(MISSING),palliative_physician_id,RECOMMENDED,,,FK palliative_care_plans_palliative_physician_id_fkey -> users has no supporting index
palliative_care_plans,Other,(MISSING),patient_id,RECOMMENDED,,,FK palliative_care_plans_patient_id_fkey -> patients has no supporting index
panchakarma_schedules,Other,(MISSING),prescribed_by,RECOMMENDED,,,FK panchakarma_schedules_prescribed_by_fkey -> users has no supporting index
panchakarma_schedules,Other,(MISSING),therapist_id,RECOMMENDED,,,FK panchakarma_schedules_therapist_id_fkey -> users has no supporting index
partograph_entries,Other,(MISSING),hospital_id,RECOMMENDED,,,FK partograph_entries_hospital_id_fkey -> hospitals has no supporting index
partograph_entries,Other,(MISSING),recorded_by,RECOMMENDED,,,FK partograph_entries_recorded_by_fkey -> users has no supporting index
partograph_records,Other,(MISSING),admission_id,RECOMMENDED,,,FK partograph_records_admission_id_fkey -> admissions has no supporting index
partograph_records,Other,(MISSING),hospital_id,RECOMMENDED,,,FK partograph_records_hospital_id_fkey -> hospitals has no supporting index
partograph_records,Other,(MISSING),patient_id,RECOMMENDED,,,FK partograph_records_patient_id_fkey -> patients has no supporting index
pathology_cases,Other,(MISSING),created_by,RECOMMENDED,,,FK pathology_cases_created_by_fkey -> users has no supporting index
pathology_cases,Other,(MISSING),final_signed_by,RECOMMENDED,,,FK pathology_cases_final_signed_by_fkey -> users has no supporting index
pathology_cases,Other,(MISSING),first_signed_by,RECOMMENDED,,,FK pathology_cases_first_signed_by_fkey -> users has no supporting index
patient_abha_profiles,ABDM,(MISSING),linked_by,RECOMMENDED,,,FK patient_abha_profiles_linked_by_fkey -> users has no supporting index
patient_abha_profiles,ABDM,(MISSING),patient_id,RECOMMENDED,,,FK patient_abha_profiles_patient_id_fkey -> patients has no supporting index
patient_acquisition,Patient,(MISSING),campaign_id,RECOMMENDED,,,FK patient_acquisition_campaign_id_fkey -> marketing_campaigns has no supporting index
patient_acquisition,Patient,(MISSING),referral_doctor_id,RECOMMENDED,,,FK patient_acquisition_referral_doctor_id_fkey -> referral_doctors has no supporting index
patient_consents,Patient,(MISSING),admission_id,RECOMMENDED,,,FK patient_consents_admission_id_fkey -> admissions has no supporting index
patient_consents,Patient,(MISSING),patient_id,RECOMMENDED,,,FK patient_consents_patient_id_fkey -> patients has no supporting index
patient_consents,Patient,(MISSING),signed_by_user_id,RECOMMENDED,,,FK patient_consents_signed_by_user_id_fkey -> users has no supporting index
patient_consents,Patient,(MISSING),template_id,RECOMMENDED,,,FK patient_consents_template_id_fkey -> consent_form_templates has no supporting index
patient_documents,Patient,(MISSING),patient_id,RECOMMENDED,,,FK patient_documents_patient_id_fkey -> patients has no supporting index
patient_documents,Patient,(MISSING),uploaded_by,RECOMMENDED,,,FK patient_documents_uploaded_by_fkey -> users has no supporting index
patient_encounter_templates,Patient,(MISSING),clinician_id,RECOMMENDED,,,FK patient_encounter_templates_clinician_id_fkey -> users has no supporting index
patient_encounter_templates,Patient,(MISSING),encounter_id,RECOMMENDED,,,FK patient_encounter_templates_encounter_id_fkey -> opd_encounters has no supporting index
patient_encounter_templates,Patient,(MISSING),hospital_id,RECOMMENDED,,,FK patient_encounter_templates_hospital_id_fkey -> hospitals has no supporting index
patient_encounter_templates,Patient,(MISSING),template_definition_id,RECOMMENDED,,,FK patient_encounter_templates_template_definition_id_fkey -> emr_template_definitions has no supporting index
patient_feedback,Patient,(MISSING),admission_id,RECOMMENDED,,,FK patient_feedback_admission_id_fkey -> admissions has no supporting index
patient_feedback,Patient,(MISSING),encounter_id,RECOMMENDED,,,FK patient_feedback_encounter_id_fkey -> opd_encounters has no supporting index
patient_feedback,Patient,(MISSING),hospital_id,RECOMMENDED,,,FK patient_feedback_hospital_id_fkey -> hospitals has no supporting index
patient_feedback,Patient,(MISSING),patient_id,RECOMMENDED,,,FK patient_feedback_patient_id_fkey -> patients has no supporting index
patient_history_digests,Patient,(MISSING),job_id,RECOMMENDED,,,FK patient_history_digests_job_id_fkey -> patient_history_ingest_jobs has no supporting index
patient_history_digests,Patient,(MISSING),reviewed_by,RECOMMENDED,,,FK patient_history_digests_reviewed_by_fkey -> users has no supporting index
patient_history_ingest_jobs,Patient,(MISSING),encounter_id,RECOMMENDED,,,FK patient_history_ingest_jobs_encounter_id_fkey -> opd_encounters has no supporting index
patient_history_ingest_jobs,Patient,(MISSING),hospital_id,RECOMMENDED,,,FK patient_history_ingest_jobs_hospital_id_fkey -> hospitals has no supporting index
patient_history_ingest_jobs,Patient,(MISSING),requested_by,RECOMMENDED,,,FK patient_history_ingest_jobs_requested_by_fkey -> users has no supporting index
patient_history_source_chunks,Patient,(MISSING),hospital_id,RECOMMENDED,,,FK patient_history_source_chunks_hospital_id_fkey -> hospitals has no supporting index
patient_history_source_chunks,Patient,(MISSING),patient_id,RECOMMENDED,,,FK patient_history_source_chunks_patient_id_fkey -> patients has no supporting index
patient_history_sources,Patient,(MISSING),hospital_id,RECOMMENDED,,,FK patient_history_sources_hospital_id_fkey -> hospitals has no supporting index
patient_portal_sessions,Patient,(MISSING),hospital_id,RECOMMENDED,,,FK patient_portal_sessions_hospital_id_fkey -> hospitals has no supporting index
patient_portal_sessions,Patient,(MISSING),patient_id,RECOMMENDED,,,FK patient_portal_sessions_patient_id_fkey -> patients has no supporting index
patient_rights_acknowledgements,Patient,(MISSING),admission_id,RECOMMENDED,,,FK patient_rights_acknowledgements_admission_id_fkey -> admissions has no supporting index
patient_template_responses,Patient,(MISSING),encounter_template_id,RECOMMENDED,,,FK patient_template_responses_encounter_template_id_fkey -> patient_encounter_templates has no supporting index
patient_template_responses,Patient,(MISSING),hospital_id,RECOMMENDED,,,FK patient_template_responses_hospital_id_fkey -> hospitals has no supporting index
payment_links,Payments,(MISSING),created_by,RECOMMENDED,,,FK payment_links_created_by_fkey -> users has no supporting index
payroll_items,Payroll,(MISSING),hospital_id,RECOMMENDED,,,FK payroll_items_hospital_id_fkey -> hospitals has no supporting index
payroll_items,Payroll,(MISSING),payroll_run_id,RECOMMENDED,,,FK payroll_items_payroll_run_id_fkey -> payroll_runs has no supporting index
payroll_items,Payroll,(MISSING),user_id,RECOMMENDED,,,FK payroll_items_user_id_fkey -> users has no supporting index
payroll_runs,Payroll,(MISSING),approved_by,RECOMMENDED,,,FK payroll_runs_approved_by_fkey -> users has no supporting index
payroll_runs,Payroll,(MISSING),processed_by,RECOMMENDED,,,FK payroll_runs_processed_by_fkey -> users has no supporting index
payslips,Other,(MISSING),structure_id,RECOMMENDED,,,FK payslips_structure_id_fkey -> salary_structures has no supporting index
pcpndt_form_f,Other,(MISSING),hospital_id,RECOMMENDED,,,FK pcpndt_form_f_hospital_id_fkey -> hospitals has no supporting index
pcpndt_form_f,Other,(MISSING),order_id,RECOMMENDED,,,FK pcpndt_form_f_order_id_fkey -> radiology_orders has no supporting index
pcpndt_form_f,Other,(MISSING),signed_by,RECOMMENDED,,,FK pcpndt_form_f_signed_by_fkey -> users has no supporting index
pcpndt_records,Other,(MISSING),consent_obtained_by,RECOMMENDED,,,FK pcpndt_records_consent_obtained_by_fkey -> users has no supporting index
pcpndt_records,Other,(MISSING),declared_by,RECOMMENDED,,,FK pcpndt_records_declared_by_fkey -> users has no supporting index
performance_appraisals,Other,(MISSING),manager_id,RECOMMENDED,,,FK performance_appraisals_manager_id_fkey -> users has no supporting index
performance_appraisals,Other,(MISSING),user_id,RECOMMENDED,,,FK performance_appraisals_user_id_fkey -> users has no supporting index
periodontal_charts,Other,(MISSING),created_by,RECOMMENDED,,,FK periodontal_charts_created_by_fkey -> users has no supporting index
periodontal_charts,Other,(MISSING),hospital_id,RECOMMENDED,,,FK periodontal_charts_hospital_id_fkey -> hospitals has no supporting index
pharmacy_dispensing,Pharmacy,(MISSING),dispensed_by,RECOMMENDED,,,FK pharmacy_dispensing_dispensed_by_fkey -> users has no supporting index
pharmacy_dispensing,Pharmacy,(MISSING),encounter_id,RECOMMENDED,,,FK pharmacy_dispensing_encounter_id_fkey -> opd_encounters has no supporting index
pharmacy_dispensing,Pharmacy,(MISSING),prescription_id,RECOMMENDED,,,FK pharmacy_dispensing_prescription_id_fkey -> prescriptions has no supporting index
pharmacy_dispensing_items,Pharmacy,(MISSING),batch_id,RECOMMENDED,,,FK pharmacy_dispensing_items_batch_id_fkey -> drug_batches has no supporting index
pharmacy_dispensing_items,Pharmacy,(MISSING),dispensing_id,RECOMMENDED,,,FK pharmacy_dispensing_items_dispensing_id_fkey -> pharmacy_dispensing has no supporting index
pharmacy_dispensing_items,Pharmacy,(MISSING),drug_id,RECOMMENDED,,,FK pharmacy_dispensing_items_drug_id_fkey -> drug_master has no supporting index
pharmacy_dispensing_items,Pharmacy,(MISSING),hospital_id,RECOMMENDED,,,FK pharmacy_dispensing_items_hospital_id_fkey -> hospitals has no supporting index
pharmacy_dispensing_items,Pharmacy,(MISSING),ndps_return_senior_id,RECOMMENDED,,,FK pharmacy_dispensing_items_ndps_return_senior_id_fkey -> users has no supporting index
pharmacy_dispensing_items,Pharmacy,(MISSING),ndps_second_pharmacist_id,RECOMMENDED,,,FK pharmacy_dispensing_items_ndps_second_pharmacist_id_fkey -> users has no supporting index
pharmacy_dispensing_items,Pharmacy,(MISSING),return_confirmed_by,RECOMMENDED,,,FK pharmacy_dispensing_items_return_confirmed_by_fkey -> users has no supporting index
pharmacy_dispensing_items,Pharmacy,(MISSING),returned_by,RECOMMENDED,,,FK pharmacy_dispensing_items_returned_by_fkey -> users has no supporting index
pharmacy_return_audit,Audit/Compliance,(MISSING),admission_id,RECOMMENDED,,,FK pharmacy_return_audit_admission_id_fkey -> admissions has no supporting index
pharmacy_return_audit,Audit/Compliance,(MISSING),created_by,RECOMMENDED,,,FK pharmacy_return_audit_created_by_fkey -> users has no supporting index
pharmacy_return_audit,Audit/Compliance,(MISSING),credit_note_id,RECOMMENDED,,,FK pharmacy_return_audit_credit_note_id_fkey -> credit_notes has no supporting index
pharmacy_return_audit,Audit/Compliance,(MISSING),dispensing_item_id,RECOMMENDED,,,FK pharmacy_return_audit_dispensing_item_id_fkey -> pharmacy_dispensing_items has no supporting index
pharmacy_stock_alerts,Pharmacy,(MISSING),acknowledged_by,RECOMMENDED,,,FK pharmacy_stock_alerts_acknowledged_by_fkey -> users has no supporting index
pharmacy_stock_alerts,Pharmacy,(MISSING),batch_id,RECOMMENDED,,,FK pharmacy_stock_alerts_batch_id_fkey -> drug_batches has no supporting index
pharmacy_stock_alerts,Pharmacy,(MISSING),drug_id,RECOMMENDED,,,FK pharmacy_stock_alerts_drug_id_fkey -> drug_master has no supporting index
pharmacy_stock_alerts,Pharmacy,(MISSING),hospital_id,RECOMMENDED,,,FK pharmacy_stock_alerts_hospital_id_fkey -> hospitals has no supporting index
pharmacy_supplier_returns,Pharmacy,(MISSING),batch_id,RECOMMENDED,,,FK pharmacy_supplier_returns_batch_id_fkey -> drug_batches has no supporting index
pharmacy_supplier_returns,Pharmacy,(MISSING),created_by,RECOMMENDED,,,FK pharmacy_supplier_returns_created_by_fkey -> users has no supporting index
pharmacy_supplier_returns,Pharmacy,(MISSING),drug_id,RECOMMENDED,,,FK pharmacy_supplier_returns_drug_id_fkey -> drug_master has no supporting index
pharmacy_waste_disposal,Pharmacy,(MISSING),batch_id,RECOMMENDED,,,FK pharmacy_waste_disposal_batch_id_fkey -> drug_batches has no supporting index
pharmacy_waste_disposal,Pharmacy,(MISSING),disposed_by,RECOMMENDED,,,FK pharmacy_waste_disposal_disposed_by_fkey -> users has no supporting index
pharmacy_waste_disposal,Pharmacy,(MISSING),drug_id,RECOMMENDED,,,FK pharmacy_waste_disposal_drug_id_fkey -> drug_master has no supporting index
phi_backfill_log,Audit/Compliance,(MISSING),hospital_id,RECOMMENDED,,,FK phi_backfill_log_hospital_id_fkey -> hospitals has no supporting index
physio_equipment_bookings,Other,(MISSING),booked_for,RECOMMENDED,,,FK physio_equipment_bookings_booked_for_fkey -> users has no supporting index
physio_equipment_bookings,Other,(MISSING),patient_id,RECOMMENDED,,,FK physio_equipment_bookings_patient_id_fkey -> patients has no supporting index
physio_equipment_bookings,Other,(MISSING),session_id,RECOMMENDED,,,FK physio_equipment_bookings_session_id_fkey -> physio_sessions has no supporting index
physio_referrals,Other,(MISSING),accepted_by,RECOMMENDED,,,FK physio_referrals_accepted_by_fkey -> users has no supporting index
physio_referrals,Other,(MISSING),admission_id,RECOMMENDED,,,FK physio_referrals_admission_id_fkey -> admissions has no supporting index
physio_referrals,Other,(MISSING),opd_encounter_id,RECOMMENDED,,,FK physio_referrals_opd_encounter_id_fkey -> opd_encounters has no supporting index
physio_referrals,Other,(MISSING),referred_by,RECOMMENDED,,,FK physio_referrals_referred_by_fkey -> users has no supporting index
physio_sessions,Other,(MISSING),patient_id,RECOMMENDED,,,FK physio_sessions_patient_id_fkey -> patients has no supporting index
physio_sessions,Other,(MISSING),therapist_id,RECOMMENDED,,,FK physio_sessions_therapist_id_fkey -> users has no supporting index
platform_feature_flag_overrides,Platform,(MISSING),hospital_id,RECOMMENDED,,,FK platform_feature_flag_overrides_hospital_id_fkey -> hospitals has no supporting index
platform_feature_flags,Platform,(MISSING),created_by,RECOMMENDED,,,FK platform_feature_flags_created_by_fkey -> users has no supporting index
platform_incident_updates,Platform,(MISSING),created_by,RECOMMENDED,,,FK platform_incident_updates_created_by_fkey -> users has no supporting index
platform_incidents,Platform,(MISSING),created_by,RECOMMENDED,,,FK platform_incidents_created_by_fkey -> users has no supporting index
platform_support_tickets,Platform,(MISSING),assigned_to,RECOMMENDED,,,FK platform_support_tickets_assigned_to_fkey -> aumrti_admins has no supporting index
platform_support_tickets,Platform,(MISSING),created_by,RECOMMENDED,,,FK platform_support_tickets_created_by_fkey -> users has no supporting index
pm_schedules,Other,(MISSING),done_by,RECOMMENDED,,,FK pm_schedules_done_by_fkey -> users has no supporting index
pmjay_claims,PM-JAY,(MISSING),admission_id,RECOMMENDED,,,FK pmjay_claims_admission_id_fkey -> admissions has no supporting index
pmjay_claims,PM-JAY,(MISSING),bill_id,RECOMMENDED,,,FK pmjay_claims_bill_id_fkey -> bills has no supporting index
pmjay_claims,PM-JAY,(MISSING),patient_id,RECOMMENDED,,,FK pmjay_claims_patient_id_fkey -> patients has no supporting index
pmjay_claims,PM-JAY,(MISSING),pre_auth_id,RECOMMENDED,,,FK pmjay_claims_pre_auth_id_fkey -> pre_auth_requests has no supporting index
pmjay_claims,PM-JAY,(MISSING),scheme_id,RECOMMENDED,,,FK pmjay_claims_scheme_id_fkey -> govt_schemes has no supporting index
pmjay_packages,PM-JAY,(MISSING),scheme_id,RECOMMENDED,,,FK pmjay_packages_scheme_id_fkey -> govt_schemes has no supporting index
pmjay_preauth_requests,PM-JAY,(MISSING),hospital_id,RECOMMENDED,,,FK pmjay_preauth_requests_hospital_id_fkey -> hospitals has no supporting index
pmjay_preauth_requests,PM-JAY,(MISSING),patient_id,RECOMMENDED,,,FK pmjay_preauth_requests_patient_id_fkey -> patients has no supporting index
pmjay_preauth_requests,PM-JAY,(MISSING),requested_by,RECOMMENDED,,,FK pmjay_preauth_requests_requested_by_fkey -> users has no supporting index
po_items,Other,(MISSING),hospital_id,RECOMMENDED,,,FK po_items_hospital_id_fkey -> hospitals has no supporting index
po_items,Other,(MISSING),item_id,RECOMMENDED,,,FK po_items_item_id_fkey -> inventory_items has no supporting index
po_items,Other,(MISSING),po_id,RECOMMENDED,,,FK po_items_po_id_fkey -> purchase_orders has no supporting index
portal_chat_messages,Patient,(MISSING),hospital_id,RECOMMENDED,,,FK portal_chat_messages_hospital_id_fkey -> hospitals has no supporting index
prakriti_assessments,Other,(MISSING),assessed_by,RECOMMENDED,,,FK prakriti_assessments_assessed_by_fkey -> users has no supporting index
pre_auth_requests,Insurance,(MISSING),admission_id,RECOMMENDED,,,FK pre_auth_requests_admission_id_fkey -> admissions has no supporting index
pre_auth_requests,Insurance,(MISSING),beneficiary_id,RECOMMENDED,,,FK pre_auth_requests_beneficiary_id_fkey -> scheme_beneficiaries has no supporting index
pre_auth_requests,Insurance,(MISSING),package_id,RECOMMENDED,,,FK pre_auth_requests_package_id_fkey -> pmjay_packages has no supporting index
pre_auth_requests,Insurance,(MISSING),patient_id,RECOMMENDED,,,FK pre_auth_requests_patient_id_fkey -> patients has no supporting index
pre_auth_requests,Insurance,(MISSING),scheme_id,RECOMMENDED,,,FK pre_auth_requests_scheme_id_fkey -> govt_schemes has no supporting index
prescriptions,Pharmacy,(MISSING),doctor_id,RECOMMENDED,,,FK prescriptions_doctor_id_fkey -> users has no supporting index
prescriptions,Pharmacy,(MISSING),patient_id,RECOMMENDED,,,FK prescriptions_patient_id_fkey -> patients has no supporting index
preventive_screenings,Other,(MISSING),patient_id,RECOMMENDED,,,FK preventive_screenings_patient_id_fkey -> patients has no supporting index
preventive_screenings,Other,(MISSING),screened_by,RECOMMENDED,,,FK preventive_screenings_screened_by_fkey -> users has no supporting index
procurement_recommendations,Procurement,(MISSING),hospital_id,RECOMMENDED,,,FK procurement_recommendations_hospital_id_fkey -> hospitals has no supporting index
procurement_recommendations,Procurement,(MISSING),item_id,RECOMMENDED,,,FK procurement_recommendations_item_id_fkey -> inventory_items has no supporting index
product_analytics_events,Other,(MISSING),user_id,RECOMMENDED,,,FK product_analytics_events_user_id_fkey -> users has no supporting index
prom_prem_surveys,Patient,(MISSING),patient_id,RECOMMENDED,,,FK prom_prem_surveys_patient_id_fkey -> patients has no supporting index
prompt_registry,AI,(MISSING),approved_by,RECOMMENDED,,,FK prompt_registry_approved_by_fkey -> users has no supporting index
psychometric_assessments,Other,(MISSING),encounter_id,RECOMMENDED,,,FK psychometric_assessments_encounter_id_fkey -> mental_health_encounters has no supporting index
purchase_orders,Procurement,(MISSING),approved_by,RECOMMENDED,,,FK purchase_orders_approved_by_fkey -> users has no supporting index
purchase_orders,Procurement,(MISSING),cost_centre_id,RECOMMENDED,,,FK purchase_orders_cost_centre_id_fkey -> departments has no supporting index
purchase_orders,Procurement,(MISSING),created_by,RECOMMENDED,,,FK purchase_orders_created_by_fkey -> users has no supporting index
purchase_orders,Procurement,(MISSING),paid_by,RECOMMENDED,,,FK purchase_orders_paid_by_fkey -> users has no supporting index
purchase_orders,Procurement,(MISSING),vendor_id,RECOMMENDED,,,FK purchase_orders_vendor_id_fkey -> vendors has no supporting index
purchase_requisitions,Procurement,(MISSING),department_id,RECOMMENDED,,,FK purchase_requisitions_department_id_fkey -> departments has no supporting index
purchase_requisitions,Procurement,(MISSING),hospital_id,RECOMMENDED,,,FK purchase_requisitions_hospital_id_fkey -> hospitals has no supporting index
purchase_requisitions,Procurement,(MISSING),requested_by,RECOMMENDED,,,FK purchase_requisitions_requested_by_fkey -> users has no supporting index
push_notifications,Notifications,(MISSING),user_id,RECOMMENDED,,,FK push_notifications_user_id_fkey -> users has no supporting index
qi_projects,Other,(MISSING),linked_nabh_standard_id,RECOMMENDED,,,FK qi_projects_linked_nabh_standard_id_fkey -> nabh_standards has no supporting index
qi_projects,Other,(MISSING),project_owner_id,RECOMMENDED,,,FK qi_projects_project_owner_id_fkey -> users has no supporting index
qi_projects,Other,(MISSING),source_audit_id,RECOMMENDED,,,FK qi_projects_source_audit_id_fkey -> clinical_audits has no supporting index
quality_indicator_overrides,Quality/NABH,(MISSING),indicator_code,RECOMMENDED,,,FK quality_indicator_overrides_indicator_code_fkey -> quality_indicator_definitions has no supporting index
quality_indicator_overrides,Quality/NABH,(MISSING),updated_by,RECOMMENDED,,,FK quality_indicator_overrides_updated_by_fkey -> users has no supporting index
queue_state,OPD,(MISSING),called_by,RECOMMENDED,,,FK queue_state_called_by_fkey -> users has no supporting index
queue_state,OPD,(MISSING),current_token_id,RECOMMENDED,,,FK queue_state_current_token_id_fkey -> opd_tokens has no supporting index
queue_state,OPD,(MISSING),department_id,RECOMMENDED,,,FK queue_state_department_id_fkey -> departments has no supporting index
queue_state,OPD,(MISSING),doctor_id,RECOMMENDED,,,FK queue_state_doctor_id_fkey -> users has no supporting index
quotation_items,Other,(MISSING),item_id,RECOMMENDED,,,FK quotation_items_item_id_fkey -> inventory_items has no supporting index
radiology_modalities,Radiology,(MISSING),hospital_id,RECOMMENDED,,,FK radiology_modalities_hospital_id_fkey -> hospitals has no supporting index
radiology_orders,Radiology,(MISSING),encounter_id,RECOMMENDED,,,FK radiology_orders_encounter_id_fkey -> opd_encounters has no supporting index
radiology_orders,Radiology,(MISSING),modality_id,RECOMMENDED,,,FK radiology_orders_modality_id_fkey -> radiology_modalities has no supporting index
radiology_orders,Radiology,(MISSING),ordered_by,RECOMMENDED,,,FK radiology_orders_ordered_by_fkey -> users has no supporting index
radiology_orders,Radiology,(MISSING),patient_id,RECOMMENDED,,,FK radiology_orders_patient_id_fkey -> patients has no supporting index
radiology_reports,Radiology,(MISSING),hospital_id,RECOMMENDED,,,FK radiology_reports_hospital_id_fkey -> hospitals has no supporting index
radiology_reports,Radiology,(MISSING),order_id,RECOMMENDED,,,FK radiology_reports_order_id_fkey -> radiology_orders has no supporting index
radiology_reports,Radiology,(MISSING),patient_id,RECOMMENDED,,,FK radiology_reports_patient_id_fkey -> patients has no supporting index
radiology_reports,Radiology,(MISSING),radiologist_id,RECOMMENDED,,,FK radiology_reports_radiologist_id_fkey -> users has no supporting index
radiology_reports,Radiology,(MISSING),validated_by,RECOMMENDED,,,FK radiology_reports_validated_by_fkey -> users has no supporting index
reconciliation_discrepancies,Other,(MISSING),admission_id,RECOMMENDED,,,FK reconciliation_discrepancies_admission_id_fkey -> admissions has no supporting index
reconciliation_discrepancies,Other,(MISSING),reconciliation_id,RECOMMENDED,,,FK reconciliation_discrepancies_reconciliation_id_fkey -> med_reconciliation_events has no supporting index
reconciliation_discrepancies,Other,(MISSING),resolved_by,RECOMMENDED,,,FK reconciliation_discrepancies_resolved_by_fkey -> users has no supporting index
record_access_logs,Other,(MISSING),accessed_by,RECOMMENDED,,,FK record_access_logs_accessed_by_fkey -> users has no supporting index
record_requests,Other,(MISSING),approved_by,RECOMMENDED,,,FK record_requests_approved_by_fkey -> users has no supporting index
record_requests,Other,(MISSING),hospital_id,RECOMMENDED,,,FK record_requests_hospital_id_fkey -> hospitals has no supporting index
record_requests,Other,(MISSING),patient_id,RECOMMENDED,,,FK record_requests_patient_id_fkey -> patients has no supporting index
record_requests,Other,(MISSING),record_id,RECOMMENDED,,,FK record_requests_record_id_fkey -> medical_records has no supporting index
referral_codes,Platform,(MISSING),created_by,RECOMMENDED,,,FK referral_codes_created_by_fkey -> users has no supporting index
referral_codes,Platform,(MISSING),partner_id,RECOMMENDED,,,FK referral_codes_partner_id_fkey -> referral_partners has no supporting index
referral_partners,Platform,(MISSING),created_by,RECOMMENDED,,,FK referral_partners_created_by_fkey -> users has no supporting index
refund_payables,Billing,(MISSING),approved_by,RECOMMENDED,,,FK refund_payables_approved_by_fkey -> users has no supporting index
refund_payables,Billing,(MISSING),credit_note_id,RECOMMENDED,,,FK refund_payables_credit_note_id_fkey -> credit_notes has no supporting index
refund_payables,Billing,(MISSING),patient_id,RECOMMENDED,,,FK refund_payables_patient_id_fkey -> patients has no supporting index
refund_payables,Billing,(MISSING),requested_by,RECOMMENDED,,,FK refund_payables_requested_by_fkey -> users has no supporting index
requisition_items,Other,(MISSING),item_id,RECOMMENDED,,,FK requisition_items_item_id_fkey -> inventory_items has no supporting index
research_cohorts,Other,(MISSING),created_by,RECOMMENDED,,,FK research_cohorts_created_by_fkey -> users has no supporting index
restraint_records,Other,(MISSING),applied_by,RECOMMENDED,,,FK restraint_records_applied_by_fkey -> users has no supporting index
restraint_records,Other,(MISSING),hospital_id,RECOMMENDED,,,FK restraint_records_hospital_id_fkey -> hospitals has no supporting index
restraint_records,Other,(MISSING),patient_id,RECOMMENDED,,,FK restraint_records_patient_id_fkey -> patients has no supporting index
retention_schedules,Other,(MISSING),destruction_authorized_by,RECOMMENDED,,,FK retention_schedules_destruction_authorized_by_fkey -> users has no supporting index
retention_schedules,Other,(MISSING),hospital_id,RECOMMENDED,,,FK retention_schedules_hospital_id_fkey -> hospitals has no supporting index
retention_schedules,Other,(MISSING),patient_id,RECOMMENDED,,,FK retention_schedules_patient_id_fkey -> patients has no supporting index
revenue_alerts,Billing,(MISSING),patient_id,RECOMMENDED,,,FK revenue_alerts_patient_id_fkey -> patients has no supporting index
revenue_alerts,Billing,(MISSING),resolved_by,RECOMMENDED,,,FK revenue_alerts_resolved_by_fkey -> users has no supporting index
revenue_leak_actions,Billing,(MISSING),assigned_by,RECOMMENDED,,,FK revenue_leak_actions_assigned_by_fkey -> users has no supporting index
revenue_leak_actions,Billing,(MISSING),assigned_to,RECOMMENDED,,,FK revenue_leak_actions_assigned_to_fkey -> users has no supporting index
revenue_leak_actions,Billing,(MISSING),resolved_by,RECOMMENDED,,,FK revenue_leak_actions_resolved_by_fkey -> users has no supporting index
rfq_vendors,Procurement,(MISSING),vendor_id,RECOMMENDED,,,FK rfq_vendors_vendor_id_fkey -> vendors has no supporting index
rfqs,Procurement,(MISSING),created_by,RECOMMENDED,,,FK rfqs_created_by_fkey -> users has no supporting index
rfqs,Procurement,(MISSING),hospital_id,RECOMMENDED,,,FK rfqs_hospital_id_fkey -> hospitals has no supporting index
rfqs,Procurement,(MISSING),requisition_id,RECOMMENDED,,,FK rfqs_requisition_id_fkey -> purchase_requisitions has no supporting index
safety_event_capa,Other,(MISSING),responsible_owner_id,RECOMMENDED,,,FK safety_event_capa_responsible_owner_id_fkey -> users has no supporting index
safety_event_rca,Other,(MISSING),completed_by,RECOMMENDED,,,FK safety_event_rca_completed_by_fkey -> users has no supporting index
safety_events,Other,(MISSING),admission_id,RECOMMENDED,,,FK safety_events_admission_id_fkey -> admissions has no supporting index
safety_events,Other,(MISSING),department_id,RECOMMENDED,,,FK safety_events_department_id_fkey -> departments has no supporting index
safety_events,Other,(MISSING),linked_nabh_standard_id,RECOMMENDED,,,FK safety_events_linked_nabh_standard_id_fkey -> nabh_standards has no supporting index
safety_events,Other,(MISSING),reported_by,RECOMMENDED,,,FK safety_events_reported_by_fkey -> users has no supporting index
safety_rounds,Other,(MISSING),conducted_by,RECOMMENDED,,,FK safety_rounds_conducted_by_fkey -> users has no supporting index
salary_structures,Payroll,(MISSING),hospital_id,RECOMMENDED,,,FK salary_structures_hospital_id_fkey -> hospitals has no supporting index
scheme_beneficiaries,Other,(MISSING),hospital_id,RECOMMENDED,,,FK scheme_beneficiaries_hospital_id_fkey -> hospitals has no supporting index
scheme_beneficiaries,Other,(MISSING),scheme_id,RECOMMENDED,,,FK scheme_beneficiaries_scheme_id_fkey -> govt_schemes has no supporting index
second_victim_cases,Other,(MISSING),staff_id,RECOMMENDED,,,FK second_victim_cases_staff_id_fkey -> users has no supporting index
second_victim_cases,Other,(MISSING),support_assigned_to,RECOMMENDED,,,FK second_victim_cases_support_assigned_to_fkey -> users has no supporting index
second_victim_sessions,Other,(MISSING),case_id,RECOMMENDED,,,FK second_victim_sessions_case_id_fkey -> second_victim_cases has no supporting index
sedation_scores,ICU,(MISSING),admission_id,RECOMMENDED,,,FK sedation_scores_admission_id_fkey -> admissions has no supporting index
sedation_scores,ICU,(MISSING),recorded_by,RECOMMENDED,,,FK sedation_scores_recorded_by_fkey -> users has no supporting index
service_charges,Billing,(MISSING),bill_id,RECOMMENDED,,,FK service_charges_bill_id_fkey -> bills has no supporting index
service_charges,Billing,(MISSING),created_by,RECOMMENDED,,,FK service_charges_created_by_fkey -> users has no supporting index
service_charges,Billing,(MISSING),encounter_id,RECOMMENDED,,,FK service_charges_encounter_id_fkey -> opd_encounters has no supporting index
service_charges,Billing,(MISSING),therapist_id,RECOMMENDED,,,FK service_charges_therapist_id_fkey -> users has no supporting index
service_master,Billing,(MISSING),department_id,RECOMMENDED,,,FK service_master_department_id_fkey -> departments has no supporting index
service_master,Billing,(MISSING),doctor_id,RECOMMENDED,,,FK service_master_doctor_id_fkey -> users has no supporting index
service_rates,Billing,(MISSING),payer_id,RECOMMENDED,,,FK service_rates_payer_id_fkey -> payer_masters has no supporting index
set_issues,Other,(MISSING),hospital_id,RECOMMENDED,,,FK set_issues_hospital_id_fkey -> hospitals has no supporting index
set_issues,Other,(MISSING),issued_by,RECOMMENDED,,,FK set_issues_issued_by_fkey -> users has no supporting index
set_issues,Other,(MISSING),returned_by,RECOMMENDED,,,FK set_issues_returned_by_fkey -> users has no supporting index
set_issues,Other,(MISSING),set_id,RECOMMENDED,,,FK set_issues_set_id_fkey -> instrument_sets has no supporting index
settlement_reconciliation_flags,Payments,(MISSING),hospital_id,RECOMMENDED,,,FK settlement_reconciliation_flags_hospital_id_fkey -> hospitals has no supporting index
settlement_reconciliation_flags,Payments,(MISSING),resolved_by,RECOMMENDED,,,FK settlement_reconciliation_flags_resolved_by_fkey -> users has no supporting index
shift_master,HR,(MISSING),hospital_id,RECOMMENDED,,,FK shift_master_hospital_id_fkey -> hospitals has no supporting index
shift_swap_requests,HR,(MISSING),counterparty_id,RECOMMENDED,,,FK shift_swap_requests_counterparty_id_fkey -> users has no supporting index
shift_swap_requests,HR,(MISSING),requester_id,RECOMMENDED,,,FK shift_swap_requests_requester_id_fkey -> users has no supporting index
shift_swap_requests,HR,(MISSING),reviewed_by,RECOMMENDED,,,FK shift_swap_requests_reviewed_by_fkey -> users has no supporting index
staff_attendance,HR,(MISSING),marked_by,RECOMMENDED,,,FK staff_attendance_marked_by_fkey -> users has no supporting index
staff_burnout_scores,HR,(MISSING),user_id,RECOMMENDED,,,FK staff_burnout_scores_user_id_fkey -> users has no supporting index
staff_credentials,HR,(MISSING),verified_by,RECOMMENDED,,,FK staff_credentials_verified_by_fkey -> users has no supporting index
staff_documents,HR,(MISSING),uploaded_by,RECOMMENDED,,,FK staff_documents_uploaded_by_fkey -> users has no supporting index
staff_documents,HR,(MISSING),verified_by,RECOMMENDED,,,FK staff_documents_verified_by_fkey -> users has no supporting index
staff_exits,HR,(MISSING),created_by,RECOMMENDED,,,FK staff_exits_created_by_fkey -> users has no supporting index
staff_exits,HR,(MISSING),hospital_id,RECOMMENDED,,,FK staff_exits_hospital_id_fkey -> hospitals has no supporting index
staff_grievances,HR,(MISSING),raised_by,RECOMMENDED,,,FK staff_grievances_raised_by_fkey -> users has no supporting index
staff_grievances,HR,(MISSING),resolved_by,RECOMMENDED,,,FK staff_grievances_resolved_by_fkey -> users has no supporting index
staff_injuries,HR,(MISSING),employee_id,RECOMMENDED,,,FK staff_injuries_employee_id_fkey -> users has no supporting index
staff_privileges,HR,(MISSING),department_id,RECOMMENDED,,,FK staff_privileges_department_id_fkey -> departments has no supporting index
staff_privileges,HR,(MISSING),granted_by,RECOMMENDED,,,FK staff_privileges_granted_by_fkey -> users has no supporting index
staff_profiles,HR,(MISSING),department_id,RECOMMENDED,,,FK staff_profiles_department_id_fkey -> departments has no supporting index
staff_profiles,HR,(MISSING),hospital_id,RECOMMENDED,,,FK staff_profiles_hospital_id_fkey -> hospitals has no supporting index
staff_salary_assignments,HR,(MISSING),structure_id,RECOMMENDED,,,FK staff_salary_assignments_structure_id_fkey -> salary_structures has no supporting index
staffing_alerts,HR,(MISSING),snapshot_id,RECOMMENDED,,,FK staffing_alerts_snapshot_id_fkey -> ward_acuity_snapshots has no supporting index
sterilization_cycles,Infection Control,(MISSING),bi_read_by,RECOMMENDED,,,FK sterilization_cycles_bi_read_by_fkey -> users has no supporting index
sterilization_cycles,Infection Control,(MISSING),flash_approved_by,RECOMMENDED,,,FK sterilization_cycles_flash_approved_by_fkey -> users has no supporting index
sterilization_cycles,Infection Control,(MISSING),operator_id,RECOMMENDED,,,FK sterilization_cycles_operator_id_fkey -> users has no supporting index
stimulation_monitoring,Other,(MISSING),hospital_id,RECOMMENDED,,,FK stimulation_monitoring_hospital_id_fkey -> hospitals has no supporting index
stimulation_monitoring,Other,(MISSING),recorded_by,RECOMMENDED,,,FK stimulation_monitoring_recorded_by_fkey -> users has no supporting index
stock_count_items,Inventory,(MISSING),item_id,RECOMMENDED,,,FK stock_count_items_item_id_fkey -> inventory_items has no supporting index
stock_counts,Inventory,(MISSING),approved_by,RECOMMENDED,,,FK stock_counts_approved_by_fkey -> users has no supporting index
stock_counts,Inventory,(MISSING),counted_by,RECOMMENDED,,,FK stock_counts_counted_by_fkey -> users has no supporting index
stock_counts,Inventory,(MISSING),store_id,RECOMMENDED,,,FK stock_counts_store_id_fkey -> store_locations has no supporting index
stock_reorder_triggers,Inventory,(MISSING),created_by,RECOMMENDED,,,FK stock_reorder_triggers_created_by_fkey -> users has no supporting index
stock_reorder_triggers,Inventory,(MISSING),drug_id,RECOMMENDED,,,FK stock_reorder_triggers_drug_id_fkey -> drug_master has no supporting index
stock_transactions,Inventory,(MISSING),created_by,RECOMMENDED,,,FK stock_transactions_created_by_fkey -> users has no supporting index
stock_transactions,Inventory,(MISSING),department_id,RECOMMENDED,,,FK stock_transactions_department_id_fkey -> departments has no supporting index
stock_transactions,Inventory,(MISSING),hospital_id,RECOMMENDED,,,FK stock_transactions_hospital_id_fkey -> hospitals has no supporting index
stock_transactions,Inventory,(MISSING),item_id,RECOMMENDED,,,FK stock_transactions_item_id_fkey -> inventory_items has no supporting index
store_indents,Inventory,(MISSING),approved_by,RECOMMENDED,,,FK store_indents_approved_by_fkey -> users has no supporting index
store_indents,Inventory,(MISSING),received_by,RECOMMENDED,,,FK store_indents_received_by_fkey -> users has no supporting index
store_indents,Inventory,(MISSING),requested_by,RECOMMENDED,,,FK store_indents_requested_by_fkey -> users has no supporting index
store_locations,Inventory,(MISSING),ward_id,RECOMMENDED,,,FK store_locations_ward_id_fkey -> wards has no supporting index
store_stock,Inventory,(MISSING),consignment_vendor_id,RECOMMENDED,,,FK store_stock_consignment_vendor_id_fkey -> vendors has no supporting index
store_stock_movements,Inventory,(MISSING),indent_id,RECOMMENDED,,,FK store_stock_movements_indent_id_fkey -> store_indents has no supporting index
store_stock_movements,Inventory,(MISSING),moved_by,RECOMMENDED,,,FK store_stock_movements_moved_by_fkey -> users has no supporting index
subscription_invoices,Platform,(MISSING),subscription_id,RECOMMENDED,,,FK subscription_invoices_subscription_id_fkey -> hospital_subscriptions has no supporting index
tally_export_log,Other,(MISSING),exported_by,RECOMMENDED,,,FK tally_export_log_exported_by_fkey -> users has no supporting index
tds_annual_summary,Payroll,(MISSING),staff_id,RECOMMENDED,,,FK tds_annual_summary_staff_id_fkey -> users has no supporting index
teleconsult_sessions,Telemedicine,(MISSING),doctor_id,RECOMMENDED,,,FK teleconsult_sessions_doctor_id_fkey -> users has no supporting index
teleconsult_sessions,Telemedicine,(MISSING),encounter_id,RECOMMENDED,,,FK teleconsult_sessions_encounter_id_fkey -> opd_encounters has no supporting index
teleconsult_sessions,Telemedicine,(MISSING),hospital_id,RECOMMENDED,,,FK teleconsult_sessions_hospital_id_fkey -> hospitals has no supporting index
teleconsult_sessions,Telemedicine,(MISSING),patient_id,RECOMMENDED,,,FK teleconsult_sessions_patient_id_fkey -> patients has no supporting index
toxicity_events,Other,(MISSING),hospital_id,RECOMMENDED,,,FK toxicity_events_hospital_id_fkey -> hospitals has no supporting index
toxicity_events,Other,(MISSING),order_id,RECOMMENDED,,,FK toxicity_events_order_id_fkey -> chemo_orders has no supporting index
toxicity_events,Other,(MISSING),patient_id,RECOMMENDED,,,FK toxicity_events_patient_id_fkey -> patients has no supporting index
toxicity_events,Other,(MISSING),reported_by,RECOMMENDED,,,FK toxicity_events_reported_by_fkey -> users has no supporting index
tpa_dispute_communications,TPA,(MISSING),dispute_id,RECOMMENDED,,,FK tpa_dispute_communications_dispute_id_fkey -> tpa_disputes has no supporting index
tpa_dispute_communications,TPA,(MISSING),hospital_id,RECOMMENDED,,,FK tpa_dispute_communications_hospital_id_fkey -> hospitals has no supporting index
tpa_dispute_communications,TPA,(MISSING),sent_by,RECOMMENDED,,,FK tpa_dispute_communications_sent_by_fkey -> users has no supporting index
tpa_disputes,TPA,(MISSING),raised_by,RECOMMENDED,,,FK tpa_disputes_raised_by_fkey -> users has no supporting index
tpa_disputes,TPA,(MISSING),reconciliation_id,RECOMMENDED,,,FK tpa_disputes_reconciliation_id_fkey -> insurance_payment_reconciliation has no supporting index
tpa_queries,TPA,(MISSING),admission_id,RECOMMENDED,,,FK tpa_queries_admission_id_fkey -> admissions has no supporting index
tpa_queries,TPA,(MISSING),pre_auth_id,RECOMMENDED,,,FK tpa_queries_pre_auth_id_fkey -> insurance_pre_auth has no supporting index
tpa_queries,TPA,(MISSING),replied_by,RECOMMENDED,,,FK tpa_queries_replied_by_fkey -> users has no supporting index
transfusion_reactions,Blood Bank,(MISSING),hospital_id,RECOMMENDED,,,FK transfusion_reactions_hospital_id_fkey -> hospitals has no supporting index
transfusion_reactions,Blood Bank,(MISSING),issue_id,RECOMMENDED,,,FK transfusion_reactions_issue_id_fkey -> blood_issues has no supporting index
transfusion_reactions,Blood Bank,(MISSING),patient_id,RECOMMENDED,,,FK transfusion_reactions_patient_id_fkey -> patients has no supporting index
transfusion_reactions,Blood Bank,(MISSING),reported_by,RECOMMENDED,,,FK transfusion_reactions_reported_by_fkey -> users has no supporting index
transfusion_reactions,Blood Bank,(MISSING),unit_id,RECOMMENDED,,,FK transfusion_reactions_unit_id_fkey -> blood_units has no supporting index
user_tour_progress,Identity,(MISSING),tour_key,RECOMMENDED,,,FK user_tour_progress_tour_key_fkey -> platform_onboarding_tours has no supporting index
users,Identity,(MISSING),branch_id,RECOMMENDED,,,FK users_branch_id_fkey -> branches has no supporting index
users,Identity,(MISSING),department_id,RECOMMENDED,,,FK users_department_id_fkey -> departments has no supporting index
users,Identity,(MISSING),hospital_id,RECOMMENDED,,,FK users_hospital_id_fkey -> hospitals has no supporting index
users,Identity,(MISSING),hospital_id,RECOMMENDED,,,FK users_role_hospital_fkey -> role_permissions has no supporting index
vaccination_due,Vaccination,(MISSING),hospital_id,RECOMMENDED,,,FK vaccination_due_hospital_id_fkey -> hospitals has no supporting index
vaccination_due,Vaccination,(MISSING),vaccine_id,RECOMMENDED,,,FK vaccination_due_vaccine_id_fkey -> vaccine_master has no supporting index
vaccination_records,Vaccination,(MISSING),administered_by,RECOMMENDED,,,FK vaccination_records_administered_by_fkey -> users has no supporting index
vaccination_records,Vaccination,(MISSING),bill_id,RECOMMENDED,,,FK vaccination_records_bill_id_fkey -> bills has no supporting index
vaccination_records,Vaccination,(MISSING),vaccine_id,RECOMMENDED,,,FK vaccination_records_vaccine_id_fkey -> vaccine_master has no supporting index
vaccine_camps,Vaccination,(MISSING),conducted_by,RECOMMENDED,,,FK vaccine_camps_conducted_by_fkey -> users has no supporting index
vaccine_camps,Vaccination,(MISSING),hospital_id,RECOMMENDED,,,FK vaccine_camps_hospital_id_fkey -> hospitals has no supporting index
vaccine_stock,Vaccination,(MISSING),vaccine_id,RECOMMENDED,,,FK vaccine_stock_vaccine_id_fkey -> vaccine_master has no supporting index
vendor_quotations,Procurement,(MISSING),hospital_id,RECOMMENDED,,,FK vendor_quotations_hospital_id_fkey -> hospitals has no supporting index
vendor_quotations,Procurement,(MISSING),po_id,RECOMMENDED,,,FK vendor_quotations_po_id_fkey -> purchase_orders has no supporting index
vendor_quotations,Procurement,(MISSING),vendor_id,RECOMMENDED,,,FK vendor_quotations_vendor_id_fkey -> vendors has no supporting index
vendor_rate_contracts,Procurement,(MISSING),item_id,RECOMMENDED,,,FK vendor_rate_contracts_item_id_fkey -> inventory_items has no supporting index
vendor_rate_contracts,Procurement,(MISSING),vendor_id,RECOMMENDED,,,FK vendor_rate_contracts_vendor_id_fkey -> vendors has no supporting index
vendors,Procurement,(MISSING),hospital_id,RECOMMENDED,,,FK vendors_hospital_id_fkey -> hospitals has no supporting index
ventilator_params,ICU,(MISSING),admission_id,RECOMMENDED,,,FK ventilator_params_admission_id_fkey -> admissions has no supporting index
ventilator_params,ICU,(MISSING),recorded_by,RECOMMENDED,,,FK ventilator_params_recorded_by_fkey -> users has no supporting index
vial_wastage,Other,(MISSING),hospital_id,RECOMMENDED,,,FK vial_wastage_hospital_id_fkey -> hospitals has no supporting index
vial_wastage,Other,(MISSING),order_id,RECOMMENDED,,,FK vial_wastage_order_id_fkey -> chemo_orders has no supporting index
visitor_passes,OPD,(MISSING),issued_by,RECOMMENDED,,,FK visitor_passes_issued_by_fkey -> users has no supporting index
ward_round_notes,IPD,(MISSING),admission_id,RECOMMENDED,,,FK ward_round_notes_admission_id_fkey -> admissions has no supporting index
ward_round_notes,IPD,(MISSING),doctor_id,RECOMMENDED,,,FK ward_round_notes_doctor_id_fkey -> users has no supporting index
ward_round_notes,IPD,(MISSING),hospital_id,RECOMMENDED,,,FK ward_round_notes_hospital_id_fkey -> hospitals has no supporting index
ward_round_notes,IPD,(MISSING),patient_id,RECOMMENDED,,,FK ward_round_notes_patient_id_fkey -> patients has no supporting index
wards,IPD,(MISSING),hospital_id,RECOMMENDED,,,FK wards_hospital_id_fkey -> hospitals has no supporting index
whatsapp_bot_messages,Notifications,(MISSING),hospital_id,RECOMMENDED,,,FK whatsapp_bot_messages_hospital_id_fkey -> hospitals has no supporting index
whatsapp_bot_sessions,Notifications,(MISSING),patient_id,RECOMMENDED,,,FK whatsapp_bot_sessions_patient_id_fkey -> patients has no supporting index
whatsapp_notifications,Notifications,(MISSING),patient_id,RECOMMENDED,,,FK whatsapp_notifications_patient_id_fkey -> patients has no supporting index
whatsapp_templates,Notifications,(MISSING),hospital_id,RECOMMENDED,,,FK whatsapp_templates_hospital_id_fkey -> hospitals has no supporting index
wound_assessments,Nursing,(MISSING),admission_id,RECOMMENDED,,,FK wound_assessments_admission_id_fkey -> admissions has no supporting index
wound_assessments,Nursing,(MISSING),assessed_by,RECOMMENDED,,,FK wound_assessments_assessed_by_fkey -> users has no supporting index
wound_assessments,Nursing,(MISSING),patient_id,RECOMMENDED,,,FK wound_assessments_patient_id_fkey -> patients has no supporting index
