"TC#","Section","Priority","Test Case","Steps","Expected Result","Status(PASS/FAIL/BLOCKED)","mock data","Cross-Module Link","Settings need to set before entering to the module","Actual Result(What happened)","Console Error(Copy-paste red text)","Screenshot(Y/N)","Notes","Journey Scenario","Why This Exists","Test Type","Role/Login","Supabase Verify","Playwright Spec","Defect ID"
"TC-P4A-001","4A Queue & Tokens","P2","OPD queue screen loads with no console errors","1) Log in as hospital_admin (Hospital A) 2) Open /opd 3) Wait for the queue panel to render 4) Open DevTools (F12) → Console","The OPD Queue panel, Call Next Patient and Register Walk-in all render, and the console shows no red errors other than favicon/ResizeObserver noise.","","None","","Tier 0 complete; departments, staff and service_master consultation rows configured (SETTINGS_PREREQ_MATRIX OPD row)","","","","","P4-S01","If the OPD queue does not load, the busiest module in the hospital is unusable and every patient of the day has to be handled on paper.","Positive","hospital_admin (Hospital A)","None","e2e/phase-04-opd-journey/P4A.queue-token.spec.ts",""
"TC-P4A-002","4A Queue & Tokens","P2","Register Walk-in action is offered to a hospital_admin","1) Open /opd 2) Look at the footer of the OPD Queue panel","A ""+ Register Walk-in"" button is visible and enabled.","","None","","Roles & Permissions: opd → register_walkin granted to hospital_admin","","","","","P4-S01","Registering a walk-in is the first action of every OPD day; without the control the queue can never be populated.","Positive","hospital_admin (Hospital A)","None","e2e/phase-04-opd-journey/P4A.queue-token.spec.ts",""
"TC-P4A-003","4A Queue & Tokens","P2","The walk-in modal opens with an empty details form","1) Open /opd 2) Click ""+ Register Walk-in"" 3) Inspect the Search Patient box and the Full Name field","The modal opens on the details step with the patient search box visible and Full Name blank.","","None","","None","","","","","P4-S01","A form still holding the previous patient's details would attach the wrong name to a new token and a new bill.","Positive","hospital_admin (Hospital A)","None","e2e/phase-04-opd-journey/P4A.queue-token.spec.ts",""
"TC-P4A-004","4A Queue & Tokens","P1","Department dropdown is populated from the departments master","1) Open /opd 2) Click ""+ Register Walk-in"" 3) Open the Department dropdown","The dropdown lists the configured departments and includes General Medicine — it is not empty and does not show only ""Select..."".","","Master data — Hospital A → Departments","Settings","Tier 0 complete; departments, staff and service_master consultation rows configured (SETTINGS_PREREQ_MATRIX OPD row)","","","","","P4-S01","SETTINGS_PREREQ_MATRIX states that with no departments no OPD token can be created at all — this case separates that configuration gap from a code defect.","Positive","hospital_admin (Hospital A)","departments where hospital_id = A → at least one active row, including General Medicine","e2e/phase-04-opd-journey/P4A.queue-token.spec.ts",""
"TC-P4A-005","4A Queue & Tokens","P2","Choosing a department filters the Doctor dropdown to that department","1) Open /opd 2) Click ""+ Register Walk-in"" 3) Select Department ""General Medicine"" 4) Open the Doctor dropdown","The Doctor list contains Suresh Menon, the General Medicine consultant.","","Master data — Hospital A → Doctors & consultation fees","","Tier 0 complete; departments, staff and service_master consultation rows configured (SETTINGS_PREREQ_MATRIX OPD row)","","","","","P4-S01","The desk must be able to book the patient with the doctor they are actually seeing, or the token lands in the wrong queue and prices at the wrong rate.","Positive","hospital_admin (Hospital A)","users where hospital_id = A and role = doctor and department = General Medicine → Dr. Suresh Menon exists","e2e/phase-04-opd-journey/P4A.queue-token.spec.ts",""
"TC-P4A-006","4A Queue & Tokens","P2","A doctor from another department is not offered once a department is chosen","1) Open /opd 2) Click ""+ Register Walk-in"" 3) Select Department ""General Medicine"" 4) Read every option in the Doctor dropdown","Kavitha Rao (Obstetrics & Gynaecology) does NOT appear in the list.","","Master data — Hospital A → Doctors & consultation fees","","Tier 0 complete; departments, staff and service_master consultation rows configured (SETTINGS_PREREQ_MATRIX OPD row)","","","","","P4-S01","A token raised against the wrong specialty bills the wrong consultation fee and puts the patient in a queue the doctor is not running.","Negative","hospital_admin (Hospital A)","None","e2e/phase-04-opd-journey/P4A.queue-token.spec.ts",""
"TC-P4A-007","4A Queue & Tokens","P2","The token to be issued is previewed before payment is taken","1) Open /opd 2) Click ""+ Register Walk-in"" 3) Search PT-QA-0001 4) Select Department General Medicine and Doctor Suresh Menon 5) Read the token preview panel","A panel reads ""Token <number> will be assigned"" with a non-blank number, before the payment step.","","PT-QA-0001 Ramesh Kumar","","Tier 0 complete; departments, staff and service_master consultation rows configured (SETTINGS_PREREQ_MATRIX OPD row)","","","","","P4-S01","The desk tells the patient their number before taking money; without a preview the patient is charged before anyone knows what they are queueing for.","Positive","hospital_admin (Hospital A)","None","e2e/phase-04-opd-journey/P4A.queue-token.spec.ts",""
"TC-P4A-008","4A Queue & Tokens","P1","A walk-in for an existing patient writes an opd_tokens row","1) Open /opd 2) Click ""+ Register Walk-in"" 3) Search PT-QA-0001 4) Department General Medicine, Doctor Suresh Menon 5) Proceed to Payment 6) Pay and issue the token","An opd_tokens row exists for PT-QA-0001 with status = waiting and visit_date = today.","","PT-QA-0001 Ramesh Kumar","Billing","Tier 0 complete; departments, staff and service_master consultation rows configured (SETTINGS_PREREQ_MATRIX OPD row)","","","","","P4-S01","The receipt on screen is not the record. Every later step of the phase — consultation, orders, bill — hangs off this row, so if it is missing nothing downstream can exist.","Positive","hospital_admin (Hospital A)","opd_tokens where hospital_id = A and patient_id = (PT-QA-0001) and visit_date = today → status = waiting","e2e/phase-04-opd-journey/P4A.queue-token.spec.ts",""
"TC-P4A-009","4A Queue & Tokens","P2","The issued token number is non-blank and carries the queue prefix","1) Register a walk-in for PT-QA-0001 with Dr. Suresh Menon at /opd 2) Read token_number and token_prefix from opd_tokens","token_number is non-empty and contains token_prefix.","","PT-QA-0001 Ramesh Kumar","","Tier 0 complete; departments, staff and service_master consultation rows configured (SETTINGS_PREREQ_MATRIX OPD row)","","","","","P4-S01","A blank token number leaves the display board and the queue with nothing to call, so the patient is never seen even though they are registered and have paid.","Positive","hospital_admin (Hospital A)","opd_tokens where hospital_id = A and patient_id = (PT-QA-0001) → token_number not null and contains token_prefix","e2e/phase-04-opd-journey/P4A.queue-token.spec.ts",""
"TC-P4A-010","4A Queue & Tokens","P1","Two walk-ins registered moments apart receive different token numbers","1) Open /opd 2) Register a walk-in for PT-QA-0001 with Dr. Suresh Menon 3) Immediately register a second walk-in for PT-QA-0003 with the same doctor 4) Compare the two token_number values","The two tokens carry different numbers, proving the atomic generate_token_number RPC ran rather than the client-side preview being reused.","","PT-QA-0001 Ramesh Kumar, PT-QA-0003 Anitha Menon","","Tier 0 complete; departments, staff and service_master consultation rows configured (SETTINGS_PREREQ_MATRIX OPD row)","","","","","P4-S01","Two patients answering to the same token on a busy morning is a queue collision: one is seen twice and the other is never called, and both bills attach to whichever token the desk picks.","Boundary","hospital_admin (Hospital A)","opd_tokens where hospital_id = A and visit_date = today → the two rows have distinct token_number values","e2e/phase-04-opd-journey/P4A.queue-token.spec.ts",""
"TC-P4A-011","4A Queue & Tokens","P1","A brand-new patient registered at the OPD desk is saved and issued a token","1) Open /opd 2) Click ""+ Register Walk-in"" 3) Enter the new patient from phase4.walkIn (name, age, address, allergies) 4) Department General Medicine, Doctor Suresh Menon 5) Tick DPDP consent 6) Proceed to Payment and issue the token","A patients row exists with a non-null UHID, and an opd_tokens row exists for that patient.","","phase4.walkIn — Ramanjaneyulu Gadde","Patients, Billing","Tier 0 complete; departments, staff and service_master consultation rows configured (SETTINGS_PREREQ_MATRIX OPD row)","","","","","P4-S01","Most Indian OPD patients register at the counter for the first time on the day they attend, so registration-plus-token in one flow is the primary path, not an edge case.","Positive","hospital_admin (Hospital A)","patients where hospital_id = A and full_name = 'Ramanjaneyulu Gadde' → uhid not null; opd_tokens where patient_id = that id → row exists","e2e/phase-04-opd-journey/P4A.queue-token.spec.ts",""
"TC-P4A-012","4A Queue & Tokens","P1","A new patient cannot be registered at OPD without DPDP consent","1) Open /opd 2) Click ""+ Register Walk-in"" 3) Enter Full Name from phase4.walkIn 4) Select Department and Doctor 5) Leave the DPDP consent checkbox unticked 6) Click ""Proceed to Payment""","A ""DPDP consent required"" message is shown, the flow stays on the details step, and NO patients row is created.","","phase4.walkIn — Ramanjaneyulu Gadde","","None","","","","","P4-S01","A patient record created without recorded consent is a DPDP Act 2023 breach that cannot be fixed retroactively — the checkbox gate is the only enforcement point on this surface.","Negative","hospital_admin (Hospital A)","patients where hospital_id = A and full_name = 'Ramanjaneyulu Gadde' → 0 rows","e2e/phase-04-opd-journey/P4A.queue-token.spec.ts",""
"TC-P4A-013","4A Queue & Tokens","P2","A walk-in with no patient name is refused","1) Open /opd 2) Click ""+ Register Walk-in"" 3) Leave Full Name blank 4) Select Department General Medicine and Doctor Suresh Menon 5) Click ""Proceed to Payment""","A ""Patient name is required"" message blocks the step and no token is created.","","phase4.invalid.noName","","None","","","","","P4-S01","An unnamed patient is unfindable at every later touch point — token, lab order, prescription and bill all key on the name the desk typed.","Negative","hospital_admin (Hospital A)","opd_tokens where hospital_id = A and visit_date = today → no new row with a blank patient name","e2e/phase-04-opd-journey/P4A.queue-token.spec.ts",""
"TC-P4A-014","4A Queue & Tokens","P2","A walk-in with no department is refused","1) Open /opd 2) Click ""+ Register Walk-in"" 3) Enter a Full Name 4) Leave Department unselected 5) Click ""Proceed to Payment""","A ""Department is required"" message blocks the step and no token is created.","","phase4.walkIn — Ramanjaneyulu Gadde","","None","","","","","P4-S01","A token with no department belongs to no queue and prices against no rate card, so it is invisible to the doctor and mis-billed at the same time.","Negative","hospital_admin (Hospital A)","opd_tokens where hospital_id = A and department_id is null and visit_date = today → 0 rows","e2e/phase-04-opd-journey/P4A.queue-token.spec.ts",""
"TC-P4A-015","4A Queue & Tokens","P1","A walk-in with no doctor is refused","1) Open /opd 2) Click ""+ Register Walk-in"" 3) Enter a Full Name 4) Select Department General Medicine 5) Leave Doctor unselected 6) Click ""Proceed to Payment""","A ""Doctor is required"" message blocks the step and no token is created.","","phase4.walkIn — Ramanjaneyulu Gadde","Billing","None","","","","","P4-S01","With no doctor the fee lookup has no doctor tier to read and drops through to the department, global and then the hardcoded ₹500 — the visit is silently under-billed.","Negative","hospital_admin (Hospital A)","opd_tokens where hospital_id = A and doctor_id is null and visit_date = today → 0 rows","e2e/phase-04-opd-journey/P4A.queue-token.spec.ts",""
"TC-P4A-016","4A Queue & Tokens","P2","Priority urgent is persisted on the token","1) Open /opd 2) Click ""+ Register Walk-in"" 3) Search PT-QA-0001 4) Department General Medicine, Doctor Suresh Menon 5) Set Priority to Urgent 6) Pay and issue the token","opd_tokens.priority = 'urgent' for the new row.","","PT-QA-0001 Ramesh Kumar","","Tier 0 complete; departments, staff and service_master consultation rows configured (SETTINGS_PREREQ_MATRIX OPD row)","","","","","P4-S01","An urgent patient sorted as routine waits behind the entire morning queue, which in an Indian OPD can be three hours.","Positive","hospital_admin (Hospital A)","opd_tokens where hospital_id = A and patient_id = (PT-QA-0001) and visit_date = today → priority = urgent","e2e/phase-04-opd-journey/P4A.queue-token.spec.ts",""
"TC-P4A-017","4A Queue & Tokens","P1","Priority emergency is persisted on the token","1) Open /opd 2) Click ""+ Register Walk-in"" 3) Search PT-QA-0001 4) Department General Medicine, Doctor Suresh Menon 5) Set Priority to Emergency 6) Pay and issue the token","opd_tokens.priority = 'emergency' for the new row.","","PT-QA-0001 Ramesh Kumar","Emergency","Tier 0 complete; departments, staff and service_master consultation rows configured (SETTINGS_PREREQ_MATRIX OPD row)","","","","","P4-S01","Emergency is the top of the triage order; if the highest priority value does not persist, the queue cannot express urgency at all and triage is decorative.","Boundary","hospital_admin (Hospital A)","opd_tokens where hospital_id = A and patient_id = (PT-QA-0001) and visit_date = today → priority = emergency","e2e/phase-04-opd-journey/P4A.queue-token.spec.ts",""
"TC-P4A-018","4A Queue & Tokens","P2","Visit type Emergency is persisted as visit_type","1) Open /opd 2) Click ""+ Register Walk-in"" 3) Search PT-QA-0001 4) Department General Medicine, Doctor Suresh Menon 5) Set Visit Type to Emergency 6) Pay and issue the token","opd_tokens.visit_type = 'emergency'.","","PT-QA-0001 Ramesh Kumar","Billing","service_master consultation rows with fee, follow_up_fee, validity_days and emergency_fee for each doctor (Settings → Services)","","","","","P4-S01","The emergency consultation rate is charged off this field; without it the higher fee cannot be justified to a patient or an auditor who queries the bill.","Positive","hospital_admin (Hospital A)","opd_tokens where hospital_id = A and patient_id = (PT-QA-0001) and visit_date = today → visit_type = emergency","e2e/phase-04-opd-journey/P4A.queue-token.spec.ts",""
"TC-P4A-019","4A Queue & Tokens","P2","Visit purpose Follow-Up is persisted as visit_purpose","1) Open /opd 2) Click ""+ Register Walk-in"" 3) Search PT-QA-0001 4) Department General Medicine, Doctor Suresh Menon 5) Set Visit Purpose to Follow-Up 6) Pay and issue the token","opd_tokens.visit_purpose = 'follow_up'.","","PT-QA-0001 Ramesh Kumar","Billing","service_master consultation rows with fee, follow_up_fee, validity_days and emergency_fee for each doctor (Settings → Services)","","","","","P4-S02","Follow-up pricing and the revisit-discount rules both read this field, so a lost value turns a free review into a full-fee consultation.","Positive","hospital_admin (Hospital A)","opd_tokens where hospital_id = A and patient_id = (PT-QA-0001) and visit_date = today → visit_purpose = follow_up","e2e/phase-04-opd-journey/P4A.queue-token.spec.ts",""
"TC-P4A-020","4A Queue & Tokens","P2","Payer type defaults to cash and is persisted on the token","1) Open /opd 2) Click ""+ Register Walk-in"" 3) Search PT-QA-0001 4) Department General Medicine, Doctor Suresh Menon 5) Leave Payer Type at its default 6) Pay and issue the token","opd_tokens.payer_type = 'cash'.","","PT-QA-0001 Ramesh Kumar","Billing, Insurance","Tier 0 complete; departments, staff and service_master consultation rows configured (SETTINGS_PREREQ_MATRIX OPD row)","","","","","P4-S01","The payer captured at the first visit is what the pre-auth team reads if the patient is later admitted; a lost value means the cashless request starts from nothing.","Positive","hospital_admin (Hospital A)","opd_tokens where hospital_id = A and patient_id = (PT-QA-0001) and visit_date = today → payer_type = cash","e2e/phase-04-opd-journey/P4A.queue-token.spec.ts",""
"TC-P4A-021","4A Queue & Tokens","P1","Ticking Medico-Legal Case persists is_mlc and shows the 24-hour police notice","1) Open /opd 2) Click ""+ Register Walk-in"" 3) Search PT-QA-0032 4) Department General Medicine, Doctor Suresh Menon 5) Tick ""Medico-Legal Case (MLC)"" and enter the police station 6) Pay and issue the token","A red notice reading ""MLC — Inform police within 24 hours"" is displayed, and opd_tokens.is_mlc = true.","","phase4.mlc — PT-QA-0032 Arun Prakash, Banjara Hills Police Station","MRD, Emergency","Tier 0 complete; departments, staff and service_master consultation rows configured (SETTINGS_PREREQ_MATRIX OPD row)","","","","","P4-S23","An MLC not flagged at registration is not reported to the police, and the hospital has committed a statutory offence before the patient has left the building.","Positive","hospital_admin (Hospital A)","opd_tokens where hospital_id = A and patient_id = (PT-QA-0032) and visit_date = today → is_mlc = true","e2e/phase-04-opd-journey/P4A.queue-token.spec.ts",""
"TC-P4A-022","4A Queue & Tokens","P2","A newly issued token appears in the queue immediately","1) Open /opd 2) Register a walk-in for PT-QA-0001 with Dr. Suresh Menon 3) Close the receipt 4) Read the OPD Queue panel","Ramesh Kumar is listed in the queue without a manual page refresh.","","PT-QA-0001 Ramesh Kumar","","Tier 0 complete; departments, staff and service_master consultation rows configured (SETTINGS_PREREQ_MATRIX OPD row)","","","","","P4-S01","A token that is created but not shown leaves the doctor with nobody to call while the patient sits outside believing they are in the queue.","Positive","hospital_admin (Hospital A)","opd_tokens where hospital_id = A and patient_id = (PT-QA-0001) and visit_date = today → row exists and is rendered","e2e/phase-04-opd-journey/P4A.queue-token.spec.ts",""
"TC-P4A-023","4A Queue & Tokens","P3","The queue search finds a waiting patient by UHID","1) Open /opd 2) Register a walk-in for PT-QA-0001 3) Type PT-QA-0001 into the queue search box","The queue narrows to Ramesh Kumar.","","PT-QA-0001 Ramesh Kumar","","Tier 0 complete; departments, staff and service_master consultation rows configured (SETTINGS_PREREQ_MATRIX OPD row)","","","","","P4-S01","On a 200-patient morning the desk finds a patient by searching, not by scrolling; without search the queue panel is unusable after the first hour.","Positive","hospital_admin (Hospital A)","None","e2e/phase-04-opd-journey/P4A.queue-token.spec.ts",""
"TC-P4A-024","4A Queue & Tokens","P3","A queue search that matches nothing shows an empty state","1) Open /opd 2) Type ZZZ-NO-SUCH-PATIENT-9999 into the queue search box 3) Read the queue panel","An empty-state message such as ""No patients in queue"" is shown instead of the unfiltered list.","","None","","None","","","","","P4-S01","If a no-match search silently shows everything, the desk cannot tell a missing patient from a broken filter and re-registers someone who is already in the queue.","Negative","hospital_admin (Hospital A)","None","e2e/phase-04-opd-journey/P4A.queue-token.spec.ts",""
"TC-P4A-025","4A Queue & Tokens","P1","A receptionist can register a walk-in end to end","1) Log out 2) Log in as receptionist (Hospital A) 3) Open /opd 4) Register a walk-in for PT-QA-0001 with Dr. Suresh Menon 5) Pay and issue the token","The token is issued and an opd_tokens row exists for PT-QA-0001.","","PT-QA-0001 Ramesh Kumar","Billing","Roles & Permissions: opd → register_walkin granted to receptionist","","","","","P4-S01","The receptionist is the role that performs this all day; if the gate blocks them the entire OPD day stalls at its first step regardless of what admins can do.","RBAC","receptionist (Hospital A)","opd_tokens where hospital_id = A and patient_id = (PT-QA-0001) and visit_date = today → row exists","e2e/phase-04-opd-journey/P4A.queue-token.spec.ts",""
"TC-P4A-026","4A Queue & Tokens","P1","A nurse is not offered the Register Walk-in action","1) Log out 2) Log in as nurse (Hospital A) 3) Open /opd 4) Look for the ""+ Register Walk-in"" button","The Register Walk-in control is absent for the nurse role.","","None","","Roles & Permissions: opd → register_walkin NOT granted to nurse","","","","","P4-S01","Token creation carries a cash-collection step, so this role gate is a financial control as well as a workflow one — a role that cannot handle money must not open the payment screen.","RBAC","nurse (Hospital A)","None","e2e/phase-04-opd-journey/P4A.queue-token.spec.ts",""
"TC-P4B-001","4B Fee Engine & Revisit","P1","A new consultation is priced at the doctor's own configured rate","1) Open /opd 2) Click ""+ Register Walk-in"" 3) Search PT-QA-0001 4) Department General Medicine, Doctor Suresh Menon, Visit Type New 5) Click ""Proceed to Payment"" 6) Read the Consultation Fee panel","The payment step displays ₹500 — Dr. Suresh Menon's configured consultation fee.","","PT-QA-0001; Doctors & consultation fees — Dr. Suresh Menon ₹500","Billing","service_master consultation rows with fee, follow_up_fee, validity_days and emergency_fee for each doctor (Settings → Services)","","","","","P4-S01","The consultation fee is the single most frequently charged amount in the hospital; a wrong figure here repeats on every patient of every day until someone reconciles the month.","Positive","hospital_admin (Hospital A)","service_master where hospital_id = A and item_type = consultation and doctor_id = (Dr. Suresh Menon) → fee = 500","e2e/phase-04-opd-journey/P4B.fee-engine.spec.ts",""
"TC-P4B-002","4B Fee Engine & Revisit","P1","The rate-source badge names the doctor tier, not the hardcoded default","1) Open /opd 2) Register-walk-in flow for PT-QA-0001 with Dr. Suresh Menon, Visit Type New 3) Click ""Proceed to Payment"" 4) Read the badge beside the Consultation Fee label","The badge reads ""Doctor rate"" — not ""Default rate"".","","PT-QA-0001; Doctors & consultation fees — Dr. Suresh Menon","Billing","service_master consultation rows with fee, follow_up_fee, validity_days and emergency_fee for each doctor (Settings → Services)","","","","","P4-S01","""Default rate"" is the only on-screen signal that every rate lookup missed and the hardcoded ₹500 is being charged; a hospital that never learns to read this badge under-bills silently forever.","Positive","hospital_admin (Hospital A)","service_master where hospital_id = A and item_type = consultation and doctor_id = (Dr. Suresh Menon) and is_active = true → 1 row","e2e/phase-04-opd-journey/P4B.fee-engine.spec.ts",""
"TC-P4B-003","4B Fee Engine & Revisit","P2","A second doctor with a different configured rate prices differently","1) Open /opd 2) Register-walk-in flow for PT-QA-0001 with Department Obstetrics & Gynaecology, Doctor Kavitha Rao, Visit Type New 3) Click ""Proceed to Payment"" 4) Read the fee","The fee displayed is ₹700, Dr. Kavitha Rao's configured rate.","","PT-QA-0001; Doctors & consultation fees — Dr. Kavitha Rao ₹700","Billing","service_master consultation rows with fee, follow_up_fee, validity_days and emergency_fee for each doctor (Settings → Services)","","","","","P4-S01","Proves the rate is genuinely resolved per doctor rather than a single hospital-wide constant that happens to match the first doctor tested.","Positive","hospital_admin (Hospital A)","service_master where hospital_id = A and item_type = consultation and doctor_id = (Dr. Kavitha Rao) → fee = 700","e2e/phase-04-opd-journey/P4B.fee-engine.spec.ts",""
"TC-P4B-004","4B Fee Engine & Revisit","P1","A specialist consultation prices at the specialist rate","1) Open /opd 2) Register-walk-in flow for PT-QA-0001 with Department General Surgery, Doctor Arjun Nair, Visit Type New 3) Click ""Proceed to Payment"" 4) Read the fee","The fee displayed is ₹800, Dr. Arjun Nair's configured specialist rate.","","PT-QA-0001; Doctors & consultation fees — Dr. Arjun Nair ₹800","Billing","service_master consultation rows with fee, follow_up_fee, validity_days and emergency_fee for each doctor (Settings → Services)","","","","","P4-S01","A specialist billed at the general rate leaks ₹300 on every consultation, which on a modest surgical OPD is several lakh rupees a year with no error message anywhere.","Positive","hospital_admin (Hospital A)","service_master where hospital_id = A and item_type = consultation and doctor_id = (Dr. Arjun Nair) → fee = 800","e2e/phase-04-opd-journey/P4B.fee-engine.spec.ts",""
"TC-P4B-005","4B Fee Engine & Revisit","P1","With no doctor-level rate the department rate is used","1) In Supabase, temporarily set service_master.is_active = false for the Dr. Suresh Menon consultation row 2) Open /opd 3) Register-walk-in flow for PT-QA-0001 with General Medicine / Dr. Suresh Menon 4) Click ""Proceed to Payment"" 5) Read the fee and the badge 6) Restore is_active = true","The badge reads ""Dept rate"" and the fee equals the department-level consultation rate.","","PT-QA-0001; Services & rates — General Consultation ₹500","Billing","service_master consultation rows with fee, follow_up_fee, validity_days and emergency_fee for each doctor (Settings → Services)","","","","","P4-S01","The doctor → department → global → ₹500 precedence chain is only trustworthy if each tier is actually reached; a fallback that is never provoked is a fallback that has never been tested.","Boundary","hospital_admin (Hospital A)","service_master where hospital_id = A and item_type = consultation and doctor_id is null and department_id = (General Medicine) → fee","e2e/phase-04-opd-journey/P4B.fee-engine.spec.ts",""
"TC-P4B-006","4B Fee Engine & Revisit","P1","With no doctor and no department rate the global rate is used","1) In Supabase, temporarily deactivate both the doctor-level and department-level consultation rows in service_master 2) Open /opd 3) Register-walk-in flow for PT-QA-0001 with General Medicine / Dr. Suresh Menon 4) Read the fee and badge on the payment step 5) Restore both rows","The badge reads ""Global rate"" and the fee equals the hospital-wide consultation rate.","","PT-QA-0001; Services & rates — General Consultation ₹500","Billing","service_master consultation rows with fee, follow_up_fee, validity_days and emergency_fee for each doctor (Settings → Services)","","","","","P4-S01","The global tier is the last configured line of defence before the hardcoded fallback, so it has to be proven to fire rather than assumed.","Boundary","hospital_admin (Hospital A)","service_master where hospital_id = A and item_type = consultation and doctor_id is null and department_id is null → fee","e2e/phase-04-opd-journey/P4B.fee-engine.spec.ts",""
"TC-P4B-007","4B Fee Engine & Revisit","P1","With no rate configured at any tier ₹500 is charged silently","1) In Supabase, temporarily deactivate the doctor, department and global consultation rows in service_master 2) Open /opd 3) Register-walk-in flow for PT-QA-0001 with General Medicine / Dr. Suresh Menon 4) Read the fee and badge 5) Restore all three rows","The fee displayed is exactly ₹500 and the badge reads ""Default rate"" — no toast, banner or error is shown anywhere.","","PT-QA-0001 Ramesh Kumar","Billing","None — this case deliberately removes the prerequisite","","","","","P4-S01","SETTINGS_PREREQ_MATRIX warns that this app bills a hardcoded ₹500 with no warning; this case pins down exactly how invisible that failure is, so testers stop reporting it as a code bug and start reporting it as configuration.","Negative","hospital_admin (Hospital A)","service_master where hospital_id = A and item_type = consultation and is_active = true → 0 rows during the test","e2e/phase-04-opd-journey/P4B.fee-engine.spec.ts",""
"TC-P4B-008","4B Fee Engine & Revisit","P1","A follow-up inside the validity window is charged the follow-up rate","1) Seed a completed opd_tokens row for PT-QA-0001 with Dr. Suresh Menon dated 5 days ago 2) Open /opd 3) Register-walk-in flow for PT-QA-0001 with General Medicine / Dr. Suresh Menon 4) Click ""Proceed to Payment"" 5) Read the fee","The fee displayed is ₹0 — Dr. Suresh Menon's configured free follow-up rate inside the 7-day window.","","PT-QA-0001; phase4.followUp.withinWindowDays = 5; Dr. Suresh Menon follow-up ₹0 / validity 7d","Billing","service_master consultation rows with fee, follow_up_fee, validity_days and emergency_fee for each doctor (Settings → Services)","","","","","P4-S02","The hospital told this patient the review was free; charging them anyway is the single most common complaint an Indian OPD front desk receives and it is entirely avoidable.","Positive","hospital_admin (Hospital A)","service_master where hospital_id = A and doctor_id = (Dr. Suresh Menon) and item_type = consultation → follow_up_fee = 0 and validity_days = 7","e2e/phase-04-opd-journey/P4B.fee-engine.spec.ts",""
"TC-P4B-009","4B Fee Engine & Revisit","P2","The badge names the follow-up rate and its window length","1) Seed a completed visit for PT-QA-0001 with Dr. Suresh Menon 5 days ago 2) Open /opd 3) Register-walk-in flow for the same patient and doctor 4) Read the badge on the payment step","The badge reads ""Follow-up rate (within 7d)"".","","PT-QA-0001; Dr. Suresh Menon validity 7 days","Billing","service_master consultation rows with fee, follow_up_fee, validity_days and emergency_fee for each doctor (Settings → Services)","","","","","P4-S02","The desk has to be able to explain to the patient why they are paying nothing today, and the window length is the explanation.","Positive","hospital_admin (Hospital A)","service_master where hospital_id = A and doctor_id = (Dr. Suresh Menon) → validity_days = 7","e2e/phase-04-opd-journey/P4B.fee-engine.spec.ts",""
"TC-P4B-010","4B Fee Engine & Revisit","P1","A return on exactly the last day of the window is still a follow-up","1) Seed a completed visit for PT-QA-0001 with Dr. Suresh Menon dated exactly 7 days ago 2) Open /opd 3) Register-walk-in flow for the same patient and doctor 4) Read the fee on the payment step","The fee is ₹0 — day 7 of a 7-day window is inclusive (daysSince <= validityDays).","","PT-QA-0001; phase4.followUp.boundaryDays = 7","Billing","service_master consultation rows with fee, follow_up_fee, validity_days and emergency_fee for each doctor (Settings → Services)","","","","","P4-S02","An off-by-one on the inclusive boundary charges a patient full fee on the exact day the doctor told them to come back, which is the worst possible day to get it wrong.","Boundary","hospital_admin (Hospital A)","service_master where hospital_id = A and doctor_id = (Dr. Suresh Menon) → validity_days = 7","e2e/phase-04-opd-journey/P4B.fee-engine.spec.ts",""
"TC-P4B-011","4B Fee Engine & Revisit","P1","A return one day after the window is a fresh consultation at full fee","1) Seed a completed visit for PT-QA-0001 with Dr. Suresh Menon dated 8 days ago 2) Open /opd 3) Register-walk-in flow for the same patient and doctor 4) Read the fee","The fee is ₹500 — the full consultation rate.","","PT-QA-0001; phase4.followUp.justOutsideWindowDays = 8","Billing","service_master consultation rows with fee, follow_up_fee, validity_days and emergency_fee for each doctor (Settings → Services)","","","","","P4-S03","If the window has no upper edge every returning patient is free forever and the OPD earns nothing on reviews, which is a quiet and total collapse of follow-up revenue.","Boundary","hospital_admin (Hospital A)","service_master where hospital_id = A and doctor_id = (Dr. Suresh Menon) → fee = 500 and validity_days = 7","e2e/phase-04-opd-journey/P4B.fee-engine.spec.ts",""
"TC-P4B-012","4B Fee Engine & Revisit","P2","A return well outside the window is charged the full fee","1) Seed a completed visit for PT-QA-0001 with Dr. Suresh Menon dated 12 days ago 2) Open /opd 3) Register-walk-in flow for the same patient and doctor 4) Read the fee","The fee is ₹500.","","PT-QA-0001; phase4.followUp.outsideWindowDays = 12","Billing","service_master consultation rows with fee, follow_up_fee, validity_days and emergency_fee for each doctor (Settings → Services)","","","","","P4-S03","Confirms the day-8 boundary result is the rule taking effect rather than a coincidence at the edge of the window.","Positive","hospital_admin (Hospital A)","service_master where hospital_id = A and doctor_id = (Dr. Suresh Menon) → fee = 500","e2e/phase-04-opd-journey/P4B.fee-engine.spec.ts",""
"TC-P4B-013","4B Fee Engine & Revisit","P1","A configured free follow-up bills ₹0 rather than falling back to the base fee","1) Confirm Dr. Suresh Menon's follow_up_fee is 0 in service_master 2) Seed a completed visit for PT-QA-0001 with that doctor 5 days ago 3) Open /opd 4) Register-walk-in flow for the same patient and doctor 5) Read the fee","The fee is exactly ₹0, not ₹500.","","PT-QA-0001; Dr. Suresh Menon follow-up ₹0","Billing","service_master consultation rows with fee, follow_up_fee, validity_days and emergency_fee for each doctor (Settings → Services)","","","","","P4-S02","The qualifying test is deliberately ""followUpFee !== null"" and not ""> 0""; if it regresses to a truthiness check every hospital offering free reviews starts charging for them overnight.","Boundary","hospital_admin (Hospital A)","service_master where hospital_id = A and doctor_id = (Dr. Suresh Menon) → follow_up_fee = 0 (not null)","e2e/phase-04-opd-journey/P4B.fee-engine.spec.ts",""
"TC-P4B-014","4B Fee Engine & Revisit","P2","A paid follow-up rate is charged where the doctor configures one","1) Seed a completed visit for PT-QA-0001 with Dr. Kavitha Rao dated 3 days ago 2) Open /opd 3) Register-walk-in flow for the same patient with Obstetrics & Gynaecology / Dr. Kavitha Rao 4) Read the fee","The fee is ₹300 — Dr. Kavitha Rao's configured follow-up rate.","","PT-QA-0001; Dr. Kavitha Rao follow-up ₹300 / validity 10d","Billing","service_master consultation rows with fee, follow_up_fee, validity_days and emergency_fee for each doctor (Settings → Services)","","","","","P4-S02","Proves a non-zero follow-up rate is honoured as configured rather than being treated as either free or full price.","Positive","hospital_admin (Hospital A)","service_master where hospital_id = A and doctor_id = (Dr. Kavitha Rao) → follow_up_fee = 300","e2e/phase-04-opd-journey/P4B.fee-engine.spec.ts",""
"TC-P4B-015","4B Fee Engine & Revisit","P2","A doctor with a longer validity window honours that longer window","1) Seed a completed visit for PT-QA-0001 with Dr. Kavitha Rao dated exactly 10 days ago 2) Open /opd 3) Register-walk-in flow for the same patient and doctor 4) Read the fee","The fee is ₹300 — day 10 is inside Dr. Kavitha Rao's 10-day window.","","PT-QA-0001; Dr. Kavitha Rao validity 10 days","Billing","service_master consultation rows with fee, follow_up_fee, validity_days and emergency_fee for each doctor (Settings → Services)","","","","","P4-S02","The window must come from each doctor's own validity_days; a single hard-coded 7-day rule would short-change every consultant who offers a longer review period.","Boundary","hospital_admin (Hospital A)","service_master where hospital_id = A and doctor_id = (Dr. Kavitha Rao) → validity_days = 10","e2e/phase-04-opd-journey/P4B.fee-engine.spec.ts",""
"TC-P4B-016","4B Fee Engine & Revisit","P2","A doctor's window does not extend past its own last day","1) Seed a completed visit for PT-QA-0001 with Dr. Kavitha Rao dated 11 days ago 2) Open /opd 3) Register-walk-in flow for the same patient and doctor 4) Read the fee","The fee is ₹700 — the full consultation rate.","","PT-QA-0001; Dr. Kavitha Rao validity 10 days","Billing","service_master consultation rows with fee, follow_up_fee, validity_days and emergency_fee for each doctor (Settings → Services)","","","","","P4-S03","Confirms the longer window closes as well as opens, so a generous review policy does not become an unlimited one.","Boundary","hospital_admin (Hospital A)","service_master where hospital_id = A and doctor_id = (Dr. Kavitha Rao) → fee = 700 and validity_days = 10","e2e/phase-04-opd-journey/P4B.fee-engine.spec.ts",""
"TC-P4B-017","4B Fee Engine & Revisit","P2","A visit marked Follow-up with no prior visit on record gets the follow-up rate","1) Ensure PT-QA-0001 has no prior opd_tokens row for Dr. Suresh Menon 2) Open /opd 3) Register-walk-in flow for PT-QA-0001 with General Medicine / Dr. Suresh Menon and Visit Type Follow-up 4) Read the fee","The fee is ₹0 — with no history the validity window cannot be evaluated and the desk's judgement stands.","","PT-QA-0001 Ramesh Kumar","Billing","service_master consultation rows with fee, follow_up_fee, validity_days and emergency_fee for each doctor (Settings → Services)","","","","","P4-S02","Patients whose first visit was on paper, or at another branch, would otherwise be charged twice for one episode purely because the software has no record of the first consultation.","Boundary","hospital_admin (Hospital A)","opd_tokens where hospital_id = A and patient_id = (PT-QA-0001) and doctor_id = (Dr. Suresh Menon) and visit_date < today → 0 rows","e2e/phase-04-opd-journey/P4B.fee-engine.spec.ts",""
"TC-P4B-018","4B Fee Engine & Revisit","P1","A prior visit outside the window is full fee even when marked Follow-up","1) Seed a completed visit for PT-QA-0001 with Dr. Suresh Menon dated 12 days ago 2) Open /opd 3) Register-walk-in flow for the same patient and doctor with Visit Type Follow-up 4) Read the fee","The fee is ₹500 — the tick does not override an expired window.","","PT-QA-0001; phase4.followUp.outsideWindowDays = 12","Billing","service_master consultation rows with fee, follow_up_fee, validity_days and emergency_fee for each doctor (Settings → Services)","","","","","P4-S03","If ticking a box can zero the fee regardless of history, the follow-up policy is unenforceable and free consultations can be handed out at the counter at will.","Negative","hospital_admin (Hospital A)","service_master where hospital_id = A and doctor_id = (Dr. Suresh Menon) → fee = 500 and validity_days = 7","e2e/phase-04-opd-journey/P4B.fee-engine.spec.ts",""
"TC-P4B-019","4B Fee Engine & Revisit","P1","A prior visit with a different doctor does not trigger the follow-up rate","1) Seed a completed visit for PT-QA-0001 with Dr. Arjun Nair dated 2 days ago 2) Open /opd 3) Register-walk-in flow for PT-QA-0001 with General Medicine / Dr. Suresh Menon and Visit Type New 4) Read the fee","The fee is ₹500 — the recent visit belongs to a different consultant and confers no entitlement.","","PT-QA-0001; Dr. Arjun Nair and Dr. Suresh Menon","Billing","service_master consultation rows with fee, follow_up_fee, validity_days and emergency_fee for each doctor (Settings → Services)","","","","","P4-S02","The follow-up entitlement belongs to the doctor who asked the patient back, not to the hospital; otherwise seeing any consultant makes the next one free.","Negative","hospital_admin (Hospital A)","opd_tokens where hospital_id = A and patient_id = (PT-QA-0001) and doctor_id = (Dr. Arjun Nair) and visit_date < today → 1 row","e2e/phase-04-opd-journey/P4B.fee-engine.spec.ts",""
"TC-P4B-020","4B Fee Engine & Revisit","P1","An emergency visit is charged the emergency rate","1) Open /opd 2) Register-walk-in flow for PT-QA-0001 with General Medicine / Dr. Suresh Menon and Visit Type Emergency 3) Read the fee and badge","The badge reads ""Emergency rate"" and the fee is ₹800.","","PT-QA-0001; Dr. Suresh Menon emergency ₹800","Billing, Emergency","service_master consultation rows with fee, follow_up_fee, validity_days and emergency_fee for each doctor (Settings → Services)","","","","","P4-S01","An after-hours emergency attendance costs the hospital more to provide; if it bills at the routine rate the OPD subsidises emergency work without anyone noticing.","Positive","hospital_admin (Hospital A)","service_master where hospital_id = A and doctor_id = (Dr. Suresh Menon) → emergency_fee = 800","e2e/phase-04-opd-journey/P4B.fee-engine.spec.ts",""
"TC-P4B-021","4B Fee Engine & Revisit","P1","Emergency pricing takes precedence over an otherwise-qualifying follow-up","1) Seed a completed visit for PT-QA-0001 with Dr. Suresh Menon dated 2 days ago 2) Open /opd 3) Register-walk-in flow for the same patient and doctor with Visit Type Emergency 4) Read the fee","The fee is ₹800, the emergency rate — not the ₹0 follow-up rate the 2-day-old visit would otherwise earn.","","PT-QA-0001; Dr. Suresh Menon emergency ₹800 / follow-up ₹0","Billing, Emergency","service_master consultation rows with fee, follow_up_fee, validity_days and emergency_fee for each doctor (Settings → Services)","","","","","P4-S02","A patient who deteriorates two days after a routine visit is the commonest emergency presentation there is; billing that attendance as a free review is both wrong and unrecoverable.","Boundary","hospital_admin (Hospital A)","service_master where hospital_id = A and doctor_id = (Dr. Suresh Menon) → emergency_fee = 800 and follow_up_fee = 0","e2e/phase-04-opd-journey/P4B.fee-engine.spec.ts",""
"TC-P4B-022","4B Fee Engine & Revisit","P1","The consultation fee cannot be edited at the front desk","1) Open /opd 2) Register-walk-in flow for PT-QA-0001 with Dr. Suresh Menon 3) Click ""Proceed to Payment"" 4) Attempt to click into and retype the Consultation Fee value","The fee is rendered as read-only text, not an input, and cannot be typed into.","","PT-QA-0001 Ramesh Kumar","Billing","service_master consultation rows with fee, follow_up_fee, validity_days and emergency_fee for each doctor (Settings → Services)","","","","","P4-S01","A desk that can retype the amount can collect ₹500 and record ₹100; the read-only control is the only thing standing between the cash drawer and the ledger.","Negative","hospital_admin (Hospital A)","None","e2e/phase-04-opd-journey/P4B.fee-engine.spec.ts",""
"TC-P4B-023","4B Fee Engine & Revisit","P1","The fee shown at the desk is the amount that lands on the bill","1) Open /opd 2) Register-walk-in flow for PT-QA-0001 with Dr. Suresh Menon 3) Note the fee shown on the payment step 4) Pay and issue the token 5) Read bills.total_amount for today's OPD bill","bills.total_amount equals the figure displayed on the payment step (₹500).","","PT-QA-0001; Dr. Suresh Menon ₹500","Billing","service_master consultation rows with fee, follow_up_fee, validity_days and emergency_fee for each doctor (Settings → Services)","","","","","P4-S01","If the displayed figure and the stored bill disagree, the receipt in the patient's hand contradicts the hospital ledger and neither can be trusted at reconciliation.","Cross-Module","hospital_admin (Hospital A)","bills where hospital_id = A and patient_id = (PT-QA-0001) and bill_type = opd and bill_date = today → total_amount = 500","e2e/phase-04-opd-journey/P4B.fee-engine.spec.ts",""
"TC-P4B-024","4B Fee Engine & Revisit","P1","Paying at the desk writes a bill_payments row and a consultation line item","1) Open /opd 2) Register-walk-in flow for PT-QA-0001 with Dr. Suresh Menon 3) Pay in cash and issue the token 4) Read bill_payments and bill_line_items for the new bill","A bill_payments row exists for ₹500 and bill_line_items contains one row with item_type = consultation.","","PT-QA-0001; Dr. Suresh Menon ₹500","Billing, Accounts","service_master consultation rows with fee, follow_up_fee, validity_days and emergency_fee for each doctor (Settings → Services)","","","","","P4-S01","Cash collected with no payment row makes the day-closure reconciliation short by exactly that amount, and the cashier is the one who has to explain the difference.","Cross-Module","hospital_admin (Hospital A)","bill_payments where bill_id = (today's OPD bill for PT-QA-0001) → amount = 500; bill_line_items where bill_id = same and item_type = consultation → 1 row","e2e/phase-04-opd-journey/P4B.fee-engine.spec.ts",""
"TC-P4C-001","4C Appointments & Slots","P2","The scheduling screen loads the slot board for the selected day","1) Log in as hospital_admin (Hospital A) 2) Open /schedule 3) Wait for the board to render 4) Check the console for red errors","The slot board renders for today with no console errors.","","None","OPD","doctor_schedules / doctor_slots generated for today (Settings → Doctor Schedules)","","","","","P4-S04","Pre-booked patients are the growing share of an Indian OPD; a scheduling board that does not load pushes every booking back to the telephone and a paper diary.","Positive","hospital_admin (Hospital A)","None","e2e/phase-04-opd-journey/P4C.appointments-slots.spec.ts",""
"TC-P4C-002","4C Appointments & Slots","P3","With no slots generated the board says so and names the screen that fixes it","1) Delete all doctor_slots rows for Dr. Suresh Menon for today 2) Open /schedule 3) Select Dr. Suresh Menon 4) Read the empty state","A message reads ""No slots for this date"" and names Settings → Doctor Schedules with the Generate Slots action.","","None","Settings","None — this case deliberately removes the prerequisite","","","","","P4-S04","Without a named next step the tester logs ""scheduling is broken"" as a bug; with it they configure the schedule and move on, which is the difference between a wasted day and five minutes.","Negative","hospital_admin (Hospital A)","doctor_slots where hospital_id = A and doctor_id = (Dr. Suresh Menon) and slot_date = today → 0 rows","e2e/phase-04-opd-journey/P4C.appointments-slots.spec.ts",""
"TC-P4C-003","4C Appointments & Slots","P1","Booking an open slot creates an appointments row for that slot time","1) Create a doctor_slots row for Dr. Suresh Menon at 16:00 today 2) Open /schedule 3) Click the 16:00 slot 4) Search PT-QA-0003 5) Click ""Book Appointment""","An appointments row exists for PT-QA-0003 with slot_time = 16:00 and status = scheduled.","","PT-QA-0003 Anitha Menon; slot 16:00","OPD","doctor_schedules / doctor_slots generated for today (Settings → Doctor Schedules)","","","","","P4-S04","A patient promised a 4pm slot that the hospital has no record of arrives to find the doctor fully booked, which is the fastest way to lose an appointment-led OPD.","Positive","hospital_admin (Hospital A)","appointments where hospital_id = A and patient_id = (PT-QA-0003) and appointment_date = today → slot_time = 16:00:00","e2e/phase-04-opd-journey/P4C.appointments-slots.spec.ts",""
"TC-P4C-004","4C Appointments & Slots","P2","A booked appointment is linked to the slot it consumed","1) Create a 16:00 slot for Dr. Suresh Menon today 2) Open /schedule 3) Book PT-QA-0003 into the 16:00 slot 4) Read appointments.slot_id","appointments.slot_id equals the id of the doctor_slots row that was clicked.","","PT-QA-0003 Anitha Menon; slot 16:00","OPD","doctor_schedules / doctor_slots generated for today (Settings → Doctor Schedules)","","","","","P4-S04","Without the link nothing ties a booking back to its slot, so the board can keep showing a free slot that has already been sold to somebody.","Positive","hospital_admin (Hospital A)","appointments where hospital_id = A and patient_id = (PT-QA-0003) and appointment_date = today → slot_id = the seeded doctor_slots.id","e2e/phase-04-opd-journey/P4C.appointments-slots.spec.ts",""
"TC-P4C-005","4C Appointments & Slots","P2","Booking a slot increments its booked_count","1) Create a 16:00 slot for Dr. Suresh Menon today with booked_count 0 2) Open /schedule 3) Book PT-QA-0003 into it 4) Read doctor_slots.booked_count","booked_count = 1.","","PT-QA-0003 Anitha Menon; slot 16:00","OPD","doctor_schedules / doctor_slots generated for today (Settings → Doctor Schedules)","","","","","P4-S04","booked_count is what the board reads to grey out a taken slot; if it stays at zero the same slot is offered to every caller for the rest of the day.","Positive","hospital_admin (Hospital A)","doctor_slots where id = (the 16:00 slot) → booked_count = 1","e2e/phase-04-opd-journey/P4C.appointments-slots.spec.ts",""
"TC-P4C-006","4C Appointments & Slots","P1","The same slot cannot be sold to a second patient","1) Create a 16:00 slot for Dr. Suresh Menon today 2) Open /schedule 3) Book PT-QA-0003 into the 16:00 slot 4) Attempt to book PT-QA-0001 into the same 16:00 slot","The second booking does not succeed — no appointments row exists for PT-QA-0001 at 16:00.","","PT-QA-0003 Anitha Menon, PT-QA-0001 Ramesh Kumar; slot 16:00","OPD","doctor_schedules / doctor_slots generated for today (Settings → Doctor Schedules)","","","","","P4-S04","Two patients told to arrive at the same time means one is turned away at the desk after travelling in, and the hospital has no way to decide which of them has the better claim.","Negative","hospital_admin (Hospital A)","appointments where hospital_id = A and doctor_id = (Dr. Suresh Menon) and appointment_date = today and slot_time = 16:00:00 → exactly 1 row","e2e/phase-04-opd-journey/P4C.appointments-slots.spec.ts",""
"TC-P4C-007","4C Appointments & Slots","P3","The double-booking refusal is a message, not a raw database error","1) Create a 16:00 slot for Dr. Suresh Menon today 2) Open /schedule 3) Book PT-QA-0003 into it 4) Attempt to book PT-QA-0001 into the same slot 5) Read the message shown","No Postgres text such as ""duplicate key value"", ""violates unique constraint"" or ""23505"" is displayed to the user.","","PT-QA-0003 Anitha Menon, PT-QA-0001 Ramesh Kumar","","doctor_schedules / doctor_slots generated for today (Settings → Doctor Schedules)","","","","","P4-S04","A raw constraint name leaks the schema to a receptionist and tells them nothing about what to do next, so they retry the same action until somebody escalates it.","Negative","hospital_admin (Hospital A)","None","e2e/phase-04-opd-journey/P4C.appointments-slots.spec.ts",""
"TC-P4C-008","4C Appointments & Slots","P2","The same patient cannot hold two appointments with one doctor on one day","1) Create 16:00 and 16:15 slots for Dr. Suresh Menon today 2) Open /schedule 3) Book PT-QA-0003 into 16:00 4) Attempt to book PT-QA-0003 into 16:15 as well","An ""Already booked"" message is shown and the second appointment is not created.","","PT-QA-0003 Anitha Menon; slots 16:00 and 16:15","OPD","doctor_schedules / doctor_slots generated for today (Settings → Doctor Schedules)","","","","","P4-S04","One of the two will be a no-show that blocks a slot a genuinely waiting patient could have used, and no-show rate is the metric appointment-led OPDs are judged on.","Negative","hospital_admin (Hospital A)","appointments where hospital_id = A and patient_id = (PT-QA-0003) and doctor_id = (Dr. Suresh Menon) and appointment_date = today → exactly 1 row","e2e/phase-04-opd-journey/P4C.appointments-slots.spec.ts",""
"TC-P4C-009","4C Appointments & Slots","P1","Checking an appointment in issues a token linked to that appointment","1) Create a 16:00 slot for Dr. Suresh Menon today 2) Open /schedule 3) Book PT-QA-0003 into it 4) Click Check-in on the appointment 5) Complete the payment step and issue the token 6) Read opd_tokens.appointment_id","An opd_tokens row exists for PT-QA-0003 today with a non-null appointment_id.","","PT-QA-0003 Anitha Menon; slot 16:00","OPD, Billing","doctor_schedules / doctor_slots generated for today (Settings → Doctor Schedules)","","","","","P4-S04","Without the link a pre-booked patient is indistinguishable from a walk-in, so the slot they reserved buys them nothing when they actually arrive.","Cross-Module","hospital_admin (Hospital A)","opd_tokens where hospital_id = A and patient_id = (PT-QA-0003) and visit_date = today → appointment_id is not null","e2e/phase-04-opd-journey/P4C.appointments-slots.spec.ts",""
"TC-P4C-010","4C Appointments & Slots","P2","A checked-in appointment leaves the actionable queue","1) Create a 16:00 slot for Dr. Suresh Menon today 2) Book PT-QA-0003 into it at /schedule 3) Check the appointment in and issue the token 4) Read appointments.status","appointments.status is no longer 'scheduled'.","","PT-QA-0003 Anitha Menon; slot 16:00","OPD","doctor_schedules / doctor_slots generated for today (Settings → Doctor Schedules)","","","","","P4-S04","An appointment that stays on the arrivals list after check-in makes the desk keep calling a patient who is already with the doctor.","Positive","hospital_admin (Hospital A)","appointments where hospital_id = A and patient_id = (PT-QA-0003) and appointment_date = today → status != scheduled","e2e/phase-04-opd-journey/P4C.appointments-slots.spec.ts",""
"TC-P4C-011","4C Appointments & Slots","P2","A blocked slot is not offered for booking","1) Create a 16:30 slot for Dr. Suresh Menon today with is_blocked = true and block_reason ""Theatre list"" 2) Open /schedule 3) Attempt to click the 16:30 slot","The blocked slot does not open the booking modal.","","Slot 16:30 blocked — Theatre list","OT","doctor_schedules / doctor_slots generated for today (Settings → Doctor Schedules)","","","","","P4-S04","A slot blocked for an operating list that is still bookable double-commits the surgeon and leaves the patient waiting through a theatre session.","Negative","hospital_admin (Hospital A)","doctor_slots where id = (the 16:30 slot) → is_blocked = true and booked_count = 0","e2e/phase-04-opd-journey/P4C.appointments-slots.spec.ts",""
"TC-P4C-012","4C Appointments & Slots","P2","A slot already at its patient limit is not offered again","1) Create a 16:00 slot for Dr. Suresh Menon today with max_patients = 1 2) Set its booked_count to 1 3) Open /schedule 4) Attempt to click the 16:00 slot","The full slot does not open the booking modal.","","Slot 16:00, max_patients 1, booked_count 1","","doctor_schedules / doctor_slots generated for today (Settings → Doctor Schedules)","","","","","P4-S04","The booked_count >= max_patients comparison is the only thing preventing over-subscription on multi-patient slots, so the exact boundary has to hold.","Boundary","hospital_admin (Hospital A)","doctor_slots where id = (the 16:00 slot) → booked_count = 1 and max_patients = 1","e2e/phase-04-opd-journey/P4C.appointments-slots.spec.ts",""
"TC-P4C-013","4C Appointments & Slots","P2","booked_count is incremented by a read-then-write with no atomic guard","1) Inspect the slot increment in src/components/opd/WalkInModal.tsx around line 735 2) Confirm it selects booked_count, adds one and writes it back inside a try/catch that only warns","The non-atomic read-modify-write is still present, confirming booked_count is a display counter and the appointments_unique_slot constraint is the real protection.","","None","","None","","","","","P4-S04","Two receptionists booking a multi-patient slot in the same second both read the same value and write the same increment, so the counter under-reports and the board offers a slot that is full.","Negative","hospital_admin (Hospital A)","None","e2e/phase-04-opd-journey/P4C.appointments-slots.spec.ts",""
"TC-P4C-014","4C Appointments & Slots","P1","A single-patient slot is protected by the database, not only by the UI","1) Create a 16:00 slot for Dr. Suresh Menon today 2) Insert an appointments row directly for PT-QA-0003 at 16:00, bypassing the UI 3) Insert a second row for PT-QA-0001 at the same doctor, date and slot_time 4) Select every row from appointments for that doctor and slot_time","The second direct insert is rejected by the appointments_unique_slot constraint.","","PT-QA-0003 Anitha Menon, PT-QA-0001 Ramesh Kumar; slot 16:00","","doctor_schedules / doctor_slots generated for today (Settings → Doctor Schedules)","","","","","P4-S04","A UI-only check can always be raced by two people clicking at once; the unique constraint is what actually makes a double-booking impossible rather than merely unlikely.","Negative","hospital_admin (Hospital A)","appointments where hospital_id = A and doctor_id = (Dr. Suresh Menon) and appointment_date = today and slot_time = 16:00:00 → exactly 1 row after both inserts","e2e/phase-04-opd-journey/P4C.appointments-slots.spec.ts",""
"TC-P4C-015","4C Appointments & Slots","P2","An appointment records the fee agreed at booking time","1) Create a 16:00 slot for Dr. Suresh Menon today 2) Open /schedule 3) Book PT-QA-0003 into it 4) Read appointments.consultation_fee","consultation_fee is greater than zero and matches the doctor's configured rate.","","PT-QA-0003 Anitha Menon; Dr. Suresh Menon ₹500","Billing","doctor_schedules / doctor_slots generated for today (Settings → Doctor Schedules); service_master consultation rows with fee, follow_up_fee, validity_days and emergency_fee for each doctor (Settings → Services)","","","","","P4-S04","A patient quoted a price on the telephone and charged a different one at the desk is an argument the hospital always loses, and the booking record is the only evidence of what was said.","Positive","hospital_admin (Hospital A)","appointments where hospital_id = A and patient_id = (PT-QA-0003) and appointment_date = today → consultation_fee > 0","e2e/phase-04-opd-journey/P4C.appointments-slots.spec.ts",""
"TC-P4C-016","4C Appointments & Slots","P2","A cancelled appointment is excluded from the day's board","1) Create a 16:00 slot for Dr. Suresh Menon today 2) Book PT-QA-0003 into it at /schedule 3) Set that appointments row's status to cancelled 4) Reload /schedule","Anitha Menon no longer appears on the board.","","PT-QA-0003 Anitha Menon; slot 16:00","","doctor_schedules / doctor_slots generated for today (Settings → Doctor Schedules)","","","","","P4-S24","A cancelled booking still shown on the board makes the doctor believe the slot is taken, so it is sold to nobody and the capacity is wasted.","Positive","hospital_admin (Hospital A)","appointments where hospital_id = A and patient_id = (PT-QA-0003) and appointment_date = today → status = cancelled","e2e/phase-04-opd-journey/P4C.appointments-slots.spec.ts",""
"TC-P4C-017","4C Appointments & Slots","P2","Cancelling an appointment does not release the slot back to booked_count","1) Create a 16:00 slot for Dr. Suresh Menon today 2) Book PT-QA-0003 into it at /schedule 3) Set that appointment's status to cancelled 4) Read doctor_slots.booked_count","CURRENT APP BEHAVIOUR (a documented gap): booked_count remains 1 because nothing decrements it on cancellation.","","PT-QA-0003 Anitha Menon; slot 16:00","","doctor_schedules / doctor_slots generated for today (Settings → Doctor Schedules)","","","","","P4-S24","A slot that never frees up after a cancellation is capacity the hospital has paid a consultant for and can no longer sell, and it accumulates across every cancelled booking.","Negative","hospital_admin (Hospital A)","doctor_slots where id = (the 16:00 slot) → booked_count = 1 after the cancellation","e2e/phase-04-opd-journey/P4C.appointments-slots.spec.ts",""
"TC-P4C-018","4C Appointments & Slots","P2","A receptionist can book an appointment into an open slot","1) Create a 16:00 slot for Dr. Suresh Menon today 2) Log out 3) Log in as receptionist (Hospital A) 4) Open /schedule 5) Click the 16:00 slot and book PT-QA-0003","An appointments row is created for PT-QA-0003 by the receptionist.","","PT-QA-0003 Anitha Menon; slot 16:00","OPD","Roles & Permissions: scheduling access granted to receptionist; doctor_schedules / doctor_slots generated for today (Settings → Doctor Schedules)","","","","","P4-S04","The receptionist takes every appointment call, so if the gate blocks them the scheduling module has no user at all in a real hospital.","RBAC","receptionist (Hospital A)","appointments where hospital_id = A and patient_id = (PT-QA-0003) and appointment_date = today → row exists","e2e/phase-04-opd-journey/P4C.appointments-slots.spec.ts",""
"TC-P4D-001","4D Payer Variations","P1","The Payer Type dropdown offers every payer class the hospital bills","1) Open /opd 2) Click ""+ Register Walk-in"" 3) Open the Payer Type dropdown 4) Read every option","The list includes cash, credit, corporate, TPA/Insurance, PMJAY/Ayushman, CGHS, ESI, State Scheme and Other.","","Master data — Hospital A → Payers & TPAs","Insurance, Billing","payer_masters configured in Settings → Payer Masters (self, TPA, govt, corporate)","","","","","P4-S05","A payer class that cannot be selected at registration can never be claimed against later, so that revenue is written off by default before anyone has looked at it.","Positive","hospital_admin (Hospital A)","payer_masters where hospital_id = A → rows covering self, tpa, govt and corporate types","e2e/phase-04-opd-journey/P4D.payer-variations.spec.ts",""
"TC-P4D-002","4D Payer Variations","P2","A cash walk-in records payer_type cash on the token","1) Open /opd 2) Register-walk-in flow for PT-QA-0001 with Dr. Suresh Menon and Payer Type Cash 3) Issue the token 4) Read opd_tokens.payer_type","payer_type = 'cash'.","","PT-QA-0001 Ramesh Kumar","Billing","payer_masters configured in Settings → Payer Masters (self, TPA, govt, corporate)","","","","","P4-S01","Cash is the baseline every other payer path is compared against; if the default does not persist correctly none of the variations can be trusted either.","Positive","hospital_admin (Hospital A)","opd_tokens where hospital_id = A and patient_id = (PT-QA-0001) and visit_date = today → payer_type = cash","e2e/phase-04-opd-journey/P4D.payer-variations.spec.ts",""
"TC-P4D-003","4D Payer Variations","P2","Selecting TPA reveals the payer list so an insurer can be named","1) Open /opd 2) Click ""+ Register Walk-in"" 3) Search PT-QA-0004 4) Set Payer Type to TPA / Insurance 5) Look for the second dropdown beside it","A ""Select payer…"" dropdown appears listing the configured TPAs.","","PT-QA-0004 Vinod Agarwal; Payers — Star Health Insurance","Insurance","payer_masters configured in Settings → Payer Masters (self, TPA, govt, corporate)","","","","","P4-S05","""TPA"" with no named insurer cannot be claimed against anybody, so the visit is recorded as insured and billed to nobody.","Positive","hospital_admin (Hospital A)","payer_masters where hospital_id = A and payer_type = tpa → at least one row","e2e/phase-04-opd-journey/P4D.payer-variations.spec.ts",""
"TC-P4D-004","4D Payer Variations","P1","A TPA patient's insurer is stored as payer_id on the token","1) Open /opd 2) Register-walk-in flow for PT-QA-0004 with Dr. Suresh Menon 3) Set Payer Type TPA / Insurance and Payer Star Health Insurance 4) Issue the token 5) Read opd_tokens.payer_type and payer_id","payer_type = 'tpa' and payer_id is not null.","","PT-QA-0004 Vinod Agarwal; Star Health Insurance","Insurance, IPD","payer_masters configured in Settings → Payer Masters (self, TPA, govt, corporate)","","","","","P4-S05","When this patient is admitted next week the pre-auth team reads this record; without it the cashless request starts from scratch and the admission is delayed at the counter.","Positive","hospital_admin (Hospital A)","opd_tokens where hospital_id = A and patient_id = (PT-QA-0004) and visit_date = today → payer_type = tpa and payer_id is not null","e2e/phase-04-opd-journey/P4D.payer-variations.spec.ts",""
"TC-P4D-005","4D Payer Variations","P1","A TPA outpatient consultation still raises a payable bill","1) Open /opd 2) Register-walk-in flow for PT-QA-0004 with Dr. Suresh Menon, Payer Type TPA / Insurance, Payer Star Health Insurance 3) Issue the token 4) Read bills.total_amount for today","An OPD bill exists with total_amount greater than zero.","","PT-QA-0004 Vinod Agarwal; Star Health Insurance","Billing, Insurance","payer_masters configured in Settings → Payer Masters (self, TPA, govt, corporate)","","","","","P4-S05","Outpatient consultation is not covered by most Indian health policies, so zeroing the fee because the patient carries insurance hands away the money on every insured walk-in.","Cross-Module","hospital_admin (Hospital A)","bills where hospital_id = A and patient_id = (PT-QA-0004) and bill_type = opd and bill_date = today → total_amount > 0","e2e/phase-04-opd-journey/P4D.payer-variations.spec.ts",""
"TC-P4D-006","4D Payer Variations","P2","An insurer that is not on the payer master cannot be chosen","1) Open /opd 2) Click ""+ Register Walk-in"" 3) Search PT-QA-0004 4) Set Payer Type to TPA / Insurance 5) Read every option in the payer dropdown","The list contains the seeded TPAs including Star Health Insurance, and contains no blank option.","","PT-QA-0004 Vinod Agarwal; Payers & TPAs","Insurance","payer_masters configured in Settings → Payer Masters (self, TPA, govt, corporate)","","","","","P4-S05","A bill attributed to an unnamed or free-text payer is unclaimable, and an empty list means the payer master was never configured rather than that the patient has no insurer.","Negative","hospital_admin (Hospital A)","payer_masters where hospital_id = A and payer_type = tpa → Star Health Insurance exists","e2e/phase-04-opd-journey/P4D.payer-variations.spec.ts",""
"TC-P4D-007","4D Payer Variations","P1","A PMJAY beneficiary's token records the scheme as the payer","1) Open /opd 2) Register-walk-in flow for PT-QA-0005 with Dr. Suresh Menon 3) Set Payer Type PMJAY / Ayushman and Payer PMJAY / Ayushman Bharat 4) Issue the token 5) Read opd_tokens.payer_type","payer_type = 'pmjay'.","","PT-QA-0005 Lakshmi Devi; PMJAY / Ayushman Bharat","PMJAY, Billing","payer_masters configured in Settings → Payer Masters (self, TPA, govt, corporate)","","","","","P4-S06","An Ayushman beneficiary recorded as an ordinary payer receives an invoice for care they are entitled to free, and the hospital loses the scheme claim as well.","Positive","hospital_admin (Hospital A)","opd_tokens where hospital_id = A and patient_id = (PT-QA-0005) and visit_date = today → payer_type = pmjay","e2e/phase-04-opd-journey/P4D.payer-variations.spec.ts",""
"TC-P4D-008","4D Payer Variations","P2","A PMJAY consultation produces a bill that can be reconciled against the scheme","1) Open /opd 2) Register-walk-in flow for PT-QA-0005 with Dr. Suresh Menon and Payer Type PMJAY / Ayushman 3) Issue the token 4) Read the bills row for today","An OPD bill exists for PT-QA-0005 with an id a claim can be attached to.","","PT-QA-0005 Lakshmi Devi","PMJAY, Billing","payer_masters configured in Settings → Payer Masters (self, TPA, govt, corporate)","","","","","P4-S06","PMJAY reimbursement is claimed per bill; a scheme patient with no bill row is a consultation the hospital delivered and can never be paid for.","Cross-Module","hospital_admin (Hospital A)","bills where hospital_id = A and patient_id = (PT-QA-0005) and bill_type = opd and bill_date = today → 1 row","e2e/phase-04-opd-journey/P4D.payer-variations.spec.ts",""
"TC-P4D-009","4D Payer Variations","P1","The CGHS referral lookup can actually run on this database","1) In Supabase, select patient_id from cghs_echs_beneficiaries 2) Confirm the column exists and the query does not error","cghs_echs_beneficiaries.patient_id exists, so BillEditor.handleFinalize's referral lookup can run.","","None","Insurance, Billing","None","","","","","P4-S07","REGRESSION LOCK (BUG-P4-005, fixed by migration 20261013000018): the column was added by a guarded ALTER that ran before the table existed, so on a fresh database it was never created, the referral lookup errored, and the block fired for every CGHS patient including those holding a valid referral letter.","Negative","hospital_admin (Hospital A)","select patient_id from cghs_echs_beneficiaries limit 1 → succeeds without a column-does-not-exist error","e2e/phase-04-opd-journey/P4D.payer-variations.spec.ts",""
"TC-P4D-010","4D Payer Variations","P2","A CGHS patient can be registered with the scheme as the payer","1) Set PT-QA-0006's patient_category to cghs 2) Open /opd 3) Register-walk-in flow for PT-QA-0006 with Dr. Suresh Menon 4) Set Payer Type CGHS and Payer CGHS 5) Issue the token","opd_tokens.payer_type = 'cghs' for the new token.","","PT-QA-0006 R. Subramanian (has referral letter)","Insurance, Billing","payer_masters configured in Settings → Payer Masters (self, TPA, govt, corporate)","","","","","P4-S07","CGHS pensioners are a large and predictable share of any Indian hospital's OPD; if the scheme cannot be recorded at registration none of the downstream claim logic is ever reached.","Positive","hospital_admin (Hospital A)","opd_tokens where hospital_id = A and patient_id = (PT-QA-0006) and visit_date = today → payer_type = cghs","e2e/phase-04-opd-journey/P4D.payer-variations.spec.ts",""
"TC-P4D-011","4D Payer Variations","P1","A CGHS patient with a referral has the referral_date on record","1) Create a beneficiary row for PT-QA-0006 with cghs_id CGHS-QA-0006-11, today's referral_date and the referring wellness centre 2) Select that row back from cghs_echs_beneficiaries","The row exists with a non-null referral_date and the referral hospital name.","","PT-QA-0006 R. Subramanian; phase4.payer.referralHospital","Insurance","None","","","","","P4-S07","An undated referral is not a referral as far as the CGHS payer is concerned, so the date is the whole substance of the record rather than a detail.","Positive","hospital_admin (Hospital A)","cghs_echs_beneficiaries where hospital_id = A and cghs_id = 'CGHS-QA-0006-11' → referral_date is not null","e2e/phase-04-opd-journey/P4D.payer-variations.spec.ts",""
"TC-P4D-012","4D Payer Variations","P1","A CGHS bill with a referral finalises normally","1) Set PT-QA-0006 patient_category to cghs and record a referral with today's date 2) Open /opd and register a walk-in for PT-QA-0006 with Dr. Suresh Menon as CGHS 3) Open /billing 4) Select the patient's OPD bill 5) Click ""Finalise Bill""","No ""CGHS / ECHS Referral Missing"" message appears and bills.bill_status becomes 'final'.","","PT-QA-0006 R. Subramanian (has referral letter)","Billing, Insurance","payer_masters configured in Settings → Payer Masters (self, TPA, govt, corporate)","","","","","P4-S07","A guard that blocks the legitimate case as well as the illegitimate one stops government billing entirely, and the desk works around it by re-registering the patient as cash — which loses the claim.","Positive","hospital_admin (Hospital A)","bills where hospital_id = A and patient_id = (PT-QA-0006) and bill_type = opd and bill_date = today → bill_status = final","e2e/phase-04-opd-journey/P4D.payer-variations.spec.ts",""
"TC-P4D-013","4D Payer Variations","P1","A CGHS bill without a referral is hard-blocked at finalisation","1) Set PT-QA-0007 patient_category to cghs and remove any cghs_echs_beneficiaries row for them 2) Open /opd and register a walk-in for PT-QA-0007 with Dr. Suresh Menon as CGHS 3) Open /billing 4) Select the bill 5) Click ""Finalise Bill""","The bill does NOT reach 'final' status.","","PT-QA-0007 K. Venkatesan (NO referral letter)","Billing, Insurance","payer_masters configured in Settings → Payer Masters (self, TPA, govt, corporate)","","","","","P4-S08","A CGHS claim raised without a referral is rejected by the payer and the hospital carries the whole amount, so refusing to create the problem is deliberate behaviour and must be proven to fire.","Negative","hospital_admin (Hospital A)","bills where hospital_id = A and patient_id = (PT-QA-0007) and bill_type = opd and bill_date = today → bill_status != final","e2e/phase-04-opd-journey/P4D.payer-variations.spec.ts",""
"TC-P4D-014","4D Payer Variations","P2","The CGHS block explains what is missing and where to fix it","1) Set PT-QA-0007 patient_category to cghs with no referral on file 2) Register a CGHS walk-in for them at /opd 3) Open /billing, select the bill and click ""Finalise Bill"" 4) Read the message","A message titled ""CGHS / ECHS Referral Missing"" is shown and names Insurance → CGHS / ECHS as the place to add the referral.","","PT-QA-0007 K. Venkatesan","Insurance","payer_masters configured in Settings → Payer Masters (self, TPA, govt, corporate)","","","","","P4-S08","A blocked action the user cannot diagnose gets worked around rather than fixed, usually by re-registering the patient as a cash case, which loses the government claim entirely.","Negative","hospital_admin (Hospital A)","None","e2e/phase-04-opd-journey/P4D.payer-variations.spec.ts",""
"TC-P4D-015","4D Payer Variations","P1","Adding the referral clears the block on the same bill","1) Register a CGHS walk-in for PT-QA-0007 with no referral and confirm finalisation is blocked at /billing 2) Create a cghs_echs_beneficiaries row for PT-QA-0007 with today's referral_date 3) Reopen the bill at /billing 4) Click ""Finalise Bill""","The bill now finalises and bills.bill_status = 'final'.","","PT-QA-0007 K. Venkatesan; phase4.payer.referralBeneficiaryNo","Billing, Insurance","payer_masters configured in Settings → Payer Masters (self, TPA, govt, corporate)","","","","","P4-S08","A block that cannot be cleared traps the bill permanently and forces a manual write-off, so the recovery path matters as much as the block itself.","Positive","hospital_admin (Hospital A)","bills where hospital_id = A and patient_id = (PT-QA-0007) and bill_type = opd and bill_date = today → bill_status = final after the referral is added","e2e/phase-04-opd-journey/P4D.payer-variations.spec.ts",""
"TC-P4D-016","4D Payer Variations","P1","A referral row with a null referral_date does not satisfy the block","1) Create a cghs_echs_beneficiaries row for PT-QA-0007 with referral_date left null 2) Register a CGHS walk-in for PT-QA-0007 at /opd 3) Open /billing, select the bill and click ""Finalise Bill""","The bill is still blocked and does not reach 'final' status.","","PT-QA-0007 K. Venkatesan; referral row with null referral_date","Billing, Insurance","payer_masters configured in Settings → Payer Masters (self, TPA, govt, corporate)","","","","","P4-S08","The lookup filters on referral_date being not null precisely so a half-filled beneficiary record cannot unlock the claim; a blank row must not count as evidence of a referral letter.","Boundary","hospital_admin (Hospital A)","bills where hospital_id = A and patient_id = (PT-QA-0007) and bill_date = today → bill_status != final; cghs_echs_beneficiaries where cghs_id = phase4.payer.referralBeneficiaryNo → referral_date is null","e2e/phase-04-opd-journey/P4D.payer-variations.spec.ts",""
"TC-P4D-017","4D Payer Variations","P1","An ECHS patient is subject to the same referral block as CGHS","1) Set PT-QA-0007 patient_category to echs and remove any beneficiary row 2) Register a walk-in for them at /opd with Payer ECHS 3) Open /billing, select the bill and click ""Finalise Bill""","The bill does not reach 'final' status.","","PT-QA-0007 K. Venkatesan; ECHS payer","Billing, Insurance","payer_masters configured in Settings → Payer Masters (self, TPA, govt, corporate)","","","","","P4-S08","ECHS is checked by the same branch as CGHS, so if only one of the two is actually covered then half the ex-servicemen claims are raised with no referral backing them.","Negative","hospital_admin (Hospital A)","bills where hospital_id = A and patient_id = (PT-QA-0007) and bill_date = today → bill_status != final; patients where id = (PT-QA-0007) → patient_category = echs","e2e/phase-04-opd-journey/P4D.payer-variations.spec.ts",""
"TC-P4D-018","4D Payer Variations","P1","A cash patient is never subjected to the CGHS referral block","1) Set PT-QA-0001 patient_category to general 2) Register a cash walk-in for PT-QA-0001 at /opd with Dr. Suresh Menon 3) Open /billing, select the bill and click ""Finalise Bill""","No CGHS message appears and bills.bill_status = 'final'.","","PT-QA-0001 Ramesh Kumar","Billing","payer_masters configured in Settings → Payer Masters (self, TPA, govt, corporate)","","","","","P4-S01","A guard that fires on the wrong patients stops the busiest queue in the hospital, and a false block is as damaging as a missing one because staff learn to distrust the message.","Negative","hospital_admin (Hospital A)","bills where hospital_id = A and patient_id = (PT-QA-0001) and bill_type = opd and bill_date = today → bill_status = final","e2e/phase-04-opd-journey/P4D.payer-variations.spec.ts",""
"TC-P4D-019","4D Payer Variations","P2","Changing the payer type resets a previously chosen insurer","1) Open /opd 2) Click ""+ Register Walk-in"" 3) Search PT-QA-0004 4) Set Payer Type TPA / Insurance and select Star Health Insurance 5) Change Payer Type to CGHS 6) Read the payer dropdown value","The insurer selection is cleared rather than carried over to the new payer class.","","PT-QA-0004 Vinod Agarwal; Star Health Insurance then CGHS","Insurance","payer_masters configured in Settings → Payer Masters (self, TPA, govt, corporate)","","","","","P4-S05","A bill claimed against a private insurer under a government scheme code is rejected by both, and the mismatch is invisible on screen once the token is issued.","Boundary","hospital_admin (Hospital A)","None","e2e/phase-04-opd-journey/P4D.payer-variations.spec.ts",""
"TC-P4D-020","4D Payer Variations","P2","The payer chosen at OPD survives onto the token the bill hangs off","1) Open /opd 2) Register-walk-in flow for PT-QA-0004 with Payer Type TPA / Insurance and Star Health Insurance 3) Issue the token 4) Read opd_tokens.payer_type and the matching bills row","opd_tokens.payer_type = 'tpa' and a bill exists for the same patient today.","","PT-QA-0004 Vinod Agarwal; Star Health Insurance","Billing, Insurance, IPD","payer_masters configured in Settings → Payer Masters (self, TPA, govt, corporate)","","","","","P4-S05","This is the record the pre-auth team reads at admission, so it has to survive the whole registration-to-bill path and not just appear on the screen where it was chosen.","Cross-Module","hospital_admin (Hospital A)","opd_tokens where hospital_id = A and patient_id = (PT-QA-0004) and visit_date = today → payer_type = tpa; bills where patient_id = same and bill_date = today → 1 row","e2e/phase-04-opd-journey/P4D.payer-variations.spec.ts",""
"TC-P4D-021","4D Payer Variations","P2","A corporate-panel patient records the corporate payer class","1) Open /opd 2) Register-walk-in flow for PT-QA-0021 with Dr. Suresh Menon 3) Set Payer Type Corporate and Payer Infosys Corporate Panel 4) Issue the token 5) Read opd_tokens.payer_type","payer_type = 'corporate'.","","PT-QA-0021 Sarita Joshi; Infosys Corporate Panel","Billing, CRM","payer_masters configured in Settings → Payer Masters (self, TPA, govt, corporate)","","","","","P4-S05","Corporate visits are invoiced to the employer in a monthly batch; a visit recorded under the wrong class is simply left out of that invoice and never billed to anyone.","Positive","hospital_admin (Hospital A)","opd_tokens where hospital_id = A and patient_id = (PT-QA-0021) and visit_date = today → payer_type = corporate","e2e/phase-04-opd-journey/P4D.payer-variations.spec.ts",""
"TC-P4D-022","4D Payer Variations","P1","A billing executive can finalise an ordinary cash OPD bill","1) Register a cash walk-in for PT-QA-0001 at /opd 2) Log out 3) Log in as billing_executive (Hospital A) 4) Open /billing 5) Select the bill and click ""Finalise Bill""","The bill reaches 'final' status under the billing executive login.","","PT-QA-0001 Ramesh Kumar","Billing","Roles & Permissions: billing → finalise granted to billing_executive","","","","","P4-S01","The billing executive closes bills all day; if the gate blocks them the day cannot be closed and the GST invoice series is left with open bills at month end.","RBAC","billing_executive (Hospital A)","bills where hospital_id = A and patient_id = (PT-QA-0001) and bill_type = opd and bill_date = today → bill_status = final","e2e/phase-04-opd-journey/P4D.payer-variations.spec.ts",""
"TC-P4E-001","4E Consultation Workspace","P2","Selecting a token opens the consultation workspace for that patient","1) Register a walk-in for PT-QA-0001 at /opd 2) Click the patient's row in the OPD Queue 3) Read the workspace header","The workspace opens showing Ramesh Kumar's name.","","PT-QA-0001 Ramesh Kumar","","Tier 0 complete; departments, staff and service_master consultation rows configured (SETTINGS_PREREQ_MATRIX OPD row)","","","","","P4-S01","If the queue and the workspace do not agree on which patient is selected, the doctor documents one patient's consultation against another's record.","Positive","hospital_admin (Hospital A)","opd_tokens where hospital_id = A and patient_id = (PT-QA-0001) and visit_date = today → row exists","e2e/phase-04-opd-journey/P4E.consultation-workspace.spec.ts",""
"TC-P4E-002","4E Consultation Workspace","P2","A waiting token offers the Start Consultation action","1) Register a walk-in for PT-QA-0001 at /opd 2) Select the token in the queue 3) Look at the workspace header","A ""▶ Start Consultation"" button is visible.","","PT-QA-0001 Ramesh Kumar","","Tier 0 complete; departments, staff and service_master consultation rows configured (SETTINGS_PREREQ_MATRIX OPD row)","","","","","P4-S01","Starting the consultation is what stamps the door-to-doctor time and moves the patient off the calling board; with no control the queue never advances.","Positive","hospital_admin (Hospital A)","opd_tokens where hospital_id = A and patient_id = (PT-QA-0001) and visit_date = today → status = waiting","e2e/phase-04-opd-journey/P4E.consultation-workspace.spec.ts",""
"TC-P4E-003","4E Consultation Workspace","P2","Starting the consultation moves the token to in_consultation","1) Register a walk-in for PT-QA-0001 at /opd 2) Select the token 3) Click ""▶ Start Consultation"" 4) Read opd_tokens.status","status = 'in_consultation'.","","PT-QA-0001 Ramesh Kumar","","Tier 0 complete; departments, staff and service_master consultation rows configured (SETTINGS_PREREQ_MATRIX OPD row)","","","","","P4-S01","A token stuck at waiting keeps the display board calling a patient who is already in the room, and the waiting-time metric never stops counting for them.","Positive","hospital_admin (Hospital A)","opd_tokens where hospital_id = A and patient_id = (PT-QA-0001) and visit_date = today → status = in_consultation","e2e/phase-04-opd-journey/P4E.consultation-workspace.spec.ts",""
"TC-P4E-004","4E Consultation Workspace","P2","Starting the consultation stamps consultation_start_at","1) Register a walk-in for PT-QA-0001 at /opd 2) Start the consultation 3) Read opd_tokens.consultation_start_at","consultation_start_at holds a timestamp.","","PT-QA-0001 Ramesh Kumar","Analytics","Tier 0 complete; departments, staff and service_master consultation rows configured (SETTINGS_PREREQ_MATRIX OPD row)","","","","","P4-S01","Door-to-doctor time is a NABH-reported measure computed from this timestamp; with it null the hospital is reporting a number derived from nothing.","Positive","hospital_admin (Hospital A)","opd_tokens where hospital_id = A and patient_id = (PT-QA-0001) and visit_date = today → consultation_start_at is not null","e2e/phase-04-opd-journey/P4E.consultation-workspace.spec.ts",""
"TC-P4E-005","4E Consultation Workspace","P2","Every clinical tab is present in the workspace","1) Register a walk-in for PT-QA-0001 at /opd 2) Start the consultation 3) Read the tab strip","Complaint, Vitals, Examination, Rx & Orders, Plan & Advice and History tabs are all present.","","PT-QA-0001 Ramesh Kumar","","Tier 0 complete; departments, staff and service_master consultation rows configured (SETTINGS_PREREQ_MATRIX OPD row)","","","","","P4-S01","Anything the doctor cannot reach inside the workspace gets written on paper instead, and the electronic record is incomplete from the first day of go-live.","Positive","hospital_admin (Hospital A)","None","e2e/phase-04-opd-journey/P4E.consultation-workspace.spec.ts",""
"TC-P4E-006","4E Consultation Workspace","P1","The chief complaint is saved to the encounter","1) Register a walk-in for PT-QA-0001 at /opd and start the consultation 2) Open the Complaint tab 3) Enter the chief complaint and history from phase4.consultation 4) Click ""✓ Complete""","opd_encounters.chief_complaint holds the text that was typed.","","phase4.consultation — Dry cough and low-grade fever for 7 days","MRD","Tier 0 complete; departments, staff and service_master consultation rows configured (SETTINGS_PREREQ_MATRIX OPD row)","","","","","P4-S01","A visit record with no reason for attendance cannot be coded, cannot be claimed and fails a NABH file review, and it is the first thing the next clinician reads.","Positive","hospital_admin (Hospital A)","opd_encounters where hospital_id = A and patient_id = (PT-QA-0001) → chief_complaint contains the entered text","e2e/phase-04-opd-journey/P4E.consultation-workspace.spec.ts",""
"TC-P4E-007","4E Consultation Workspace","P2","The history of present illness is saved to the encounter","1) Start a consultation for PT-QA-0001 at /opd 2) Enter the chief complaint and the history of present illness from phase4.consultation 3) Complete the consultation","opd_encounters.history_of_present_illness is populated.","","phase4.consultation.historyOfPresentIllness","MRD","Tier 0 complete; departments, staff and service_master consultation rows configured (SETTINGS_PREREQ_MATRIX OPD row)","","","","","P4-S01","The HPI is the narrative that tells the next clinician why the patient came in, and re-taking it wastes the one resource a busy OPD has least of.","Positive","hospital_admin (Hospital A)","opd_encounters where hospital_id = A and patient_id = (PT-QA-0001) → history_of_present_illness is not null","e2e/phase-04-opd-journey/P4E.consultation-workspace.spec.ts",""
"TC-P4E-008","4E Consultation Workspace","P2","A consultation completed with no chief complaint is recorded as such","1) Register a walk-in for PT-QA-0001 at /opd and start the consultation 2) Enter nothing in the Complaint tab 3) Click ""✓ Complete"" 4) Read opd_encounters.chief_complaint","CURRENT APP BEHAVIOUR: the encounter finalises with an empty chief_complaint — there is no required-field gate.","","None","MRD","Tier 0 complete; departments, staff and service_master consultation rows configured (SETTINGS_PREREQ_MATRIX OPD row)","","","","","P4-S01","An encounter with no documented reason for attendance is unbillable to any payer and indefensible at a medico-legal review, so the gap needs to be recorded rather than assumed absent.","Negative","hospital_admin (Hospital A)","opd_encounters where hospital_id = A and patient_id = (PT-QA-0001) → chief_complaint is empty or null","e2e/phase-04-opd-journey/P4E.consultation-workspace.spec.ts",""
"TC-P4E-009","4E Consultation Workspace","P1","Normal vitals are saved into the encounter vitals JSON","1) Start a consultation for PT-QA-0001 at /opd 2) Open the Vitals tab 3) Enter BP 128/84, pulse 82, temperature 98.6, SpO2 98 4) Complete the consultation","opd_encounters.vitals holds bp_systolic 128 and spo2 98.","","Values used across many tests — Standard vitals BP 128/84, Pulse 82, Temp 98.6°F, SpO₂ 98%","Nursing, Analytics","Tier 0 complete; departments, staff and service_master consultation rows configured (SETTINGS_PREREQ_MATRIX OPD row)","","","","","P4-S01","Every downstream score — NEWS2, sepsis screening, paediatric dosing — reads this JSON, so unsaved vitals silently disable all of them at once.","Positive","hospital_admin (Hospital A)","opd_encounters where hospital_id = A and patient_id = (PT-QA-0001) → vitals->>bp_systolic = 128 and vitals->>spo2 = 98","e2e/phase-04-opd-journey/P4E.consultation-workspace.spec.ts",""
"TC-P4E-010","4E Consultation Workspace","P1","A systolic BP above the alert threshold is flagged on screen","1) Start a consultation for PT-QA-0001 at /opd 2) Open the Vitals tab 3) Enter systolic 190 and diastolic 110 4) Look at the Blood Pressure card border","The BP card renders with the red alert border (systolic above 180).","","BP 190/110","","Tier 0 complete; departments, staff and service_master consultation rows configured (SETTINGS_PREREQ_MATRIX OPD row)","","","","","P4-S01","A hypertensive emergency that reads like an ordinary number is missed in a 200-patient OPD, and the visual alert is the only thing that makes it stand out.","Boundary","hospital_admin (Hospital A)","None","e2e/phase-04-opd-journey/P4E.consultation-workspace.spec.ts",""
"TC-P4E-011","4E Consultation Workspace","P1","SpO2 below 95 is flagged as a red alert","1) Start a consultation for PT-QA-0001 at /opd 2) Open the Vitals tab 3) Enter SpO2 89 4) Look at the SpO2 card border","The SpO2 card renders with the red alert border.","","Values used across many tests — Abnormal vitals (sepsis) SpO₂ 89%","Emergency","Tier 0 complete; departments, staff and service_master consultation rows configured (SETTINGS_PREREQ_MATRIX OPD row)","","","","","P4-S01","Hypoxia is the most time-critical abnormal vital an OPD nurse will record, and an unflagged 89% reads as just another number on a busy screen.","Positive","hospital_admin (Hospital A)","None","e2e/phase-04-opd-journey/P4E.consultation-workspace.spec.ts",""
"TC-P4E-012","4E Consultation Workspace","P2","SpO2 of exactly 95 is not treated as the red hypoxia band","1) Start a consultation for PT-QA-0001 at /opd 2) Open the Vitals tab 3) Enter SpO2 95 4) Check whether any card carries the red alert border","No red border is shown — the rule is ""below 95 is red, 95 to 97 amber"".","","SpO2 95","","Tier 0 complete; departments, staff and service_master consultation rows configured (SETTINGS_PREREQ_MATRIX OPD row)","","","","","P4-S01","An off-by-one here turns a borderline-normal reading into an emergency on every second patient, and alert fatigue is a documented clinical harm in its own right.","Boundary","hospital_admin (Hospital A)","None","e2e/phase-04-opd-journey/P4E.consultation-workspace.spec.ts",""
"TC-P4E-013","4E Consultation Workspace","P2","A temperature above 100.4°F is flagged","1) Start a consultation for PT-QA-0001 at /opd 2) Open the Vitals tab 3) Enter temperature 103.2 4) Look at the Temperature card border","The Temperature card carries an amber or red alert border.","","Values used across many tests — Abnormal vitals (sepsis) Temp 103.2°F","","Tier 0 complete; departments, staff and service_master consultation rows configured (SETTINGS_PREREQ_MATRIX OPD row)","","","","","P4-S01","Pyrexia above 100.4°F is the threshold that triggers fever-panel investigation in most Indian protocols, so an unflagged reading delays the workup.","Boundary","hospital_admin (Hospital A)","None","e2e/phase-04-opd-journey/P4E.consultation-workspace.spec.ts",""
"TC-P4E-014","4E Consultation Workspace","P2","BMI is computed and categorised from weight and height","1) Start a consultation for PT-QA-0001 at /opd 2) Open the Vitals tab 3) Enter weight 70 and height 170 4) Read the BMI panel","BMI shows 24.2 with the category ""Normal"".","","Weight 70 kg, Height 170 cm","Dietetics","Tier 0 complete; departments, staff and service_master consultation rows configured (SETTINGS_PREREQ_MATRIX OPD row)","","","","","P4-S09","Weight-based dosing and nutrition screening both begin from BMI, and a wrong figure propagates into every calculation that follows it.","Positive","hospital_admin (Hospital A)","None","e2e/phase-04-opd-journey/P4E.consultation-workspace.spec.ts",""
"TC-P4E-015","4E Consultation Workspace","P2","Weight with no height produces no BMI rather than a wrong one","1) Start a consultation for PT-QA-0001 at /opd 2) Open the Vitals tab 3) Enter weight 70 and leave height blank 4) Look for the BMI panel","No BMI panel is rendered.","","Weight 70 kg, no height","Dietetics","Tier 0 complete; departments, staff and service_master consultation rows configured (SETTINGS_PREREQ_MATRIX OPD row)","","","","","P4-S09","A divide-by-zero result presented as a clinical number is worse than showing nothing, because a clinician has no way to tell it apart from a real measurement.","Boundary","hospital_admin (Hospital A)","None","e2e/phase-04-opd-journey/P4E.consultation-workspace.spec.ts",""
"TC-P4E-016","4E Consultation Workspace","P2","Examination findings are saved to the encounter","1) Start a consultation for PT-QA-0001 at /opd 2) Open the Examination tab 3) Enter the examination text from phase4.consultation 4) Complete the consultation","opd_encounters.examination_notes is populated.","","phase4.consultation.examination","MRD","Tier 0 complete; departments, staff and service_master consultation rows configured (SETTINGS_PREREQ_MATRIX OPD row)","","","","","P4-S01","The examination note is the one part of the record that evidences the doctor physically examined the patient, which is exactly what a medico-legal review asks to see.","Positive","hospital_admin (Hospital A)","opd_encounters where hospital_id = A and patient_id = (PT-QA-0001) → examination_notes is not null","e2e/phase-04-opd-journey/P4E.consultation-workspace.spec.ts",""
"TC-P4E-017","4E Consultation Workspace","P1","A diagnosis added in the Examination tab is stored on the encounter","1) Start a consultation for PT-QA-0001 at /opd 2) Open the Examination tab 3) Type the diagnosis from phase4.consultation into ""Diagnosis / impression..."" 4) Click ""Add Diagnosis"" 5) Complete the consultation","opd_encounters.diagnosis is populated.","","phase4.consultation.diagnosis — Acute upper respiratory tract infection","MRD, Billing, HMIS","Tier 0 complete; departments, staff and service_master consultation rows configured (SETTINGS_PREREQ_MATRIX OPD row)","","","","","P4-S01","Coding, the insurance claim, the discharge summary and the disease register all read the diagnosis field, so a lost value disables the whole downstream chain at once.","Positive","hospital_admin (Hospital A)","opd_encounters where hospital_id = A and patient_id = (PT-QA-0001) → diagnosis is not null","e2e/phase-04-opd-journey/P4E.consultation-workspace.spec.ts",""
"TC-P4E-018","4E Consultation Workspace","P1","An ICD-10 code entered with the diagnosis is stored alongside it","1) Start a consultation for PT-QA-0001 at /opd 2) Open the Examination tab 3) Enter the diagnosis and ICD-10 code J06.9 4) Click ""Add Diagnosis"" 5) Complete the consultation","opd_encounters.icd10_code is populated.","","phase4.consultation.icd10Code — J06.9","HMIS, PMJAY, MRD","Tier 0 complete; departments, staff and service_master consultation rows configured (SETTINGS_PREREQ_MATRIX OPD row)","","","","","P4-S01","Government reporting through IHIP/HMIS, PMJAY package matching and the hospital's own morbidity statistics are all keyed on the ICD code rather than the free-text diagnosis.","Positive","hospital_admin (Hospital A)","opd_encounters where hospital_id = A and patient_id = (PT-QA-0001) → icd10_code is not null","e2e/phase-04-opd-journey/P4E.consultation-workspace.spec.ts",""
"TC-P4E-019","4E Consultation Workspace","P2","Completing the consultation stamps consultation_end_at and closes the token","1) Start a consultation for PT-QA-0001 at /opd 2) Enter a chief complaint 3) Click ""✓ Complete"" 4) Read opd_tokens.status and consultation_end_at","status = 'completed' and consultation_end_at holds a timestamp.","","phase4.consultation.chiefComplaint","Analytics","Tier 0 complete; departments, staff and service_master consultation rows configured (SETTINGS_PREREQ_MATRIX OPD row)","","","","","P4-S01","Without an end timestamp the consultation duration the hospital reports is unbounded, and the token stays in the queue blocking the next patient from being called.","Positive","hospital_admin (Hospital A)","opd_tokens where hospital_id = A and patient_id = (PT-QA-0001) and visit_date = today → status = completed and consultation_end_at is not null","e2e/phase-04-opd-journey/P4E.consultation-workspace.spec.ts",""
"TC-P4E-020","4E Consultation Workspace","P1","Completing the consultation creates the MRD medical_records row","1) Start and complete a consultation for PT-QA-0001 at /opd 2) Read the opd_encounters row 3) Read medical_records for that visit_id","A medical_records row exists with record_type = opd for the encounter.","","phase4.consultation.chiefComplaint","MRD","Tier 0 complete; departments, staff and service_master consultation rows configured (SETTINGS_PREREQ_MATRIX OPD row)","","","","","P4-S01","The MRD index entry is how the physical and electronic file is later retrieved, tracked and retained to policy; without it the visit exists clinically but not administratively.","Cross-Module","hospital_admin (Hospital A)","medical_records where hospital_id = A and patient_id = (PT-QA-0001) and visit_id = (the encounter id) → 1 row","e2e/phase-04-opd-journey/P4E.consultation-workspace.spec.ts",""
"TC-P4E-021","4E Consultation Workspace","P1","An ordinary OPD record is retained for three years, not the MLC ten","1) Start and complete a non-MLC consultation for PT-QA-0001 at /opd 2) Read medical_records.destroy_after for that visit 3) Compare it with today's date","destroy_after is approximately three years from today.","","phase4.consultation.chiefComplaint","MRD","Tier 0 complete; departments, staff and service_master consultation rows configured (SETTINGS_PREREQ_MATRIX OPD row)","","","","","P4-S01","A non-MLC record is retained for 3 years and an MLC for 10; getting them the wrong way round either destroys medico-legal evidence seven years early or holds ordinary PHI far beyond its stated purpose.","Boundary","hospital_admin (Hospital A)","medical_records where hospital_id = A and patient_id = (PT-QA-0001) and visit_id = (the encounter id) → destroy_after is about 3 years ahead","e2e/phase-04-opd-journey/P4E.consultation-workspace.spec.ts",""
"TC-P4E-022","4E Consultation Workspace","P2","Completing the consultation queues an icd_codings row for the coders","1) Start and complete a consultation for PT-QA-0001 at /opd 2) Read icd_codings for that encounter","An icd_codings row exists with visit_type = opd and status = pending.","","phase4.consultation.chiefComplaint","MRD, HMIS","Tier 0 complete; departments, staff and service_master consultation rows configured (SETTINGS_PREREQ_MATRIX OPD row)","","","","","P4-S01","The coding team works from this queue; a visit that never reaches it is absent from every statutory return the hospital files that month.","Cross-Module","hospital_admin (Hospital A)","icd_codings where hospital_id = A and visit_id = (the encounter id) → status = pending","e2e/phase-04-opd-journey/P4E.consultation-workspace.spec.ts",""
"TC-P4E-023","4E Consultation Workspace","P2","A completed consultation can be reopened for the patient who returns with reports","1) Complete a consultation for PT-QA-0001 at /opd 2) Reselect the token in the queue 3) Click ""↻ Resume Consultation"" 4) Read opd_tokens.status","The Resume Consultation control is offered and the token returns to in_consultation.","","PT-QA-0001 Ramesh Kumar","Lab","Tier 0 complete; departments, staff and service_master consultation rows configured (SETTINGS_PREREQ_MATRIX OPD row)","","","","","P4-S12","The patient who comes back the same afternoon with a lab report is the whole point of the OPD-to-lab loop; without a resume path they must be registered and charged all over again.","Positive","hospital_admin (Hospital A)","opd_tokens where hospital_id = A and patient_id = (PT-QA-0001) and visit_date = today → status = in_consultation after resuming","e2e/phase-04-opd-journey/P4E.consultation-workspace.spec.ts",""
"TC-P4E-024","4E Consultation Workspace","P1","A paediatric patient's weight is recorded for weight-based dosing","1) Register a walk-in for PT-QA-0009 at /opd and start the consultation 2) Open the Vitals tab 3) Enter weight 7.2 4) Complete the consultation","opd_encounters.vitals holds weight_kg = 7.2.","","PT-QA-0009 Baby Aarav Sharma, 7.2 kg","Pharmacy","Tier 0 complete; departments, staff and service_master consultation rows configured (SETTINGS_PREREQ_MATRIX OPD row)","","","","","P4-S09","Every paediatric dose in India is calculated in mg/kg, so an 8-month-old documented with no weight means the prescription is either guessed or copied from an adult regimen.","Positive","hospital_admin (Hospital A)","opd_encounters where hospital_id = A and patient_id = (PT-QA-0009) → vitals->>weight_kg = 7.2","e2e/phase-04-opd-journey/P4E.consultation-workspace.spec.ts",""
"TC-P4F-001","4F Drug Safety & Prescribing","P1","The Route dropdown is populated from the configured drug_routes","1) Log in as doctor (Hospital A) 2) Open /opd and start a consultation for PT-QA-0001 3) Open the Rx & Orders tab 4) Click ""Add Drug"" 5) Open the Route dropdown","The Route dropdown lists options and is not empty.","","Master data — Config values → drug_routes","Pharmacy","drug_master rows plus hospital_config_values for drug_routes and drug_frequencies (Settings → Drugs, Settings → Configurable Dropdowns)","","","","","P4-S01","SETTINGS_PREREQ_MATRIX calls an empty route dropdown ""the most common false OPD is broken report""; this case separates the configuration gap from a code defect in one step.","Positive","doctor (Hospital A)","hospital_config_values where hospital_id = A and category = drug_routes → at least one row","e2e/phase-04-opd-journey/P4F.drug-safety.spec.ts",""
"TC-P4F-002","4F Drug Safety & Prescribing","P1","Every configured route value is offered, not a sample","1) Start a consultation for PT-QA-0001 at /opd 2) Open the Rx & Orders tab and click ""Add Drug"" 3) Read every option in the Route dropdown 4) Compare with the configured drug_routes list","All nine configured routes appear — Oral, IV, IM, SC, Topical, Inhalation, Rectal, Sublingual and Ophthalmic.","","Master data — Config values → drug_routes (9 values)","Pharmacy","drug_master rows plus hospital_config_values for drug_routes and drug_frequencies (Settings → Drugs, Settings → Configurable Dropdowns)","","","","","P4-S01","A route the doctor cannot pick gets approximated to the nearest one offered, and an intravenous drug prescribed as oral is a dosing error rather than a cosmetic mismatch.","Boundary","doctor (Hospital A)","hospital_config_values where hospital_id = A and category = drug_routes → 9 rows matching the dropdown","e2e/phase-04-opd-journey/P4F.drug-safety.spec.ts",""
"TC-P4F-003","4F Drug Safety & Prescribing","P1","The Frequency dropdown is populated from the configured drug_frequencies","1) Start a consultation for PT-QA-0001 at /opd 2) Open the Rx & Orders tab and click ""Add Drug"" 3) Open the Frequency dropdown","The Frequency dropdown lists options and is not empty.","","Master data — Config values → drug_frequencies","Pharmacy","drug_master rows plus hospital_config_values for drug_routes and drug_frequencies (Settings → Drugs, Settings → Configurable Dropdowns)","","","","","P4-S01","Quantity is computed from frequency, so an empty frequency list breaks the dispensed count as well as the prescription instruction.","Positive","doctor (Hospital A)","hospital_config_values where hospital_id = A and category = drug_frequencies → at least one row","e2e/phase-04-opd-journey/P4F.drug-safety.spec.ts",""
"TC-P4F-004","4F Drug Safety & Prescribing","P1","Every configured frequency value is offered, not a sample","1) Start a consultation for PT-QA-0001 at /opd 2) Open the Rx & Orders tab and click ""Add Drug"" 3) Read every option in the Frequency dropdown","All nine configured frequencies appear — OD, BD, TDS, QID, HS, SOS, STAT, Q6H and Q8H.","","Master data — Config values → drug_frequencies (9 values)","Pharmacy","drug_master rows plus hospital_config_values for drug_routes and drug_frequencies (Settings → Drugs, Settings → Configurable Dropdowns)","","","","","P4-S01","A missing frequency silently produces the wrong dispensed quantity as well as an unclear instruction, and STAT in particular has no safe substitute.","Boundary","doctor (Hospital A)","hospital_config_values where hospital_id = A and category = drug_frequencies → 9 rows matching the dropdown","e2e/phase-04-opd-journey/P4F.drug-safety.spec.ts",""
"TC-P4F-005","4F Drug Safety & Prescribing","P2","Drug search returns matches from the drug master","1) Start a consultation for PT-QA-0001 at /opd 2) Open the Rx & Orders tab and click ""Add Drug"" 3) Type ""Dolo"" into the drug search box 4) Read the suggestions","Dolo 650 is offered as a suggestion from drug_master.","","Master data — Drug master → Dolo 650 (Paracetamol)","Pharmacy","drug_master rows plus hospital_config_values for drug_routes and drug_frequencies (Settings → Drugs, Settings → Configurable Dropdowns)","","","","","P4-S01","When search returns nothing doctors type free text, and free text can be matched by neither the safety check nor the pharmacy stock lookup.","Positive","doctor (Hospital A)","drug_master where hospital_id = A and brand_name = 'Dolo 650' → 1 active row","e2e/phase-04-opd-journey/P4F.drug-safety.spec.ts",""
"TC-P4F-006","4F Drug Safety & Prescribing","P2","A drug that is not in the master returns no suggestion","1) Start a consultation for PT-QA-0001 at /opd 2) Open the Rx & Orders tab and click ""Add Drug"" 3) Type the unknown drug name from phase4.prescription.unknownDrug 4) Read the suggestions","No suggestion is offered for a drug absent from drug_master.","","phase4.prescription.unknownDrug — Zzzmycin 999","Pharmacy","drug_master rows plus hospital_config_values for drug_routes and drug_frequencies (Settings → Drugs, Settings → Configurable Dropdowns)","","","","","P4-S01","If suggestions include drugs the hospital does not stock, the doctor prescribes something the pharmacy cannot dispense and the patient is sent away to buy it outside.","Negative","doctor (Hospital A)","drug_master where hospital_id = A and brand_name = 'Zzzmycin 999' → 0 rows","e2e/phase-04-opd-journey/P4F.drug-safety.spec.ts",""
"TC-P4F-007","4F Drug Safety & Prescribing","P2","A drug with no safety issue is added with no alert","1) Start a consultation for PT-QA-0001 (no recorded allergies) at /opd 2) Open the Rx & Orders tab 3) Add Dolo 650, 1 tablet, TDS, 5 days 4) Watch for a safety modal","The drug is added to the prescription with no safety modal shown.","","phase4.prescription.primary — Dolo 650","Pharmacy","drug_master rows plus hospital_config_values for drug_routes and drug_frequencies (Settings → Drugs, Settings → Configurable Dropdowns)","","","","","P4-S01","Alerts that fire on harmless prescriptions are how doctors learn to click through the ones that matter, and alert fatigue is a documented patient-safety harm.","Positive","doctor (Hospital A)","None","e2e/phase-04-opd-journey/P4F.drug-safety.spec.ts",""
"TC-P4F-008","4F Drug Safety & Prescribing","P1","The prescription is written to the prescriptions table on completion","1) Start a consultation for PT-QA-0001 at /opd 2) Add Dolo 650, 1 tablet, TDS, 5 days in the Rx & Orders tab 3) Click ""✓ Complete"" 4) Read the prescriptions row","A prescriptions row exists whose drugs JSON contains Dolo 650.","","phase4.prescription.primary — Dolo 650","Pharmacy","drug_master rows plus hospital_config_values for drug_routes and drug_frequencies (Settings → Drugs, Settings → Configurable Dropdowns)","","","","","P4-S01","The patient walks to the pharmacy counter expecting the prescription to be there; if it was never stored they are sent back to the doctor to have it written again.","Cross-Module","doctor (Hospital A)","prescriptions where hospital_id = A and patient_id = (PT-QA-0001) → drugs contains Dolo 650","e2e/phase-04-opd-journey/P4F.drug-safety.spec.ts",""
"TC-P4F-009","4F Drug Safety & Prescribing","P1","Quantity is auto-calculated from dose, frequency and duration","1) Start a consultation for PT-QA-0001 at /opd 2) Open the Rx & Orders tab and click ""Add Drug"" 3) Search Dolo 650 4) Enter dose 1, frequency TDS, days 5 5) Read the Quantity box","Quantity is calculated as 15 (1 × 3 per day × 5 days).","","phase4.prescription.primary — Dolo 650, 1 tablet, TDS, 5 days","Pharmacy","drug_master rows plus hospital_config_values for drug_routes and drug_frequencies (Settings → Drugs, Settings → Configurable Dropdowns)","","","","","P4-S01","An under-calculated quantity sends the patient home with too few tablets to finish the course, which for an antibiotic is how resistance is created one prescription at a time.","Boundary","doctor (Hospital A)","None","e2e/phase-04-opd-journey/P4F.drug-safety.spec.ts",""
"TC-P4F-010","4F Drug Safety & Prescribing","P2","A once-daily drug computes one unit per day, not three","1) Start a consultation for PT-QA-0001 at /opd 2) Open the Rx & Orders tab and click ""Add Drug"" 3) Search Pan 40 4) Enter dose 1, frequency OD, days 5 5) Read the Quantity box","Quantity is calculated as 5.","","phase4.prescription.secondary — Pan 40, 1 tablet, OD, 5 days","Pharmacy","drug_master rows plus hospital_config_values for drug_routes and drug_frequencies (Settings → Drugs, Settings → Configurable Dropdowns)","","","","","P4-S01","Confirms the per-day multiplier is read from the chosen frequency rather than defaulting to a fixed number, which would over-dispense every once-daily drug.","Boundary","doctor (Hospital A)","None","e2e/phase-04-opd-journey/P4F.drug-safety.spec.ts",""
"TC-P4F-011","4F Drug Safety & Prescribing","P2","The quantity remains editable so the doctor can override the calculation","1) Start a consultation for PT-QA-0001 at /opd 2) Open the Rx & Orders tab and click ""Add Drug"" 3) Search Dolo 650 4) Type 7 into the Quantity box 5) Read the value back","The Quantity box accepts and retains the value 7.","","phase4.prescription.primary — Dolo 650","Pharmacy","drug_master rows plus hospital_config_values for drug_routes and drug_frequencies (Settings → Drugs, Settings → Configurable Dropdowns)","","","","","P4-S01","Half-strip dispensing and part supplies are routine in an Indian pharmacy, so a locked quantity forces the pharmacist to work around the system rather than record what was actually given.","Positive","doctor (Hospital A)","None","e2e/phase-04-opd-journey/P4F.drug-safety.spec.ts",""
"TC-P4F-012","4F Drug Safety & Prescribing","P1","An NDPS drug shows the dual-verification warning at prescribing time","1) Start a consultation for PT-QA-0001 at /opd 2) Open the Rx & Orders tab and click ""Add Drug"" 3) Search and select Morphine Sulphate 4) Read the panel beneath the form","A warning reads ""NDPS Drug — Dual verification required before dispensing"".","","Master data — Drug master → Morphine Sulphate (NDPS)","Pharmacy","drug_master rows plus hospital_config_values for drug_routes and drug_frequencies (Settings → Drugs, Settings → Configurable Dropdowns)","","","","","P4-S01","A prescriber with no on-screen signal that a drug carries a statutory register and a two-signature rule will write it like any other, and the pharmacy discovers the problem at the counter.","Positive","doctor (Hospital A)","drug_master where hospital_id = A and brand_name = 'Morphine Sulphate' → is_ndps = true","e2e/phase-04-opd-journey/P4F.drug-safety.spec.ts",""
"TC-P4F-013","4F Drug Safety & Prescribing","P1","A prescribed NDPS drug is badged on the prescription line","1) Start a consultation for PT-QA-0001 at /opd 2) Add Morphine Sulphate, 10 mg, SOS, 3 days in the Rx & Orders tab 3) Read the prescription line","The line carries an NDPS badge.","","phase4.prescription.ndps — Morphine Sulphate 10 mg SOS","Pharmacy","drug_master rows plus hospital_config_values for drug_routes and drug_frequencies (Settings → Drugs, Settings → Configurable Dropdowns)","","","","","P4-S01","The pharmacist reads the prescription line, not the entry form, so the badge is the only visual cue they get before dispensing a controlled drug.","Positive","doctor (Hospital A)","None","e2e/phase-04-opd-journey/P4F.drug-safety.spec.ts",""
"TC-P4F-014","4F Drug Safety & Prescribing","P1","An allergic patient's allergies are surfaced in the Rx tab","1) Start a consultation for PT-QA-0011 at /opd 2) Open the Rx & Orders tab 3) Read the allergy banner at the top","A banner displays the recorded Penicillin allergy.","","PT-QA-0011 Fatima Begum — ALLERGY: Penicillin","Pharmacy","drug_master rows plus hospital_config_values for drug_routes and drug_frequencies (Settings → Drugs, Settings → Configurable Dropdowns)","","","","","P4-S11","The banner is the doctor's last human-readable warning before the software's, and a doctor who never sees the allergy has no chance to catch what the check misses.","Positive","doctor (Hospital A)","patients where hospital_id = A and uhid = 'PT-QA-0011' → allergies contains Penicillin","e2e/phase-04-opd-journey/P4F.drug-safety.spec.ts",""
"TC-P4F-015","4F Drug Safety & Prescribing","P1","The cross-reactivity reference data this check depends on exists","1) In Supabase, select allergen and cross_reacts from drug_allergy_cross_reactivity where allergen matches penicillin","A penicillin row exists whose cross_reacts array includes amoxicillin.","","None","Pharmacy","None — reference data ships in migration 20260327071615","","","","","P4-S11","Without this reference row the allergy check can only ever catch an exact name match, so every cross-reactive drug passes silently and the feature gives false assurance.","Positive","doctor (Hospital A)","drug_allergy_cross_reactivity where allergen ilike '%penicillin%' → cross_reacts contains amoxicillin","e2e/phase-04-opd-journey/P4F.drug-safety.spec.ts",""
"TC-P4F-016","4F Drug Safety & Prescribing","P1","Prescribing the generic cross-reactive drug blocks with a contraindication","1) Start a consultation for PT-QA-0011 (Penicillin allergy) at /opd 2) Open the Rx & Orders tab and click ""Add Drug"" 3) Enter Amoxicillin, 500 mg, 5 days 4) Click ""Add to Prescription""","A contraindication alert is raised before the drug is added, naming the conflict.","","PT-QA-0011 Fatima Begum; drug Amoxicillin (generic)","Pharmacy","drug_master rows plus hospital_config_values for drug_routes and drug_frequencies (Settings → Drugs, Settings → Configurable Dropdowns)","","","","","P4-S11","This is the exact case the cross-reactivity table exists for, and anaphylaxis in a busy OPD with no resuscitation trolley at hand is the failure mode being prevented.","Negative","doctor (Hospital A)","drug_allergy_cross_reactivity where allergen ilike '%penicillin%' → cross_reacts contains amoxicillin","e2e/phase-04-opd-journey/P4F.drug-safety.spec.ts",""
"TC-P4F-017","4F Drug Safety & Prescribing","P2","The contraindication names the allergy and the drug that conflicts","1) Start a consultation for PT-QA-0011 at /opd 2) Attempt to add Amoxicillin in the Rx & Orders tab 3) Read the alert text","The alert names Penicillin as the allergy it fired on.","","PT-QA-0011 Fatima Begum; drug Amoxicillin","","drug_master rows plus hospital_config_values for drug_routes and drug_frequencies (Settings → Drugs, Settings → Configurable Dropdowns)","","","","","P4-S11","An alert that says only ""contraindicated"" gives the doctor nothing to weigh a clinical decision against, so it is either ignored or it stops treatment that should have gone ahead.","Positive","doctor (Hospital A)","None","e2e/phase-04-opd-journey/P4F.drug-safety.spec.ts",""
"TC-P4F-018","4F Drug Safety & Prescribing","P1","The override requires a written clinical justification","1) Start a consultation for PT-QA-0011 at /opd 2) Attempt to add Amoxicillin and trigger the contraindication 3) Click ""Override with clinical justification..."" 4) Leave the reason blank 5) Inspect the ""Override and Add Drug"" button","The override submit button stays disabled while the reason is blank.","","PT-QA-0011 Fatima Begum; drug Amoxicillin","","drug_master rows plus hospital_config_values for drug_routes and drug_frequencies (Settings → Drugs, Settings → Configurable Dropdowns)","","","","","P4-S11","An unexplained override is legally indistinguishable from not having checked at all, and the reason field is the only place the clinical rationale is ever captured.","Negative","doctor (Hospital A)","None","e2e/phase-04-opd-journey/P4F.drug-safety.spec.ts",""
"TC-P4F-019","4F Drug Safety & Prescribing","P1","The override also requires an explicit acknowledgement","1) Start a consultation for PT-QA-0011 at /opd 2) Trigger the contraindication on Amoxicillin 3) Click ""Override with clinical justification..."" 4) Enter the reason from phase4.drugSafety but leave the acknowledgement unticked 5) Inspect the submit button","The override submit button remains disabled until the acknowledgement is ticked.","","phase4.drugSafety.overrideReason","","drug_master rows plus hospital_config_values for drug_routes and drug_frequencies (Settings → Drugs, Settings → Configurable Dropdowns)","","","","","P4-S11","The acknowledgement is the deliberate second action that stops a reflex click-through, which is what a single-field override always becomes after the first week.","Boundary","doctor (Hospital A)","None","e2e/phase-04-opd-journey/P4F.drug-safety.spec.ts",""
"TC-P4F-020","4F Drug Safety & Prescribing","P1","An allergy override is recorded against the patient it was made for","1) Start a consultation for PT-QA-0011 at /opd 2) Trigger the contraindication on Amoxicillin 3) Override with the reason from phase4.drugSafety and tick the acknowledgement 4) Read the newest clinical_alerts row with alert_type drug_override","The clinical_alerts row carries patient_id equal to PT-QA-0011's id.","","PT-QA-0011 Fatima Begum; phase4.drugSafety.overrideReason","MRD","drug_master rows plus hospital_config_values for drug_routes and drug_frequencies (Settings → Drugs, Settings → Configurable Dropdowns)","","","","","P4-S11","REGRESSION LOCK for BUG-P4-001..005 batch (BUG-P4-004, fixed): the override used to be written with patient_id NULL, so the promise the modal makes to the prescriber was false and no chart review could ever surface a deliberate contraindication.","Negative","doctor (Hospital A)","clinical_alerts where hospital_id = A and alert_type = 'drug_override' order by created_at desc limit 1 → patient_id = (PT-QA-0011)","e2e/phase-04-opd-journey/P4F.drug-safety.spec.ts",""
"TC-P4F-021","4F Drug Safety & Prescribing","P1","An allergy override records who overrode it","1) Start a consultation for PT-QA-0011 at /opd 2) Trigger the contraindication on Amoxicillin and override it with a written reason 3) Read the newest clinical_alerts row with alert_type drug_override 4) Look for any column identifying the prescriber","The row identifies the prescriber who made the override.","","PT-QA-0011 Fatima Begum; phase4.drugSafety.overrideReason","MRD","drug_master rows plus hospital_config_values for drug_routes and drug_frequencies (Settings → Drugs, Settings → Configurable Dropdowns)","","","","","P4-S11","REGRESSION LOCK (BUG-P4-004, fixed): clinical_alerts had no column naming the decision-maker at all, and scenario P4-S11 requires a reason AND the prescriber identity — an anonymous override cannot be defended at a medico-legal review.","Negative","doctor (Hospital A)","clinical_alerts where hospital_id = A and alert_type = 'drug_override' order by created_at desc limit 1 → a prescriber identity column is populated","e2e/phase-04-opd-journey/P4F.drug-safety.spec.ts",""
"TC-P4F-022","4F Drug Safety & Prescribing","P1","Prescribing the brand name of a cross-reactive drug also blocks","1) Start a consultation for PT-QA-0011 (Penicillin allergy) at /opd 2) Open the Rx & Orders tab and click ""Add Drug"" 3) Search and select Mox 500 (brand name for Amoxicillin) 4) Enter 500 mg for 5 days and click ""Add to Prescription""","A contraindication alert is raised, exactly as it is for the generic name.","","PT-QA-0011 Fatima Begum; phase4.drugSafety.crossReactiveDrug — Mox 500","Pharmacy","drug_master rows plus hospital_config_values for drug_routes and drug_frequencies (Settings → Drugs, Settings → Configurable Dropdowns)","","","","","P4-S11","REGRESSION LOCK (BUG-P4-001, fixed): the check normalised only the strength so ""Mox 500"" became ""mox"" and never matched a cross-reactivity table keyed on generics, which left the allergy guard silent on the brand-name prescribing that is the Indian norm.","Negative","doctor (Hospital A)","drug_master where hospital_id = A and brand_name = 'Mox 500' → generic_name = Amoxicillin","e2e/phase-04-opd-journey/P4F.drug-safety.spec.ts",""
"TC-P4F-023","4F Drug Safety & Prescribing","P1","A combination brand containing the allergen also blocks","1) Start a consultation for PT-QA-0011 at /opd 2) Open the Rx & Orders tab and click ""Add Drug"" 3) Search and select Augmentin 625 (Amoxicillin + Clavulanate) 4) Enter 1 tablet for 5 days and click ""Add to Prescription""","A contraindication alert is raised — co-amoxiclav is listed in the penicillin cross_reacts array.","","PT-QA-0011 Fatima Begum; phase4.drugSafety.crossReactiveCombination — Augmentin 625","Pharmacy","drug_master rows plus hospital_config_values for drug_routes and drug_frequencies (Settings → Drugs, Settings → Configurable Dropdowns)","","","","","P4-S11","REGRESSION LOCK (BUG-P4-001, fixed): co-amoxiclav is listed as cross-reactive with penicillin, so a combination brand must be split into its constituents and each one checked separately.","Negative","doctor (Hospital A)","drug_master where hospital_id = A and brand_name = 'Augmentin 625' → generic_name contains Amoxicillin","e2e/phase-04-opd-journey/P4F.drug-safety.spec.ts",""
"TC-P4F-024","4F Drug Safety & Prescribing","P2","A genuinely safe alternative is added without an alert","1) Start a consultation for PT-QA-0011 at /opd 2) Open the Rx & Orders tab 3) Add Zifi 200 (Cefixime), 200 mg, 5 days 4) Watch for a safety modal","The drug is added with no contraindication alert.","","PT-QA-0011 Fatima Begum; phase4.drugSafety.safeAlternative — Zifi 200","Pharmacy","drug_master rows plus hospital_config_values for drug_routes and drug_frequencies (Settings → Drugs, Settings → Configurable Dropdowns)","","","","","P4-S11","If the check warns the doctor off a drug the reference data does not flag, the alert becomes noise and the genuinely dangerous warnings are dismissed with it.","Positive","doctor (Hospital A)","None","e2e/phase-04-opd-journey/P4F.drug-safety.spec.ts",""
"TC-P4F-025","4F Drug Safety & Prescribing","P1","Adding a drug that interacts with one already prescribed raises an alert","1) Start a consultation for PT-QA-0010 (74, on six medicines) at /opd 2) Open the Rx & Orders tab 3) Add Telma 40, 40 mg, 30 days 4) Add Lasix 40, 40 mg, 30 days 5) Watch for a safety modal","An interaction alert is raised when the second drug is added.","","PT-QA-0010 Krishnamurthy Iyer; phase4.drugSafety.interactionProbePair — Telma 40 + Lasix 40","Pharmacy","drug_master rows plus hospital_config_values for drug_routes and drug_frequencies (Settings → Drugs, Settings → Configurable Dropdowns)","","","","","P4-S10","Polypharmacy in the elderly is where drug interactions actually cause harm, and this is the one place the check must not stay silent.","Positive","doctor (Hospital A)","None","e2e/phase-04-opd-journey/P4F.drug-safety.spec.ts",""
"TC-P4F-026","4F Drug Safety & Prescribing","P1","An interaction alert names both drugs rather than warning generically","1) Start a consultation for PT-QA-0010 at /opd 2) Add Telma 40 then Lasix 40 in the Rx & Orders tab 3) Read the alert text in full","The alert carries a clinical effect, mechanism or severity — not a bare ""interaction detected"".","","PT-QA-0010 Krishnamurthy Iyer; Telma 40 + Lasix 40","","drug_master rows plus hospital_config_values for drug_routes and drug_frequencies (Settings → Drugs, Settings → Configurable Dropdowns)","","","","","P4-S10","Dr. Ramesh's rule applies — more alerts is not better; an alert the doctor cannot act on trains them to dismiss the next one, which is itself a patient-safety harm.","Boundary","doctor (Hospital A)","None","e2e/phase-04-opd-journey/P4F.drug-safety.spec.ts",""
"TC-P4G-001","4G Orders — Lab & Radiology","P1","Lab test chips are rendered from the lab test master","1) Log in as doctor (Hospital A) 2) Open /opd and start a consultation for PT-QA-0001 3) Open the Rx & Orders tab 4) Read the lab test chips","Complete Blood Count appears as a selectable chip.","","Master data — Lab test master → Complete Blood Count","Lab","lab_test_master and radiology_study_master rows configured with fee, sample type and modality (Settings → Lab Tests, Settings → Radiology)","","","","","P4-S12","SETTINGS_PREREQ_MATRIX warns that empty lab chips leave the doctor typing free text, and free text is silently dropped from the order — so an empty catalogue costs both the test and the fee.","Positive","doctor (Hospital A)","lab_test_master where hospital_id = A and is_active = true → Complete Blood Count exists","e2e/phase-04-opd-journey/P4G.orders-lab-radiology.spec.ts",""
"TC-P4G-002","4G Orders — Lab & Radiology","P1","Radiology study chips are rendered from the radiology study master","1) Start a consultation for PT-QA-0001 at /opd 2) Open the Rx & Orders tab 3) Read the radiology study chips","Chest X-Ray PA View appears as a selectable chip.","","Master data — Radiology → Chest X-Ray PA View","Radiology","lab_test_master and radiology_study_master rows configured with fee, sample type and modality (Settings → Lab Tests, Settings → Radiology)","","","","","P4-S13","The same prerequisite failure as the lab chips, and radiology orders carry higher fees so the revenue impact of an empty catalogue is larger.","Positive","doctor (Hospital A)","radiology_study_master where hospital_id = A and is_active = true → Chest X-Ray PA View exists","e2e/phase-04-opd-journey/P4G.orders-lab-radiology.spec.ts",""
"TC-P4G-003","4G Orders — Lab & Radiology","P2","Selecting a lab test moves it into the Selected list","1) Start a consultation for PT-QA-0001 at /opd 2) Open the Rx & Orders tab 3) Click the Complete Blood Count chip 4) Read the Selected panel","A ""Selected (1)"" panel lists Complete Blood Count.","","phase4.orders.labTests — Complete Blood Count","Lab","lab_test_master and radiology_study_master rows configured with fee, sample type and modality (Settings → Lab Tests, Settings → Radiology)","","","","","P4-S12","The doctor has to be able to see what they have actually ordered before finishing the consultation, or they order the same test twice or none at all.","Positive","doctor (Hospital A)","None","e2e/phase-04-opd-journey/P4G.orders-lab-radiology.spec.ts",""
"TC-P4G-004","4G Orders — Lab & Radiology","P1","Completing the consultation creates a real lab_orders row","1) Start a consultation for PT-QA-0001 at /opd 2) Select Complete Blood Count in the Rx & Orders tab 3) Click ""✓ Complete"" 4) Read lab_orders for the patient","A lab_orders row exists for PT-QA-0001.","","phase4.orders.labTests — Complete Blood Count","Lab, Billing","lab_test_master and radiology_study_master rows configured with fee, sample type and modality (Settings → Lab Tests, Settings → Radiology)","","","","","P4-S12","The patient walks to the phlebotomy counter expecting to be bled; if no order exists the lab has no idea they are coming and the sample is never taken.","Cross-Module","doctor (Hospital A)","lab_orders where hospital_id = A and patient_id = (PT-QA-0001) → at least 1 row","e2e/phase-04-opd-journey/P4G.orders-lab-radiology.spec.ts",""
"TC-P4G-005","4G Orders — Lab & Radiology","P1","The lab order carries a line item for the test that was ordered","1) Start a consultation for PT-QA-0001 at /opd 2) Select Complete Blood Count and complete the consultation 3) Read lab_order_items for the new lab order","At least one lab_order_items row exists against the order.","","phase4.orders.labTests — Complete Blood Count","Lab","lab_test_master and radiology_study_master rows configured with fee, sample type and modality (Settings → Lab Tests, Settings → Radiology)","","","","","P4-S12","A header with no items is a ghost order the lab can see but cannot act on, because nothing in it says which test to actually run.","Positive","doctor (Hospital A)","lab_order_items where lab_order_id = (the new lab_orders id) → at least 1 row","e2e/phase-04-opd-journey/P4G.orders-lab-radiology.spec.ts",""
"TC-P4G-006","4G Orders — Lab & Radiology","P1","The lab order is linked back to the OPD encounter that raised it","1) Start a consultation for PT-QA-0001 at /opd 2) Select Complete Blood Count and complete the consultation 3) Compare lab_orders.encounter_id with the opd_encounters row","lab_orders.encounter_id equals the encounter id.","","phase4.orders.labTests — Complete Blood Count","Lab, MRD","lab_test_master and radiology_study_master rows configured with fee, sample type and modality (Settings → Lab Tests, Settings → Radiology)","","","","","P4-S12","With no encounter link the result comes back attached to nothing and never appears in the chart the doctor reviews before the patient leaves.","Cross-Module","doctor (Hospital A)","lab_orders where hospital_id = A and patient_id = (PT-QA-0001) → encounter_id = the opd_encounters id","e2e/phase-04-opd-journey/P4G.orders-lab-radiology.spec.ts",""
"TC-P4G-007","4G Orders — Lab & Radiology","P1","An ordered test shows the BILLED & ORDERED confirmation in the Rx tab","1) Start a consultation for PT-QA-0001 at /opd 2) Select Complete Blood Count and complete the consultation 3) Reopen the token and the Rx & Orders tab 4) Read the chip beside the selected test","The chip displays ""BILLED & ORDERED"".","","phase4.orders.labTests — Complete Blood Count","Lab, Billing","lab_test_master and radiology_study_master rows configured with fee, sample type and modality (Settings → Lab Tests, Settings → Radiology)","","","","","P4-S12","That badge is the doctor's only visual proof the handoff to the lab actually happened; without it they cannot tell a real order from a note they made to themselves.","Positive","doctor (Hospital A)","lab_orders where hospital_id = A and patient_id = (PT-QA-0001) → 1 row (the chip reflects it)","e2e/phase-04-opd-journey/P4G.orders-lab-radiology.spec.ts",""
"TC-P4G-008","4G Orders — Lab & Radiology","P2","Two different tests ordered together each produce an order item","1) Start a consultation for PT-QA-0001 at /opd 2) Select Complete Blood Count and Fasting Blood Sugar in the Rx & Orders tab 3) Complete the consultation 4) Count the lab_order_items rows","At least two lab_order_items rows exist across the patient's lab orders.","","phase4.orders.labTests — Complete Blood Count, Fasting Blood Sugar","Lab, Billing","lab_test_master and radiology_study_master rows configured with fee, sample type and modality (Settings → Lab Tests, Settings → Radiology)","","","","","P4-S12","A missing second test is both an investigation the patient never receives and a fee the hospital never collects, with no error shown to anyone.","Positive","doctor (Hospital A)","lab_order_items joined to lab_orders where patient_id = (PT-QA-0001) → count >= 2","e2e/phase-04-opd-journey/P4G.orders-lab-radiology.spec.ts",""
"TC-P4G-009","4G Orders — Lab & Radiology","P1","A test name not in the catalogue is silently dropped from the order","1) Start a consultation for PT-QA-0001 at /opd 2) In the Rx & Orders tab type the misspelled test name from phase4.orders.offCatalogueTest and add it 3) Complete the consultation 4) Count the lab_order_items rows","CURRENT APP BEHAVIOUR: no lab_order_items row is created for the misspelled test.","","phase4.orders.offCatalogueTest — Compleet Blood Kount","Lab, Billing","lab_test_master and radiology_study_master rows configured with fee, sample type and modality (Settings → Lab Tests, Settings → Radiology)","","","","","P4-S12","SETTINGS_PREREQ_MATRIX documents that an unmatched test is dropped with only an amber banner, so the doctor believes it is ordered, the lab never sees it, and the hospital never bills it.","Negative","doctor (Hospital A)","lab_order_items joined to lab_orders where patient_id = (PT-QA-0001) → 0 rows for the misspelled name","e2e/phase-04-opd-journey/P4G.orders-lab-radiology.spec.ts",""
"TC-P4G-010","4G Orders — Lab & Radiology","P1","The only warning for a dropped test is an amber banner","1) Start a consultation for PT-QA-0001 at /opd 2) Add the misspelled test from phase4.orders.offCatalogueTest and complete the consultation 3) Reopen the token and the Rx & Orders tab 4) Look for any warning about tests not found","An amber ""prescribed tests not found"" banner is shown — there is no toast, no block and no error.","","phase4.orders.offCatalogueTest — Compleet Blood Kount","Lab","lab_test_master and radiology_study_master rows configured with fee, sample type and modality (Settings → Lab Tests, Settings → Radiology)","","","","","P4-S12","If even the amber banner does not appear there is no signal anywhere, on screen or in the database, that an investigation the doctor ordered was thrown away.","Negative","doctor (Hospital A)","lab_order_items joined to lab_orders where patient_id = (PT-QA-0001) → 0 rows for the misspelled name","e2e/phase-04-opd-journey/P4G.orders-lab-radiology.spec.ts",""
"TC-P4G-011","4G Orders — Lab & Radiology","P2","A catalogue test typed in lower case still matches","1) Start a consultation for PT-QA-0001 at /opd 2) In the Rx & Orders tab enter ""complete blood count"" in lower case and add it 3) Complete the consultation 4) Count the lab_order_items rows","At least one lab_order_items row is created — the match is case-insensitive.","","phase4.orders.labTests — Complete Blood Count (lower case)","Lab","lab_test_master and radiology_study_master rows configured with fee, sample type and modality (Settings → Lab Tests, Settings → Radiology)","","","","","P4-S12","If the match becomes case-sensitive, ordinary typing habits start losing orders silently and the failure looks identical to a missing catalogue entry.","Boundary","doctor (Hospital A)","lab_order_items joined to lab_orders where patient_id = (PT-QA-0001) → at least 1 row","e2e/phase-04-opd-journey/P4G.orders-lab-radiology.spec.ts",""
"TC-P4G-012","4G Orders — Lab & Radiology","P1","Ordering the same test twice in one encounter does not duplicate it","1) Start a consultation for PT-QA-0001 at /opd 2) Order Complete Blood Count and complete the consultation 3) Resume the consultation 4) Order Complete Blood Count again and complete 5) Count the lab_order_items rows","Exactly one lab_order_items row exists for the test.","","phase4.orders.labTests — Complete Blood Count","Lab, Billing","lab_test_master and radiology_study_master rows configured with fee, sample type and modality (Settings → Lab Tests, Settings → Radiology)","","","","","P4-S12","A duplicated order means the patient is bled twice and charged twice for one investigation, and the second sample also occupies analyser capacity the lab does not have.","Boundary","doctor (Hospital A)","lab_order_items joined to lab_orders where patient_id = (PT-QA-0001) → exactly 1 row for Complete Blood Count","e2e/phase-04-opd-journey/P4G.orders-lab-radiology.spec.ts",""
"TC-P4G-013","4G Orders — Lab & Radiology","P1","A sample with a barcode is created alongside the lab order","1) Start a consultation for PT-QA-0001 at /opd 2) Order Complete Blood Count and complete the consultation 3) Read lab_samples for the new lab order","A lab_samples row exists with a barcode.","","phase4.orders.labTests — Complete Blood Count","Lab","lab_test_master and radiology_study_master rows configured with fee, sample type and modality (Settings → Lab Tests, Settings → Radiology)","","","","","P4-S12","Without a barcode the phlebotomist has nothing to print, so the tube that reaches the analyser cannot be tied back to this patient and the result may be reported against the wrong person.","Cross-Module","doctor (Hospital A)","lab_samples where lab_order_id = (the new lab_orders id) → barcode is not null","e2e/phase-04-opd-journey/P4G.orders-lab-radiology.spec.ts",""
"TC-P4G-014","4G Orders — Lab & Radiology","P2","The lab order records the clinical indication the doctor gave","1) Start a consultation for PT-QA-0001 at /opd 2) Order Complete Blood Count and complete the consultation 3) Read lab_orders.clinical_notes","The lab_orders row carries a clinical_notes field for the indication.","","phase4.orders.clinicalIndication — Rule out infective aetiology","Lab","lab_test_master and radiology_study_master rows configured with fee, sample type and modality (Settings → Lab Tests, Settings → Radiology)","","","","","P4-S12","A pathologist reporting a borderline value with no clinical context cannot interpret it, so the indication is what turns a number into a usable result.","Positive","doctor (Hospital A)","lab_orders where hospital_id = A and patient_id = (PT-QA-0001) → clinical_notes column present","e2e/phase-04-opd-journey/P4G.orders-lab-radiology.spec.ts",""
"TC-P4G-015","4G Orders — Lab & Radiology","P1","A radiology study ordered in OPD creates a radiology_orders row","1) Start a consultation for PT-QA-0001 at /opd 2) Select Chest X-Ray PA View in the Rx & Orders tab 3) Complete the consultation 4) Read radiology_orders for the patient","A radiology_orders row exists and is linked to the encounter.","","phase4.orders.plainStudy — Chest X-Ray PA View","Radiology, Billing","lab_test_master and radiology_study_master rows configured with fee, sample type and modality (Settings → Lab Tests, Settings → Radiology)","","","","","P4-S13","The radiology worklist is built from these rows; an order that never arrives means the patient waits outside the X-ray room for a scan nobody has been asked to perform.","Cross-Module","doctor (Hospital A)","radiology_orders where hospital_id = A and patient_id = (PT-QA-0001) → encounter_id is not null","e2e/phase-04-opd-journey/P4G.orders-lab-radiology.spec.ts",""
"TC-P4G-016","4G Orders — Lab & Radiology","P1","An obstetric ultrasound ordered in OPD creates a PCPNDT Form F","1) Start a consultation for PT-QA-0012 (22 weeks pregnant) at /opd 2) Select ""USG Obstetric (Level II)"" in the Rx & Orders tab 3) Complete the consultation 4) Read pcpndt_form_f for the new radiology order","A pcpndt_form_f row exists against the radiology order.","","PT-QA-0012 Deepa Nair; phase4.orders.obstetricStudy — USG Obstetric (Level II)","Radiology, HMIS","lab_test_master and radiology_study_master rows configured with fee, sample type and modality (Settings → Lab Tests, Settings → Radiology)","","","","","P4-S13","REGRESSION LOCK (BUG-P4-002, fixed): Form F existed in only one call site and the OPD consultation path did not call it, so the commonest way to order an obstetric scan generated none at all — under the PCPNDT Act that is a criminal exposure, not a reporting gap.","Negative","doctor (Hospital A)","pcpndt_form_f where order_id = (the new radiology_orders id) → at least 1 row","e2e/phase-04-opd-journey/P4G.orders-lab-radiology.spec.ts",""
"TC-P4G-017","4G Orders — Lab & Radiology","P1","An obstetric ultrasound order is flagged is_pcpndt","1) Start a consultation for PT-QA-0012 at /opd 2) Order ""USG Obstetric (Level II)"" and complete the consultation 3) Read radiology_orders.is_pcpndt","is_pcpndt = true on the new radiology order.","","PT-QA-0012 Deepa Nair; phase4.orders.obstetricStudy","Radiology, HMIS","lab_test_master and radiology_study_master rows configured with fee, sample type and modality (Settings → Lab Tests, Settings → Radiology)","","","","","P4-S13","REGRESSION LOCK (BUG-P4-002, fixed): without the is_pcpndt flag the register cannot find the scan retrospectively either, so a shortfall cannot be reconciled before an inspection finds it.","Negative","doctor (Hospital A)","radiology_orders where hospital_id = A and patient_id = (PT-QA-0012) → is_pcpndt = true","e2e/phase-04-opd-journey/P4G.orders-lab-radiology.spec.ts",""
"TC-P4G-018","4G Orders — Lab & Radiology","P1","An obstetric study whose name omits the word obstetric still creates a Form F","1) Start a consultation for PT-QA-0012 at /opd 2) Select ""USG Pregnancy Profile"" in the Rx & Orders tab 3) Complete the consultation 4) Read pcpndt_form_f for the new radiology order","A pcpndt_form_f row exists even though the study name does not contain the word ""obstetric"".","","PT-QA-0012 Deepa Nair; phase4.orders.obstetricStudyVariant — USG Pregnancy Profile","Radiology, HMIS","lab_test_master and radiology_study_master rows configured with fee, sample type and modality (Settings → Lab Tests, Settings → Radiology)","","","","","P4-S13","REGRESSION LOCK (BUG-P4-003, fixed): the trigger was a substring match on ""obstetric"", so a hospital naming its studies differently got no Form F even on the path that had one — a statutory trigger must key on a study-master flag, not on a free-text label.","Boundary","doctor (Hospital A)","pcpndt_form_f where order_id = (the radiology_orders id for USG Pregnancy Profile) → at least 1 row","e2e/phase-04-opd-journey/P4G.orders-lab-radiology.spec.ts",""
"TC-P4G-019","4G Orders — Lab & Radiology","P1","A non-obstetric ultrasound must not create a Form F","1) Start a consultation for PT-QA-0001 at /opd 2) Select ""USG Abdomen & Pelvis"" in the Rx & Orders tab 3) Complete the consultation 4) Read pcpndt_form_f for the new radiology order","No pcpndt_form_f row exists for the abdominal ultrasound.","","phase4.orders.nonObstetricStudy — USG Abdomen & Pelvis","Radiology","lab_test_master and radiology_study_master rows configured with fee, sample type and modality (Settings → Lab Tests, Settings → Radiology)","","","","","P4-S13","A register padded with non-obstetric scans is unusable at inspection and invites the scrutiny the hospital is trying to avoid, so false positives are their own problem.","Negative","doctor (Hospital A)","pcpndt_form_f where order_id = (the radiology_orders id for USG Abdomen & Pelvis) → 0 rows","e2e/phase-04-opd-journey/P4G.orders-lab-radiology.spec.ts",""
"TC-P4G-020","4G Orders — Lab & Radiology","P2","An off-catalogue radiology study is ordered anyway, unlike a lab test","1) Start a consultation for PT-QA-0001 at /opd 2) Enter an unknown study name in the radiology box and add it 3) Complete the consultation 4) Read radiology_orders for the patient","CURRENT APP BEHAVIOUR: a radiology_orders row IS created with a fallback modality, unlike the lab path which drops the unmatched test.","","Unknown study ""Zzz Imaging Study 999""","Radiology","lab_test_master and radiology_study_master rows configured with fee, sample type and modality (Settings → Lab Tests, Settings → Radiology)","","","","","P4-S12","The two sibling sync functions handle the same failure in opposite directions, so a doctor cannot form one mental model of what happens to a mistyped investigation.","Negative","doctor (Hospital A)","radiology_orders where hospital_id = A and patient_id = (PT-QA-0001) → at least 1 row for the unknown study","e2e/phase-04-opd-journey/P4G.orders-lab-radiology.spec.ts",""
"TC-P4G-021","4G Orders — Lab & Radiology","P1","A lab order raised in OPD carries a billing status for charging","1) Start a consultation for PT-QA-0001 at /opd 2) Order Complete Blood Count and complete the consultation 3) Read lab_orders.billing_status","billing_status is populated (unbilled on creation).","","phase4.orders.labTests — Complete Blood Count","Billing, Lab","lab_test_master and radiology_study_master rows configured with fee, sample type and modality (Settings → Lab Tests, Settings → Radiology)","","","","","P4-S12","Unbilled investigations are the largest single source of OPD revenue leakage, and without a status nothing tells the billing module whether this test has been charged.","Cross-Module","doctor (Hospital A)","lab_orders where hospital_id = A and patient_id = (PT-QA-0001) → billing_status is not null","e2e/phase-04-opd-journey/P4G.orders-lab-radiology.spec.ts",""
"TC-P4G-022","4G Orders — Lab & Radiology","P1","A lab technician can see the order the OPD doctor raised","1) As the doctor, order Complete Blood Count for PT-QA-0001 at /opd and complete the consultation 2) Log out 3) Log in as lab_technician (Hospital A) 4) Open /lab 5) Look for the patient in the pending list","Ramesh Kumar appears in the lab worklist.","","PT-QA-0001 Ramesh Kumar; Complete Blood Count","Lab","lab_test_master and radiology_study_master rows configured with fee, sample type and modality (Settings → Lab Tests, Settings → Radiology)","","","","","P4-S12","The cross-module handoff is the whole point of this phase; an order nobody in the lab can see is a piece of paper the patient has to carry across the hospital themselves.","RBAC","lab_technician (Hospital A)","lab_orders where hospital_id = A and patient_id = (PT-QA-0001) → row exists and is visible to the lab role","e2e/phase-04-opd-journey/P4G.orders-lab-radiology.spec.ts",""
"TC-P4H-001","4H Billing & Discounts","P1","Completing a consultation produces a bill with a consultation line","1) Register a walk-in for PT-QA-0001 at /opd with Dr. Suresh Menon 2) Start and complete the consultation 3) Read bills and bill_line_items for today","An OPD bill exists with at least one bill_line_items row of item_type consultation.","","PT-QA-0001 Ramesh Kumar; Dr. Suresh Menon ₹500","Billing, Accounts","service_master consultation rows configured; discount_approval_rules set in Settings → Approvals","","","","","P4-S01","Completing the consultation is the authoritative charge-creation point; if the line is missing the doctor saw the patient and the hospital charged for nothing.","Cross-Module","hospital_admin (Hospital A)","bill_line_items where bill_id = (today's OPD bill for PT-QA-0001) and item_type = consultation → at least 1 row","e2e/phase-04-opd-journey/P4H.billing-discounts-payments.spec.ts",""
"TC-P4H-002","4H Billing & Discounts","P1","The consultation line is priced at the doctor's configured fee","1) Register a walk-in for PT-QA-0001 with Dr. Suresh Menon at /opd 2) Complete the consultation 3) Read the consultation line item amount","The consultation line total_amount is ₹500.","","PT-QA-0001; Dr. Suresh Menon ₹500","Billing","service_master consultation rows configured; discount_approval_rules set in Settings → Approvals","","","","","P4-S01","A ₹500 default silently replacing the hospital's own rate card is exactly the leak the prerequisite matrix warns about, and the line item is where it becomes visible.","Positive","hospital_admin (Hospital A)","bill_line_items where bill_id = (today's OPD bill for PT-QA-0001) and item_type = consultation → total_amount = 500","e2e/phase-04-opd-journey/P4H.billing-discounts-payments.spec.ts",""
"TC-P4H-003","4H Billing & Discounts","P1","The encounter is stamped as billed so the charge cannot be raised again","1) Register a walk-in for PT-QA-0001 at /opd and complete the consultation 2) Read opd_encounters.consultation_billed","consultation_billed = true.","","PT-QA-0001 Ramesh Kumar","Billing","service_master consultation rows configured; discount_approval_rules set in Settings → Approvals","","","","","P4-S01","This flag is the idempotency guard; without it every reopen of the consultation adds another consultation charge to the same visit.","Positive","hospital_admin (Hospital A)","opd_encounters where hospital_id = A and patient_id = (PT-QA-0001) → consultation_billed = true","e2e/phase-04-opd-journey/P4H.billing-discounts-payments.spec.ts",""
"TC-P4H-004","4H Billing & Discounts","P1","Completing the same consultation twice adds only one consultation line","1) Register a walk-in for PT-QA-0001 at /opd and complete the consultation 2) Reselect the token and click ""↻ Resume Consultation"" 3) Click ""✓ Complete"" again 4) Count the consultation line items on the bill","Exactly one bill_line_items row with item_type consultation exists.","","PT-QA-0001 Ramesh Kumar","Billing","service_master consultation rows configured; discount_approval_rules set in Settings → Approvals","","","","","P4-S01","A patient charged twice for one consultation is the most common billing complaint an Indian OPD receives, and it is guarded three separate ways precisely because it keeps recurring.","Boundary","hospital_admin (Hospital A)","bill_line_items where bill_id = (today's OPD bill for PT-QA-0001) and item_type = consultation → exactly 1 row","e2e/phase-04-opd-journey/P4H.billing-discounts-payments.spec.ts",""
"TC-P4H-005","4H Billing & Discounts","P1","Re-completing does not inflate the bill total","1) Register a walk-in for PT-QA-0001 at /opd and complete the consultation 2) Note bills.total_amount 3) Resume and complete the consultation again 4) Read bills.total_amount again","The total is unchanged.","","PT-QA-0001; Dr. Suresh Menon ₹500","Billing","service_master consultation rows configured; discount_approval_rules set in Settings → Approvals","","","","","P4-S01","A total that grows each time a consultation is reopened means the amount the patient pays depends on how many times the doctor clicked, which is indefensible at the counter.","Boundary","hospital_admin (Hospital A)","bills where hospital_id = A and patient_id = (PT-QA-0001) and bill_type = opd and bill_date = today → total_amount unchanged after the second completion","e2e/phase-04-opd-journey/P4H.billing-discounts-payments.spec.ts",""
"TC-P4H-006","4H Billing & Discounts","P1","The bill is linked to the encounter that generated it","1) Register a walk-in for PT-QA-0001 at /opd and complete the consultation 2) Compare bills.encounter_id with the opd_encounters id","bills.encounter_id equals the encounter id.","","PT-QA-0001 Ramesh Kumar","Billing, MRD","service_master consultation rows configured; discount_approval_rules set in Settings → Approvals","","","","","P4-S01","Nothing connects the money to the clinical episode without this link, so no audit can show what the patient was actually charged for.","Cross-Module","hospital_admin (Hospital A)","bills where hospital_id = A and patient_id = (PT-QA-0001) and bill_date = today → encounter_id = the opd_encounters id","e2e/phase-04-opd-journey/P4H.billing-discounts-payments.spec.ts",""
"TC-P4H-007","4H Billing & Discounts","P1","The bill number is minted by the database, not by the client","1) Register a walk-in for PT-QA-0001 at /opd and complete the consultation 2) Read bills.bill_number","bill_number is populated.","","PT-QA-0001 Ramesh Kumar","Billing, Accounts","service_master consultation rows configured; discount_approval_rules set in Settings → Approvals","","","","","P4-S01","The BEFORE INSERT trigger mints the number inside the transaction so a failed insert rolls the counter back; a gap in the bill series is the first thing a GST audit asks about.","Positive","hospital_admin (Hospital A)","bills where hospital_id = A and patient_id = (PT-QA-0001) and bill_date = today → bill_number is not null","e2e/phase-04-opd-journey/P4H.billing-discounts-payments.spec.ts",""
"TC-P4H-008","4H Billing & Discounts","P1","Two bills raised the same day carry different bill numbers","1) Register a walk-in for PT-QA-0001 at /opd and complete the consultation 2) Register a walk-in for PT-QA-0003 and complete that consultation 3) Compare the two bill_number values","The two bills carry different numbers.","","PT-QA-0001 Ramesh Kumar, PT-QA-0003 Anitha Menon","Billing, Accounts","service_master consultation rows configured; discount_approval_rules set in Settings → Approvals","","","","","P4-S01","Duplicate invoice numbers invalidate the GST return for the whole month, and the error is only discovered when the return is filed weeks later.","Boundary","hospital_admin (Hospital A)","bills where hospital_id = A and bill_type = opd and bill_date = today → the two rows have distinct bill_number values","e2e/phase-04-opd-journey/P4H.billing-discounts-payments.spec.ts",""
"TC-P4H-009","4H Billing & Discounts","P1","Paying the full fee at the desk leaves no balance","1) Register a walk-in for PT-QA-0001 at /opd with Dr. Suresh Menon 2) Pay the full ₹500 in cash and issue the token 3) Read bills.balance_due","balance_due = 0.","","PT-QA-0001; Dr. Suresh Menon ₹500","Billing","service_master consultation rows configured; discount_approval_rules set in Settings → Approvals","","","","","P4-S01","A patient who paid in full and is still chased through pending collections loses confidence in the hospital's billing, and the desk cannot prove otherwise.","Positive","hospital_admin (Hospital A)","bills where hospital_id = A and patient_id = (PT-QA-0001) and bill_type = opd and bill_date = today → balance_due = 0","e2e/phase-04-opd-journey/P4H.billing-discounts-payments.spec.ts",""
"TC-P4H-010","4H Billing & Discounts","P1","A cash payment at the desk records the payment mode","1) Register a walk-in for PT-QA-0001 at /opd 2) Choose Cash on the payment step and issue the token 3) Read bill_payments for the new bill","A bill_payments row exists with a cash payment mode.","","PT-QA-0001; phase4.money.paymentModeCash","Billing, Accounts","service_master consultation rows configured; discount_approval_rules set in Settings → Approvals","","","","","P4-S01","Day-closure reconciliation splits cash from digital collections, and a payment with no mode lands in neither total so the cashier's drawer never balances.","Positive","hospital_admin (Hospital A)","bill_payments where bill_id = (today's OPD bill for PT-QA-0001) → payment_mode = cash","e2e/phase-04-opd-journey/P4H.billing-discounts-payments.spec.ts",""
"TC-P4H-011","4H Billing & Discounts","P2","A UPI payment records the transaction reference","1) Register a walk-in for PT-QA-0001 at /opd 2) Choose UPI on the payment step and enter the reference from phase4.money 3) Issue the token 4) Read the bill_payments row","The payment row carries the UPI reference QA-UPI-P4-000117.","","phase4.money.upiReference — QA-UPI-P4-000117","Billing, Accounts","service_master consultation rows configured; discount_approval_rules set in Settings → Approvals","","","","","P4-S01","A disputed digital payment cannot be traced back to the gateway without the reference, and UPI is now the majority payment method at an Indian hospital counter.","Positive","hospital_admin (Hospital A)","bill_payments where bill_id = (today's OPD bill for PT-QA-0001) → the row contains QA-UPI-P4-000117","e2e/phase-04-opd-journey/P4H.billing-discounts-payments.spec.ts",""
"TC-P4H-012","4H Billing & Discounts","P1","A partly-paid bill keeps the outstanding balance","1) Register a walk-in for PT-QA-0013 at /opd and complete the consultation 2) Record a ₹300 payment against the ₹500 bill 3) Compare the bill total with the sum of payments","The bill total minus the payments received is greater than zero.","","PT-QA-0013 Ganesh Pawar; phase4.money.partialPaymentAmount = 300","Billing","service_master consultation rows configured; discount_approval_rules set in Settings → Approvals","","","","","P4-S21","A part-paid patient treated as settled is money the hospital never chases, and in an OPD taking part payments all day the shortfall compounds quickly.","Boundary","hospital_admin (Hospital A)","bill_payments where bill_id = (today's OPD bill for PT-QA-0013) → sum(amount) = 300 against a bill total of 500","e2e/phase-04-opd-journey/P4H.billing-discounts-payments.spec.ts",""
"TC-P4H-013","4H Billing & Discounts","P1","A partly-paid bill is not marked as fully paid","1) Register a walk-in for PT-QA-0013 at /opd and complete the consultation 2) Record a ₹300 payment against the ₹500 bill 3) Read bills.payment_status","payment_status is not 'paid'.","","PT-QA-0013 Ganesh Pawar; ₹300 of ₹500","Billing","service_master consultation rows configured; discount_approval_rules set in Settings → Approvals","","","","","P4-S21","A bill with an outstanding balance flagged as paid disappears from pending collections, and the shortfall is never recovered because nobody knows it exists.","Negative","hospital_admin (Hospital A)","bills where hospital_id = A and patient_id = (PT-QA-0013) and bill_type = opd and bill_date = today → payment_status != paid","e2e/phase-04-opd-journey/P4H.billing-discounts-payments.spec.ts",""
"TC-P4H-014","4H Billing & Discounts","P2","An unpaid OPD bill is visible on the billing screen for follow-up","1) Register a walk-in for PT-QA-0013 at /opd and complete the consultation 2) Open /billing 3) Look for the patient in the bill list","Ganesh Pawar's open bill appears on /billing.","","PT-QA-0013 Ganesh Pawar","Billing","service_master consultation rows configured; discount_approval_rules set in Settings → Approvals","","","","","P4-S21","Nobody can collect what nobody can see, so a patient with an open balance who is absent from the billing screen is a write-off by omission.","Positive","hospital_admin (Hospital A)","bills where hospital_id = A and patient_id = (PT-QA-0013) and bill_type = opd and bill_date = today → 1 row, listed on /billing","e2e/phase-04-opd-journey/P4H.billing-discounts-payments.spec.ts",""
"TC-P4H-015","4H Billing & Discounts","P1","The discount approval thresholds are configured for this tenant","1) In Supabase, select value from hospital_settings where key = discount_approval_rules and hospital_id = A","A discount_approval_rules row exists with t1, t2 and t3 thresholds and approver role sets.","","Master data — Discount approval rules","Billing","service_master consultation rows configured; discount_approval_rules set in Settings → Approvals","","","","","P4-S20","Without the row the discount tab silently falls back to its own built-in defaults, so the hospital's actual approval policy is not enforced and nobody is told it is being ignored.","Positive","hospital_admin (Hospital A)","hospital_settings where hospital_id = A and key = 'discount_approval_rules' → 1 row with t1_amount, t1_pct, t2_amount, t2_pct, t2_roles, t3_roles","e2e/phase-04-opd-journey/P4H.billing-discounts-payments.spec.ts",""
"TC-P4H-016","4H Billing & Discounts","P1","A discount inside the free tier is applied without approval","1) Register a walk-in for PT-QA-0014 at /opd and complete the consultation 2) Open /billing and select the bill 3) Open the Discount tab 4) Enter a percentage one point below the configured free threshold with the reason from phase4.money 5) Submit","The discount is applied directly, the bill status does not become pending_approval, and discount_amount is greater than zero.","","PT-QA-0014 Mohan Rao; phase4.money.discountReason","Billing","service_master consultation rows configured; discount_approval_rules set in Settings → Approvals","","","","","P4-S20","Every small goodwill rounding-off at the counter would otherwise need a manager, and a queue that stops for a ₹20 concession is a queue nobody will use as designed.","Positive","hospital_admin (Hospital A)","bills where hospital_id = A and patient_id = (PT-QA-0014) and bill_date = today → discount_amount > 0 and bill_status != pending_approval","e2e/phase-04-opd-journey/P4H.billing-discounts-payments.spec.ts",""
"TC-P4H-017","4H Billing & Discounts","P1","A free-tier discount is still written to the approvals log for audit","1) Apply a below-threshold discount to PT-QA-0014's OPD bill at /billing 2) Read bill_discount_approvals for that bill","An approvals row exists with status = approved.","","PT-QA-0014 Mohan Rao; phase4.money.discountReason","Billing, Accounts","service_master consultation rows configured; discount_approval_rules set in Settings → Approvals","","","","","P4-S20","Discounts that leave no trace are how counter fraud goes unnoticed for months, so even an auto-approved concession has to be recorded with its reason and its author.","Positive","hospital_admin (Hospital A)","bill_discount_approvals where bill_id = (today's OPD bill for PT-QA-0014) → status = approved","e2e/phase-04-opd-journey/P4H.billing-discounts-payments.spec.ts",""
"TC-P4H-018","4H Billing & Discounts","P1","A discount at exactly the free-tier percentage still needs no approval","1) Register a walk-in for PT-QA-0014 at /opd and complete the consultation 2) Open /billing and the Discount tab 3) Enter exactly the configured t1 percentage with a reason 4) Submit","The bill status does not become pending_approval — the threshold value itself is inside the free tier.","","PT-QA-0014 Mohan Rao; discount at exactly the t1 percentage","Billing","service_master consultation rows configured; discount_approval_rules set in Settings → Approvals","","","","","P4-S20","The comparison is ""percentage less than or equal to the threshold"", so an off-by-one sends the most common discount in the hospital to a manager every single time.","Boundary","hospital_admin (Hospital A)","bills where hospital_id = A and patient_id = (PT-QA-0014) and bill_date = today → bill_status != pending_approval","e2e/phase-04-opd-journey/P4H.billing-discounts-payments.spec.ts",""
"TC-P4H-019","4H Billing & Discounts","P1","One point above the free tier requires approval","1) Register a walk-in for PT-QA-0014 at /opd and complete the consultation 2) Open /billing and the Discount tab 3) Enter one percentage point above the configured t1 threshold with a reason 4) Submit","bills.bill_status becomes 'pending_approval'.","","PT-QA-0014 Mohan Rao; discount one point above t1","Billing","service_master consultation rows configured; discount_approval_rules set in Settings → Approvals","","","","","P4-S20","If the threshold does not bite one point above itself it does not bite at all, and any amount can then be discounted at the counter without a second signature.","Boundary","hospital_admin (Hospital A)","bills where hospital_id = A and patient_id = (PT-QA-0014) and bill_date = today → bill_status = pending_approval","e2e/phase-04-opd-journey/P4H.billing-discounts-payments.spec.ts",""
"TC-P4H-020","4H Billing & Discounts","P1","An above-threshold discount creates a pending approval request","1) Submit an above-threshold discount on PT-QA-0014's OPD bill at /billing 2) Read bill_discount_approvals for that bill","An approvals row exists with status = pending.","","PT-QA-0014 Mohan Rao; phase4.money.discountReason","Billing","service_master consultation rows configured; discount_approval_rules set in Settings → Approvals","","","","","P4-S20","Without a request row the approver has nothing to act on, so the bill sits blocked and the patient waits at the counter for a decision nobody has been asked to make.","Positive","hospital_admin (Hospital A)","bill_discount_approvals where bill_id = (today's OPD bill for PT-QA-0014) → status = pending","e2e/phase-04-opd-journey/P4H.billing-discounts-payments.spec.ts",""
"TC-P4H-021","4H Billing & Discounts","P1","The discount is not applied to the bill while approval is pending","1) Submit an above-threshold discount on PT-QA-0014's OPD bill at /billing 2) Read bills.discount_amount before any approval","discount_amount remains 0 while the request is pending.","","PT-QA-0014 Mohan Rao; above-threshold discount","Billing","service_master consultation rows configured; discount_approval_rules set in Settings → Approvals","","","","","P4-S20","If the money comes off before anyone approves it, the approval step is recording a decision that has already been taken and cannot be reversed at the counter.","Negative","hospital_admin (Hospital A)","bills where hospital_id = A and patient_id = (PT-QA-0014) and bill_date = today → discount_amount = 0 while the approval is pending","e2e/phase-04-opd-journey/P4H.billing-discounts-payments.spec.ts",""
"TC-P4H-022","4H Billing & Discounts","P1","The approval row freezes the roles allowed to approve it","1) Submit an above-threshold discount on PT-QA-0014's OPD bill at /billing 2) Read bill_discount_approvals.required_approver_roles","required_approver_roles holds a non-empty role set.","","PT-QA-0014 Mohan Rao; Discount approval rules","Billing","service_master consultation rows configured; discount_approval_rules set in Settings → Approvals","","","","","P4-S20","With no recorded role set anyone could approve the request, which makes the whole threshold decorative and removes the second signature it exists to require.","Positive","hospital_admin (Hospital A)","bill_discount_approvals where bill_id = (today's OPD bill for PT-QA-0014) → required_approver_roles is a non-empty array","e2e/phase-04-opd-journey/P4H.billing-discounts-payments.spec.ts",""
"TC-P4H-023","4H Billing & Discounts","P1","A discount above the second tier escalates to the higher approver set","1) Register a walk-in for PT-QA-0014 at /opd and complete the consultation 2) Open /billing and the Discount tab 3) Enter a percentage above the configured t2 threshold with a reason 4) Submit 5) Read required_approver_roles","required_approver_roles equals the configured t3 role set rather than the t2 one.","","PT-QA-0014 Mohan Rao; discount above the t2 threshold","Billing","service_master consultation rows configured; discount_approval_rules set in Settings → Approvals","","","","","P4-S20","The whole point of tiering is that a 50% write-off is not signed off by the same person as a 10% one, so a collapsed escalation removes the control at exactly the amounts that matter.","Boundary","hospital_admin (Hospital A)","bill_discount_approvals where bill_id = (today's OPD bill for PT-QA-0014) → required_approver_roles = the configured t3_roles","e2e/phase-04-opd-journey/P4H.billing-discounts-payments.spec.ts",""
"TC-P4H-024","4H Billing & Discounts","P1","Changing the rules later does not alter an approval already in flight","1) Submit an above-threshold discount on PT-QA-0014's OPD bill at /billing and note required_approver_roles 2) Change the t2_roles value in hospital_settings.discount_approval_rules 3) Re-read the same approvals row 4) Restore the original setting","required_approver_roles on the existing row is unchanged.","","PT-QA-0014 Mohan Rao; Discount approval rules edited mid-flight","Billing","service_master consultation rows configured; discount_approval_rules set in Settings → Approvals","","","","","P4-S20","The roles are frozen onto the row at creation for exactly this reason — otherwise a pending request can be unlocked simply by editing the settings page, which defeats the approval entirely.","Boundary","hospital_admin (Hospital A)","bill_discount_approvals where bill_id = (today's OPD bill for PT-QA-0014) → required_approver_roles unchanged after the settings edit","e2e/phase-04-opd-journey/P4H.billing-discounts-payments.spec.ts",""
"TC-P4H-025","4H Billing & Discounts","P1","A discount with no reason is refused","1) Register a walk-in for PT-QA-0014 at /opd and complete the consultation 2) Open /billing and the Discount tab 3) Enter 10% and leave the reason blank 4) Submit","An ""Enter discount amount and reason"" message blocks the submission.","","PT-QA-0014 Mohan Rao; 10% with no reason","Billing","service_master consultation rows configured; discount_approval_rules set in Settings → Approvals","","","","","P4-S20","An unexplained write-off cannot be defended to an auditor and is indistinguishable from a staff member pocketing the difference at the counter.","Negative","hospital_admin (Hospital A)","bill_discount_approvals where bill_id = (today's OPD bill for PT-QA-0014) → no row created without a reason","e2e/phase-04-opd-journey/P4H.billing-discounts-payments.spec.ts",""
"TC-P4H-026","4H Billing & Discounts","P1","A discount larger than the bill is refused","1) Register a walk-in for PT-QA-0014 at /opd and complete the consultation 2) Open /billing and the Discount tab 3) Enter 150% with a reason 4) Submit 5) Read bills.total_amount","The bill total does not go negative.","","PT-QA-0014 Mohan Rao; 150% discount","Billing, Accounts","service_master consultation rows configured; discount_approval_rules set in Settings → Approvals","","","","","P4-S20","A negative total means the hospital owes the patient money for a consultation they received, and the accounting entry that follows it cannot be reconciled.","Boundary","hospital_admin (Hospital A)","bills where hospital_id = A and patient_id = (PT-QA-0014) and bill_date = today → total_amount >= 0","e2e/phase-04-opd-journey/P4H.billing-discounts-payments.spec.ts",""
"TC-P4H-027","4H Billing & Discounts","P2","A zero discount is refused","1) Register a walk-in for PT-QA-0014 at /opd and complete the consultation 2) Open /billing and the Discount tab 3) Enter 0 with a reason 4) Submit","A ""greater than zero"" message blocks the submission.","","PT-QA-0014 Mohan Rao; 0% discount","Billing","service_master consultation rows configured; discount_approval_rules set in Settings → Approvals","","","","","P4-S20","Zero-value approvals fill the audit log with rows that record nothing, which makes the log harder to read at exactly the moment somebody is looking for a real one.","Negative","hospital_admin (Hospital A)","bill_discount_approvals where bill_id = (today's OPD bill for PT-QA-0014) → no zero-value row created","e2e/phase-04-opd-journey/P4H.billing-discounts-payments.spec.ts",""
"TC-P4H-028","4H Billing & Discounts","P1","A bill awaiting discount approval cannot be finalised","1) Submit an above-threshold discount on PT-QA-0014's OPD bill at /billing 2) Attempt to click ""Finalise Bill"" 3) Read bills.bill_status","The bill remains at 'pending_approval'.","","PT-QA-0014 Mohan Rao; above-threshold discount","Billing","service_master consultation rows configured; discount_approval_rules set in Settings → Approvals","","","","","P4-S20","If a bill can be finalised while its discount is still awaiting sign-off, the approval is meaningless because the money has already left the building.","Negative","hospital_admin (Hospital A)","bills where hospital_id = A and patient_id = (PT-QA-0014) and bill_date = today → bill_status = pending_approval","e2e/phase-04-opd-journey/P4H.billing-discounts-payments.spec.ts",""
"TC-P4I-001","4I Downstream Hops","P2","The Admit action is available during a consultation","1) Log in as doctor (Hospital A) 2) Register a walk-in for PT-QA-0001 at /opd and start the consultation 3) Look for the Admit control in the action bar","An ""Admit"" button is visible.","","PT-QA-0001 Ramesh Kumar","IPD","wards and beds configured with rate_per_day (Settings → Wards)","","","","","P4-S15","A doctor who decides mid-consultation that the patient needs admission would otherwise have to send them back to the front desk to be registered a second time.","Positive","doctor (Hospital A)","None","e2e/phase-04-opd-journey/P4I.downstream-hops.spec.ts",""
"TC-P4I-002","4I Downstream Hops","P2","Opening Admit from the workspace pre-selects the consultation's patient","1) Start a consultation for PT-QA-0001 at /opd 2) Click ""Admit"" 3) Read the modal","The admission modal opens without asking which patient to admit.","","PT-QA-0001 Ramesh Kumar","IPD","wards and beds configured with rate_per_day (Settings → Wards)","","","","","P4-S15","Losing the patient context forces the doctor to search for the person sitting in front of them, which is how the wrong patient gets admitted on a busy afternoon.","Positive","doctor (Hospital A)","None","e2e/phase-04-opd-journey/P4I.downstream-hops.spec.ts",""
"TC-P4I-003","4I Downstream Hops","P1","The admission form requires an admitting doctor","1) Start a consultation for PT-QA-0001 at /opd 2) Click ""Admit"" 3) Look for the Admitting Doctor field","An ""Admitting Doctor"" field is present and marked required.","","PT-QA-0001 Ramesh Kumar","IPD, Billing","wards and beds configured with rate_per_day (Settings → Wards)","","","","","P4-S15","An inpatient with no named consultant has nobody accountable for their care and no one to bill daily visits against, so the ward round is unassigned from day one.","Positive","doctor (Hospital A)","None","e2e/phase-04-opd-journey/P4I.downstream-hops.spec.ts",""
"TC-P4I-004","4I Downstream Hops","P1","The admission form requires a bed to be selected","1) Start a consultation for PT-QA-0001 at /opd 2) Click ""Admit"" 3) Look for the Select Bed field","A ""Select Bed"" field is present and marked required.","","PT-QA-0001 Ramesh Kumar; Master data — Wards & beds","IPD, Billing","wards and beds configured with rate_per_day (Settings → Wards)","","","","","P4-S15","An admission with no bed cannot be found by nursing, carries no room rate and does not appear on the bed map, so the patient is admitted and invisible at the same time.","Positive","doctor (Hospital A)","beds where hospital_id = A and status = available → at least 1 row","e2e/phase-04-opd-journey/P4I.downstream-hops.spec.ts",""
"TC-P4I-005","4I Downstream Hops","P2","OPD orders do not carry over into the admission","1) Start a consultation for PT-QA-0001 at /opd 2) Order Complete Blood Count in the Rx & Orders tab 3) Complete the consultation 4) Admit the patient 5) Read lab_orders filtered by the new admission_id","CURRENT APP BEHAVIOUR, documented in JOURNEY_SCENARIOS P4-S15: no lab_orders row carries the new admission_id.","","PT-QA-0001 Ramesh Kumar; Complete Blood Count","IPD, Lab","wards and beds configured with rate_per_day (Settings → Wards)","","","","","P4-S15","Whether orders should follow the patient into the admission is a clinical decision for Priya and Dr. Ramesh; this case records what happens today so that any change is visible rather than silent.","Cross-Module","doctor (Hospital A)","lab_orders where hospital_id = A and patient_id = (PT-QA-0001) and admission_id = (the new admission) → 0 rows","e2e/phase-04-opd-journey/P4I.downstream-hops.spec.ts",""
"TC-P4I-006","4I Downstream Hops","P2","OPD vitals are saved on the encounter even though they do not carry over","1) Start a consultation for PT-QA-0001 at /opd 2) Enter BP 128/84 in the Vitals tab 3) Complete the consultation 4) Read opd_encounters.vitals","The encounter holds bp_systolic 128, confirming the vitals exist to be carried over or not.","","PT-QA-0001; Standard vitals BP 128/84","IPD, Nursing","wards and beds configured with rate_per_day (Settings → Wards)","","","","","P4-S15","If the vitals were never saved on the encounter the question of whether they carry into the admission cannot be answered either way, so this case establishes the baseline first.","Cross-Module","doctor (Hospital A)","opd_encounters where hospital_id = A and patient_id = (PT-QA-0001) → vitals->>bp_systolic = 128","e2e/phase-04-opd-journey/P4I.downstream-hops.spec.ts",""
"TC-P4I-007","4I Downstream Hops","P1","An admission created from OPD is linked to the patient","1) Start a consultation for PT-QA-0001 at /opd 2) Click ""Admit"" 3) Choose an admitting doctor and an available bed 4) Confirm the admission 5) Read the admissions row","An admissions row exists with patient_id equal to PT-QA-0001.","","PT-QA-0001 Ramesh Kumar; Master data — Wards & beds","IPD, Billing","wards and beds configured with rate_per_day (Settings → Wards)","","","","","P4-S15","The admission is the record every inpatient charge, nursing task and discharge summary hangs off, so an admission attached to nobody is an entire stay with no owner.","Cross-Module","doctor (Hospital A)","admissions where hospital_id = A and patient_id = (PT-QA-0001) → at least 1 row","e2e/phase-04-opd-journey/P4I.downstream-hops.spec.ts",""
"TC-P4I-008","4I Downstream Hops","P2","The encounter can express whether the visit ended in an admission","1) Start and complete a consultation for PT-QA-0001 at /opd 2) Read the is_admitted column on the opd_encounters row","opd_encounters carries an is_admitted column.","","PT-QA-0001 Ramesh Kumar","IPD, Analytics","wards and beds configured with rate_per_day (Settings → Wards)","","","","","P4-S15","OPD-to-IPD conversion rate is the single most watched metric in a private hospital, and it cannot be computed if nothing distinguishes a consultation that ended in admission.","Positive","doctor (Hospital A)","opd_encounters where hospital_id = A and patient_id = (PT-QA-0001) → is_admitted column present","e2e/phase-04-opd-journey/P4I.downstream-hops.spec.ts",""
"TC-P4I-009","4I Downstream Hops","P2","The Refer Physio action is offered in the workspace","1) Start a consultation for PT-QA-0036 at /opd 2) Look for the Refer Physio control in the action bar","A ""Refer Physio"" button is visible.","","PT-QA-0036 Geetha Krishnan (physiotherapy post-fracture)","Physio","None","","","","","P4-S16","Without a referral control the referral is made verbally, the physio department has no work queue, and nobody can tell whether the patient ever attended.","Positive","doctor (Hospital A)","None","e2e/phase-04-opd-journey/P4I.downstream-hops.spec.ts",""
"TC-P4I-010","4I Downstream Hops","P1","Referring to physiotherapy creates a physio_referrals row","1) Start a consultation for PT-QA-0036 at /opd 2) Click ""Refer Physio"" 3) Read physio_referrals for the patient","A physio_referrals row exists for PT-QA-0036.","","PT-QA-0036 Geetha Krishnan","Physio","None","","","","","P4-S16","A referral that reports success and writes nothing means the patient is told to attend physiotherapy and the department never hears about them.","Cross-Module","doctor (Hospital A)","physio_referrals where hospital_id = A and patient_id = (PT-QA-0036) → at least 1 row","e2e/phase-04-opd-journey/P4I.downstream-hops.spec.ts",""
"TC-P4I-011","4I Downstream Hops","P2","The physio referral carries a diagnosis for the therapist to work from","1) Start a consultation for PT-QA-0036 at /opd 2) Click ""Refer Physio"" 3) Read physio_referrals.diagnosis","The diagnosis field is populated from the encounter's diagnosis or chief complaint.","","PT-QA-0036 Geetha Krishnan; phase4.referral.physioDiagnosis","Physio","None","","","","","P4-S16","A physiotherapist receiving a patient with no indication has to re-take the whole history before treating anything, which wastes the appointment the patient waited for.","Positive","doctor (Hospital A)","physio_referrals where hospital_id = A and patient_id = (PT-QA-0036) → diagnosis is not null","e2e/phase-04-opd-journey/P4I.downstream-hops.spec.ts",""
"TC-P4I-012","4I Downstream Hops","P2","The physio referral is linked back to the OPD encounter","1) Start a consultation for PT-QA-0036 at /opd 2) Click ""Refer Physio"" 3) Read physio_referrals.opd_encounter_id","opd_encounter_id is populated.","","PT-QA-0036 Geetha Krishnan","Physio, MRD","None","","","","","P4-S16","Without the link the therapist cannot open the consultation that generated the referral, and the episode of care is split into two records that never meet.","Cross-Module","doctor (Hospital A)","physio_referrals where hospital_id = A and patient_id = (PT-QA-0036) → opd_encounter_id is not null","e2e/phase-04-opd-journey/P4I.downstream-hops.spec.ts",""
"TC-P4I-013","4I Downstream Hops","P2","The referral names the doctor who made it","1) Start a consultation for PT-QA-0036 at /opd 2) Click ""Refer Physio"" 3) Read physio_referrals.referred_by","referred_by is populated with the referring doctor's id.","","PT-QA-0036 Geetha Krishnan","Physio","None","","","","","P4-S16","The therapist has nobody to query about the treatment goal without it, and the referring consultant never receives feedback on whether the referral helped.","Positive","doctor (Hospital A)","physio_referrals where hospital_id = A and patient_id = (PT-QA-0036) → referred_by is not null","e2e/phase-04-opd-journey/P4I.downstream-hops.spec.ts",""
"TC-P4I-014","4I Downstream Hops","P2","A referral letter can be raised from the consultation","1) Start a consultation for PT-QA-0001 at /opd 2) Click ""Refer"" in the workspace header 3) Read the modal that opens","A referral letter modal opens.","","phase4.referral.referralLetterNote","CRM","None","","","","","P4-S16","A patient sent to an outside specialist with no written summary is the single most common complaint referring consultants make about hospital IT.","Positive","doctor (Hospital A)","None","e2e/phase-04-opd-journey/P4I.downstream-hops.spec.ts",""
"TC-P4I-015","4I Downstream Hops","P1","A prescription raised in OPD is stored for the pharmacy to read","1) Start a consultation for PT-QA-0001 at /opd 2) Add Dolo 650, 1 tablet, 5 days in the Rx & Orders tab 3) Complete the consultation 4) Read the prescriptions row","A prescriptions row exists whose drugs JSON contains Dolo 650.","","phase4.prescription.primary — Dolo 650","Pharmacy","drug_master rows plus drug_batches with expiry dates (Settings → Drugs)","","","","","P4-S14","The pharmacy counter dispenses against this record; if it was never written the patient is sent back across the hospital to have the prescription written a second time.","Cross-Module","doctor (Hospital A)","prescriptions where hospital_id = A and patient_id = (PT-QA-0001) → drugs contains Dolo 650","e2e/phase-04-opd-journey/P4I.downstream-hops.spec.ts",""
"TC-P4I-016","4I Downstream Hops","P2","The prescription records the quantity the pharmacy must dispense","1) Start a consultation for PT-QA-0001 at /opd 2) Add Dolo 650 with dose, duration and quantity 15 3) Complete the consultation 4) Read the drugs JSON on the prescriptions row","The stored drug entry carries a quantity field.","","phase4.prescription.primary — Dolo 650, quantity 15","Pharmacy","drug_master rows plus drug_batches with expiry dates (Settings → Drugs)","","","","","P4-S14","Without a quantity the pharmacist recalculates dose by frequency by days at the counter, and that recalculation is where part-course dispensing errors are introduced.","Positive","doctor (Hospital A)","prescriptions where hospital_id = A and patient_id = (PT-QA-0001) → drugs JSON contains a quantity value","e2e/phase-04-opd-journey/P4I.downstream-hops.spec.ts",""
"TC-P4I-017","4I Downstream Hops","P1","A pharmacist can open the pharmacy module and see the OPD prescription","1) As the doctor, prescribe Dolo 650 for PT-QA-0001 at /opd and complete the consultation 2) Log out 3) Log in as pharmacist (Hospital A) 4) Open /pharmacy 5) Look for the patient","Ramesh Kumar appears in the pharmacy queue.","","PT-QA-0001 Ramesh Kumar; Dolo 650","Pharmacy","drug_master rows plus drug_batches with expiry dates (Settings → Drugs)","","","","","P4-S14","If the pharmacist cannot see the prescription the doctor just wrote, the patient carries a paper slip to the counter and the electronic prescription is decorative.","RBAC","pharmacist (Hospital A)","prescriptions where hospital_id = A and patient_id = (PT-QA-0001) → row exists and is visible to the pharmacist role","e2e/phase-04-opd-journey/P4I.downstream-hops.spec.ts",""
"TC-P4I-018","4I Downstream Hops","P1","The drug batches the pharmacy will dispense from carry expiry dates","1) In Supabase, select expiry_date, quantity_available and status from drug_batches for Hospital A","Batches exist and every one carries an expiry_date.","","Master data — Drug batches","Pharmacy, Inventory","drug_master rows plus drug_batches with expiry dates (Settings → Drugs)","","","","","P4-S14","FEFO cannot order batches it cannot date, and an undated batch can never be blocked as expired, so dispensing safety collapses to whatever the pharmacist happens to notice.","Positive","doctor (Hospital A)","drug_batches where hospital_id = A → at least 1 row and expiry_date is not null on every row","e2e/phase-04-opd-journey/P4I.downstream-hops.spec.ts",""
"TC-P4I-019","4I Downstream Hops","P1","Stock includes an expired batch so the dispensing block can be proven","1) In Supabase, select id and expiry_date from drug_batches for Hospital A where expiry_date is earlier than today","At least one expired batch exists in the seeded stock.","","Master data — Drug batches (includes 1 expired and 1 quarantined)","Pharmacy","drug_master rows plus drug_batches with expiry dates (Settings → Drugs)","","","","","P4-S14","The seeder creates an expired batch on purpose so the refuse-to-dispense path can be exercised; without it Phase 6 can only ever prove the happy case works.","Boundary","doctor (Hospital A)","drug_batches where hospital_id = A and expiry_date < current_date → at least 1 row","e2e/phase-04-opd-journey/P4I.downstream-hops.spec.ts",""
"TC-P4I-020","4I Downstream Hops","P1","A nurse is not offered the Admit action","1) Register a walk-in for PT-QA-0001 at /opd 2) Log out 3) Log in as nurse (Hospital A) 4) Open /opd and select the token 5) Look for the Admit control","The Admit control is absent for the nurse role.","","PT-QA-0001 Ramesh Kumar","IPD","Roles & Permissions: opd → admit_patient NOT granted to nurse","","","","","P4-S15","Admission commits a bed, opens an IPD bill and starts a daily room charge, so it is a consultant decision and the permission gate is what enforces that.","RBAC","nurse (Hospital A)","None","e2e/phase-04-opd-journey/P4I.downstream-hops.spec.ts",""
"TC-P4J-001","4J Telemedicine & Voice Scribe","P2","The telemedicine screen loads for a doctor","1) Log in as doctor (Hospital A) 2) Open /telemedicine 3) Wait for the page to render 4) Check the console for red errors","The telemedicine screen renders with no console errors other than media-permission noise.","","None","OPD","Telemedicine module enabled on the plan (Settings → Plan) and teleconsult_sessions readable","","","","","P4-S17","Teleconsultation is a chargeable service under the Telemedicine Practice Guidelines 2020, so a module that will not load is revenue the hospital has licensed and cannot deliver.","Positive","doctor (Hospital A)","None","e2e/phase-04-opd-journey/P4J.telemedicine-voice-scribe.spec.ts",""
"TC-P4J-002","4J Telemedicine & Voice Scribe","P2","A teleconsult token is distinguishable from a physical walk-in","1) Register a walk-in for PT-QA-0001 at /opd 2) Read the visit_mode column on the opd_tokens row","opd_tokens carries a visit_mode column that can hold teleconsult.","","PT-QA-0001 Ramesh Kumar","OPD, Billing","Telemedicine module enabled on the plan (Settings → Plan) and teleconsult_sessions readable","","","","","P4-S17","A remote consultation indistinguishable from a physical attendance breaks both the Telemedicine Practice Guidelines record and the fee the visit should carry.","Positive","doctor (Hospital A)","opd_tokens where hospital_id = A and patient_id = (PT-QA-0001) and visit_date = today → visit_mode column present","e2e/phase-04-opd-journey/P4J.telemedicine-voice-scribe.spec.ts",""
"TC-P4J-003","4J Telemedicine & Voice Scribe","P2","A teleconsult token offers a Start or Join action in the queue","1) Register a walk-in for PT-QA-0001 at /opd 2) Set that token's visit_mode to teleconsult 3) Reload /opd 4) Read the token row in the queue","A ""Start Teleconsult"" or ""Join Teleconsult"" action is offered on the token.","","PT-QA-0001 Ramesh Kumar; visit_mode teleconsult","OPD","Telemedicine module enabled on the plan (Settings → Plan) and teleconsult_sessions readable","","","","","P4-S17","Without a way to start the call from the queue the doctor has to find the patient in a separate module, and the queue is misrepresenting what is next.","Positive","doctor (Hospital A)","opd_tokens where hospital_id = A and patient_id = (PT-QA-0001) and visit_date = today → visit_mode = teleconsult","e2e/phase-04-opd-journey/P4J.telemedicine-voice-scribe.spec.ts",""
"TC-P4J-004","4J Telemedicine & Voice Scribe","P2","A teleconsult session record exists for audit","1) Open /telemedicine 2) In Supabase, select id from teleconsult_sessions for Hospital A","teleconsult_sessions is readable without error.","","None","","Telemedicine module enabled on the plan (Settings → Plan) and teleconsult_sessions readable","","","","","P4-S17","The Telemedicine Practice Guidelines 2020 require the practitioner to be able to produce evidence a remote consultation took place, and the session record is that evidence.","Positive","doctor (Hospital A)","teleconsult_sessions where hospital_id = A → query succeeds","e2e/phase-04-opd-journey/P4J.telemedicine-voice-scribe.spec.ts",""
"TC-P4J-005","4J Telemedicine & Voice Scribe","P1","Telemedicine consent language is shown before a remote consultation","1) Open /telemedicine 2) Read the screen for any consent or Telemedicine Practice Guidelines wording","Consent language is present somewhere on the telemedicine screen.","","phase4.teleconsult.consentNote","","Telemedicine module enabled on the plan (Settings → Plan) and teleconsult_sessions readable","","","","","P4-S17","A doctor-initiated video call needs recorded consent under the 2020 guidelines, and a hospital cannot prove consent it never displayed to the patient.","Positive","doctor (Hospital A)","None","e2e/phase-04-opd-journey/P4J.telemedicine-voice-scribe.spec.ts",""
"TC-P4J-006","4J Telemedicine & Voice Scribe","P1","A prescription issued over video is stored like any other","1) Register a walk-in for PT-QA-0001 at /opd and start the consultation 2) Enter the teleconsult chief complaint from phase4.teleconsult 3) Add Dolo 650 in the Rx & Orders tab 4) Complete the consultation 5) Read the prescriptions row","A prescriptions row exists for the patient.","","phase4.teleconsult.chiefComplaint; phase4.prescription.primary","Pharmacy","Telemedicine module enabled on the plan (Settings → Plan) and teleconsult_sessions readable","","","","","P4-S17","A digital prescription the system has no copy of cannot be honoured at a pharmacy or defended if the prescribing decision is later challenged.","Cross-Module","doctor (Hospital A)","prescriptions where hospital_id = A and patient_id = (PT-QA-0001) → at least 1 row","e2e/phase-04-opd-journey/P4J.telemedicine-voice-scribe.spec.ts",""
"TC-P4J-007","4J Telemedicine & Voice Scribe","P2","A teleconsultation is billed rather than given away","1) Register a walk-in for PT-QA-0001 at /opd 2) Read the bills row raised for the visit","An OPD bill exists for the consultation.","","PT-QA-0001 Ramesh Kumar","Billing","Telemedicine module enabled on the plan (Settings → Plan) and teleconsult_sessions readable","","","","","P4-S17","Teleconsultation is chargeable under the guidelines, and hospitals that cannot bill it simply stop offering it, which removes access for the patients who need it most.","Cross-Module","doctor (Hospital A)","bills where hospital_id = A and patient_id = (PT-QA-0001) and bill_type = opd and bill_date = today → at least 1 row","e2e/phase-04-opd-journey/P4J.telemedicine-voice-scribe.spec.ts",""
"TC-P4J-008","4J Telemedicine & Voice Scribe","P2","A live video teleconsultation is completed end to end with a real patient","1) Open /telemedicine on two devices with camera and microphone permissions granted 2) Start a teleconsult session as the doctor 3) Join as the patient 4) Complete the consultation and issue a prescription","The video connects both ways, the consultation completes and a prescription is issued.","","phase4.teleconsult — PT-QA-0001 Ramesh Kumar","Pharmacy","Telemedicine module enabled on the plan (Settings → Plan) and teleconsult_sessions readable","","","","","P4-S17","MANUAL-ONLY: a fake media stream proves the plumbing but not the consultation, and a video call that connects in a test harness and fails on a real hospital network is the failure that actually matters.","Positive","doctor (Hospital A)","teleconsult_sessions where hospital_id = A → the session row records start and end times","e2e/phase-04-opd-journey/P4J.telemedicine-voice-scribe.spec.ts",""
"TC-P4J-009","4J Telemedicine & Voice Scribe","P1","The Voice Scribe is available inside the OPD consultation workspace","1) Register a walk-in for PT-QA-0001 at /opd and start the consultation 2) Look for a scribe, dictation, record or microphone control","A Voice Scribe or dictation control is reachable from the workspace.","","PT-QA-0001 Ramesh Kumar","","Tier 0 complete; departments, staff and service_master consultation rows configured (SETTINGS_PREREQ_MATRIX OPD row)","","","","","P4-S18","The entire premise of the Voice Scribe scenario is the doctor dictating instead of typing, and without an entry point in the workspace the feature has no user.","Positive","doctor (Hospital A)","None","e2e/phase-04-opd-journey/P4J.telemedicine-voice-scribe.spec.ts",""
"TC-P4J-010","4J Telemedicine & Voice Scribe","P1","The Audio Rescue safety net exists in the scribe implementation","1) Inspect src/components/voice/VoiceScribePanel.tsx 2) Confirm the rescueState background re-transcription is still wired in","The Audio Rescue state machine is present in the scribe panel.","","None","","None","","","","","P4-S18","Audio Rescue is the second-pass re-transcription that separates a usable note from a guessed drug name, so its removal would silently downgrade every dictated prescription.","Positive","doctor (Hospital A)","None","e2e/phase-04-opd-journey/P4J.telemedicine-voice-scribe.spec.ts",""
"TC-P4J-011","4J Telemedicine & Voice Scribe","P1","A dictated consultation populates the clinical fields correctly","1) Start a consultation for PT-QA-0001 at /opd 2) Start the Voice Scribe 3) Dictate a complete consultation covering complaint, examination, diagnosis and prescription 4) Stop and review each tab","Each dictated section lands in its own field rather than all of it in the complaint box.","","phase4.consultation — full dictated consultation","MRD","Tier 0 complete; departments, staff and service_master consultation rows configured (SETTINGS_PREREQ_MATRIX OPD row)","","","","","P4-S18","MANUAL-ONLY: a script cannot speak, so automating it would report PASS while asserting nothing — and a whole consultation collapsed into the complaint field is unusable to the next clinician.","Positive","doctor (Hospital A)","opd_encounters where hospital_id = A and patient_id = (PT-QA-0001) → chief_complaint, examination_notes and diagnosis each populated separately","e2e/phase-04-opd-journey/P4J.telemedicine-voice-scribe.spec.ts",""
"TC-P4J-012","4J Telemedicine & Voice Scribe","P1","Indian drug names are transcribed correctly in dictation","1) Start a consultation for PT-QA-0001 at /opd 2) Start the Voice Scribe 3) Dictate Pantoprazole, Telmisartan and Metformin in an Indian accent 4) Review the drug names in the Rx & Orders tab","Each drug resolves to its drug_master entry rather than a phonetic approximation.","","Master data — Drug master → Pan 40, Telma 40, Metformin 500","Pharmacy","Tier 0 complete; departments, staff and service_master consultation rows configured (SETTINGS_PREREQ_MATRIX OPD row)","","","","","P4-S18","MANUAL-ONLY: needs real speech. A drug name transcribed wrong is a prescribing error rather than a typo, and it reaches the pharmacy counter with nothing flagging it.","Positive","doctor (Hospital A)","prescriptions where hospital_id = A and patient_id = (PT-QA-0001) → drugs JSON contains the correctly spelled drug names","e2e/phase-04-opd-journey/P4J.telemedicine-voice-scribe.spec.ts",""
"TC-P4J-013","4J Telemedicine & Voice Scribe","P1","A doubtful dose is caught rather than silently transcribed","1) Start a consultation for PT-QA-0001 at /opd 2) Start the Voice Scribe with background OPD noise 3) Dictate a dose where ""fifteen"" and ""fifty"" sound alike 4) Review the transcribed dose and any confidence flag","The scribe flags low confidence on the dose or Audio Rescue re-transcribes it, rather than committing a guess.","","Dictated dose ""fifteen"" against background noise","Pharmacy","Tier 0 complete; departments, staff and service_master consultation rows configured (SETTINGS_PREREQ_MATRIX OPD row)","","","","","P4-S18","MANUAL-ONLY: needs a human speaking. A 50 mg dose recorded as 15 mg, or the reverse, is the single highest-consequence failure this feature can produce and it looks identical to a correct transcription.","Boundary","doctor (Hospital A)","prescriptions where hospital_id = A and patient_id = (PT-QA-0001) → the dose in the drugs JSON matches what was dictated","e2e/phase-04-opd-journey/P4J.telemedicine-voice-scribe.spec.ts",""
"TC-P4J-014","4J Telemedicine & Voice Scribe","P2","Mixed Hindi and English dictation produces a usable note","1) Start a consultation for PT-QA-0001 at /opd 2) Start the Voice Scribe 3) Dictate a consultation with clinical terms in English inside Hindi sentences 4) Read the resulting note","The note is coherent and clinically usable rather than a transliterated mixture.","","Mixed Hindi/English dictated consultation","MRD","Tier 0 complete; departments, staff and service_master consultation rows configured (SETTINGS_PREREQ_MATRIX OPD row)","","","","","P4-S18","MANUAL-ONLY: needs real bilingual speech. This is how most of the country actually consults, so it is the normal case rather than an edge case, and a scribe that only handles pure English is unusable in a real Indian OPD.","Boundary","doctor (Hospital A)","opd_encounters where hospital_id = A and patient_id = (PT-QA-0001) → chief_complaint holds a readable note","e2e/phase-04-opd-journey/P4J.telemedicine-voice-scribe.spec.ts",""
"TC-P4K-001","4K Edge Cases","P2","A second token can be issued for the same patient on the same day","1) Open /opd 2) Register a walk-in for PT-QA-0001 with Dr. Suresh Menon 3) Register a second walk-in for PT-QA-0001 with Dr. Arjun Nair 4) Count today's tokens for the patient","Two opd_tokens rows exist for PT-QA-0001 today.","","PT-QA-0001; phase4.sameDay — Dr. Suresh Menon then Dr. Arjun Nair","Billing","Tier 0 complete; departments, staff and service_master consultation rows configured (SETTINGS_PREREQ_MATRIX OPD row)","","","","","P4-S19","Being sent from the physician to the orthopaedic surgeon the same afternoon is routine, and blocking it forces the desk to register a duplicate patient record instead.","Positive","hospital_admin (Hospital A)","opd_tokens where hospital_id = A and patient_id = (PT-QA-0001) and visit_date = today → 2 rows","e2e/phase-04-opd-journey/P4K.edge-cases.spec.ts",""
"TC-P4K-002","4K Edge Cases","P1","The desk is warned before creating a second same-day token","1) Register a walk-in for PT-QA-0001 with Dr. Suresh Menon at /opd 2) Start a second walk-in for the same patient with Dr. Arjun Nair 3) Click ""Proceed to Payment"" 4) Read the dialog","A dialog reads ""Patient already in queue today"" before the second token is issued.","","PT-QA-0001; phase4.sameDay","Billing","Tier 0 complete; departments, staff and service_master consultation rows configured (SETTINGS_PREREQ_MATRIX OPD row)","","","","","P4-S19","Most second tokens are the desk not realising the patient was already registered, and each one creates a duplicate consultation bill the patient has to argue their way out of.","Negative","hospital_admin (Hospital A)","opd_tokens where hospital_id = A and patient_id = (PT-QA-0001) and visit_date = today → 1 row at the moment the warning appears","e2e/phase-04-opd-journey/P4K.edge-cases.spec.ts",""
"TC-P4K-003","4K Edge Cases","P2","The same-day warning explains the billing consequence and can be overridden","1) Register a walk-in for PT-QA-0001 with Dr. Suresh Menon at /opd 2) Start a second walk-in for the same patient with Dr. Arjun Nair 3) Click ""Proceed to Payment"" 4) Read the warning text and the buttons offered","The warning names the second consultation bill and offers a ""Register Anyway"" action.","","PT-QA-0001; phase4.sameDay","Billing","Tier 0 complete; departments, staff and service_master consultation rows configured (SETTINGS_PREREQ_MATRIX OPD row)","","","","","P4-S19","""Are you sure?"" with no stated consequence is dismissed reflexively, and a warning with no override blocks the genuine second-doctor case outright.","Positive","hospital_admin (Hospital A)","None","e2e/phase-04-opd-journey/P4K.edge-cases.spec.ts",""
"TC-P4K-004","4K Edge Cases","P1","Two same-day consultations produce two separate bills","1) Register and complete a consultation for PT-QA-0001 with Dr. Suresh Menon at /opd 2) Register and complete a second consultation for the same patient with Dr. Arjun Nair 3) Count today's OPD bills for the patient","Two bills rows exist for PT-QA-0001 today.","","PT-QA-0001; phase4.sameDay — Dr. Suresh Menon and Dr. Arjun Nair","Billing, Accounts","Tier 0 complete; departments, staff and service_master consultation rows configured (SETTINGS_PREREQ_MATRIX OPD row)","","","","","P4-S19","Each consultant's fee has to be attributable to that consultant, and a merged bill cannot be split for the doctor revenue share that most Indian hospitals pay monthly.","Cross-Module","hospital_admin (Hospital A)","bills where hospital_id = A and patient_id = (PT-QA-0001) and bill_type = opd and bill_date = today → 2 rows","e2e/phase-04-opd-journey/P4K.edge-cases.spec.ts",""
"TC-P4K-005","4K Edge Cases","P1","Each bill is linked to its own encounter, not to the other one","1) Complete two consultations for PT-QA-0001 with two different doctors on the same day at /opd 2) Read encounter_id on both bills 3) Compare them with the two opd_encounters ids","The two bills point at two different encounters, matching the two consultations.","","PT-QA-0001; phase4.sameDay","Billing, MRD","Tier 0 complete; departments, staff and service_master consultation rows configured (SETTINGS_PREREQ_MATRIX OPD row)","","","","","P4-S19","The bill link is backfilled by finding the most recent unlinked OPD bill today, guarded by an encounter_id IS NULL filter — if that guard is removed the afternoon consultation steals the morning's bill and both charges land on one visit.","Boundary","hospital_admin (Hospital A)","bills where hospital_id = A and patient_id = (PT-QA-0001) and bill_date = today → 2 distinct encounter_id values matching the 2 opd_encounters rows","e2e/phase-04-opd-journey/P4K.edge-cases.spec.ts",""
"TC-P4K-006","4K Edge Cases","P1","Each bill carries exactly one consultation line at its own doctor's rate","1) Complete two consultations for PT-QA-0001 with Dr. Suresh Menon and Dr. Arjun Nair on the same day at /opd 2) Read the consultation line items on both bills","Each bill carries exactly one consultation line, and the two amounts are ₹500 and ₹800.","","PT-QA-0001; Dr. Suresh Menon ₹500, Dr. Arjun Nair ₹800","Billing","Tier 0 complete; departments, staff and service_master consultation rows configured (SETTINGS_PREREQ_MATRIX OPD row)","","","","","P4-S19","If both bills carry the same figure one consultant is being paid at the other's rate, and the revenue-share statement they receive at month end will be wrong in both directions.","Boundary","hospital_admin (Hospital A)","bill_line_items where item_type = consultation and bill_id in (the two OPD bills for PT-QA-0001 today) → 2 rows with total_amount 500 and 800","e2e/phase-04-opd-journey/P4K.edge-cases.spec.ts",""
"TC-P4K-007","4K Edge Cases","P2","The two same-day tokens carry different token numbers","1) Register two walk-ins for PT-QA-0001 with two different doctors at /opd 2) Compare the two token_number values","The two tokens carry different numbers.","","PT-QA-0001; phase4.sameDay","","Tier 0 complete; departments, staff and service_master consultation rows configured (SETTINGS_PREREQ_MATRIX OPD row)","","","","","P4-S19","Identical numbers mean the display board cannot call one without calling the other, and the patient does not know which consultation they are being summoned for.","Boundary","hospital_admin (Hospital A)","opd_tokens where hospital_id = A and patient_id = (PT-QA-0001) and visit_date = today → 2 distinct token_number values","e2e/phase-04-opd-journey/P4K.edge-cases.spec.ts",""
"TC-P4K-008","4K Edge Cases","P2","Each same-day token records its own doctor","1) Register two walk-ins for PT-QA-0001 with Dr. Suresh Menon and Dr. Arjun Nair at /opd 2) Compare the two doctor_id values","The two tokens carry different doctor_id values.","","PT-QA-0001; phase4.sameDay","","Tier 0 complete; departments, staff and service_master consultation rows configured (SETTINGS_PREREQ_MATRIX OPD row)","","","","","P4-S19","If both tokens name the same doctor, one consultant never sees the patient in their queue and the referral between departments silently fails.","Positive","hospital_admin (Hospital A)","opd_tokens where hospital_id = A and patient_id = (PT-QA-0001) and visit_date = today → 2 distinct doctor_id values","e2e/phase-04-opd-journey/P4K.edge-cases.spec.ts",""
"TC-P4K-009","4K Edge Cases","P1","An assault injury can be registered as a medico-legal case at OPD","1) Open /opd 2) Click ""+ Register Walk-in"" 3) Search PT-QA-0032 4) Department General Medicine, Doctor Suresh Menon 5) Tick ""Medico-Legal Case (MLC)"" and enter the police station 6) Pay and issue the token","opd_tokens.is_mlc = true for the new token.","","phase4.mlc — PT-QA-0032 Arun Prakash, Banjara Hills Police Station","MRD, Emergency","Tier 0 complete; departments, staff and service_master consultation rows configured (SETTINGS_PREREQ_MATRIX OPD row)","","","","","P4-S23","An assault case registered as an ordinary consultation is not reported to the police, and the hospital has committed a statutory offence before the patient has left the building.","Positive","hospital_admin (Hospital A)","opd_tokens where hospital_id = A and patient_id = (PT-QA-0032) and visit_date = today → is_mlc = true","e2e/phase-04-opd-journey/P4K.edge-cases.spec.ts",""
"TC-P4K-010","4K Edge Cases","P1","An MLC record is retained for ten years, not three","1) Register PT-QA-0032 as an MLC walk-in at /opd 2) Start and complete the consultation with the assault complaint 3) Read medical_records.destroy_after for the encounter","destroy_after is approximately ten years from today.","","phase4.mlc — PT-QA-0032 Arun Prakash","MRD","Tier 0 complete; departments, staff and service_master consultation rows configured (SETTINGS_PREREQ_MATRIX OPD row)","","","","","P4-S23","A medico-legal file destroyed at three years instead of ten is evidence gone long before the case reaches court, and the hospital cannot produce what it has already shredded.","Boundary","hospital_admin (Hospital A)","medical_records where hospital_id = A and patient_id = (PT-QA-0032) and visit_id = (the encounter id) → destroy_after is about 10 years ahead","e2e/phase-04-opd-journey/P4K.edge-cases.spec.ts",""
"TC-P4K-011","4K Edge Cases","P1","The OPD desk warns when a new registration matches an existing patient","1) Open /opd 2) Click ""+ Register Walk-in"" 3) Enter Ramesh Kumar and the phone number already on PT-QA-0001 as a NEW patient 4) Select Department and Doctor 5) Click ""Proceed to Payment""","A ""Possible Duplicate Patient"" dialog is shown before the record is created.","","PT-QA-0001 Ramesh Kumar (re-entered as a new patient)","Patients","Tier 0 complete; departments, staff and service_master consultation rows configured (SETTINGS_PREREQ_MATRIX OPD row)","","","","","P4-S22","A second UHID for one person forks their clinical history in two, so allergy flags and drug history recorded under the first are invisible on the second — and this surface has de-dup while the main patient registration screen does not.","Negative","hospital_admin (Hospital A)","patients where hospital_id = A and full_name = 'Ramesh Kumar' → no additional row created while the warning is showing","e2e/phase-04-opd-journey/P4K.edge-cases.spec.ts",""
"TC-P4K-012","4K Edge Cases","P1","The duplicate warning offers the existing record rather than only a way past it","1) Trigger the duplicate warning at /opd by re-entering PT-QA-0001's name and phone as a new patient 2) Read the buttons offered on the dialog","A ""Use Existing Patient"" action is offered alongside ""Create New Anyway"".","","PT-QA-0001 Ramesh Kumar (re-entered as a new patient)","Patients","Tier 0 complete; departments, staff and service_master consultation rows configured (SETTINGS_PREREQ_MATRIX OPD row)","","","","","P4-S22","A warning with no correct path forward is a speed bump rather than a control, because the only way to finish the task is to create the duplicate anyway.","Positive","hospital_admin (Hospital A)","None","e2e/phase-04-opd-journey/P4K.edge-cases.spec.ts",""
"TC-P4K-013","4K Edge Cases","P2","The duplicate warning shows the UHID of the record it matched","1) Trigger the duplicate warning at /opd by re-entering PT-QA-0001's name and phone as a new patient 2) Read the matched-record panel on the dialog","The dialog displays PT-QA-0001 as the matched record.","","PT-QA-0001 Ramesh Kumar","Patients","Tier 0 complete; departments, staff and service_master consultation rows configured (SETTINGS_PREREQ_MATRIX OPD row)","","","","","P4-S22","Without the UHID the receptionist cannot tell a genuine namesake from the same person returning, so they click through either way and the warning achieves nothing.","Positive","hospital_admin (Hospital A)","None","e2e/phase-04-opd-journey/P4K.edge-cases.spec.ts",""
"TC-P4K-014","4K Edge Cases","P1","Choosing the existing record does not create a second patient","1) Count the patients rows named Ramesh Kumar for Hospital A 2) Trigger the duplicate warning at /opd 3) Click ""Use Existing Patient"" 4) Count the rows again","The count is unchanged — no new patients row is created.","","PT-QA-0001 Ramesh Kumar","Patients","Tier 0 complete; departments, staff and service_master consultation rows configured (SETTINGS_PREREQ_MATRIX OPD row)","","","","","P4-S22","The one action that resolves the duplicate correctly must not do the opposite of what it says, or the de-dup control actively creates the problem it exists to prevent.","Positive","hospital_admin (Hospital A)","patients where hospital_id = A and full_name = 'Ramesh Kumar' → row count unchanged after choosing Use Existing Patient","e2e/phase-04-opd-journey/P4K.edge-cases.spec.ts",""
"TC-P4K-015","4K Edge Cases","P2","A waiting token can be marked as a no-show","1) Register a walk-in for PT-QA-0001 at /opd 2) Select the token in the queue 3) Use the no-show control 4) Read opd_tokens.status","status = 'no_show'.","","PT-QA-0001 Ramesh Kumar","Analytics","Tier 0 complete; departments, staff and service_master consultation rows configured (SETTINGS_PREREQ_MATRIX OPD row)","","","","","P4-S24","A queue that cannot express ""the patient left"" keeps calling an empty chair, and the day's average waiting time is permanently distorted by tokens nobody ever attended.","Positive","hospital_admin (Hospital A)","opd_tokens where hospital_id = A and patient_id = (PT-QA-0001) and visit_date = today → status = no_show","e2e/phase-04-opd-journey/P4K.edge-cases.spec.ts",""
"TC-P4K-016","4K Edge Cases","P2","An abandoned token holds a recognised queue state","1) Register a walk-in for PT-QA-0001 at /opd 2) Read opd_tokens.status for the new token","status is one of waiting, called, no_show or cancelled.","","PT-QA-0001 Ramesh Kumar","","Tier 0 complete; departments, staff and service_master consultation rows configured (SETTINGS_PREREQ_MATRIX OPD row)","","","","","P4-S24","An unrecognised status leaves the token in limbo where the queue cannot show it and no report can count it, so the visit exists in the database and nowhere else.","Boundary","hospital_admin (Hospital A)","opd_tokens where hospital_id = A and patient_id = (PT-QA-0001) and visit_date = today → status in (waiting, called, no_show, cancelled)","e2e/phase-04-opd-journey/P4K.edge-cases.spec.ts",""
"TC-P4K-017","4K Edge Cases","P1","A no-show token leaves no orphan consultation encounter","1) Register a walk-in for PT-QA-0001 at /opd 2) Set the token status to no_show without starting the consultation 3) Read opd_encounters for the patient","No opd_encounters row exists for the no-show visit.","","PT-QA-0001 Ramesh Kumar","MRD, Analytics","Tier 0 complete; departments, staff and service_master consultation rows configured (SETTINGS_PREREQ_MATRIX OPD row)","","","","","P4-S24","A consultation record for a patient who never came in is counted in the doctor's workload, coded for statistics and — worst of all — read later as evidence the patient was seen.","Negative","hospital_admin (Hospital A)","opd_encounters where hospital_id = A and patient_id = (PT-QA-0001) and visit_date = today → 0 rows","e2e/phase-04-opd-journey/P4K.edge-cases.spec.ts",""
"TC-P4K-018","4K Edge Cases","P1","A cancelled token cannot be started as a consultation","1) Register a walk-in for PT-QA-0001 at /opd 2) Set the token status to cancelled 3) Reload /opd and select the token 4) Look for the Start Consultation control","The Start Consultation control is not offered for a cancelled token.","","PT-QA-0001 Ramesh Kumar","Billing","Tier 0 complete; departments, staff and service_master consultation rows configured (SETTINGS_PREREQ_MATRIX OPD row)","","","","","P4-S24","A cancelled visit that can still be resumed produces a consultation record, and a consultation charge, for a patient who was never seen by anybody.","Negative","hospital_admin (Hospital A)","opd_tokens where hospital_id = A and patient_id = (PT-QA-0001) and visit_date = today → status = cancelled","e2e/phase-04-opd-journey/P4K.edge-cases.spec.ts",""
"TC-P4K-019","4K Edge Cases","P2","A token created yesterday does not appear in today's queue","1) Seed an opd_tokens row for PT-QA-0001 dated yesterday with status waiting 2) Open /opd for today 3) Look for the patient in the queue","Yesterday's token is not shown in today's queue.","","PT-QA-0001 Ramesh Kumar; token dated yesterday","","Tier 0 complete; departments, staff and service_master consultation rows configured (SETTINGS_PREREQ_MATRIX OPD row)","","","","","P4-S24","Yesterday's unfinished tokens accumulating on today's board makes the queue unusable within a week, and the doctor loses the ability to see who is actually waiting now.","Boundary","hospital_admin (Hospital A)","opd_tokens where hospital_id = A and patient_id = (PT-QA-0001) and visit_date = yesterday → status = waiting and not rendered on today's queue","e2e/phase-04-opd-journey/P4K.edge-cases.spec.ts",""
"TC-P4K-020","4K Edge Cases","P1","A token always creates a bill so the balance is not lost","1) Register a walk-in for PT-QA-0001 at /opd 2) Read the bills rows for the patient today","An OPD bill exists for the visit whether or not payment was collected at the desk.","","PT-QA-0001 Ramesh Kumar","Billing","Tier 0 complete; departments, staff and service_master consultation rows configured (SETTINGS_PREREQ_MATRIX OPD row)","","","","","P4-S21","The charge has to exist somewhere regardless of whether the patient paid at the counter, or the consultation becomes free by accident and nothing records that it should not have been.","Cross-Module","hospital_admin (Hospital A)","bills where hospital_id = A and patient_id = (PT-QA-0001) and bill_type = opd and bill_date = today → at least 1 row","e2e/phase-04-opd-journey/P4K.edge-cases.spec.ts",""
"TC-P4L-001","4L RBAC & Isolation","P1","A doctor can open the OPD module","1) Log in as doctor (Hospital A) 2) Open /opd 3) Confirm the queue panel renders","The OPD queue is visible to the doctor role.","","None","","Roles & Permissions configured per Phase 1 section 1F action gates","","","","","P4-S01","The doctor is the role the module exists for, so a gate that locks them out makes the whole OPD build unusable regardless of what any other role can do.","RBAC","doctor (Hospital A)","None","e2e/phase-04-opd-journey/P4L.rbac-isolation.spec.ts",""
"TC-P4L-002","4L RBAC & Isolation","P1","A receptionist can open the OPD module","1) Log in as receptionist (Hospital A) 2) Open /opd 3) Confirm the queue panel renders","The OPD queue is visible to the receptionist role.","","None","","Roles & Permissions configured per Phase 1 section 1F action gates","","","","","P4-S01","The front desk populates the queue, so if they cannot reach the module no patient enters it and the doctor has an empty list all morning.","RBAC","receptionist (Hospital A)","None","e2e/phase-04-opd-journey/P4L.rbac-isolation.spec.ts",""
"TC-P4L-003","4L RBAC & Isolation","P2","A nurse can open the OPD module to record vitals","1) Log in as nurse (Hospital A) 2) Open /opd 3) Confirm the queue panel renders","The OPD queue is visible to the nurse role.","","None","Nursing","Roles & Permissions configured per Phase 1 section 1F action gates","","","","","P4-S01","Vitals are taken by nursing before the doctor sees the patient, so locking nurses out of OPD pushes vitals back onto paper and out of the electronic record.","RBAC","nurse (Hospital A)","None","e2e/phase-04-opd-journey/P4L.rbac-isolation.spec.ts",""
"TC-P4L-004","4L RBAC & Isolation","P1","A doctor's queue shows only their own patients","1) As hospital_admin, register a walk-in for PT-QA-0001 with Dr. Arjun Nair at /opd 2) Log out 3) Log in as doctor (Dr. Suresh Menon, Hospital A) 4) Open /opd 5) Look for the patient in the queue","The token belonging to Dr. Arjun Nair does not appear in Dr. Suresh Menon's queue.","","PT-QA-0001 Ramesh Kumar; token raised for Dr. Arjun Nair","","Roles & Permissions configured per Phase 1 section 1F action gates","","","","","P4-S01","The queue is filtered on the logged-in doctor id; if the filter is removed every consultant sees the whole hospital's OPD and cannot find their own patients in it.","RBAC","doctor (Hospital A)","opd_tokens where hospital_id = A and patient_id = (PT-QA-0001) and visit_date = today → doctor_id = Dr. Arjun Nair, not the logged-in doctor","e2e/phase-04-opd-journey/P4L.rbac-isolation.spec.ts",""
"TC-P4L-005","4L RBAC & Isolation","P1","A doctor does see the tokens raised for them","1) As hospital_admin, register a walk-in for PT-QA-0001 with Dr. Suresh Menon at /opd 2) Log out 3) Log in as doctor (Dr. Suresh Menon, Hospital A) 4) Open /opd","Ramesh Kumar appears in the doctor's queue.","","PT-QA-0001 Ramesh Kumar; token raised for Dr. Suresh Menon","","Roles & Permissions configured per Phase 1 section 1F action gates","","","","","P4-S01","A filter that excludes the tokens it is supposed to include is worse than no filter, because the doctor sees an empty queue while patients wait outside believing they are booked.","RBAC","doctor (Hospital A)","opd_tokens where hospital_id = A and patient_id = (PT-QA-0001) and visit_date = today → doctor_id = the logged-in doctor","e2e/phase-04-opd-journey/P4L.rbac-isolation.spec.ts",""
"TC-P4L-006","4L RBAC & Isolation","P1","A nurse is not offered the Complete action that raises the consultation charge","1) As hospital_admin, register a walk-in for PT-QA-0001 and start the consultation at /opd 2) Log out 3) Log in as nurse (Hospital A) 4) Open /opd and select the token 5) Look for the Complete control","The ""✓ Complete"" control is absent for the nurse role.","","PT-QA-0001 Ramesh Kumar","Billing","Roles & Permissions: opd → complete_and_bill NOT granted to nurse","","","","","P4-S01","Completing is what creates the consultation charge, so this gate is a money control as much as a clinical one and a nurse closing consultations bills patients without a doctor.","RBAC","nurse (Hospital A)","None","e2e/phase-04-opd-journey/P4L.rbac-isolation.spec.ts",""
"TC-P4L-007","4L RBAC & Isolation","P1","A nurse is not offered the Admit action in the OPD workspace","1) As hospital_admin, register a walk-in for PT-QA-0001 at /opd 2) Log out 3) Log in as nurse (Hospital A) 4) Open /opd and select the token 5) Look for the Admit control","The Admit control is absent for the nurse role.","","PT-QA-0001 Ramesh Kumar","IPD","Roles & Permissions: opd → admit_patient NOT granted to nurse","","","","","P4-S15","Admission commits a bed and opens an IPD bill on a consultant's behalf, which is a decision a nurse is not authorised to take on their own.","RBAC","nurse (Hospital A)","None","e2e/phase-04-opd-journey/P4L.rbac-isolation.spec.ts",""
"TC-P4L-008","4L RBAC & Isolation","P1","A receptionist is not offered the Complete action","1) As hospital_admin, register a walk-in for PT-QA-0001 and start the consultation at /opd 2) Log out 3) Log in as receptionist (Hospital A) 4) Open /opd and select the token 5) Look for the Complete control","The ""✓ Complete"" control is absent for the receptionist role.","","PT-QA-0001 Ramesh Kumar","Billing","Roles & Permissions: opd → complete_and_bill NOT granted to receptionist","","","","","P4-S01","The front desk closing a consultation the doctor has not finished stamps a clinical episode as complete and bills it, with no clinician having signed anything.","RBAC","receptionist (Hospital A)","None","e2e/phase-04-opd-journey/P4L.rbac-isolation.spec.ts",""
"TC-P4L-009","4L RBAC & Isolation","P1","A lab technician cannot reach the OPD consultation module","1) Log in as lab_technician (Hospital A) 2) Navigate to /opd 3) Observe whether the consultation workspace is delivered","The route is blocked by a redirect, a permission message or a plan gate.","","None","Lab","Roles & Permissions configured per Phase 1 section 1F action gates","","","","","P4-S12","A lab technician needs the order, not the consultation — reading every patient's complaint, diagnosis and prescription exceeds the purpose their access was granted for.","RBAC","lab_technician (Hospital A)","None","e2e/phase-04-opd-journey/P4L.rbac-isolation.spec.ts",""
"TC-P4L-010","4L RBAC & Isolation","P1","An accountant cannot reach the OPD consultation module","1) Log in as accountant (Hospital A) 2) Navigate to /opd 3) Observe whether the consultation workspace is delivered","The route is blocked by a redirect, a permission message or a plan gate.","","None","Accounts","Roles & Permissions configured per Phase 1 section 1F action gates","","","","","P4-S01","Under the DPDP Act 2023 purpose-limitation rule finance has no lawful basis to read a diagnosis; they need the amount, not the illness that produced it.","RBAC","accountant (Hospital A)","None","e2e/phase-04-opd-journey/P4L.rbac-isolation.spec.ts",""
"TC-P4L-011","4L RBAC & Isolation","P1","Hospital A cannot read Hospital B's OPD tokens","1) Sign in through the anon client as the Hospital A doctor 2) Select every row from opd_tokens with no hospital filter 3) Look for any row whose hospital_id is Hospital B","No Hospital B rows are returned, or the query is refused outright by RLS.","","Hospital A doctor login; Hospital B tenant","","Both QA hospitals seeded","","","","","P4-S01","One hospital reading another's patient queue is the single most serious failure mode in a multi-tenant HMS, and filtering client-side would prove nothing about what the database will hand over.","RBAC","doctor (Hospital A)","Select every row from opd_tokens as the Hospital A doctor → 0 rows with hospital_id = Hospital B","e2e/phase-04-opd-journey/P4L.rbac-isolation.spec.ts",""
"TC-P4L-012","4L RBAC & Isolation","P1","Hospital A cannot read Hospital B's consultation encounters","1) Sign in through the anon client as the Hospital A doctor 2) Select every row from opd_encounters with no hospital filter 3) Look for any row whose hospital_id is Hospital B","No Hospital B rows are returned, or the query is refused outright by RLS.","","Hospital A doctor login; Hospital B tenant","MRD","Both QA hospitals seeded","","","","","P4-S01","Encounters hold the complaint, examination and diagnosis, so a leak here exposes the most sensitive clinical narrative the system stores about another hospital's patients.","RBAC","doctor (Hospital A)","Select every row from opd_encounters as the Hospital A doctor → 0 rows with hospital_id = Hospital B","e2e/phase-04-opd-journey/P4L.rbac-isolation.spec.ts",""
"TC-P4L-013","4L RBAC & Isolation","P1","Hospital A cannot read Hospital B's prescriptions","1) Sign in through the anon client as the Hospital A doctor 2) Select every row from prescriptions with no hospital filter 3) Look for any row whose hospital_id is Hospital B","No Hospital B rows are returned, or the query is refused outright by RLS.","","Hospital A doctor login; Hospital B tenant","Pharmacy","Both QA hospitals seeded","","","","","P4-S01","A prescription list reveals another hospital's patients' conditions by inference, and controlled-drug prescribing in particular is information no competitor should ever hold.","RBAC","doctor (Hospital A)","Select every row from prescriptions as the Hospital A doctor → 0 rows with hospital_id = Hospital B","e2e/phase-04-opd-journey/P4L.rbac-isolation.spec.ts",""
"TC-P4L-014","4L RBAC & Isolation","P1","Hospital A cannot read Hospital B's OPD bills","1) Sign in through the anon client as the Hospital A billing executive 2) Select every row from bills with no hospital filter 3) Look for any row whose hospital_id is Hospital B","No Hospital B rows are returned, or the query is refused outright by RLS.","","Hospital A billing_executive login; Hospital B tenant","Billing","Both QA hospitals seeded","","","","","P4-S01","Bills expose another hospital's pricing and daily revenue, which is commercially sensitive quite apart from the patient-privacy breach it also represents.","RBAC","billing_executive (Hospital A)","Select every row from bills as the Hospital A billing executive → 0 rows with hospital_id = Hospital B","e2e/phase-04-opd-journey/P4L.rbac-isolation.spec.ts",""
"TC-P4L-015","4L RBAC & Isolation","P1","A Hospital A user cannot open a Hospital B patient by pasting the UUID","1) Read the id of PT-QA-0030 from patients for Hospital B 2) Log in as doctor (Hospital A) 3) Navigate to /patients/<that id>/summary 4) Look for the patient's name on screen","The Hospital B patient's name is not displayed.","","PT-QA-0030 Rohan Kulkarni (HOSPITAL B ONLY)","Patients","Both QA hospitals seeded","","","","","P4-S01","The patient summary page has no hospital_id filter of its own and relies entirely on RLS, so if RLS is not holding there is no second line of defence anywhere in the request path.","RBAC","doctor (Hospital A)","patients where hospital_id = Hospital B and uhid = 'PT-QA-0030' → the row exists but must not render for a Hospital A login","e2e/phase-04-opd-journey/P4L.rbac-isolation.spec.ts",""
"TC-P4L-016","4L RBAC & Isolation","P1","A Hospital B doctor sees none of Hospital A's OPD queue","1) As hospital_admin (Hospital A), register a walk-in for PT-QA-0001 at /opd 2) Log in as doctor (Hospital B) 3) Open /opd 4) Look for the Hospital A patient in the queue","Ramesh Kumar does not appear in the Hospital B queue.","","PT-QA-0001 Ramesh Kumar (Hospital A); Hospital B doctor login","","Both QA hospitals seeded","","","","","P4-S01","This is the end-to-end proof of tenant isolation through the real UI rather than through a direct query, which is the only version of the test a hospital board will accept.","RBAC","doctor (Hospital B)","opd_tokens where hospital_id = A and patient_id = (PT-QA-0001) and visit_date = today → not visible to a Hospital B login","e2e/phase-04-opd-journey/P4L.rbac-isolation.spec.ts",""
