TC#,Section,Priority,Test Case,Steps,Expected Result,Status(PASS/FAIL/BLOCKED),mock data,Cross-Module Link,Settings need to set before entering to the module,Actual Result(What happened),Console Error(Copy-paste red text),Screenshot(Y/N),Notes,Journey Scenario,Why This Exists,Test Type,Role/Login,Supabase Verify,Playwright Spec,Defect ID
TC-P2A-001,2A Settings Hub,P2,"Settings hub loads with heading, subtitle and search box",1) Log in as hospital_admin (Hospital A) 2) Open /settings 3) Observe the header,"Heading ""Settings"" and subtitle ""Configure your hospital system"" render, with a search box placeholdered ""Search settings or a module…"". No red console errors.",,Staff logins — hospital_admin (Hospital A),All modules,Tier 0: hospital_admin can reach /settings (Phase 1 §1E),,,,,P2-Setup,"The hub is the only doorway to all 50 configuration screens. If it fails to render, a hospital cannot configure anything and go-live stops dead.",Positive,hospital_admin (Hospital A),None — pure UI render,e2e/phase-02-settings/P2A.hub.spec.ts,
TC-P2A-002,2A Settings Hub,P1,Every routable /settings/* route has a catalogue entry,1) Open /settings 2) Compare the rendered card routes against the 50 settings routes registered in src/App.tsx,All 50 App.tsx /settings/* routes appear in the catalogue. Zero routes are reachable only by typing the URL.,,settings.helpers.ts SETTINGS_SCREENS (50 routes),All modules,None,,,,,P2-Setup,"settingsCatalog.ts exists because six settings routes once had no card and were unreachable by browsing OR search. A screen a hospital cannot find is a screen it never configures, and every silent-fallback defect downstream starts there.",Cross-Module,hospital_admin (Hospital A),None — compares App.tsx routes to the rendered catalogue,e2e/phase-02-settings/P2A.hub.spec.ts,
TC-P2A-003,2A Settings Hub,P3,Two alias cards point at a route another card already owns,"1) Open /settings 2) Count the rendered cards 3) Locate ""Self-Service Kiosk"" and ""WhatsApp / WATI""","52 cards render for 50 distinct routes. ""Self-Service Kiosk"" opens /settings/tv-display and ""WhatsApp / WATI"" opens /settings/whatsapp — the same routes as ""TV Queue Display"" and ""WhatsApp Bot"".",,settings.helpers.ts ALIAS_CARDS,"TV Display, CRM",None,,,,,P2-Setup,"One route legitimately serves two jobs, so a receptionist searching ""kiosk"" still lands somewhere useful. Recorded deliberately so a future card count of 52 against 50 routes is not mistaken for a duplicate-registration bug.",Positive,hospital_admin (Hospital A),None — pure UI render,e2e/phase-02-settings/P2A.hub.spec.ts,
TC-P2A-004,2A Settings Hub,P3,Groups render in the declared SETTINGS_GROUP_ORDER,1) Open /settings 2) Read the group headings top to bottom,"Groups appear in order: Identity, Plan & Modules, Structure, People & Access, Clinical, Queue Display & Kiosk, Workflows, Integrations, Inventory & Stores, Audit & Compliance, Go-Live & Migration.",,settingsCatalog.ts SETTINGS_GROUP_ORDER,All modules,None,,,,,P2-Setup,"The order is the configuration order — Identity and Structure must come before Clinical, or an administrator works the grid top to bottom and hits prerequisites that do not exist yet.",Positive,hospital_admin (Hospital A),None — pure UI render,e2e/phase-02-settings/P2A.hub.spec.ts,
TC-P2A-005,2A Settings Hub,P2,Clicking the Departments card navigates to /settings/departments,"1) Open /settings 2) Click the ""Departments"" card",The browser lands on /settings/departments and the Departments screen renders.,,settings.helpers.ts SETTINGS_SCREENS — /settings/departments,"OPD, IPD, HR",None,,,,,P2-Setup,"Cards are buttons, not links, so navigation is JavaScript. If a card stops navigating there is no href fallback and the screen becomes unreachable by browsing.",Positive,hospital_admin (Hospital A),None — client-side navigation,e2e/phase-02-settings/P2A.hub.spec.ts,
TC-P2A-006,2A Settings Hub,P2,"Searching ""pharmacy"" surfaces the pages that actually configure Pharmacy","1) Open /settings 2) Type ""pharmacy"" into the search box","Drug Formulary appears under direct matches, and cross-cutting pages that configure pharmacy (Configurable Dropdowns, Staff, IPD Ancillary Payment, Store Locations) appear in the separate ""Also configures"" bucket.",,settingsCatalog.ts MODULE_ALIASES — pharmacy,Pharmacy,None,,,,,P2-Setup,"Module-name search was rewritten because ""pharmacy"" used to return almost nothing — the word appears in none of the relevant card titles. An administrator who cannot find the drug route dropdown reports ""OPD prescribing is broken"" instead.",Positive,hospital_admin (Hospital A),None — pure UI search,e2e/phase-02-settings/P2A.hub.spec.ts,
TC-P2A-007,2A Settings Hub,P2,"Searching the alias ""pathology"" surfaces Lab Test Master","1) Open /settings 2) Type ""pathology"" into the search box","Lab Test Master appears in the results even though the word ""pathology"" is in neither its title nor its description.",,settingsCatalog.ts MODULE_ALIASES — lab,Lab,None,,,,,P2-Setup,"Indian hospitals say pathology, not laboratory. Matching only the product's own vocabulary means the people who need the screen cannot find it.",Positive,hospital_admin (Hospital A),None — pure UI search,e2e/phase-02-settings/P2A.hub.spec.ts,
TC-P2A-008,2A Settings Hub,P2,"Searching the alias ""theatre"" surfaces the OT Checklist","1) Open /settings 2) Type ""theatre"" into the search box","OT Checklist appears in the results. The Indian English spelling ""theatre"" matches, not only ""theater"".",,settingsCatalog.ts MODULE_ALIASES — ot,"OT, Anaesthesia",None,,,,,P2-Setup,Indian English is the house style for this product. A search that only answers to the American spelling fails the users it was written for.,Positive,hospital_admin (Hospital A),None — pure UI search,e2e/phase-02-settings/P2A.hub.spec.ts,
TC-P2A-009,2A Settings Hub,P2,"Searching the alias ""x-ray"" surfaces Radiology Modalities","1) Open /settings 2) Type ""x-ray"" into the search box",Radiology Modalities appears in the results. The hyphenated form matches.,,settingsCatalog.ts MODULE_ALIASES — radiology,Radiology,None,,,,,P2-Setup,"Radiology modalities must be created before studies, or the module shows ""No studies configured"". Users search for the machine name they know, not the word ""modality"".",Positive,hospital_admin (Hospital A),None — pure UI search,e2e/phase-02-settings/P2A.hub.spec.ts,
TC-P2A-010,2A Settings Hub,P2,"Searching the alias ""TPA"" surfaces Payer Masters","1) Open /settings 2) Type ""TPA"" into the search box","Payer Masters appears in the results, matched case-insensitively on the insurance alias.",,settingsCatalog.ts MODULE_ALIASES — insurance,"Insurance, Billing",None,,,,,P2-Setup,"Without a payer master there is no insurance selection at admission, so every insured patient is booked as cash. Billing staff search ""TPA"" — that is the only word they use.",Positive,hospital_admin (Hospital A),None — pure UI search,e2e/phase-02-settings/P2A.hub.spec.ts,
TC-P2A-011,2A Settings Hub,P2,"Searching the alias ""ayushman"" surfaces the PMJAY-related pages","1) Open /settings 2) Type ""ayushman"" into the search box",Payer Masters and Configurable Dropdowns (government_schemes) appear in the results.,,settingsCatalog.ts MODULE_ALIASES — pmjay,"PMJAY, Insurance, Billing",None,,,,,P2-Setup,"PMJAY empanelment is a common sales trigger, and Ayushman Bharat is the name every Indian hospital uses. Missing it means a new customer cannot configure the scheme that made them buy.",Positive,hospital_admin (Hospital A),None — pure UI search,e2e/phase-02-settings/P2A.hub.spec.ts,
TC-P2A-012,2A Settings Hub,P2,"Searching the alias ""payroll"" surfaces the HR-related settings","1) Open /settings 2) Type ""payroll"" into the search box",Staff Members and Shifts appear in the results via the HR alias.,,settingsCatalog.ts MODULE_ALIASES — hr,HR,None,,,,,P2-Setup,"Salary fields live on the Staff screen, not on a page called Payroll. Without the alias an HR manager cannot find where to enter them.",Positive,hospital_admin (Hospital A),None — pure UI search,e2e/phase-02-settings/P2A.hub.spec.ts,
TC-P2A-013,2A Settings Hub,P2,"Searching the alias ""nabh"" surfaces the quality and retention pages","1) Open /settings 2) Type ""nabh"" into the search box",Record Retention and Record Access Log appear in the results.,,settingsCatalog.ts MODULE_ALIASES — quality,"Quality, MRD",None,,,,,P2-Setup,"NABH accreditation is the reason many hospitals buy this product. During a mock assessment the quality officer needs the retention policy screen in seconds, not after browsing eleven groups.",Positive,hospital_admin (Hospital A),None — pure UI search,e2e/phase-02-settings/P2A.hub.spec.ts,
TC-P2A-014,2A Settings Hub,P3,Searching a page title matches directly and highlights the matched text,"1) Open /settings 2) Type ""Wards"" into the search box","The ""Wards & Beds"" card appears and the matched substring is highlighted in the card title.",,settingsCatalog.ts — Wards & Beds entry,IPD,None,,,,,P2-Setup,Title search is the path most users take. Highlighting is what tells them why a card matched when the reason is a keyword they cannot see.,Positive,hospital_admin (Hospital A),None — pure UI search,e2e/phase-02-settings/P2A.hub.spec.ts,
TC-P2A-015,2A Settings Hub,P3,Searching a keyword absent from both title and description still matches,"1) Open /settings 2) Type ""letterhead"" into the search box","The Branding card appears, matched on its keywords array rather than its visible text.",,settingsCatalog.ts — Branding keywords,"Billing, MRD",None,,,,,P2-Setup,"Keywords exist so the search answers the words users actually type. If only visible text matched, the keywords array would be dead weight and nobody would notice it had stopped working.",Positive,hospital_admin (Hospital A),None — pure UI search,e2e/phase-02-settings/P2A.hub.spec.ts,
TC-P2A-016,2A Settings Hub,P3,A search with no matches shows the empty state quoting what was typed,"1) Open /settings 2) Type ""zzzznotathing"" into the search box","The message ""No settings found for 'zzzznotathing'"" renders. No cards are shown, and the page does not error or go blank.",,Literal search string zzzznotathing,All modules,None,,,,,P2-Setup,"A blank screen reads as a crash. Quoting the term back tells the user the search worked and the word was simply wrong, which is the difference between retyping and raising a support ticket.",Negative,hospital_admin (Hospital A),None — pure UI search,e2e/phase-02-settings/P2A.hub.spec.ts,
TC-P2A-017,2A Settings Hub,P3,"Cross-cutting pages appear in their own bucket, not mixed into direct hits","1) Open /settings 2) Type ""lab"" into the search box 3) Read the two result headings","Direct matches appear under a ""…settings (N)"" heading and cross-cutting pages under a separate ""Also configures … (N)"" heading.",,settingsCatalog.ts crossCutting flag,Lab,None,,,,,P2-Setup,"Staff, Roles and Dropdowns configure every module. Merged into the results they drown the two or three pages the user actually wanted.",Positive,hospital_admin (Hospital A),None — pure UI search,e2e/phase-02-settings/P2A.hub.spec.ts,
TC-P2A-018,2A Settings Hub,P2,A module search deep-links Configurable Dropdowns to the right category,"1) Open /settings 2) Type ""pharmacy"" 3) Click the ""Configurable Dropdowns"" card in the ""Also configures"" bucket","The browser lands on /settings/config-values?cat=drug_routes, not the bare /settings/config-values.",,settingsCatalog.ts moduleDeepLinks — pharmacy,"Pharmacy, OPD",None,,,,,P2-Setup,"There are 23 dropdown categories. Landing on the bare page means hunting for drug_routes, and an empty route list is the single most common false ""OPD is broken"" report.",Cross-Module,hospital_admin (Hospital A),None — client-side navigation with a query string,e2e/phase-02-settings/P2A.hub.spec.ts,
TC-P2A-019,2A Settings Hub,P3,Search is case-insensitive,"1) Open /settings 2) Type ""PHARMACY"" in capitals 3) Note the result count 4) Replace it with ""pharmacy"" in lower case",Both spellings return an identical set of cards.,,settingsCatalog.ts MODULE_ALIASES — pharmacy,Pharmacy,None,,,,,P2-Setup,"Staff type with caps lock on more often than anyone designing a search box expects, and a case-sensitive miss looks exactly like a missing feature.",Boundary,hospital_admin (Hospital A),None — pure UI search,e2e/phase-02-settings/P2A.hub.spec.ts,
TC-P2A-020,2A Settings Hub,P3,Clearing the search box restores the full browse grid,"1) Open /settings 2) Type ""pharmacy"" 3) Clear the search box","All eleven groups and all 52 cards render again, in SETTINGS_GROUP_ORDER.",,settingsCatalog.ts SETTINGS_CATALOG,All modules,None,,,,,P2-Setup,"A search box that traps the user in a filtered view forces a page reload to get back, and a reload mid-configuration is where unsaved work is lost.",Positive,hospital_admin (Hospital A),None — pure UI search,e2e/phase-02-settings/P2A.hub.spec.ts,
TC-P2B-001,2B Identity,P2,Language & Region screen loads with all six controls,1) Log in as hospital_admin (Hospital A) 2) Open /settings/language 3) Read the form,"Interface Language, Date Format, Time Format, Currency, Timezone and Number Format all render, with a Save Changes action. No red console errors.",,"phase2.entry./settings/language — timeFormat 24, dateFormat DD/MM/YYYY, numberFormat indian","All modules, Billing, MRD",Tier 0: hospital profile created; hospital_admin can reach /settings,,,,,P2-Setup,"These six settings decide how every date and amount in the product is rendered, including on documents a patient keeps. A screen that will not load leaves the hospital on defaults it never chose.",Positive,hospital_admin (Hospital A),None — pure UI render,e2e/phase-02-settings/P2B.identity.language.spec.ts,
TC-P2B-002,2B Identity,P1,The shipped defaults are Indian conventions,1) Ensure no language_region row exists for Hospital A 2) Open /settings/language 3) Read every control,"Interface Language English, Date Format DD/MM/YYYY, Time Format 12-hour, Currency ₹ Indian Rupee (INR), Timezone Asia/Kolkata (IST), Number Format Indian (1,00,000).",,src/lib/languageRegion.ts DEFAULT_LANGUAGE_REGION,"All modules, Billing, MRD",Tier 0: hospital profile created; hospital_admin can reach /settings,,,,,P2-Setup,A hospital that never opens this screen must still print dates a patient in Hyderabad can read. A default of MM/DD/YYYY would render 08/12/2026 as an August date on every discharge summary in the building.,Boundary,hospital_admin (Hospital A),"hospital_settings where hospital_id = A and key = 'language_region' → absent, and the UI shows Indian defaults",e2e/phase-02-settings/P2B.identity.language.spec.ts,
TC-P2B-003,2B Identity,P2,Interface Language offers exactly the seven supported languages,1) Open /settings/language 2) Open the Interface Language dropdown 3) List every option,"Exactly seven options — English, Hindi, Telugu, Tamil, Kannada, Malayalam, Marathi. No more, no fewer.",,phase2.dropdowns.interfaceLanguage — 7 values,All modules,Tier 0: hospital profile created; hospital_admin can reach /settings,,,,,P2-Setup,An option offered but unsupported downstream leaves the interface half-translated. One missing means a hospital in that state cannot use the product in the language its staff read.,Boundary,hospital_admin (Hospital A),None — reads the option list,e2e/phase-02-settings/P2B.identity.language.spec.ts,
TC-P2B-004,2B Identity,P2,Date Format offers exactly three options,1) Open /settings/language 2) Read the Date Format radio group,"Exactly three options — DD/MM/YYYY, MM/DD/YYYY, YYYY-MM-DD.",,phase2.dropdowns.dateFormat — 3 values,"All modules, MRD, Billing",Tier 0: hospital profile created; hospital_admin can reach /settings,,,,,P2-Setup,"Date format is the setting most likely to cause a clinical misreading. Every option offered must be one the renderer actually implements, or a date silently renders in a format nobody chose.",Boundary,hospital_admin (Hospital A),None — reads the option list,e2e/phase-02-settings/P2B.identity.language.spec.ts,
TC-P2B-005,2B Identity,P2,Time Format offers exactly two options,1) Open /settings/language 2) Read the Time Format radio group,Exactly two options — 12-hour (2:30 PM) and 24-hour (14:30).,,phase2.dropdowns.timeFormat — 12 and 24,"IPD, Nursing, OT, Emergency",Tier 0: hospital profile created; hospital_admin can reach /settings,,,,,P2-Setup,Drug administration times and OT slots are recorded against the clock. Ambiguity between 2:30 and 14:30 on a medication chart is a dosing-time error.,Boundary,hospital_admin (Hospital A),None — reads the option list,e2e/phase-02-settings/P2B.identity.language.spec.ts,
TC-P2B-006,2B Identity,P2,Currency offers exactly four options,1) Open /settings/language 2) Open the Currency dropdown 3) List every option,"Exactly four options — ₹ Indian Rupee (INR), AED (UAE), USD, GBP.",,phase2.dropdowns.currency — 4 values,"Billing, Accounts, Payments",Tier 0: hospital profile created; hospital_admin can reach /settings,,,,,P2-Setup,Currency drives every money display and every printed bill. An unsupported currency offered here would render amounts with no symbol at all.,Boundary,hospital_admin (Hospital A),None — reads the option list,e2e/phase-02-settings/P2B.identity.language.spec.ts,
TC-P2B-007,2B Identity,P2,Timezone offers exactly four options,1) Open /settings/language 2) Open the Timezone dropdown 3) List every option,"Exactly four options — Asia/Kolkata (IST), Asia/Dubai (GST), America/New_York (EST), Europe/London (GMT).",,phase2.dropdowns.timezone — 4 values,"IPD, Nursing, Lab, Analytics",Tier 0: hospital profile created; hospital_admin can reach /settings,,,,,P2-Setup,Timezone decides when a day closes and which date a midnight admission is recorded against. A wrong zone moves the whole day-closure boundary and misstates daily collections.,Boundary,hospital_admin (Hospital A),None — reads the option list,e2e/phase-02-settings/P2B.identity.language.spec.ts,
TC-P2B-008,2B Identity,P2,Number Format offers exactly two options,1) Open /settings/language 2) Read the Number Format radio group,"Exactly two options — Indian (1,00,000) and International (100,000).",,phase2.dropdowns.numberFormat — indian and international,"Billing, Accounts",Tier 0: hospital profile created; hospital_admin can reach /settings,,,,,P2-Setup,"Indian grouping puts the comma in a different place. ₹250,000 versus ₹2,50,000 invites a misread by a factor of ten on a bill a patient is about to pay.",Boundary,hospital_admin (Hospital A),None — reads the option list,e2e/phase-02-settings/P2B.identity.language.spec.ts,
TC-P2B-009,2B Identity,P1,Saving writes the language_region row to hospital_settings,"1) Open /settings/language 2) Set Time Format to 24-hour 3) Set Number Format to Indian 4) Click ""Save Changes""",A hospital_settings row exists with key = 'language_region' and a value containing timeFormat 24 and numberFormat indian.,,"phase2.entry./settings/language — timeFormat 24, dateFormat DD/MM/YYYY, numberFormat indian","All modules, Billing, MRD",Tier 0: hospital profile created; hospital_admin can reach /settings,,,,,P2-Setup,"REGRESSION LOCK for BUG-P2-004. This screen had no target table at all — Save ran a 500ms setTimeout and showed a green toast, so nothing a hospital chose here was ever stored anywhere.",Positive,hospital_admin (Hospital A),hospital_settings where hospital_id = A and key = 'language_region' → value.timeFormat = '24',e2e/phase-02-settings/P2B.identity.language.spec.ts,
TC-P2B-010,2B Identity,P2,"The save spinner reflects a real request, not a fixed delay","1) Open DevTools → Network 2) Open /settings/language 3) Change any setting 4) Click ""Save Changes"" 5) Watch for a Supabase request",A PostgREST request to hospital_settings is issued. The button shows Saving… only while that request is in flight.,,phase2.entry./settings/language — timeFormat 24,All modules,Tier 0: hospital profile created; hospital_admin can reach /settings,,,,,P2-Setup,"REGRESSION LOCK for BUG-P2-004. The original code ran setTimeout(…, 500) before toasting success — a fake spinner in front of a no-op, which is the most convincing possible disguise for a screen that saves nothing.",Negative,hospital_admin (Hospital A),Network tab shows a hospital_settings upsert; hospital_settings row exists afterwards,e2e/phase-02-settings/P2B.identity.language.spec.ts,
TC-P2B-011,2B Identity,P2,The Language & Region screen loads with no red console errors,1) Open DevTools → Console 2) Open /settings/language 3) Change and save a setting 4) Read the console,"No red console text, and specifically no PostgREST error against hospital_settings.",,phase2.entry./settings/language — timeFormat 24,All modules,Tier 0: hospital profile created; hospital_admin can reach /settings,,,,,P2-Setup,This screen was newly wired to hospital_settings during Phase 2. A key or column mismatch would surface only as a console error while the UI carried on looking healthy — exactly how the original defect hid.,Positive,hospital_admin (Hospital A),None — console observation,e2e/phase-02-settings/P2B.identity.language.spec.ts,
TC-P2B-012,2B Identity,P1,Hospital A's language settings are invisible to Hospital B,1) Sign in as the Hospital B administrator 2) Open /settings/language as Hospital B 3) Query hospital_settings through the API with no hospital filter,"Not one Hospital A hospital_settings row is returned, including the language_region key.",,MOCK_DATA_BOOK Hospitals — Hospital A (Aarogya) and Hospital B (Sanjeevani),"Multi-tenancy, all modules",Both QA tenants seeded,,,,,P2-Setup,"hospital_settings has no per-role RLS — any authenticated user of a hospital can write any key via PostgREST. Tenant isolation is therefore the only protection this table has, and it must be proven rather than assumed.",Cross-Module,hospital_admin (Hospital B),hospital_settings queried as the Hospital B admin → zero rows with hospital_id = A,e2e/phase-02-settings/P2B.identity.language.spec.ts,
TC-P2B-013,2B Identity,P1,A nurse cannot reach the Language & Region screen,1) Log in as nurse (Hospital A) 2) Navigate directly to /settings/language,"The route is blocked — redirected away, or an explicit access-denied message.",,"MOCK_DATA_BOOK Staff logins — nurse (Hospital A), Sr. Mary Thomas",All modules,Tier 0 roles configured (Phase 1 §1E),,,,,P2-Setup,"Changing the date format changes how every date in the hospital renders. The route guard is the only control on this screen, because hospital_settings itself has no per-role RLS.",RBAC,nurse (Hospital A),None — route guard behaviour,e2e/phase-02-settings/P2B.identity.language.spec.ts,
TC-P2B-014,2B Identity,P2,Stored settings are loaded back into the form on open,1) Set Time Format to 24-hour and save 2) Navigate away to /settings 3) Return to /settings/language,"Time Format shows 24-hour on load — the form is populated from hospital_settings, not reset to the defaults.",,phase2.entry./settings/language — timeFormat 24,All modules,Tier 0: hospital profile created; hospital_admin can reach /settings,,,,,P2-Setup,"A screen that saves but never reads back looks broken in a subtler way: the administrator sets the value, returns, sees the default, and sets it again — never knowing which one is live.",Positive,hospital_admin (Hospital A),hospital_settings where hospital_id = A and key = 'language_region' → value.timeFormat = '24',e2e/phase-02-settings/P2B.identity.language.spec.ts,
TC-P2B-015,2B Identity,P2,A partially stored config merges with the shipped defaults,1) Store a language_region value containing only timeFormat 2) Open /settings/language 3) Read every control,Time Format shows the stored value while the other five controls show their Indian defaults. No control renders blank or undefined.,,src/lib/languageRegion.ts DEFAULT_LANGUAGE_REGION merged over a partial stored value,All modules,Tier 0: hospital profile created; hospital_admin can reach /settings,,,,,P2-Setup,A config saved before a new setting shipped will lack that key. Rendering it blank rather than defaulting means a hospital silently loses its currency or timezone on the next release.,Boundary,hospital_admin (Hospital A),hospital_settings where hospital_id = A and key = 'language_region' → partial value merges without blanks,e2e/phase-02-settings/P2B.identity.language.spec.ts,
TC-P2B-016,2B Identity,P1,Currency INR renders amounts with the rupee symbol,1) Open /settings/language 2) Confirm Currency is ₹ Indian Rupee (INR) 3) Open /settings/wards 4) Read a ward rate,"Ward rates render as ₹3,500.00 — the rupee symbol, not a bare number and not a dollar sign.",,"MOCK_DATA_BOOK Wards — General Ward ₹1,500/day","Billing, Accounts, IPD",Tier 0: hospital profile created; hospital_admin can reach /settings,,,,,P2-Setup,"Currency is chosen here and consumed by formatCurrency() everywhere else. If the two disconnect, a hospital sets INR and still sees unsymbolised numbers on every bill.",Cross-Module,hospital_admin (Hospital A),"hospital_settings language_region value.currency = 'INR', and money renders with ₹",e2e/phase-02-settings/P2B.identity.language.spec.ts,
TC-P2B-017,2B Identity,P1,Number Format Indian renders lakh grouping,"1) Open /settings/language 2) Confirm Number Format is Indian (1,00,000) 3) Open a screen showing an amount above ₹1,00,000","The amount renders as ₹1,25,000 — Indian grouping — not ₹125,000.",,"MOCK_DATA_BOOK Values used across many tests — ₹1,25,000 example","Billing, Accounts",Tier 0: hospital profile created; hospital_admin can reach /settings,,,,,P2-Setup,"MOCK_DATA_BOOK states this explicitly: a screen that renders ₹125,000 instead of ₹1,25,000 is a defect. An Indian accountant reads the comma position, and the wrong one shifts the apparent value by an order of magnitude.",Cross-Module,hospital_admin (Hospital A),"hospital_settings language_region value.numberFormat = 'indian', and amounts group as 1,25,000",e2e/phase-02-settings/P2B.identity.language.spec.ts,
TC-P2B-018,2B Identity,P1,Language & region settings survive a reload,"1) Open /settings/language 2) Set Interface Language to Telugu, Time Format to 24-hour and Currency to INR 3) Click ""Save Changes"" 4) Hard-reload the page 5) Read every control","All three chosen values are still selected after the reload, having been read back from hospital_settings.",,"phase2.entry./settings/language — timeFormat 24, dateFormat DD/MM/YYYY, numberFormat indian","All modules, Billing, MRD",Tier 0: hospital profile created; hospital_admin can reach /settings,,,,,P2-Setup,"REGRESSION LOCK for BUG-P2-004. This is the case MOCK_DATA_BOOK names for this screen: every field was enterable and selectable, the toast said saved, and none of it survived a reload. A hospital in Hyderabad could set Telugu and 24-hour time, be told it worked, and find English and 12-hour back the next morning.",Positive,hospital_admin (Hospital A),"hospital_settings where hospital_id = A and key = 'language_region' → value.language = 'te', timeFormat = '24', currency = 'INR'",e2e/phase-02-settings/P2B.identity.language.spec.ts,
TC-P2B-019,2B Identity,P2,"Interface Language ""English"" saves and survives a reload","1) Open /settings/language 2) Set Interface Language to ""English"" 3) Click ""Save Changes"" 4) Reload the page","hospital_settings language_region value.language = 'en' and the dropdown still shows ""English"" after the reload.",,"phase2.dropdowns.interfaceLanguage — ""English"" (stored as 'en')",All modules,Tier 0: hospital profile created; hospital_admin can reach /settings,,,,,P2-Setup,"Every language is tested individually because the visible label and the stored code differ — ""English"" stores as 'en', so a mapping error affects one language and not the others. This one matters as the default every other language falls back to.",Positive,hospital_admin (Hospital A),hospital_settings where hospital_id = A and key = 'language_region' → value.language = 'en',e2e/phase-02-settings/P2B.identity.language.spec.ts,
TC-P2B-020,2B Identity,P2,"Interface Language ""Hindi (हिन्दी)"" saves and survives a reload","1) Open /settings/language 2) Set Interface Language to ""Hindi (हिन्दी)"" 3) Click ""Save Changes"" 4) Reload the page","hospital_settings language_region value.language = 'hi' and the dropdown still shows ""Hindi (हिन्दी)"" after the reload.",,"phase2.dropdowns.interfaceLanguage — ""Hindi (हिन्दी)"" (stored as 'hi')",All modules,Tier 0: hospital profile created; hospital_admin can reach /settings,,,,,P2-Setup,"Every language is tested individually because the visible label and the stored code differ — ""Hindi (हिन्दी)"" stores as 'hi', so a mapping error affects one language and not the others. This one matters as the largest patient population outside the south.",Positive,hospital_admin (Hospital A),hospital_settings where hospital_id = A and key = 'language_region' → value.language = 'hi',e2e/phase-02-settings/P2B.identity.language.spec.ts,
TC-P2B-021,2B Identity,P2,"Interface Language ""Telugu (తెలుగు)"" saves and survives a reload","1) Open /settings/language 2) Set Interface Language to ""Telugu (తెలుగు)"" 3) Click ""Save Changes"" 4) Reload the page","hospital_settings language_region value.language = 'te' and the dropdown still shows ""Telugu (తెలుగు)"" after the reload.",,"phase2.dropdowns.interfaceLanguage — ""Telugu (తెలుగు)"" (stored as 'te')",All modules,Tier 0: hospital profile created; hospital_admin can reach /settings,,,,,P2-Setup,"Every language is tested individually because the visible label and the stored code differ — ""Telugu (తెలుగు)"" stores as 'te', so a mapping error affects one language and not the others. This one matters as the local language of Hospital A in Hyderabad.",Positive,hospital_admin (Hospital A),hospital_settings where hospital_id = A and key = 'language_region' → value.language = 'te',e2e/phase-02-settings/P2B.identity.language.spec.ts,
TC-P2B-022,2B Identity,P2,"Interface Language ""Tamil (தமிழ்)"" saves and survives a reload","1) Open /settings/language 2) Set Interface Language to ""Tamil (தமிழ்)"" 3) Click ""Save Changes"" 4) Reload the page","hospital_settings language_region value.language = 'ta' and the dropdown still shows ""Tamil (தமிழ்)"" after the reload.",,"phase2.dropdowns.interfaceLanguage — ""Tamil (தமிழ்)"" (stored as 'ta')",All modules,Tier 0: hospital profile created; hospital_admin can reach /settings,,,,,P2-Setup,"Every language is tested individually because the visible label and the stored code differ — ""Tamil (தமிழ்)"" stores as 'ta', so a mapping error affects one language and not the others. This one matters as Tamil Nadu, where MLC reporting differs from Maharashtra.",Positive,hospital_admin (Hospital A),hospital_settings where hospital_id = A and key = 'language_region' → value.language = 'ta',e2e/phase-02-settings/P2B.identity.language.spec.ts,
TC-P2B-023,2B Identity,P2,"Interface Language ""Kannada (ಕನ್ನಡ)"" saves and survives a reload","1) Open /settings/language 2) Set Interface Language to ""Kannada (ಕನ್ನಡ)"" 3) Click ""Save Changes"" 4) Reload the page","hospital_settings language_region value.language = 'kn' and the dropdown still shows ""Kannada (ಕನ್ನಡ)"" after the reload.",,"phase2.dropdowns.interfaceLanguage — ""Kannada (ಕನ್ನಡ)"" (stored as 'kn')",All modules,Tier 0: hospital profile created; hospital_admin can reach /settings,,,,,P2-Setup,"Every language is tested individually because the visible label and the stored code differ — ""Kannada (ಕನ್ನಡ)"" stores as 'kn', so a mapping error affects one language and not the others. This one matters as Karnataka, where the Arogya scheme applies.",Positive,hospital_admin (Hospital A),hospital_settings where hospital_id = A and key = 'language_region' → value.language = 'kn',e2e/phase-02-settings/P2B.identity.language.spec.ts,
TC-P2B-024,2B Identity,P2,"Interface Language ""Malayalam (മലയാളം)"" saves and survives a reload","1) Open /settings/language 2) Set Interface Language to ""Malayalam (മലയാളം)"" 3) Click ""Save Changes"" 4) Reload the page","hospital_settings language_region value.language = 'ml' and the dropdown still shows ""Malayalam (മലയാളം)"" after the reload.",,"phase2.dropdowns.interfaceLanguage — ""Malayalam (മലയാളം)"" (stored as 'ml')",All modules,Tier 0: hospital profile created; hospital_admin can reach /settings,,,,,P2-Setup,"Every language is tested individually because the visible label and the stored code differ — ""Malayalam (മലയാളം)"" stores as 'ml', so a mapping error affects one language and not the others. This one matters as Kerala, with the highest health literacy expectations.",Positive,hospital_admin (Hospital A),hospital_settings where hospital_id = A and key = 'language_region' → value.language = 'ml',e2e/phase-02-settings/P2B.identity.language.spec.ts,
TC-P2B-025,2B Identity,P2,"Interface Language ""Marathi (मराठी)"" saves and survives a reload","1) Open /settings/language 2) Set Interface Language to ""Marathi (मराठी)"" 3) Click ""Save Changes"" 4) Reload the page","hospital_settings language_region value.language = 'mr' and the dropdown still shows ""Marathi (मराठी)"" after the reload.",,"phase2.dropdowns.interfaceLanguage — ""Marathi (मराठी)"" (stored as 'mr')",All modules,Tier 0: hospital profile created; hospital_admin can reach /settings,,,,,P2-Setup,"Every language is tested individually because the visible label and the stored code differ — ""Marathi (मराठी)"" stores as 'mr', so a mapping error affects one language and not the others. This one matters as Maharashtra, the state Hospital B operates in.",Positive,hospital_admin (Hospital A),hospital_settings where hospital_id = A and key = 'language_region' → value.language = 'mr',e2e/phase-02-settings/P2B.identity.language.spec.ts,
TC-P2B-026,2B Identity,P1,"Date Format ""DD/MM/YYYY"" saves and survives a reload","1) Open /settings/language 2) Select Date Format ""DD/MM/YYYY"" 3) Click ""Save Changes"" 4) Reload the page",hospital_settings language_region value.dateFormat = 'DD/MM/YYYY' and the radio is still selected after the reload.,,"phase2.dropdowns.dateFormat — ""DD/MM/YYYY""","All modules, MRD, Billing",Tier 0: hospital profile created; hospital_admin can reach /settings,,,,,P2-Setup,"DD/MM/YYYY is the Indian convention and the product default. If it will not save, a hospital that switched away can never switch back, and every date on every document stays ambiguous.",Positive,hospital_admin (Hospital A),hospital_settings where hospital_id = A and key = 'language_region' → value.dateFormat = 'DD/MM/YYYY',e2e/phase-02-settings/P2B.identity.language.spec.ts,
TC-P2B-027,2B Identity,P2,"Date Format ""MM/DD/YYYY"" saves and survives a reload","1) Open /settings/language 2) Select Date Format ""MM/DD/YYYY"" 3) Click ""Save Changes"" 4) Reload the page",hospital_settings language_region value.dateFormat = 'MM/DD/YYYY' and the radio is still selected after the reload.,,"phase2.dropdowns.dateFormat — ""MM/DD/YYYY""","All modules, MRD, Billing",Tier 0: hospital profile created; hospital_admin can reach /settings,,,,,P2-Setup,"Each format is stored as a distinct string, so one can fail to persist while the others work. ""MM/DD/YYYY"" must round-trip exactly as chosen.",Positive,hospital_admin (Hospital A),hospital_settings where hospital_id = A and key = 'language_region' → value.dateFormat = 'MM/DD/YYYY',e2e/phase-02-settings/P2B.identity.language.spec.ts,
TC-P2B-028,2B Identity,P2,"Date Format ""YYYY-MM-DD"" saves and survives a reload","1) Open /settings/language 2) Select Date Format ""YYYY-MM-DD"" 3) Click ""Save Changes"" 4) Reload the page",hospital_settings language_region value.dateFormat = 'YYYY-MM-DD' and the radio is still selected after the reload.,,"phase2.dropdowns.dateFormat — ""YYYY-MM-DD""","All modules, MRD, Billing",Tier 0: hospital profile created; hospital_admin can reach /settings,,,,,P2-Setup,"Each format is stored as a distinct string, so one can fail to persist while the others work. ""YYYY-MM-DD"" must round-trip exactly as chosen.",Positive,hospital_admin (Hospital A),hospital_settings where hospital_id = A and key = 'language_region' → value.dateFormat = 'YYYY-MM-DD',e2e/phase-02-settings/P2B.identity.language.spec.ts,
TC-P2B-029,2B Identity,P2,"Time Format ""12-hour (2:30 PM)"" saves and survives a reload","1) Open /settings/language 2) Select Time Format ""12-hour (2:30 PM)"" 3) Click ""Save Changes"" 4) Reload the page",hospital_settings language_region value.timeFormat = '12' and the radio is still selected after the reload.,,"phase2.dropdowns.timeFormat — ""12"" shown as ""12-hour (2:30 PM)""","IPD, Nursing, OT, Emergency",Tier 0: hospital profile created; hospital_admin can reach /settings,,,,,P2-Setup,"Medication administration times and OT slots are recorded against the clock. A time format that does not persist leaves the medication chart ambiguous between 2:30 and 14:30, which is a dosing-time error.",Positive,hospital_admin (Hospital A),hospital_settings where hospital_id = A and key = 'language_region' → value.timeFormat = '12',e2e/phase-02-settings/P2B.identity.language.spec.ts,
TC-P2B-030,2B Identity,P2,"Time Format ""24-hour (14:30)"" saves and survives a reload","1) Open /settings/language 2) Select Time Format ""24-hour (14:30)"" 3) Click ""Save Changes"" 4) Reload the page",hospital_settings language_region value.timeFormat = '24' and the radio is still selected after the reload.,,"phase2.dropdowns.timeFormat — ""24"" shown as ""24-hour (14:30)""","IPD, Nursing, OT, Emergency",Tier 0: hospital profile created; hospital_admin can reach /settings,,,,,P2-Setup,"Medication administration times and OT slots are recorded against the clock. A time format that does not persist leaves the medication chart ambiguous between 2:30 and 14:30, which is a dosing-time error.",Positive,hospital_admin (Hospital A),hospital_settings where hospital_id = A and key = 'language_region' → value.timeFormat = '24',e2e/phase-02-settings/P2B.identity.language.spec.ts,
TC-P2B-031,2B Identity,P1,"Currency ""₹ Indian Rupee (INR)"" saves and survives a reload","1) Open /settings/language 2) Set Currency to ""₹ Indian Rupee (INR)"" 3) Click ""Save Changes"" 4) Reload the page","hospital_settings language_region value.currency = 'INR' and the dropdown still shows ""₹ Indian Rupee (INR)"" after the reload.",,"phase2.dropdowns.currency — ""INR"" shown as ""₹ Indian Rupee (INR)""","Billing, Accounts, Payments",Tier 0: hospital profile created; hospital_admin can reach /settings,,,,,P2-Setup,"INR is the default and the only currency an Indian hospital bills in. If it will not persist, every amount in the product risks rendering without the rupee symbol.",Positive,hospital_admin (Hospital A),hospital_settings where hospital_id = A and key = 'language_region' → value.currency = 'INR',e2e/phase-02-settings/P2B.identity.language.spec.ts,
TC-P2B-032,2B Identity,P3,"Currency ""AED (UAE)"" saves and survives a reload","1) Open /settings/language 2) Set Currency to ""AED (UAE)"" 3) Click ""Save Changes"" 4) Reload the page","hospital_settings language_region value.currency = 'AED' and the dropdown still shows ""AED (UAE)"" after the reload.",,"phase2.dropdowns.currency — ""AED"" shown as ""AED (UAE)""","Billing, Accounts, Payments",Tier 0: hospital profile created; hospital_admin can reach /settings,,,,,P2-Setup,"Each currency is a distinct stored code. ""AED"" is offered by the dropdown, so it must round-trip — an offered option that does not save leaves the hospital on a currency it did not pick.",Positive,hospital_admin (Hospital A),hospital_settings where hospital_id = A and key = 'language_region' → value.currency = 'AED',e2e/phase-02-settings/P2B.identity.language.spec.ts,
TC-P2B-033,2B Identity,P3,"Currency ""USD"" saves and survives a reload","1) Open /settings/language 2) Set Currency to ""USD"" 3) Click ""Save Changes"" 4) Reload the page","hospital_settings language_region value.currency = 'USD' and the dropdown still shows ""USD"" after the reload.",,"phase2.dropdowns.currency — ""USD"" shown as ""USD""","Billing, Accounts, Payments",Tier 0: hospital profile created; hospital_admin can reach /settings,,,,,P2-Setup,"Each currency is a distinct stored code. ""USD"" is offered by the dropdown, so it must round-trip — an offered option that does not save leaves the hospital on a currency it did not pick.",Positive,hospital_admin (Hospital A),hospital_settings where hospital_id = A and key = 'language_region' → value.currency = 'USD',e2e/phase-02-settings/P2B.identity.language.spec.ts,
TC-P2B-034,2B Identity,P3,"Currency ""GBP"" saves and survives a reload","1) Open /settings/language 2) Set Currency to ""GBP"" 3) Click ""Save Changes"" 4) Reload the page","hospital_settings language_region value.currency = 'GBP' and the dropdown still shows ""GBP"" after the reload.",,"phase2.dropdowns.currency — ""GBP"" shown as ""GBP""","Billing, Accounts, Payments",Tier 0: hospital profile created; hospital_admin can reach /settings,,,,,P2-Setup,"Each currency is a distinct stored code. ""GBP"" is offered by the dropdown, so it must round-trip — an offered option that does not save leaves the hospital on a currency it did not pick.",Positive,hospital_admin (Hospital A),hospital_settings where hospital_id = A and key = 'language_region' → value.currency = 'GBP',e2e/phase-02-settings/P2B.identity.language.spec.ts,
TC-P2B-035,2B Identity,P1,"Timezone ""Asia/Kolkata (IST)"" saves and survives a reload","1) Open /settings/language 2) Set Timezone to ""Asia/Kolkata (IST)"" 3) Click ""Save Changes"" 4) Reload the page","hospital_settings language_region value.timezone = 'Asia/Kolkata' and the dropdown still shows ""Asia/Kolkata (IST)"" after the reload.",,"phase2.dropdowns.timezone — ""Asia/Kolkata"" shown as ""Asia/Kolkata (IST)""","IPD, Nursing, Lab, Analytics, Day Closure",Tier 0: hospital profile created; hospital_admin can reach /settings,,,,,P2-Setup,IST decides when the day closes and which date a midnight admission belongs to. A wrong or unsaved zone moves the day-closure boundary and misstates daily collections.,Positive,hospital_admin (Hospital A),hospital_settings where hospital_id = A and key = 'language_region' → value.timezone = 'Asia/Kolkata',e2e/phase-02-settings/P2B.identity.language.spec.ts,
TC-P2B-036,2B Identity,P3,"Timezone ""Asia/Dubai (GST)"" saves and survives a reload","1) Open /settings/language 2) Set Timezone to ""Asia/Dubai (GST)"" 3) Click ""Save Changes"" 4) Reload the page","hospital_settings language_region value.timezone = 'Asia/Dubai' and the dropdown still shows ""Asia/Dubai (GST)"" after the reload.",,"phase2.dropdowns.timezone — ""Asia/Dubai"" shown as ""Asia/Dubai (GST)""","IPD, Nursing, Lab, Analytics, Day Closure",Tier 0: hospital profile created; hospital_admin can reach /settings,,,,,P2-Setup,"Each zone is stored verbatim as an IANA identifier. ""Asia/Dubai"" must round-trip exactly, because a mangled identifier makes every timestamp calculation fall back to the server zone silently.",Positive,hospital_admin (Hospital A),hospital_settings where hospital_id = A and key = 'language_region' → value.timezone = 'Asia/Dubai',e2e/phase-02-settings/P2B.identity.language.spec.ts,
TC-P2B-037,2B Identity,P3,"Timezone ""America/New_York (EST)"" saves and survives a reload","1) Open /settings/language 2) Set Timezone to ""America/New_York (EST)"" 3) Click ""Save Changes"" 4) Reload the page","hospital_settings language_region value.timezone = 'America/New_York' and the dropdown still shows ""America/New_York (EST)"" after the reload.",,"phase2.dropdowns.timezone — ""America/New_York"" shown as ""America/New_York (EST)""","IPD, Nursing, Lab, Analytics, Day Closure",Tier 0: hospital profile created; hospital_admin can reach /settings,,,,,P2-Setup,"Each zone is stored verbatim as an IANA identifier. ""America/New_York"" must round-trip exactly, because a mangled identifier makes every timestamp calculation fall back to the server zone silently.",Positive,hospital_admin (Hospital A),hospital_settings where hospital_id = A and key = 'language_region' → value.timezone = 'America/New_York',e2e/phase-02-settings/P2B.identity.language.spec.ts,
TC-P2B-038,2B Identity,P3,"Timezone ""Europe/London (GMT)"" saves and survives a reload","1) Open /settings/language 2) Set Timezone to ""Europe/London (GMT)"" 3) Click ""Save Changes"" 4) Reload the page","hospital_settings language_region value.timezone = 'Europe/London' and the dropdown still shows ""Europe/London (GMT)"" after the reload.",,"phase2.dropdowns.timezone — ""Europe/London"" shown as ""Europe/London (GMT)""","IPD, Nursing, Lab, Analytics, Day Closure",Tier 0: hospital profile created; hospital_admin can reach /settings,,,,,P2-Setup,"Each zone is stored verbatim as an IANA identifier. ""Europe/London"" must round-trip exactly, because a mangled identifier makes every timestamp calculation fall back to the server zone silently.",Positive,hospital_admin (Hospital A),hospital_settings where hospital_id = A and key = 'language_region' → value.timezone = 'Europe/London',e2e/phase-02-settings/P2B.identity.language.spec.ts,
TC-P2B-039,2B Identity,P1,"Number Format ""Indian (1,00,000)"" saves and survives a reload","1) Open /settings/language 2) Select Number Format ""Indian (1,00,000)"" 3) Click ""Save Changes"" 4) Reload the page",hospital_settings language_region value.numberFormat = 'indian' and the radio is still selected after the reload.,,"phase2.dropdowns.numberFormat — ""indian"" shown as ""Indian (1,00,000)""","Billing, Accounts",Tier 0: hospital profile created; hospital_admin can reach /settings,,,,,P2-Setup,"Indian grouping is the default and what an Indian accountant reads. ₹250,000 instead of ₹2,50,000 invites a misread by a factor of ten on a bill a patient is about to pay.",Positive,hospital_admin (Hospital A),hospital_settings where hospital_id = A and key = 'language_region' → value.numberFormat = 'indian',e2e/phase-02-settings/P2B.identity.language.spec.ts,
TC-P2B-040,2B Identity,P3,"Number Format ""International (100,000)"" saves and survives a reload","1) Open /settings/language 2) Select Number Format ""International (100,000)"" 3) Click ""Save Changes"" 4) Reload the page",hospital_settings language_region value.numberFormat = 'international' and the radio is still selected after the reload.,,"phase2.dropdowns.numberFormat — ""international"" shown as ""International (100,000)""","Billing, Accounts",Tier 0: hospital profile created; hospital_admin can reach /settings,,,,,P2-Setup,"The international option exists for the AED and USD deployments. If it does not persist, those hospitals see lakh grouping on currencies that never use it.",Positive,hospital_admin (Hospital A),hospital_settings where hospital_id = A and key = 'language_region' → value.numberFormat = 'international',e2e/phase-02-settings/P2B.identity.language.spec.ts,
TC-P2B-041,2B Identity,P2,Hospital Profile loads with the registered hospital details,1) Log in as hospital_admin (Hospital A) 2) Open /settings/profile 3) Read the form,"Hospital Name reads ""Aarogya Multispecialty Hospital"", State reads Telangana, and the address and pincode from registration are populated. No red console errors.",,MOCK_DATA_BOOK Hospital A — registration block,"Billing, MRD, all printed documents",Tier 0: hospital created via /register or the onboarding wizard,,,,,P2-Setup,"This is Tier 0 row 1. The name, address and GSTIN here print on every bill, prescription and discharge summary the hospital ever issues.",Positive,hospital_admin (Hospital A),hospitals where name = 'Aarogya Multispecialty Hospital' → state = 'Telangana',e2e/phase-02-settings/P2B.identity.profile.spec.ts,
TC-P2B-042,2B Identity,P1,The hospital name cannot be cleared,"1) Open /settings/profile 2) Clear the Hospital Name field 3) Click ""Save Changes""","The save is refused, or the name is left unchanged. hospitals.name is never blank.",,None — deliberately clears the required Hospital Name,"Billing, MRD, all printed documents",Tier 0: hospital created via /register or the onboarding wizard,,,,,P2-Setup,"A blank hospital name prints as an empty letterhead on every document, including medico-legal ones. It also breaks the QA seed guard, which recognises its own tenants by name prefix.",Negative,hospital_admin (Hospital A),hospitals where id = A → name is not null and name <> '',e2e/phase-02-settings/P2B.identity.profile.spec.ts,
TC-P2B-043,2B Identity,P1,A valid GSTIN saves and is stored upper-cased,"1) Open /settings/profile 2) Enter GSTIN ""36aaact2727q1zw"" in lower case 3) Click ""Save Changes""",hospitals.gstin stores 36AAACT2727Q1ZW in capitals.,,phase2.entry./settings/profile — gstin 36AAACT2727Q1ZW,"Billing, GST, Accounts",Tier 0: hospital created via /register or the onboarding wizard,,,,,P2-Setup,Setting a GSTIN turns ON the HSN hard-block at bill finalisation. A lower-case GSTIN fails validation at the NIC IRP and every e-invoice is rejected.,Positive,hospital_admin (Hospital A),hospitals where id = A → gstin = '36AAACT2727Q1ZW',e2e/phase-02-settings/P2B.identity.profile.spec.ts,
TC-P2B-044,2B Identity,P1,A 14-character GSTIN is rejected,"1) Open /settings/profile 2) Enter GSTIN ""36AAAAA0000A1Z"" (14 characters) 3) Click ""Save Changes""",An error names the expected format and hospitals.gstin is not changed to the invalid value.,,phase2.invalid.gstinTooShort (36AAAAA0000A1Z),"Billing, GST",Tier 0: hospital created via /register or the onboarding wizard,,,,,P2-Setup,"A GSTIN is exactly 15 characters. A short one is accepted by nothing downstream — every e-invoice request to the NIC IRP fails, and the hospital cannot raise a compliant invoice at all.",Negative,hospital_admin (Hospital A),hospitals where id = A → gstin <> '36AAAAA0000A1Z',e2e/phase-02-settings/P2B.identity.profile.spec.ts,
TC-P2B-045,2B Identity,P1,A GSTIN with a malformed check structure is rejected,"1) Open /settings/profile 2) Enter GSTIN ""36AAACT2727Q1ZX"" 3) Click ""Save Changes""",The value is validated against the full GSTIN pattern before it is written. Anything that does not match the 15-character structure is refused.,,phase2.invalid.gstinBadCheckDigit (36AAACT2727Q1ZX),"Billing, GST",Tier 0: hospital created via /register or the onboarding wizard,,,,,P2-Setup,"A format-valid but structurally wrong GSTIN is the worst case — it passes a naive length check, saves, turns on the HSN hard-block, and then fails at the IRP on the first real invoice, when there is a patient waiting at the counter.",Negative,hospital_admin (Hospital A),hospitals where id = A → gstin matches the 15-character GSTIN pattern or is unchanged,e2e/phase-02-settings/P2B.identity.profile.spec.ts,
TC-P2B-046,2B Identity,P2,A blank GSTIN is allowed and stored as null,"1) Open /settings/profile 2) Clear the GSTIN field 3) Click ""Save Changes""",The save succeeds and hospitals.gstin is null — not an empty string.,,None — deliberately clears the optional GSTIN,"Billing, GST",Tier 0: hospital created via /register or the onboarding wizard,,,,,P2-Setup,Small clinics below the GST threshold have no GSTIN. Forcing one would make them invent a value; storing an empty string instead of null would switch on the HSN hard-block for a hospital that is not registered for GST at all.,Boundary,hospital_admin (Hospital A),hospitals where id = A → gstin is null,e2e/phase-02-settings/P2B.identity.profile.spec.ts,
TC-P2B-047,2B Identity,P3,The GSTIN error message states the expected format,"1) Open /settings/profile 2) Enter GSTIN ""36AAAAA0000A1Z"" 3) Click ""Save Changes"" 4) Read the error","The message shows an example of the expected format, e.g. 22AAAAA0000A1Z5.",,phase2.invalid.gstinTooShort (36AAAAA0000A1Z),"Billing, GST",Tier 0: hospital created via /register or the onboarding wizard,,,,,P2-Setup,"A bare ""invalid GSTIN"" leaves an administrator retyping the same wrong value. Showing the shape is what lets them spot the missing character themselves.",Negative,hospital_admin (Hospital A),None — reads the validation message,e2e/phase-02-settings/P2B.identity.profile.spec.ts,
TC-P2B-048,2B Identity,P2,A valid 6-digit pincode saves,"1) Open /settings/profile 2) Enter Pincode 500032 3) Click ""Save Changes""",hospitals.pincode = 500032.,,phase2.entry./settings/profile — pincode 500032,"Billing, GST, MRD",Tier 0: hospital created via /register or the onboarding wizard,,,,,P2-Setup,The pincode prints on the letterhead and is part of the place-of-supply determination for GST. A wrong one puts the wrong address on every invoice.,Positive,hospital_admin (Hospital A),hospitals where id = A → pincode = '500032',e2e/phase-02-settings/P2B.identity.profile.spec.ts,
TC-P2B-049,2B Identity,P1,A 5-digit pincode is rejected,"1) Open /settings/profile 2) Enter Pincode ""50003"" (5 digits) 3) Click ""Save Changes"" 4) Reload and re-read the field","The save is refused with a message naming the 6-digit requirement, and hospitals.pincode is not set to 50003.",,phase2.invalid.pincodeTooShort (50003),"Billing, GST, MRD",Tier 0: hospital created via /register or the onboarding wizard,,,,,P2-Setup,"Indian pincodes are exactly 6 digits. GSTIN is validated on this screen but the pincode is written straight through with no check, so a truncated pincode reaches the letterhead and the GST place-of-supply logic unchallenged.",Negative,hospital_admin (Hospital A),hospitals where id = A → pincode <> '50003',e2e/phase-02-settings/P2B.identity.profile.spec.ts,
TC-P2B-050,2B Identity,P1,A 7-digit pincode is rejected,"1) Open /settings/profile 2) Enter Pincode ""5000321"" (7 digits) 3) Click ""Save Changes"" 4) Reload and re-read the field",The save is refused and hospitals.pincode is not set to 5000321.,,phase2.invalid.pincodeTooLong (5000321),"Billing, GST, MRD",Tier 0: hospital created via /register or the onboarding wizard,,,,,P2-Setup,Both sides of the 6-digit boundary have to be tested. A rule that only catches short values lets a mistyped extra digit through onto every printed document.,Negative,hospital_admin (Hospital A),hospitals where id = A → pincode <> '5000321',e2e/phase-02-settings/P2B.identity.profile.spec.ts,
TC-P2B-051,2B Identity,P2,A non-numeric pincode is rejected,"1) Open /settings/profile 2) Enter Pincode ""5000AB"" 3) Click ""Save Changes""",The save is refused and the letters are not stored.,,Literal pincode 5000AB,"Billing, MRD",Tier 0: hospital created via /register or the onboarding wizard,,,,,P2-Setup,"A pincode with letters breaks any downstream integration that parses it as a number, including courier and government portal submissions.",Negative,hospital_admin (Hospital A),hospitals where id = A → pincode matches ^[0-9]{6}$ or is unchanged,e2e/phase-02-settings/P2B.identity.profile.spec.ts,
TC-P2B-052,2B Identity,P2,The hospital address saves,"1) Open /settings/profile 2) Enter Address ""Plot 42, Road No. 12, Banjara Hills"" 3) Click ""Save Changes"" 4) Reload","hospitals.address holds the full address after the reload, commas intact.",,"MOCK_DATA_BOOK Hospital A — Address 1 Plot 42, Road No. 12, Banjara Hills","Billing, MRD, all printed documents",Tier 0: hospital created via /register or the onboarding wizard,,,,,P2-Setup,"The address prints on every invoice and discharge summary. Commas in Indian addresses are routine, so a field that mangles them corrupts the letterhead.",Positive,hospital_admin (Hospital A),hospitals where id = A → address contains 'Banjara Hills',e2e/phase-02-settings/P2B.identity.profile.spec.ts,
TC-P2B-053,2B Identity,P1,The state saves and matches the GSTIN state code,"1) Open /settings/profile 2) Confirm State is Telangana 3) Confirm GSTIN begins with 36 4) Click ""Save Changes""",hospitals.state = Telangana and hospitals.gstin starts with 36 — the Telangana GST state code.,,"MOCK_DATA_BOOK Hospital A — Telangana, GSTIN 36AABCA1234F1Z5","Billing, GST",Tier 0: hospital created via /register or the onboarding wizard,,,,,P2-Setup,"MOCK_DATA_BOOK sets the state codes deliberately — 36 Telangana, 27 Maharashtra — so a wrong place-of-supply is detectable. A state that disagrees with the GSTIN prefix produces CGST/SGST where IGST is due, and the return has to be amended.",Cross-Module,hospital_admin (Hospital A),hospitals where id = A → state = 'Telangana' and gstin like '36%',e2e/phase-02-settings/P2B.identity.profile.spec.ts,
TC-P2B-054,2B Identity,P2,The NABH accreditation number saves,"1) Open /settings/profile 2) Enter NABH Number ""NABH-QA-A-2027"" 3) Click ""Save Changes"" 4) Reload",hospitals.nabh_number = NABH-QA-A-2027 after the reload.,,phase2.entry./settings/profile — nabhNumber NABH-QA-A-2027,"Quality, NABH, MRD",Tier 0: hospital created via /register or the onboarding wizard,,,,,P2-Setup,The NABH number appears on accreditation evidence and on documents an assessor inspects. A hospital that cannot record it cannot demonstrate its own accreditation status.,Positive,hospital_admin (Hospital A),hospitals where id = A → nabh_number = 'NABH-QA-A-2027',e2e/phase-02-settings/P2B.identity.profile.spec.ts,
TC-P2B-055,2B Identity,P2,The NABL accreditation number saves,"1) Open /settings/profile 2) Enter an NABL Accreditation No. 3) Click ""Save Changes"" 4) Reload",hospitals.nabl_accreditation_number persists after the reload.,,Literal NABL number MC-2027-QA,"Lab, Quality",Tier 0: hospital created via /register or the onboarding wizard,,,,,P2-Setup,NABL accreditation is what lets a lab report be accepted by insurers and courts. The number prints on the report footer.,Positive,hospital_admin (Hospital A),hospitals where id = A → nabl_accreditation_number is not null,e2e/phase-02-settings/P2B.identity.profile.spec.ts,
TC-P2B-056,2B Identity,P2,The NABL validity date saves and displays as DD/MM/YYYY,"1) Open /settings/profile 2) Set NABL Valid Up To to 31/12/2027 3) Click ""Save Changes"" 4) Reload and read the field","The date persists and renders as 31/12/2027 in en-IN, not 12/31/2027.",,Literal NABL validity 31/12/2027,"Lab, Quality",Tier 0: hospital created via /register or the onboarding wizard,,,,,P2-Setup,An expired NABL accreditation invalidates lab reports. A date rendered in US order makes an expiry look eleven months away when it is not.,Positive,hospital_admin (Hospital A),hospitals where id = A → nabl_valid_upto = 2027-12-31,e2e/phase-02-settings/P2B.identity.profile.spec.ts,
TC-P2B-057,2B Identity,P1,The drug licence number saves,"1) Open /settings/profile 2) Enter Drug License No. ""20B/21B-QA-0001"" 3) Click ""Save Changes"" 4) Reload",hospitals.drug_license_number persists after the reload.,,Literal drug licence 20B/21B-QA-0001,"Pharmacy, NDPS, Quality",Tier 0: hospital created via /register or the onboarding wizard,,,,,P2-Setup,"A pharmacy cannot legally dispense without a Form 20B/21B licence, and the number prints on the dispensing register a drug inspector asks to see.",Positive,hospital_admin (Hospital A),hospitals where id = A → drug_license_number is not null,e2e/phase-02-settings/P2B.identity.profile.spec.ts,
TC-P2B-058,2B Identity,P1,The drug licence validity date saves,"1) Open /settings/profile 2) Set Drug License Valid Up To to 31/03/2028 3) Click ""Save Changes"" 4) Reload",hospitals.drug_license_valid_upto persists and renders as 31/03/2028.,,Literal drug licence validity 31/03/2028,"Pharmacy, NDPS",Tier 0: hospital created via /register or the onboarding wizard,,,,,P2-Setup,Dispensing on an expired licence is a prosecutable offence. The system has to hold the expiry date before it can warn anyone about it.,Positive,hospital_admin (Hospital A),hospitals where id = A → drug_license_valid_upto = 2028-03-31,e2e/phase-02-settings/P2B.identity.profile.spec.ts,
TC-P2B-059,2B Identity,P3,The 80G registration number saves,"1) Open /settings/profile 2) Enter an 80G Registration No. 3) Click ""Save Changes"" 4) Reload",hospitals.registration_80g persists after the reload.,,Literal 80G registration AAATH1234QF20213,"Accounts, Billing",Tier 0: hospital created via /register or the onboarding wizard,,,,,P2-Setup,Charitable hospitals issue 80G receipts so donors can claim tax relief. Without the registration number on the receipt the deduction is disallowed.,Positive,hospital_admin (Hospital A),hospitals where id = A → registration_80g is not null,e2e/phase-02-settings/P2B.identity.profile.spec.ts,
TC-P2B-060,2B Identity,P3,The trust PAN saves,"1) Open /settings/profile 2) Enter Trust PAN ""AAATH1234Q"" 3) Click ""Save Changes"" 4) Reload",hospitals.trust_pan = AAATH1234Q after the reload.,,Literal trust PAN AAATH1234Q,"Accounts, Billing",Tier 0: hospital created via /register or the onboarding wizard,,,,,P2-Setup,The trust PAN is required on every 80G receipt alongside the registration number. One without the other makes the receipt unusable.,Positive,hospital_admin (Hospital A),hospitals where id = A → trust_pan = 'AAATH1234Q',e2e/phase-02-settings/P2B.identity.profile.spec.ts,
TC-P2B-061,2B Identity,P2,The UHID prefix is upper-cased as it is typed,"1) Open /settings/profile 2) Type ""bh"" in lower case into UHID Prefix 3) Observe the field 4) Click ""Save Changes""",The field shows BH and hospitals.uhid_prefix stores BH.,,Literal UHID prefix entered as lower-case bh,"Patients, MRD, OPD",Tier 0: hospital created via /register or the onboarding wizard,,,,,P2-Setup,The UHID is the patient identifier printed on every card and wristband. Mixed case makes two visually identical UHIDs that do not match on lookup.,Positive,hospital_admin (Hospital A),hospitals where id = A → uhid_prefix = 'BH',e2e/phase-02-settings/P2B.identity.profile.spec.ts,
TC-P2B-062,2B Identity,P2,The UHID prefix strips characters that are not letters or digits,"1) Open /settings/profile 2) Type ""B-H 1!"" into UHID Prefix 3) Observe the field","The field keeps only BH1 — hyphens, spaces and punctuation are removed as typed.",,Literal UHID prefix entered as B-H 1!,"Patients, MRD",Tier 0: hospital created via /register or the onboarding wizard,,,,,P2-Setup,"The UHID is assembled as prefix-date-serial. A prefix containing its own hyphen or a space produces an identifier that cannot be parsed back apart, and barcode scanners reject the space.",Boundary,hospital_admin (Hospital A),hospitals where id = A → uhid_prefix matches ^[A-Z0-9]+$,e2e/phase-02-settings/P2B.identity.profile.spec.ts,
TC-P2B-063,2B Identity,P2,A blank UHID prefix falls back to the UHID default,"1) Open /settings/profile 2) Clear the UHID Prefix field 3) Click ""Save Changes"" 4) Reload","hospitals.uhid_prefix = UHID — the documented fallback, not an empty string.",,None — deliberately clears the UHID Prefix,"Patients, MRD",Tier 0: hospital created via /register or the onboarding wizard,,,,,P2-Setup,An empty prefix produces UHIDs that begin with a hyphen. Falling back to a real default keeps every issued identifier well-formed even when nobody configured one.,Boundary,hospital_admin (Hospital A),hospitals where id = A → uhid_prefix = 'UHID',e2e/phase-02-settings/P2B.identity.profile.spec.ts,
TC-P2B-064,2B Identity,P1,"UHID date format ""YYYYMMDD"" (full date) saves and drives the preview","1) Open /settings/profile 2) Set Date in UHID to ""YYYYMMDD"" 3) Read the preview beside the option 4) Click ""Save Changes"" 5) Reload","hospitals.uhid_date_format = 'YYYYMMDD' after the reload, and the option preview shows the shape BH-20260606-0001.",,"phase2.dropdowns.uhidDateFormat — ""YYYYMMDD""","Patients, MRD, OPD",Tier 0: hospital created via /register or the onboarding wizard,,,,,P2-Setup,This changes the shape of every new patient UHID from the moment it saves. Each of the three values is tested because a hospital that switches format and finds the old shape still being issued ends up with two incompatible identifier series in one register.,Positive,hospital_admin (Hospital A),hospitals where id = A → uhid_date_format = 'YYYYMMDD',e2e/phase-02-settings/P2B.identity.profile.spec.ts,
TC-P2B-065,2B Identity,P1,"UHID date format ""YYYY"" (year only) saves and drives the preview","1) Open /settings/profile 2) Set Date in UHID to ""YYYY"" 3) Read the preview beside the option 4) Click ""Save Changes"" 5) Reload","hospitals.uhid_date_format = 'YYYY' after the reload, and the option preview shows the shape BH-2026-0001.",,"phase2.dropdowns.uhidDateFormat — ""YYYY""","Patients, MRD, OPD",Tier 0: hospital created via /register or the onboarding wizard,,,,,P2-Setup,This changes the shape of every new patient UHID from the moment it saves. Each of the three values is tested because a hospital that switches format and finds the old shape still being issued ends up with two incompatible identifier series in one register.,Positive,hospital_admin (Hospital A),hospitals where id = A → uhid_date_format = 'YYYY',e2e/phase-02-settings/P2B.identity.profile.spec.ts,
TC-P2B-066,2B Identity,P1,"UHID date format ""NONE"" (no date) saves and drives the preview","1) Open /settings/profile 2) Set Date in UHID to ""NONE"" 3) Read the preview beside the option 4) Click ""Save Changes"" 5) Reload","hospitals.uhid_date_format = 'NONE' after the reload, and the option preview shows the shape BH-0001.",,"phase2.dropdowns.uhidDateFormat — ""NONE""","Patients, MRD, OPD",Tier 0: hospital created via /register or the onboarding wizard,,,,,P2-Setup,This changes the shape of every new patient UHID from the moment it saves. Each of the three values is tested because a hospital that switches format and finds the old shape still being issued ends up with two incompatible identifier series in one register.,Positive,hospital_admin (Hospital A),hospitals where id = A → uhid_date_format = 'NONE',e2e/phase-02-settings/P2B.identity.profile.spec.ts,
TC-P2B-067,2B Identity,P2,The UHID preview reflects the chosen prefix and date format together,"1) Open /settings/profile 2) Set UHID Prefix to ""BH"" 3) Set Date in UHID to ""YYYY"" 4) Read the preview text",The preview reads BH-2026-0001 — it composes the live prefix with the chosen date format rather than showing a fixed example.,,Literal UHID prefix BH with date format YYYY,"Patients, MRD",Tier 0: hospital created via /register or the onboarding wizard,,,,,P2-Setup,The preview is the only place an administrator sees what they are about to impose on every future patient. A static example that ignores their prefix teaches them the wrong shape.,Positive,hospital_admin (Hospital A),None — reads the composed preview text,e2e/phase-02-settings/P2B.identity.profile.spec.ts,
TC-P2B-068,2B Identity,P1,Changing the UHID format affects only patients registered afterwards,1) Note the UHID of an existing seeded patient 2) Open /settings/profile and change Date in UHID from YYYYMMDD to YYYY 3) Save 4) Register a new patient 5) Compare both UHIDs,The existing patient keeps its original UHID unchanged; only the newly registered patient uses the new shape.,,MOCK_DATA_BOOK Patients — PT-QA-0001 Ramesh Kumar as the pre-existing record,"Patients, MRD, OPD, Billing",Tier 0 complete; at least one patient already registered,,,,,P2-Setup,"A UHID is printed on cards, wristbands, lab samples and old paper files. Retrospectively rewriting one detaches a patient from their own history and from every physical label already in the building.",Cross-Module,hospital_admin (Hospital A),patients where uhid = PT-QA-0001 → unchanged after the format switch,e2e/phase-02-settings/P2B.identity.profile.spec.ts,
TC-P2B-069,2B Identity,P3,"Preferred patient language ""Hindi"" can be selected and saves","1) Open /settings/profile 2) Select ""Hindi"" under Preferred Patient Languages 3) Click ""Save Changes"" 4) Reload and re-read the selection","hospitals.patient_languages contains ""Hindi"" after the reload.",,"phase2.dropdowns.patientLanguages — ""Hindi""","Patients, OPD, Patient Portal, WhatsApp",Tier 0: hospital created via /register or the onboarding wizard,,,,,P2-Setup,"Patient-facing communication — discharge instructions, WhatsApp reminders, consent — is offered in these languages. Each is stored as an array element, so one can fail to persist while the others save. This one matters for the largest patient population outside the south.",Positive,hospital_admin (Hospital A),hospitals where id = A → patient_languages contains 'Hindi',e2e/phase-02-settings/P2B.identity.profile.spec.ts,
TC-P2B-070,2B Identity,P3,"Preferred patient language ""Telugu"" can be selected and saves","1) Open /settings/profile 2) Select ""Telugu"" under Preferred Patient Languages 3) Click ""Save Changes"" 4) Reload and re-read the selection","hospitals.patient_languages contains ""Telugu"" after the reload.",,"phase2.dropdowns.patientLanguages — ""Telugu""","Patients, OPD, Patient Portal, WhatsApp",Tier 0: hospital created via /register or the onboarding wizard,,,,,P2-Setup,"Patient-facing communication — discharge instructions, WhatsApp reminders, consent — is offered in these languages. Each is stored as an array element, so one can fail to persist while the others save. This one matters for the local language of Hospital A in Hyderabad.",Positive,hospital_admin (Hospital A),hospitals where id = A → patient_languages contains 'Telugu',e2e/phase-02-settings/P2B.identity.profile.spec.ts,
TC-P2B-071,2B Identity,P3,"Preferred patient language ""Tamil"" can be selected and saves","1) Open /settings/profile 2) Select ""Tamil"" under Preferred Patient Languages 3) Click ""Save Changes"" 4) Reload and re-read the selection","hospitals.patient_languages contains ""Tamil"" after the reload.",,"phase2.dropdowns.patientLanguages — ""Tamil""","Patients, OPD, Patient Portal, WhatsApp",Tier 0: hospital created via /register or the onboarding wizard,,,,,P2-Setup,"Patient-facing communication — discharge instructions, WhatsApp reminders, consent — is offered in these languages. Each is stored as an array element, so one can fail to persist while the others save. This one matters for Tamil Nadu patients, whose MLC reporting differs by state.",Positive,hospital_admin (Hospital A),hospitals where id = A → patient_languages contains 'Tamil',e2e/phase-02-settings/P2B.identity.profile.spec.ts,
TC-P2B-072,2B Identity,P3,"Preferred patient language ""Kannada"" can be selected and saves","1) Open /settings/profile 2) Select ""Kannada"" under Preferred Patient Languages 3) Click ""Save Changes"" 4) Reload and re-read the selection","hospitals.patient_languages contains ""Kannada"" after the reload.",,"phase2.dropdowns.patientLanguages — ""Kannada""","Patients, OPD, Patient Portal, WhatsApp",Tier 0: hospital created via /register or the onboarding wizard,,,,,P2-Setup,"Patient-facing communication — discharge instructions, WhatsApp reminders, consent — is offered in these languages. Each is stored as an array element, so one can fail to persist while the others save. This one matters for Karnataka patients under the Arogya scheme.",Positive,hospital_admin (Hospital A),hospitals where id = A → patient_languages contains 'Kannada',e2e/phase-02-settings/P2B.identity.profile.spec.ts,
TC-P2B-073,2B Identity,P3,"Preferred patient language ""Marathi"" can be selected and saves","1) Open /settings/profile 2) Select ""Marathi"" under Preferred Patient Languages 3) Click ""Save Changes"" 4) Reload and re-read the selection","hospitals.patient_languages contains ""Marathi"" after the reload.",,"phase2.dropdowns.patientLanguages — ""Marathi""","Patients, OPD, Patient Portal, WhatsApp",Tier 0: hospital created via /register or the onboarding wizard,,,,,P2-Setup,"Patient-facing communication — discharge instructions, WhatsApp reminders, consent — is offered in these languages. Each is stored as an array element, so one can fail to persist while the others save. This one matters for Maharashtra, the state Hospital B operates in.",Positive,hospital_admin (Hospital A),hospitals where id = A → patient_languages contains 'Marathi',e2e/phase-02-settings/P2B.identity.profile.spec.ts,
TC-P2B-074,2B Identity,P3,"Preferred patient language ""Malayalam"" can be selected and saves","1) Open /settings/profile 2) Select ""Malayalam"" under Preferred Patient Languages 3) Click ""Save Changes"" 4) Reload and re-read the selection","hospitals.patient_languages contains ""Malayalam"" after the reload.",,"phase2.dropdowns.patientLanguages — ""Malayalam""","Patients, OPD, Patient Portal, WhatsApp",Tier 0: hospital created via /register or the onboarding wizard,,,,,P2-Setup,"Patient-facing communication — discharge instructions, WhatsApp reminders, consent — is offered in these languages. Each is stored as an array element, so one can fail to persist while the others save. This one matters for Kerala, with the highest health-literacy expectations.",Positive,hospital_admin (Hospital A),hospitals where id = A → patient_languages contains 'Malayalam',e2e/phase-02-settings/P2B.identity.profile.spec.ts,
TC-P2B-075,2B Identity,P3,"Preferred patient language ""Bengali"" can be selected and saves","1) Open /settings/profile 2) Select ""Bengali"" under Preferred Patient Languages 3) Click ""Save Changes"" 4) Reload and re-read the selection","hospitals.patient_languages contains ""Bengali"" after the reload.",,"phase2.dropdowns.patientLanguages — ""Bengali""","Patients, OPD, Patient Portal, WhatsApp",Tier 0: hospital created via /register or the onboarding wizard,,,,,P2-Setup,"Patient-facing communication — discharge instructions, WhatsApp reminders, consent — is offered in these languages. Each is stored as an array element, so one can fail to persist while the others save. This one matters for migrant worker populations in most metros.",Positive,hospital_admin (Hospital A),hospitals where id = A → patient_languages contains 'Bengali',e2e/phase-02-settings/P2B.identity.profile.spec.ts,
TC-P2B-076,2B Identity,P3,"Preferred patient language ""Gujarati"" can be selected and saves","1) Open /settings/profile 2) Select ""Gujarati"" under Preferred Patient Languages 3) Click ""Save Changes"" 4) Reload and re-read the selection","hospitals.patient_languages contains ""Gujarati"" after the reload.",,"phase2.dropdowns.patientLanguages — ""Gujarati""","Patients, OPD, Patient Portal, WhatsApp",Tier 0: hospital created via /register or the onboarding wizard,,,,,P2-Setup,"Patient-facing communication — discharge instructions, WhatsApp reminders, consent — is offered in these languages. Each is stored as an array element, so one can fail to persist while the others save. This one matters for western India referrals.",Positive,hospital_admin (Hospital A),hospitals where id = A → patient_languages contains 'Gujarati',e2e/phase-02-settings/P2B.identity.profile.spec.ts,
TC-P2B-077,2B Identity,P3,"Preferred patient language ""Odia"" can be selected and saves","1) Open /settings/profile 2) Select ""Odia"" under Preferred Patient Languages 3) Click ""Save Changes"" 4) Reload and re-read the selection","hospitals.patient_languages contains ""Odia"" after the reload.",,"phase2.dropdowns.patientLanguages — ""Odia""","Patients, OPD, Patient Portal, WhatsApp",Tier 0: hospital created via /register or the onboarding wizard,,,,,P2-Setup,"Patient-facing communication — discharge instructions, WhatsApp reminders, consent — is offered in these languages. Each is stored as an array element, so one can fail to persist while the others save. This one matters for eastern migrant populations.",Positive,hospital_admin (Hospital A),hospitals where id = A → patient_languages contains 'Odia',e2e/phase-02-settings/P2B.identity.profile.spec.ts,
TC-P2B-078,2B Identity,P3,"Preferred patient language ""Punjabi"" can be selected and saves","1) Open /settings/profile 2) Select ""Punjabi"" under Preferred Patient Languages 3) Click ""Save Changes"" 4) Reload and re-read the selection","hospitals.patient_languages contains ""Punjabi"" after the reload.",,"phase2.dropdowns.patientLanguages — ""Punjabi""","Patients, OPD, Patient Portal, WhatsApp",Tier 0: hospital created via /register or the onboarding wizard,,,,,P2-Setup,"Patient-facing communication — discharge instructions, WhatsApp reminders, consent — is offered in these languages. Each is stored as an array element, so one can fail to persist while the others save. This one matters for northern referrals.",Positive,hospital_admin (Hospital A),hospitals where id = A → patient_languages contains 'Punjabi',e2e/phase-02-settings/P2B.identity.profile.spec.ts,
TC-P2B-079,2B Identity,P2,English is always included and cannot be removed,"1) Open /settings/profile 2) Attempt to deselect English under Preferred Patient Languages 3) Click ""Save Changes"" 4) Reload",English remains in hospitals.patient_languages regardless of what else is selected or deselected.,,MOCK_DATA_BOOK Preferred Patient Languages — English is always included and cannot be removed,"Patients, Patient Portal, WhatsApp",Tier 0: hospital created via /register or the onboarding wizard,,,,,P2-Setup,English is the fallback every other language degrades to. Removing it would leave a patient whose language has no translated template with no message at all.,Boundary,hospital_admin (Hospital A),hospitals where id = A → patient_languages contains 'English',e2e/phase-02-settings/P2B.identity.profile.spec.ts,
TC-P2B-080,2B Identity,P1,Hospital profile changes survive a hard reload,"1) Open /settings/profile 2) Change GSTIN, pincode and NABH number to the Phase 2 values 3) Click ""Save Changes"" 4) Hard-reload the page 5) Re-read all three fields","All three values are still shown after the reload, having been read back from the hospitals row.",,"phase2.entry./settings/profile — gstin 36AAACT2727Q1ZW, pincode 500032, nabhNumber NABH-QA-A-2027","Billing, GST, Quality",Tier 0: hospital created via /register or the onboarding wizard,,,,,P2-Setup,"Four screens in this phase showed a green toast and wrote nothing. The hospital profile is Tier 0 row 1 — if it silently fails to persist, everything configured afterwards is built on values that do not exist.",Positive,hospital_admin (Hospital A),"hospitals where id = A → gstin = '36AAACT2727Q1ZW', pincode = '500032', nabh_number = 'NABH-QA-A-2027'",e2e/phase-02-settings/P2B.identity.profile.spec.ts,
TC-P2B-081,2B Identity,P1,Setting a GSTIN turns on the HSN requirement for billing,1) Open /settings/profile 2) Set a valid GSTIN 3) Save 4) Open /settings/services 5) Confirm the HSN field is now required on billable services,"With a GSTIN set, bill finalisation is hard-blocked for any line lacking an HSN code. The Services screen reflects that HSN is now mandatory.",,phase2.entry./settings/profile — gstin 36AAACT2727Q1ZW; phase2.invalid.serviceWithoutHsn,"Billing, GST, Services",Tier 0: hospital created via /register or the onboarding wizard,,,,,P2-Setup,"SETTINGS_PREREQ_MATRIX flags this as a deliberate hard-block: setting the GSTIN switches it on. A hospital that sets its GSTIN and then cannot finalise any bill needs to understand the two are connected, not conclude billing is broken.",Cross-Module,hospital_admin (Hospital A),"hospitals where id = A → gstin is not null, and service_master rows lacking hsn_code block finalisation",e2e/phase-02-settings/P2B.identity.profile.spec.ts,
TC-P2B-082,2B Identity,P1,Hospital A's profile is invisible to Hospital B,1) Sign in as the Hospital B administrator 2) Open /settings/profile as Hospital B 3) Read the hospital name and GSTIN 4) Query the hospitals table through the API with no filter,Hospital B sees only Sanjeevani General Hospital and GSTIN 27AABTS5678K1Z9. No Hospital A row is returned.,,MOCK_DATA_BOOK Hospitals — Hospital A (GSTIN 36…) and Hospital B (GSTIN 27…),"Multi-tenancy, Billing, GST",Both QA tenants seeded,,,,,P2-Setup,"A GSTIN is a legal identity. One hospital seeing or editing another's would let invoices be raised under the wrong tax registration — a tax offence, not merely a data leak.",Cross-Module,hospital_admin (Hospital B),hospitals queried as the Hospital B admin → zero rows for Hospital A,e2e/phase-02-settings/P2B.identity.profile.spec.ts,
TC-P2B-083,2B Identity,P1,A receptionist cannot reach the Hospital Profile screen,1) Log in as receptionist (Hospital A) 2) Navigate directly to /settings/profile,"The route is blocked — redirected away, or an explicit access-denied message. The GSTIN field must not render.",,"MOCK_DATA_BOOK Staff logins — receptionist (Hospital A), Ms. Divya Sharma","Billing, GST",Tier 0 roles configured (Phase 1 §1E),,,,,P2-Setup,The GSTIN and drug licence on this screen are the hospital's legal identity. A receptionist able to change either could invalidate every invoice and every dispensing record issued afterwards.,RBAC,receptionist (Hospital A),None — route guard behaviour,e2e/phase-02-settings/P2B.identity.profile.spec.ts,
TC-P2B-084,2B Identity,P2,The Hospital Profile screen loads with no red console errors,1) Open DevTools → Console 2) Open /settings/profile 3) Save a change 4) Read the console,"No red console text, and specifically no PostgREST error from a hospitals column the query names and the schema lacks.",,"phase2.entry./settings/profile — gstin, pincode, nabhNumber","Billing, MRD",Tier 0: hospital created via /register or the onboarding wizard,,,,,P2-Setup,"Several fields on this screen are written with an `as any` cast, so a column that does not exist fails only at runtime. The console is the only place that surfaces.",Positive,hospital_admin (Hospital A),None — console observation,e2e/phase-02-settings/P2B.identity.profile.spec.ts,
TC-P2B-085,2B Identity,P2,"Branding screen loads with the current logo, name and print settings",1) Log in as hospital_admin (Hospital A) 2) Open /settings/branding 3) Read the form,"Hospital Logo, Hospital Name, Tagline, Primary Font, Base Font Size and Footer Text all render with their current values. No red console errors.",,MOCK_DATA_BOOK Hospital A — Aarogya Multispecialty Hospital,"Billing, MRD, all printed documents",Tier 0: hospital profile created (Settings → Hospital Profile),,,,,P2-Setup,"Branding is what a patient sees on the letterhead of every bill and discharge summary. It is also the first thing a hospital customises after go-live, so a broken screen is a bad first impression of the product.",Positive,hospital_admin (Hospital A),"hospitals where id = A → name, logo_url and print settings match what is displayed",e2e/phase-02-settings/P2B.identity.brand-support.spec.ts,
TC-P2B-086,2B Identity,P2,A logo under the size limit uploads and is stored,1) Open /settings/branding 2) Upload a PNG smaller than 2MB as the Hospital Logo 3) Wait for the confirmation,"A ""Logo uploaded"" toast appears and the logo URL is stored against the hospital.",,A synthetic 1KB PNG generated by the spec — no real hospital branding is used,"Billing, MRD, all printed documents",Tier 0: hospital profile created (Settings → Hospital Profile),,,,,P2-Setup,The logo prints on every document. An upload that appears to succeed but stores nothing leaves an empty box at the top of every invoice.,Positive,hospital_admin (Hospital A),hospitals where id = A → logo_url is not null,e2e/phase-02-settings/P2B.identity.brand-support.spec.ts,
TC-P2B-087,2B Identity,P2,A logo over 2MB is refused,1) Open /settings/branding 2) Attempt to upload a file larger than 2MB as the Hospital Logo,"A destructive toast reads ""File too large (max 2MB)"" and nothing is uploaded.",,A synthetic file just over 2MB generated by the spec,"Billing, MRD",Tier 0: hospital profile created (Settings → Hospital Profile),,,,,P2-Setup,"An oversized logo embedded in every printed document slows rendering and can exceed the payload limit on PDF generation, so bills stop printing entirely.",Negative,hospital_admin (Hospital A),hospitals where id = A → logo_url unchanged after the rejected upload,e2e/phase-02-settings/P2B.identity.brand-support.spec.ts,
TC-P2B-088,2B Identity,P2,The branding hospital name saves,"1) Open /settings/branding 2) Confirm Hospital Name reads ""Aarogya Multispecialty Hospital"" 3) Click Save 4) Reload",The name persists after the reload and matches the value on Settings → Hospital Profile.,,MOCK_DATA_BOOK Hospital A — Aarogya Multispecialty Hospital,"Billing, MRD",Tier 0: hospital profile created (Settings → Hospital Profile),,,,,P2-Setup,"The name appears on two screens. If they can drift apart, the letterhead and the tax invoice header disagree, and only one of them is the registered legal name.",Positive,hospital_admin (Hospital A),hospitals where id = A → name = 'Aarogya Multispecialty Hospital',e2e/phase-02-settings/P2B.identity.brand-support.spec.ts,
TC-P2B-089,2B Identity,P3,The tagline saves,"1) Open /settings/branding 2) Enter Tagline ""NABH Accredited"" 3) Click Save 4) Reload",The tagline persists after the reload and appears in the print preview.,,Literal tagline NABH Accredited (the placeholder the field itself suggests),"Billing, MRD",Tier 0: hospital profile created (Settings → Hospital Profile),,,,,P2-Setup,"The tagline is where hospitals put their accreditation status. Claiming NABH accreditation on a letterhead is a statement an assessor may check, so it has to be the hospital's own words and it has to persist.",Positive,hospital_admin (Hospital A),hospitals where id = A → tagline is not null,e2e/phase-02-settings/P2B.identity.brand-support.spec.ts,
TC-P2B-090,2B Identity,P3,The primary print font can be changed and saves,1) Open /settings/branding 2) Select a different Primary Font 3) Click Save 4) Reload,The chosen font persists after the reload and the preview renders in it.,,The font list rendered by SettingsBrandingPage,"Billing, MRD",Tier 0: hospital profile created (Settings → Hospital Profile),,,,,P2-Setup,Print font affects legibility of a discharge summary an elderly patient reads at home. A font that does not persist means the hospital never actually gets the one it chose.,Positive,hospital_admin (Hospital A),hospitals where id = A → print font setting persists,e2e/phase-02-settings/P2B.identity.brand-support.spec.ts,
TC-P2B-091,2B Identity,P2,The base font size saves and respects the legibility floor,1) Open /settings/branding 2) Set Base Font Size 3) Click Save 4) Reload and read the preview,"The size persists, and the preview never renders critical print text below the readable minimum.",,The base font size control on SettingsBrandingPage,"Billing, MRD",Tier 0: hospital profile created (Settings → Hospital Profile),,,,,P2-Setup,"A base size set too small makes a prescription unreadable. Dosage instructions printed at an unreadable size are a medication-safety risk, not a cosmetic preference.",Boundary,hospital_admin (Hospital A),hospitals where id = A → base font size persists within a legible range,e2e/phase-02-settings/P2B.identity.brand-support.spec.ts,
TC-P2B-092,2B Identity,P3,The three-part footer text saves,"1) Open /settings/branding 2) Enter left, centre and right footer text 3) Click Save 4) Reload",All three footer segments persist independently after the reload.,,"The footer placeholders on SettingsBrandingPage — appointments phone, website, registration number","Billing, MRD",Tier 0: hospital profile created (Settings → Hospital Profile),,,,,P2-Setup,The footer carries the appointments number and registration number that a patient uses to contact the hospital or verify it. Losing one segment while keeping the others is a partial-save defect that is easy to miss.,Positive,hospital_admin (Hospital A),hospitals where id = A → all three footer segments persist,e2e/phase-02-settings/P2B.identity.brand-support.spec.ts,
TC-P2B-093,2B Identity,P1,Branding changes survive a hard reload,1) Open /settings/branding 2) Change the tagline and footer 3) Click Save 4) Hard-reload the page,"Both values are still shown after the reload, having been read back from the hospitals row.",,Literal tagline NABH Accredited plus the three footer segments,"Billing, MRD",Tier 0: hospital profile created (Settings → Hospital Profile),,,,,P2-Setup,"Four screens in this phase showed a green toast and wrote nothing. Branding claims ""applies to all new printouts"" in its own success message, which makes a silent failure especially misleading.",Positive,hospital_admin (Hospital A),hospitals where id = A → tagline and footer persist after reload,e2e/phase-02-settings/P2B.identity.brand-support.spec.ts,
TC-P2B-094,2B Identity,P3,The print preview reflects unsaved changes live,1) Open /settings/branding 2) Change the tagline without saving 3) Read the preview panel,"The preview updates as the field is typed, before any save.",,Literal tagline NABH Accredited,"Billing, MRD",Tier 0: hospital profile created (Settings → Hospital Profile),,,,,P2-Setup,The preview exists so an administrator can see the letterhead before committing it. A preview that only updates after saving means the first real proof is a printed bill handed to a patient.,Positive,hospital_admin (Hospital A),None — live preview render,e2e/phase-02-settings/P2B.identity.brand-support.spec.ts,
TC-P2B-095,2B Identity,P2,The saved branding is what a printed document uses,1) Open /settings/branding 2) Set a distinctive tagline and save 3) Open a printable document elsewhere in the product 4) Inspect the letterhead,"The document letterhead shows the hospital name, logo and tagline configured here.",,Literal tagline NABH Accredited,"Billing, MRD, IPD",Tier 0: hospital profile created (Settings → Hospital Profile),,,,,P2-Setup,"The success toast promises the change ""applies to all new printouts"". If branding is stored but never read by the print layer, that promise is false and nobody discovers it until a patient is handed the wrong letterhead.",Cross-Module,hospital_admin (Hospital A),hospitals where id = A → branding values are the ones the print layer reads,e2e/phase-02-settings/P2B.identity.brand-support.spec.ts,
TC-P2B-096,2B Identity,P1,Hospital A's branding is invisible to Hospital B,1) Sign in as the Hospital B administrator 2) Open /settings/branding as Hospital B 3) Read the hospital name and logo,"Hospital B sees only its own branding — Sanjeevani General Hospital, never Aarogya.",,MOCK_DATA_BOOK Hospitals — Hospital A (Aarogya) and Hospital B (Sanjeevani),"Multi-tenancy, Billing, MRD",Both QA tenants seeded,,,,,P2-Setup,"One hospital's logo appearing on another's invoice is a misrepresentation on a tax document, and it is the most visible possible tenant leak.",Cross-Module,hospital_admin (Hospital B),hospitals queried as the Hospital B admin → zero rows for Hospital A,e2e/phase-02-settings/P2B.identity.brand-support.spec.ts,
TC-P2B-097,2B Identity,P2,A receptionist cannot reach the Branding screen,1) Log in as receptionist (Hospital A) 2) Navigate directly to /settings/branding,"The route is blocked — redirected away, or an explicit access-denied message.",,"MOCK_DATA_BOOK Staff logins — receptionist (Hospital A), Ms. Divya Sharma","Billing, MRD",Tier 0 roles configured (Phase 1 §1E),,,,,P2-Setup,"Branding is the hospital's public identity on legal documents. A change here alters every invoice printed afterwards, so it belongs to administrators only.",RBAC,receptionist (Hospital A),None — route guard behaviour,e2e/phase-02-settings/P2B.identity.brand-support.spec.ts,
TC-P2B-098,2B Identity,P2,The Branding screen loads with no red console errors,1) Open DevTools → Console 2) Open /settings/branding 3) Save a change 4) Read the console,"No red console text, including from the storage upload path.",,Literal tagline NABH Accredited,"Billing, MRD",Tier 0: hospital profile created (Settings → Hospital Profile),,,,,P2-Setup,"The logo upload goes to Supabase storage rather than a table, so a bucket or policy misconfiguration fails silently in the UI and appears only in the console.",Positive,hospital_admin (Hospital A),None — console observation,e2e/phase-02-settings/P2B.identity.brand-support.spec.ts,
TC-P2B-099,2B Identity,P3,White-Label Branding screen loads,1) Open /settings/white-label 2) Read the form,"The theme colour control, Custom Domain field and DNS instructions all render. No red console errors.",,phase2.entry./settings/white-label — customDomain aarogya-qa.example.in,"Patient Portal, Branding",Tier 0: hospital profile created (Settings → Hospital Profile),,,,,P2-Setup,"White-label is what a reseller or hospital chain uses to put the product under its own domain. A broken screen blocks a partner deal, not just a preference.",Positive,hospital_admin (Hospital A),hospitals where id = A → white-label fields match what is displayed,e2e/phase-02-settings/P2B.identity.brand-support.spec.ts,
TC-P2B-100,2B Identity,P3,A custom theme colour saves,"1) Open /settings/white-label 2) Enter a custom hex colour 3) Click ""Save Theme"" 4) Reload",The colour persists after the reload.,,phase2.entry./settings/branding — primaryColour #0E7B7B,"Branding, Patient Portal",Tier 0: hospital profile created (Settings → Hospital Profile),,,,,P2-Setup,The theme colour carries through to the patient portal a patient logs into. A colour that resets makes the portal look unrelated to the hospital that sent the link.,Positive,hospital_admin (Hospital A),hospitals where id = A → theme colour persists,e2e/phase-02-settings/P2B.identity.brand-support.spec.ts,
TC-P2B-101,2B Identity,P2,Save Theme and Save Domain are independent actions,"1) Open /settings/white-label 2) Change the theme colour only 3) Click ""Save Theme"" 4) Reload and check the custom domain","Saving the theme leaves the custom domain untouched, and vice versa. Neither save clears the other's field.",,phase2.entry./settings/white-label — customDomain aarogya-qa.example.in with a separate theme colour,"Branding, Patient Portal",Tier 0: hospital profile created (Settings → Hospital Profile),,,,,P2-Setup,This screen has three separate save buttons writing to the same hospitals row. If one save sends a partial payload it silently nulls whatever the others set — a classic multi-form data-loss bug.,Boundary,hospital_admin (Hospital A),hospitals where id = A → theme and custom domain both retained after either save,e2e/phase-02-settings/P2B.identity.brand-support.spec.ts,
TC-P2B-102,2B Identity,P2,A custom domain saves,"1) Open /settings/white-label 2) Enter Custom Domain ""aarogya-qa.example.in"" 3) Click ""Save Domain"" 4) Reload",The domain persists after the reload.,,phase2.entry./settings/white-label — customDomain aarogya-qa.example.in,Patient Portal,Tier 0: hospital profile created (Settings → Hospital Profile),,,,,P2-Setup,The custom domain is where patients are sent for the portal. A domain that does not save means every portal link points at the generic product URL instead of the hospital.,Positive,hospital_admin (Hospital A),hospitals where id = A → custom domain = 'aarogya-qa.example.in',e2e/phase-02-settings/P2B.identity.brand-support.spec.ts,
TC-P2B-103,2B Identity,P2,A malformed custom domain is rejected,"1) Open /settings/white-label 2) Enter Custom Domain ""not a domain!"" 3) Click ""Save Domain""",The save is refused with a message naming the expected format. The malformed value is not stored.,,"Literal malformed domain ""not a domain!""",Patient Portal,Tier 0: hospital profile created (Settings → Hospital Profile),,,,,P2-Setup,"A malformed domain cannot have a DNS record or an SSL certificate issued against it, so the setup silently stalls at a step the hospital cannot diagnose.",Negative,hospital_admin (Hospital A),hospitals where id = A → custom domain <> 'not a domain!',e2e/phase-02-settings/P2B.identity.brand-support.spec.ts,
TC-P2B-104,2B Identity,P3,The DNS record to create is displayed for the entered domain,1) Open /settings/white-label 2) Enter a custom domain 3) Read the DNS instructions,A CNAME or A record is shown with the exact value to add at the registrar.,,phase2.entry./settings/white-label — customDomain aarogya-qa.example.in,Patient Portal,Tier 0: hospital profile created (Settings → Hospital Profile),,,,,P2-Setup,The hospital's IT contact has to create this record at their registrar. Showing the exact value is the difference between a five-minute task and a support ticket.,Positive,hospital_admin (Hospital A),None — reads the displayed DNS instructions,e2e/phase-02-settings/P2B.identity.brand-support.spec.ts,
TC-P2B-105,2B Identity,P3,The DNS value can be copied to the clipboard,1) Open /settings/white-label 2) Enter a custom domain 3) Click the copy control beside the DNS value,"A ""Copied to clipboard"" confirmation appears.",,phase2.entry./settings/white-label — customDomain aarogya-qa.example.in,Patient Portal,Tier 0: hospital profile created (Settings → Hospital Profile),,,,,P2-Setup,A DNS value mistyped by one character fails verification with no useful error. Copy-to-clipboard removes the most common cause of a stalled domain setup.,Positive,hospital_admin (Hospital A),None — clipboard interaction,e2e/phase-02-settings/P2B.identity.brand-support.spec.ts,
TC-P2B-106,2B Identity,P3,DNS verification reports its outcome,1) Open /settings/white-label 2) Enter a custom domain and save 3) Click the verify action 4) Read the result,"The screen states the verification outcome and what happens next, including the SSL issuance timeline.",,phase2.entry./settings/white-label — customDomain aarogya-qa.example.in,Patient Portal,Tier 0: hospital profile created (Settings → Hospital Profile),,,,,P2-Setup,Without an explicit outcome the hospital cannot tell whether it is waiting on DNS propagation or on a mistake it made. Silence here generates the support ticket the screen exists to prevent.,Positive,hospital_admin (Hospital A),None — reads the verification result message,e2e/phase-02-settings/P2B.identity.brand-support.spec.ts,
TC-P2B-107,2B Identity,P2,White-label settings survive a hard reload,1) Open /settings/white-label 2) Set a theme colour and a custom domain 3) Save both 4) Hard-reload,Both values are still shown after the reload.,,phase2.entry./settings/white-label — customDomain aarogya-qa.example.in,"Patient Portal, Branding",Tier 0: hospital profile created (Settings → Hospital Profile),,,,,P2-Setup,"Four screens in this phase persisted nothing behind a green toast. This one writes to hospitals through an `as any` cast, which suppresses the type checking that would otherwise catch a wrong column name.",Positive,hospital_admin (Hospital A),hospitals where id = A → theme and custom domain both persist,e2e/phase-02-settings/P2B.identity.brand-support.spec.ts,
TC-P2B-108,2B Identity,P1,Hospital A's white-label settings are invisible to Hospital B,1) Sign in as the Hospital B administrator 2) Open /settings/white-label as Hospital B 3) Read the custom domain,Hospital B sees no trace of Hospital A's domain or theme.,,MOCK_DATA_BOOK Hospitals — Hospital A (Aarogya) and Hospital B (Sanjeevani),"Multi-tenancy, Patient Portal",Both QA tenants seeded,,,,,P2-Setup,A custom domain is a routing instruction. One tenant reading or writing another's could redirect a hospital's patient portal traffic to a domain it does not control.,Cross-Module,hospital_admin (Hospital B),hospitals queried as the Hospital B admin → zero rows for Hospital A,e2e/phase-02-settings/P2B.identity.brand-support.spec.ts,
TC-P2B-109,2B Identity,P2,A receptionist cannot reach the White-Label screen,1) Log in as receptionist (Hospital A) 2) Navigate directly to /settings/white-label,"The route is blocked — redirected away, or an explicit access-denied message.",,"MOCK_DATA_BOOK Staff logins — receptionist (Hospital A), Ms. Divya Sharma",Patient Portal,Tier 0 roles configured (Phase 1 §1E),,,,,P2-Setup,"Changing the custom domain changes where patients are sent. That is an infrastructure decision, not a front-desk one.",RBAC,receptionist (Hospital A),None — route guard behaviour,e2e/phase-02-settings/P2B.identity.brand-support.spec.ts,
TC-P2B-110,2B Identity,P2,The White-Label screen loads with no red console errors,1) Open DevTools → Console 2) Open /settings/white-label 3) Save the theme and the domain 4) Read the console,No red console text from either save path.,,phase2.entry./settings/white-label — customDomain aarogya-qa.example.in,Patient Portal,Tier 0: hospital profile created (Settings → Hospital Profile),,,,,P2-Setup,"Both saves write to hospitals through an `as any` cast, so a column that does not exist produces a PostgREST error that never reaches the UI and appears only in the console.",Positive,hospital_admin (Hospital A),None — console observation,e2e/phase-02-settings/P2B.identity.brand-support.spec.ts,
TC-P2B-111,2B Identity,P3,Support screen loads with the ticket form and existing tickets,1) Open /settings/support 2) Read the page,"Subject, Category and ""Describe the issue"" render, along with any existing tickets for this hospital. No red console errors.",,"phase2.entry./settings/support — subject ""QA Phase 2 smoke""",Platform,Tier 0: hospital profile created (Settings → Hospital Profile),,,,,P2-Setup,"This is the hospital's only in-product route to the vendor. If it will not load, a hospital in trouble has no way to reach anyone from inside the system.",Positive,hospital_admin (Hospital A),platform_support_tickets where hospital_id = A → matches the tickets displayed,e2e/phase-02-settings/P2B.identity.brand-support.spec.ts,
TC-P2B-112,2B Identity,P2,A support ticket submits and is stored,"1) Open /settings/support 2) Enter Subject ""QA Phase 2 smoke"" 3) Select a Category 4) Enter the description 5) Submit","A ""Support ticket submitted"" toast appears and a platform_support_tickets row exists for Hospital A with that subject.",,"phase2.entry./settings/support — subject ""QA Phase 2 smoke"", body ""Raised by the Phase 2 data-entry suite. Safe to close.""",Platform,Tier 0: hospital profile created (Settings → Hospital Profile),,,,,P2-Setup,A ticket that appears to submit and writes nothing is worse than no support form: the hospital believes help is coming and waits.,Positive,hospital_admin (Hospital A),platform_support_tickets where hospital_id = A and subject = 'QA Phase 2 smoke' → 1 row,e2e/phase-02-settings/P2B.identity.brand-support.spec.ts,
TC-P2B-113,2B Identity,P3,A ticket cannot be submitted without a subject,1) Open /settings/support 2) Leave Subject blank 3) Enter a description 4) Submit,The submission is refused and no platform_support_tickets row is written.,,None — deliberately omits the required Subject,Platform,Tier 0: hospital profile created (Settings → Hospital Profile),,,,,P2-Setup,"A subjectless ticket cannot be triaged or prioritised, so it sits at the bottom of the queue while the hospital waits.",Negative,hospital_admin (Hospital A),platform_support_tickets where hospital_id = A and (subject is null or subject = '') → 0 rows,e2e/phase-02-settings/P2B.identity.brand-support.spec.ts,
TC-P2B-114,2B Identity,P3,A ticket cannot be submitted without a description,"1) Open /settings/support 2) Enter a Subject 3) Leave ""Describe the issue"" blank 4) Submit",The submission is refused and no row is written.,,None — deliberately omits the required description,Platform,Tier 0: hospital profile created (Settings → Hospital Profile),,,,,P2-Setup,"A ticket with only a subject forces a round trip before anyone can even begin, which doubles the time to resolution on an issue that may be blocking clinical work.",Negative,hospital_admin (Hospital A),platform_support_tickets where hospital_id = A and body is null → 0 rows,e2e/phase-02-settings/P2B.identity.brand-support.spec.ts,
TC-P2B-115,2B Identity,P3,"Support ticket category ""Billing"" saves","1) Open /settings/support 2) Enter a Subject and description 3) Select Category ""Billing"" 4) Submit",A platform_support_tickets row is written with category = 'billing'.,,"The Category options on SettingsSupportPage — ""billing""",Platform,Tier 0: hospital profile created (Settings → Hospital Profile),,,,,P2-Setup,Category is what routes a ticket to the right team and sets its urgency. Each value is tested because one failing to save silently sends every such ticket to the default queue. This one covers a disputed invoice or a subscription question.,Positive,hospital_admin (Hospital A),platform_support_tickets where hospital_id = A → category = 'billing',e2e/phase-02-settings/P2B.identity.brand-support.spec.ts,
TC-P2B-116,2B Identity,P3,"Support ticket category ""Technical"" saves","1) Open /settings/support 2) Enter a Subject and description 3) Select Category ""Technical"" 4) Submit",A platform_support_tickets row is written with category = 'technical'.,,"The Category options on SettingsSupportPage — ""technical""",Platform,Tier 0: hospital profile created (Settings → Hospital Profile),,,,,P2-Setup,"Category is what routes a ticket to the right team and sets its urgency. Each value is tested because one failing to save silently sends every such ticket to the default queue. This one covers the system being down, which is the most time-critical category.",Positive,hospital_admin (Hospital A),platform_support_tickets where hospital_id = A → category = 'technical',e2e/phase-02-settings/P2B.identity.brand-support.spec.ts,
TC-P2B-117,2B Identity,P3,"Support ticket category ""Clinical Workflow"" saves","1) Open /settings/support 2) Enter a Subject and description 3) Select Category ""Clinical Workflow"" 4) Submit",A platform_support_tickets row is written with category = 'clinical_workflow'.,,"The Category options on SettingsSupportPage — ""clinical_workflow""",Platform,Tier 0: hospital profile created (Settings → Hospital Profile),,,,,P2-Setup,Category is what routes a ticket to the right team and sets its urgency. Each value is tested because one failing to save silently sends every such ticket to the default queue. This one covers a workflow that does not match how the hospital actually works.,Positive,hospital_admin (Hospital A),platform_support_tickets where hospital_id = A → category = 'clinical_workflow',e2e/phase-02-settings/P2B.identity.brand-support.spec.ts,
TC-P2B-118,2B Identity,P3,"Support ticket category ""Training"" saves","1) Open /settings/support 2) Enter a Subject and description 3) Select Category ""Training"" 4) Submit",A platform_support_tickets row is written with category = 'training'.,,"The Category options on SettingsSupportPage — ""training""",Platform,Tier 0: hospital profile created (Settings → Hospital Profile),,,,,P2-Setup,Category is what routes a ticket to the right team and sets its urgency. Each value is tested because one failing to save silently sends every such ticket to the default queue. This one covers a staff member who cannot use a screen.,Positive,hospital_admin (Hospital A),platform_support_tickets where hospital_id = A → category = 'training',e2e/phase-02-settings/P2B.identity.brand-support.spec.ts,
TC-P2B-119,2B Identity,P3,A submitted ticket appears in the hospital's ticket list,1) Open /settings/support 2) Submit a ticket 3) Reload the page 4) Read the ticket list,The ticket is listed with its subject and status after the reload.,,"phase2.entry./settings/support — subject ""QA Phase 2 smoke""",Platform,Tier 0: hospital profile created (Settings → Hospital Profile),,,,,P2-Setup,"Without a visible list the hospital cannot tell whether a ticket was raised, and submits it again — creating duplicates that slow the queue for everyone.",Positive,hospital_admin (Hospital A),platform_support_tickets where hospital_id = A and subject = 'QA Phase 2 smoke' → visible in the list,e2e/phase-02-settings/P2B.identity.brand-support.spec.ts,
TC-P2B-120,2B Identity,P3,A reply can be added to an existing ticket,1) Open /settings/support 2) Open an existing ticket 3) Enter a reply 4) Send,"A ""Reply sent"" confirmation appears and the reply is stored against the ticket.",,"phase2.entry./settings/support — a reply on the ""QA Phase 2 smoke"" ticket",Platform,Tier 0: hospital profile created (Settings → Hospital Profile),,,,,P2-Setup,"Support is a conversation. A reply that is not stored means the vendor never sees the extra detail and asks for it again by email, outside the system.",Positive,hospital_admin (Hospital A),the ticket replies table → 1 reply row against the QA ticket,e2e/phase-02-settings/P2B.identity.brand-support.spec.ts,
TC-P2B-121,2B Identity,P2,A submitted ticket survives a hard reload,1) Open /settings/support 2) Submit a ticket 3) Hard-reload the page,The ticket is still listed after the reload.,,"phase2.entry./settings/support — subject ""QA Phase 2 smoke""",Platform,Tier 0: hospital profile created (Settings → Hospital Profile),,,,,P2-Setup,"A green toast is not a save. On a support form specifically, a false success means the hospital stops chasing an issue that nobody has received.",Positive,hospital_admin (Hospital A),platform_support_tickets where hospital_id = A and subject = 'QA Phase 2 smoke' → 1 row,e2e/phase-02-settings/P2B.identity.brand-support.spec.ts,
TC-P2B-122,2B Identity,P1,Hospital A's support tickets are invisible to Hospital B,1) Sign in as the Hospital B administrator 2) Open /settings/support as Hospital B 3) Query platform_support_tickets through the API with no hospital filter,Not one Hospital A ticket is returned.,,MOCK_DATA_BOOK Hospitals — Hospital A (Aarogya) and Hospital B (Sanjeevani),"Multi-tenancy, Platform",Both QA tenants seeded,,,,,P2-Setup,Support tickets describe what is broken at a hospital and often quote real operational detail. One customer reading another's is a confidentiality breach that would end an enterprise contract.,Cross-Module,hospital_admin (Hospital B),platform_support_tickets queried as the Hospital B admin → zero rows with hospital_id = A,e2e/phase-02-settings/P2B.identity.brand-support.spec.ts,
TC-P2B-123,2B Identity,P3,The Support screen is reachable by hospital_admin,1) Log in as hospital_admin (Hospital A) 2) Navigate to /settings/support,The screen loads and the ticket form is usable.,,"MOCK_DATA_BOOK Staff logins — hospital_admin (Hospital A), Dr. Ravi Shankar",Platform,Tier 0 roles configured (Phase 1 §1E),,,,,P2-Setup,"Unlike the rest of Settings, support must be easy to reach in a crisis. A gate that is too tight here means the person who needs help cannot ask for it.",RBAC,hospital_admin (Hospital A),None — route guard behaviour,e2e/phase-02-settings/P2B.identity.brand-support.spec.ts,
TC-P2B-124,2B Identity,P2,The Support screen loads with no red console errors,1) Open DevTools → Console 2) Open /settings/support 3) Submit a ticket 4) Read the console,No red console text from the insert or the ticket list query.,,"phase2.entry./settings/support — subject ""QA Phase 2 smoke""",Platform,Tier 0: hospital profile created (Settings → Hospital Profile),,,,,P2-Setup,"The insert uses an `as any` cast, so a column mismatch fails at runtime only. On the one screen a hospital uses to report problems, a silent failure is self-defeating.",Positive,hospital_admin (Hospital A),None — console observation,e2e/phase-02-settings/P2B.identity.brand-support.spec.ts,
TC-P2B-125,2B Identity,P3,Training Videos screen loads,1) Open /settings/training 2) Read the page,"The video list and a search box placeholdered ""Search videos…"" render. No red console errors.",,phase2.entry./settings/training — search term OPD,"LMS, all modules",Tier 0: hospital profile created (Settings → Hospital Profile),,,,,P2-Setup,Training videos are how a ward nurse in a Tier-2 town learns a screen without a trainer on site. An unreachable library is a direct adoption risk in the first 30 days after go-live.,Positive,hospital_admin (Hospital A),platform_training_videos → matches the videos displayed,e2e/phase-02-settings/P2B.identity.brand-support.spec.ts,
TC-P2B-126,2B Identity,P3,Training videos are listed,1) Open /settings/training 2) Count the videos shown,At least one training video renders with a title.,,platform_training_videos — the seeded platform library,LMS,Tier 0: hospital profile created (Settings → Hospital Profile),,,,,P2-Setup,"An empty library on a screen that promises ""short how-to videos for every role"" tells a new hospital the product is unfinished.",Positive,hospital_admin (Hospital A),platform_training_videos → at least 1 row,e2e/phase-02-settings/P2B.identity.brand-support.spec.ts,
TC-P2B-127,2B Identity,P3,Searching filters the video list,"1) Open /settings/training 2) Type ""OPD"" into the search box 3) Read the results",Only videos matching OPD remain listed.,,phase2.entry./settings/training — search term OPD,"LMS, OPD",Tier 0: hospital profile created (Settings → Hospital Profile),,,,,P2-Setup,A receptionist looking for the OPD token video should not have to scroll every video in the library. Search is what makes the library usable during a shift.,Positive,hospital_admin (Hospital A),None — client-side filter,e2e/phase-02-settings/P2B.identity.brand-support.spec.ts,
TC-P2B-128,2B Identity,P3,A search with no matches shows an empty state rather than a blank page,"1) Open /settings/training 2) Type ""zzzznotathing"" into the search box",A message explains that no videos matched. The page does not go blank or error.,,Literal search string zzzznotathing,LMS,Tier 0: hospital profile created (Settings → Hospital Profile),,,,,P2-Setup,"A blank result area reads as a broken page, and a user who thinks training is broken stops looking for help entirely.",Negative,hospital_admin (Hospital A),None — client-side filter,e2e/phase-02-settings/P2B.identity.brand-support.spec.ts,
TC-P2B-129,2B Identity,P3,The Training screen offers no save action,1) Open /settings/training 2) Look for a Save control,"No Save button renders — the screen is read-only, and the video library is platform-managed.",,None — asserts the absence of a save control,LMS,Tier 0: hospital profile created (Settings → Hospital Profile),,,,,P2-Setup,"The library belongs to the vendor, not the hospital. A save control here would imply a hospital can edit content it cannot, which is a promise the screen must not make.",Boundary,hospital_admin (Hospital A),None — asserts no write path exists,e2e/phase-02-settings/P2B.identity.brand-support.spec.ts,
TC-P2B-130,2B Identity,P3,A training video can be opened,1) Open /settings/training 2) Click a video,The video opens in a player or a new tab without a console error.,,platform_training_videos — the first seeded video,LMS,Tier 0: hospital profile created (Settings → Hospital Profile),,,,,P2-Setup,A library that lists videos nobody can play is worse than no library — the hospital concludes training does not exist and stops checking.,Positive,hospital_admin (Hospital A),None — playback interaction,e2e/phase-02-settings/P2B.identity.brand-support.spec.ts,
TC-P2B-131,2B Identity,P3,Videos carry the role they are aimed at,1) Open /settings/training 2) Read the video metadata,"Videos indicate the role or module they cover, so a nurse can find nursing content.",,platform_training_videos — role metadata on the seeded library,"LMS, HR",Tier 0: hospital profile created (Settings → Hospital Profile),,,,,P2-Setup,"The catalogue promises ""short how-to videos for every role"". Without role metadata a pharmacist has to watch billing videos to find out they are not relevant.",Positive,hospital_admin (Hospital A),platform_training_videos → role or module metadata is present,e2e/phase-02-settings/P2B.identity.brand-support.spec.ts,
TC-P2B-132,2B Identity,P2,"The training library is shared platform content, not tenant data",1) Open /settings/training as Hospital A and note the videos 2) Sign in as the Hospital B administrator 3) Open /settings/training as Hospital B,Both hospitals see the same platform-managed library. No hospital-specific rows leak between them.,,MOCK_DATA_BOOK Hospitals — Hospital A (Aarogya) and Hospital B (Sanjeevani),"Multi-tenancy, LMS",Both QA tenants seeded,,,,,P2-Setup,"This table is deliberately shared, which makes it the one place where seeing the same rows in both tenants is correct. Recorded explicitly so it is never ""fixed"" into a tenant-scoped table by mistake.",Cross-Module,hospital_admin (Hospital B),platform_training_videos → identical rows visible to both tenants,e2e/phase-02-settings/P2B.identity.brand-support.spec.ts,
TC-P2B-133,2B Identity,P3,The Training screen is reachable by hospital_admin,1) Log in as hospital_admin (Hospital A) 2) Navigate to /settings/training,The screen loads and videos are listed.,,"MOCK_DATA_BOOK Staff logins — hospital_admin (Hospital A), Dr. Ravi Shankar",LMS,Tier 0 roles configured (Phase 1 §1E),,,,,P2-Setup,"Training is read-only vendor content with no patient data in it, so the gate here should be permissive. A gate that is too tight blocks the adoption the videos exist to drive.",RBAC,hospital_admin (Hospital A),None — route guard behaviour,e2e/phase-02-settings/P2B.identity.brand-support.spec.ts,
TC-P2B-134,2B Identity,P2,The Training screen loads with no red console errors,1) Open DevTools → Console 2) Open /settings/training 3) Search and open a video 4) Read the console,"No red console text, including from the video embed.",,phase2.entry./settings/training — search term OPD,LMS,Tier 0: hospital profile created (Settings → Hospital Profile),,,,,P2-Setup,Video embeds pull from an external host. A blocked embed shows as an empty player with the real cause visible only in the console.,Positive,hospital_admin (Hospital A),None — console observation,e2e/phase-02-settings/P2B.identity.brand-support.spec.ts,
TC-P2C-001,2C Plan & Entitlement,P2,Plan & Billing screen loads,1) Log in as hospital_admin (Hospital A) 2) Open /settings/plan 3) Read the page,"The current plan, usage statistics and invoice history render. No red console errors.",,MOCK_DATA_BOOK Hospital A — Professional plan,"All modules, Billing",Tier 0: hospital profile created; a subscription row exists for the tenant,,,,,P2-Setup,"The plan determines which of the 39 modules exist at all. If this screen will not load, a hospital cannot see what it is paying for or discover why a module is missing.",Positive,hospital_admin (Hospital A),hospital_subscriptions where hospital_id = A → 1 row matching the plan displayed,e2e/phase-02-settings/P2C.plan-entitlement.spec.ts,
TC-P2C-002,2C Plan & Entitlement,P1,The current plan shown matches the subscription row,1) Open /settings/plan 2) Read the plan name 3) Compare against hospital_subscriptions,"The screen shows the Professional plan, matching hospital_subscriptions for Hospital A.",,MOCK_DATA_BOOK Hospital A — Professional plan,All modules,Tier 0: hospital profile created; a subscription row exists for the tenant,,,,,P2-Setup,SETTINGS_PREREQ_MATRIX puts the plan in Tier 0 because whole sections of the app disappear without it. A screen showing a different plan from the one enforced means every access denial looks like a bug.,Positive,hospital_admin (Hospital A),hospital_subscriptions where hospital_id = A → plan matches 'Professional',e2e/phase-02-settings/P2C.plan-entitlement.spec.ts,
TC-P2C-003,2C Plan & Entitlement,P2,Staff usage is counted against the plan,1) Open /settings/plan 2) Read the staff usage figure 3) Compare against the active users for Hospital A,The staff count matches the number of active users in the tenant.,,MOCK_DATA_BOOK Staff logins — 17 Hospital A accounts,"HR, Plan gating",Tier 0: hospital profile created; a subscription row exists for the tenant,,,,,P2-Setup,Staff count drives seat billing. A figure that drifts from reality means the hospital is either over-charged or silently exceeding what it pays for.,Positive,hospital_admin (Hospital A),users where hospital_id = A and is_active = true → count matches the displayed figure,e2e/phase-02-settings/P2C.plan-entitlement.spec.ts,
TC-P2C-004,2C Plan & Entitlement,P1,Bed usage is counted against the plan bed limit,1) Open /settings/wards and note the total beds 2) Open /settings/plan 3) Read the bed usage figure,"The bed usage matches the count of beds rows for Hospital A, and is shown against the plan maximum.",,MOCK_DATA_BOOK Wards & beds — 32 seeded beds across six wards,"IPD, Plan gating",Tier 0: hospital profile created; a subscription row exists for the tenant,,,,,P2-Setup,"The bed limit is enforced when creating a ward (TC-P2D-054). If the count shown here disagrees with the count the gate uses, a hospital is blocked from adding a bed while this screen says it has room.",Cross-Module,hospital_admin (Hospital A),beds where hospital_id = A → count matches the displayed bed usage,e2e/phase-02-settings/P2C.plan-entitlement.spec.ts,
TC-P2C-005,2C Plan & Entitlement,P2,Encounter usage for the billing cycle renders,1) Open /settings/plan 2) Read the encounter usage figure,Encounter usage for the current billing cycle renders from hospital_encounter_usage without error.,,hospital_encounter_usage — the current cycle for Hospital A,"OPD, IPD, Billing",Tier 0: hospital profile created; a subscription row exists for the tenant,,,,,P2-Setup,Encounter volume is the metered dimension on usage-based plans. A hospital that cannot see it has no warning before an overage lands on the invoice.,Positive,hospital_admin (Hospital A),hospital_encounter_usage where hospital_id = A → matches the displayed figure,e2e/phase-02-settings/P2C.plan-entitlement.spec.ts,
TC-P2C-006,2C Plan & Entitlement,P2,AI usage for the calendar month renders as observability only,"1) Open /settings/plan 2) Locate the AI usage figure 3) Confirm it is presented as information, not as a gate",AI spend for the current calendar month renders. It is labelled as observability and does not itself block anything.,,ai_cost_daily — the current month for Hospital A,AI Suite,Tier 0: hospital profile created; a subscription row exists for the tenant,,,,,P2-Setup,AI budget is enforced separately in hospital_ai_wallet. Presenting this figure as a limit would make an administrator think AI is blocked when the real gate is elsewhere — SETTINGS_PREREQ_MATRIX warns there are three independent AI gates.,Positive,hospital_admin (Hospital A),ai_cost_daily where hospital_id = A → matches the displayed spend,e2e/phase-02-settings/P2C.plan-entitlement.spec.ts,
TC-P2C-007,2C Plan & Entitlement,P3,Storage usage renders from the per-tenant RPC,1) Open /settings/plan 2) Read the storage usage figure,"Storage usage renders as a size, without a console error from the get_storage_usage RPC.",,get_storage_usage RPC for Hospital A,"MRD, Radiology",Tier 0: hospital profile created; a subscription row exists for the tenant,,,,,P2-Setup,Storage fills up with scanned records and DICOM images. A hospital that cannot see the figure gets no warning before uploads start failing mid-clinic.,Positive,hospital_admin (Hospital A),get_storage_usage RPC returns a value for Hospital A,e2e/phase-02-settings/P2C.plan-entitlement.spec.ts,
TC-P2C-008,2C Plan & Entitlement,P2,The upgrade dialog opens,1) Open /settings/plan 2) Click the upgrade action 3) Observe the dialog,The upgrade dialog opens listing the plans available above the current one.,,subscription_plans — the plans above Professional,"Plan gating, Billing",Tier 0: hospital profile created; a subscription row exists for the tenant,,,,,P2-Setup,Every plan gate elsewhere in the product points the user here. A gate that leads to a dialog that will not open turns a sales opportunity into a dead end.,Positive,hospital_admin (Hospital A),subscription_plans → the plans offered match what the dialog lists,e2e/phase-02-settings/P2C.plan-entitlement.spec.ts,
TC-P2C-009,2C Plan & Entitlement,P3,Other available plans are listed for comparison,1) Open /settings/plan 2) Read the plan comparison section,Plans other than the current one are listed with their prices.,,subscription_plans — the full plan catalogue,Plan gating,Tier 0: hospital profile created; a subscription row exists for the tenant,,,,,P2-Setup,A hospital deciding whether to upgrade needs to see what it would get. Showing only the current plan makes the upgrade decision impossible without contacting sales.,Positive,hospital_admin (Hospital A),subscription_plans → more than one plan is listed,e2e/phase-02-settings/P2C.plan-entitlement.spec.ts,
TC-P2C-010,2C Plan & Entitlement,P2,The add-on catalogue lists purchasable add-ons,1) Open /settings/plan 2) Read the add-on section,Add-ons from addon_skus render with their names and monthly prices.,,addon_skus — the platform add-on catalogue,"Plan gating, AI Suite",Tier 0: hospital profile created; a subscription row exists for the tenant,,,,,P2-Setup,"Add-ons carry the ai_feature_keys that unlock AI features. SETTINGS_PREREQ_MATRIX names plan entitlement as the first of three gates on any AI button — if the catalogue does not render, the hospital cannot buy the entitlement it needs.",Positive,hospital_admin (Hospital A),addon_skus → the catalogue rows match what is displayed,e2e/phase-02-settings/P2C.plan-entitlement.spec.ts,
TC-P2C-011,2C Plan & Entitlement,P2,Add-ons the hospital already owns are distinguished from the catalogue,1) Open /settings/plan 2) Compare the add-on list against hospital_addons for Hospital A,Owned add-ons are marked as owned and are not offered for purchase again.,,hospital_addons — the add-ons granted to Hospital A,"Plan gating, AI Suite",Tier 0: hospital profile created; a subscription row exists for the tenant,,,,,P2-Setup,"Offering an add-on the hospital already pays for invites a duplicate purchase, and a duplicate grant makes the entitlement calculation ambiguous.",Positive,hospital_admin (Hospital A),hospital_addons where hospital_id = A → each owned SKU is marked owned in the UI,e2e/phase-02-settings/P2C.plan-entitlement.spec.ts,
TC-P2C-012,2C Plan & Entitlement,P2,Add-on prices render in en-IN grouping with the rupee symbol,1) Open /settings/plan 2) Read an add-on monthly price,"Prices render as ₹ amounts with Indian digit grouping, via formatCurrency().",,addon_skus — price_monthly on the catalogue rows,"Billing, Accounts",Tier 0: hospital profile created; a subscription row exists for the tenant,,,,,P2-Setup,This is a purchase decision screen. A price rendered as a bare number or with international grouping misstates what the hospital is committing to.,Positive,hospital_admin (Hospital A),addon_skus.price_monthly → rendered with ₹ and Indian grouping,e2e/phase-02-settings/P2C.plan-entitlement.spec.ts,
TC-P2C-013,2C Plan & Entitlement,P2,Subscription invoices are listed,1) Open /settings/plan 2) Read the invoice history,"Rows from subscription_invoices render with their dates and amounts, or an empty state if there are none.",,subscription_invoices — the invoice history for Hospital A,"Accounts, Billing",Tier 0: hospital profile created; a subscription row exists for the tenant,,,,,P2-Setup,The hospital's finance team reconciles the software spend against these invoices. Missing history means the spend cannot be verified at audit.,Positive,hospital_admin (Hospital A),subscription_invoices where hospital_id = A → match the rows displayed,e2e/phase-02-settings/P2C.plan-entitlement.spec.ts,
TC-P2C-014,2C Plan & Entitlement,P3,An invoice can be downloaded,1) Open /settings/plan 2) Click download on an invoice 3) Observe the result,"An invoice document is produced, or a clear message explains why it is unavailable. No unhandled error.",,subscription_invoices — the most recent invoice for Hospital A,Accounts,Tier 0: hospital profile created; a subscription row exists for the tenant,,,,,P2-Setup,The invoice is a tax document the hospital needs for its own books. A download that fails silently forces a support ticket for something that should be self-service.,Positive,hospital_admin (Hospital A),None — download interaction,e2e/phase-02-settings/P2C.plan-entitlement.spec.ts,
TC-P2C-015,2C Plan & Entitlement,P3,Payment history renders,1) Open /settings/plan 2) Read the payment history table,"Past payments render with dates and amounts, or an empty state.",,subscription_invoices — payment records for Hospital A,"Accounts, Payments",Tier 0: hospital profile created; a subscription row exists for the tenant,,,,,P2-Setup,A hospital disputing a charge needs to see what was actually taken and when. Without it the conversation starts with the vendor's word against theirs.,Positive,hospital_admin (Hospital A),None — reads the payment history table,e2e/phase-02-settings/P2C.plan-entitlement.spec.ts,
TC-P2C-016,2C Plan & Entitlement,P2,"An unlimited limit renders as unlimited, not as zero percent",1) Open /settings/plan 2) Find a usage meter whose plan limit is null 3) Read how it is presented,"A null limit renders as ""unlimited"" and its meter reads 0% used — never as a limit of zero.",,subscription_plans — a plan dimension with a null limit,Plan gating,Tier 0: hospital profile created; a subscription row exists for the tenant,,,,,P2-Setup,"A null limit meaning ""unlimited"" and a limit of zero meaning ""none allowed"" are opposites. Confusing them shows a hospital on an unlimited plan as permanently at capacity.",Boundary,hospital_admin (Hospital A),subscription_plans → a null limit renders as unlimited,e2e/phase-02-settings/P2C.plan-entitlement.spec.ts,
TC-P2C-017,2C Plan & Entitlement,P2,A dimension over its limit renders as fully consumed,1) Open /settings/plan 2) Find a usage dimension at or beyond its plan limit 3) Read the meter,The meter caps at 100% and the over-limit state is visibly flagged rather than overflowing the bar.,,MOCK_DATA_BOOK Hospital A — usage against the Professional plan limits,"Plan gating, IPD",Tier 0: hospital profile created; a subscription row exists for the tenant,,,,,P2-Setup,Being over a limit is exactly when the hospital needs to notice. A meter that renders past 100% or wraps hides the one state that requires action.,Boundary,hospital_admin (Hospital A),None — reads the usage meter presentation,e2e/phase-02-settings/P2C.plan-entitlement.spec.ts,
TC-P2C-018,2C Plan & Entitlement,P1,Hospital B on the Starter plan sees a different plan and different limits,1) Sign in as the Hospital B administrator 2) Open /settings/plan 3) Read the plan and limits,Hospital B shows the Starter/trial plan with its own limits — never Hospital A's Professional plan.,,"MOCK_DATA_BOOK Hospitals — Hospital A Professional, Hospital B Starter (trial)","Multi-tenancy, Plan gating",Both QA tenants seeded,,,,,P2-Setup,The plan decides which modules exist. A tenant reading the wrong subscription row would be granted or denied modules according to another hospital's contract.,Cross-Module,hospital_admin (Hospital B),hospital_subscriptions queried as the Hospital B admin → only the Hospital B row,e2e/phase-02-settings/P2C.plan-entitlement.spec.ts,
TC-P2C-019,2C Plan & Entitlement,P1,Hospital A's subscription and invoices are invisible to Hospital B,1) Sign in as the Hospital B administrator 2) Open /settings/plan as Hospital B 3) Query hospital_subscriptions and subscription_invoices through the API with no hospital filter,No Hospital A subscription or invoice row is returned.,,MOCK_DATA_BOOK Hospitals — Hospital A (Aarogya) and Hospital B (Sanjeevani),"Multi-tenancy, Accounts",Both QA tenants seeded,,,,,P2-Setup,"Invoices reveal what another hospital pays. In a market where the same consultant advises several hospitals, a pricing leak between tenants is commercially damaging and a contract breach.",Cross-Module,hospital_admin (Hospital B),subscription_invoices queried as the Hospital B admin → zero rows for Hospital A,e2e/phase-02-settings/P2C.plan-entitlement.spec.ts,
TC-P2C-020,2C Plan & Entitlement,P1,A receptionist cannot reach the Plan & Billing screen,1) Log in as receptionist (Hospital A) 2) Navigate directly to /settings/plan,"The route is blocked — redirected away, or an explicit access-denied message. No invoice amounts render.",,"MOCK_DATA_BOOK Staff logins — receptionist (Hospital A), Ms. Divya Sharma","Accounts, Plan gating",Tier 0 roles configured (Phase 1 §1E),,,,,P2-Setup,"This screen exposes what the hospital pays and can trigger an upgrade purchase. Both belong to the administrator, not the front desk.",RBAC,receptionist (Hospital A),None — route guard behaviour,e2e/phase-02-settings/P2C.plan-entitlement.spec.ts,
TC-P2C-021,2C Plan & Entitlement,P2,AI Features screen loads with all seven feature toggles,1) Open /settings/ai-features 2) Count the feature toggles,"Seven toggles render — Clinical Note Drafting, Discharge Summary, Differential Diagnosis, ICD-10 Code Suggestions, Radiology Impression, Voice Dictation and Executive Digest. No red console errors.",,AI_FEATURES in SettingsAIFeaturesPage — 7 keys,"AI Suite, OPD, IPD, Radiology",Tier 0: hospital profile created; a subscription row exists for the tenant,,,,,P2-Setup,"This is the second of the three gates SETTINGS_PREREQ_MATRIX names on every AI button — plan entitlement, this hospital toggle, and the AI budget. A missing toggle means a feature that can never be switched on.",Positive,hospital_admin (Hospital A),hospitals where id = A → ai_feature_flags holds all 7 keys,e2e/phase-02-settings/P2C.plan-entitlement.spec.ts,
TC-P2C-022,2C Plan & Entitlement,P3,The enabled-feature count reflects the toggles,"1) Open /settings/ai-features 2) Read the ""N of 7 AI features enabled"" summary 3) Toggle one feature off 4) Re-read the summary",The count updates immediately to match the number of enabled toggles.,,AI_FEATURES in SettingsAIFeaturesPage — 7 keys,AI Suite,Tier 0: hospital profile created; a subscription row exists for the tenant,,,,,P2-Setup,"The count is the at-a-glance answer to ""how much AI is switched on here"", which is the first question a DPDP or CDSCO reviewer asks. A stale count misrepresents the hospital's own posture.",Positive,hospital_admin (Hospital A),None — reads the live count,e2e/phase-02-settings/P2C.plan-entitlement.spec.ts,
TC-P2C-023,2C Plan & Entitlement,P1,The doctor attestation policy is stated on the screen,1) Open /settings/ai-features 2) Read the policy text,"The screen states that all AI-generated clinical content requires doctor attestation before it is saved, and that attestations are logged with the doctor's identity.",,The attestation policy text on SettingsAIFeaturesPage,"AI Suite, Quality, MRD",Tier 0: hospital profile created; a subscription row exists for the tenant,,,,,P2-Setup,"Human-in-the-loop attestation is what keeps these features below the CDSCO SaMD threshold that would require device registration. The policy has to be visible to the person switching the features on, not buried in a contract.",Positive,hospital_admin (Hospital A),None — reads the policy text,e2e/phase-02-settings/P2C.plan-entitlement.spec.ts,
TC-P2C-024,2C Plan & Entitlement,P1,Features on a clinical decision path are marked as critical,1) Open /settings/ai-features 2) Identify which features carry a critical marker,"Clinical Note Drafting, Discharge Summary, Differential Diagnosis and Radiology Impression are marked critical. Executive Digest is not.",,AI_FEATURES in SettingsAIFeaturesPage — the critical flag,"AI Suite, Quality",Tier 0: hospital profile created; a subscription row exists for the tenant,,,,,P2-Setup,An administrator switching on Differential Diagnosis is making a patient-safety decision; switching on Executive Digest is not. Presenting them identically invites the clinical ones to be enabled without thought.,Positive,hospital_admin (Hospital A),None — reads the critical markers,e2e/phase-02-settings/P2C.plan-entitlement.spec.ts,
TC-P2C-025,2C Plan & Entitlement,P1,Saving writes ai_feature_flags to the hospital row,1) Open /settings/ai-features 2) Toggle Executive Digest off 3) Click Save 4) Check the hospital row,"hospitals.ai_feature_flags reflects the toggle state, with executive_digest false.",,AI_FEATURES — executive_digest toggled off,AI Suite,Tier 0: hospital profile created; a subscription row exists for the tenant,,,,,P2-Setup,This toggle is a real gate on whether an AI button renders at all. A save that does not persist means a hospital believes it has disabled a clinical AI feature while doctors continue to see it.,Positive,hospital_admin (Hospital A),hospitals where id = A → ai_feature_flags->>'executive_digest' = 'false',e2e/phase-02-settings/P2C.plan-entitlement.spec.ts,
TC-P2C-026,2C Plan & Entitlement,P1,A failed AI settings save does not report success,1) Open DevTools → Network 2) Open /settings/ai-features 3) Toggle a feature 4) Click Save 5) Compare the toast against the actual response,"A success toast appears only when the update succeeded. If the update is rejected, a destructive message says so.",,AI_FEATURES — any feature toggled,"AI Suite, Quality",Tier 0: hospital profile created; a subscription row exists for the tenant,,,,,P2-Setup,"handleSave awaits the Supabase update but never inspects its error, then toasts success unconditionally. If RLS rejects the write or the column is missing, the hospital is told its AI configuration saved when it did not — and on a clinical AI gate that is a safety-relevant false confirmation, not a cosmetic one.",Negative,hospital_admin (Hospital A),hospitals where id = A → ai_feature_flags actually changed whenever success was reported,e2e/phase-02-settings/P2C.plan-entitlement.spec.ts,
TC-P2C-027,2C Plan & Entitlement,P1,"AI feature ""Clinical Note Drafting"" can be toggled off and stays off after a reload","1) Open /settings/ai-features 2) Toggle ""Clinical Note Drafting"" off 3) Click Save 4) Hard-reload the page 5) Re-read the toggle",hospitals.ai_feature_flags.clinical_note = false and the toggle still reads off after the reload.,,"AI_FEATURES in SettingsAIFeaturesPage — key ""clinical_note""","AI Suite, OPD, IPD, Radiology",Tier 0: hospital profile created; a subscription row exists for the tenant,,,,,P2-Setup,"Each key is stored as its own flag, so one can fail to persist while the others save. Switching this feature off must actually stop it: a drafted note becomes the legal clinical record once a doctor signs it.",Positive,hospital_admin (Hospital A),hospitals where id = A → ai_feature_flags->>'clinical_note' = 'false',e2e/phase-02-settings/P2C.plan-entitlement.spec.ts,
TC-P2C-028,2C Plan & Entitlement,P1,"AI feature ""Discharge Summary"" can be toggled off and stays off after a reload","1) Open /settings/ai-features 2) Toggle ""Discharge Summary"" off 3) Click Save 4) Hard-reload the page 5) Re-read the toggle",hospitals.ai_feature_flags.discharge_summary = false and the toggle still reads off after the reload.,,"AI_FEATURES in SettingsAIFeaturesPage — key ""discharge_summary""","AI Suite, OPD, IPD, Radiology",Tier 0: hospital profile created; a subscription row exists for the tenant,,,,,P2-Setup,"Each key is stored as its own flag, so one can fail to persist while the others save. Switching this feature off must actually stop it: the discharge summary is what the next treating doctor reads, often the only handover a patient carries.",Positive,hospital_admin (Hospital A),hospitals where id = A → ai_feature_flags->>'discharge_summary' = 'false',e2e/phase-02-settings/P2C.plan-entitlement.spec.ts,
TC-P2C-029,2C Plan & Entitlement,P1,"AI feature ""Differential Diagnosis"" can be toggled off and stays off after a reload","1) Open /settings/ai-features 2) Toggle ""Differential Diagnosis"" off 3) Click Save 4) Hard-reload the page 5) Re-read the toggle",hospitals.ai_feature_flags.differential_dx = false and the toggle still reads off after the reload.,,"AI_FEATURES in SettingsAIFeaturesPage — key ""differential_dx""","AI Suite, OPD, IPD, Radiology",Tier 0: hospital profile created; a subscription row exists for the tenant,,,,,P2-Setup,"Each key is stored as its own flag, so one can fail to persist while the others save. Switching this feature off must actually stop it: a suggested differential can anchor a clinician on the wrong diagnosis — the classic AI harm in this setting.",Positive,hospital_admin (Hospital A),hospitals where id = A → ai_feature_flags->>'differential_dx' = 'false',e2e/phase-02-settings/P2C.plan-entitlement.spec.ts,
TC-P2C-030,2C Plan & Entitlement,P2,"AI feature ""ICD-10 Code Suggestions"" can be toggled off and stays off after a reload","1) Open /settings/ai-features 2) Toggle ""ICD-10 Code Suggestions"" off 3) Click Save 4) Hard-reload the page 5) Re-read the toggle",hospitals.ai_feature_flags.icd_suggest = false and the toggle still reads off after the reload.,,"AI_FEATURES in SettingsAIFeaturesPage — key ""icd_suggest""","AI Suite, OPD, IPD, Radiology",Tier 0: hospital profile created; a subscription row exists for the tenant,,,,,P2-Setup,"Each key is stored as its own flag, so one can fail to persist while the others save. Switching this feature off must actually stop it: a wrong ICD code is a rejected insurance claim and a distorted morbidity return.",Positive,hospital_admin (Hospital A),hospitals where id = A → ai_feature_flags->>'icd_suggest' = 'false',e2e/phase-02-settings/P2C.plan-entitlement.spec.ts,
TC-P2C-031,2C Plan & Entitlement,P1,"AI feature ""Radiology Impression"" can be toggled off and stays off after a reload","1) Open /settings/ai-features 2) Toggle ""Radiology Impression"" off 3) Click Save 4) Hard-reload the page 5) Re-read the toggle",hospitals.ai_feature_flags.radiology_impression = false and the toggle still reads off after the reload.,,"AI_FEATURES in SettingsAIFeaturesPage — key ""radiology_impression""","AI Suite, OPD, IPD, Radiology",Tier 0: hospital profile created; a subscription row exists for the tenant,,,,,P2-Setup,"Each key is stored as its own flag, so one can fail to persist while the others save. Switching this feature off must actually stop it: an AI impression a radiologist accepts without reading is a missed finding.",Positive,hospital_admin (Hospital A),hospitals where id = A → ai_feature_flags->>'radiology_impression' = 'false',e2e/phase-02-settings/P2C.plan-entitlement.spec.ts,
TC-P2C-032,2C Plan & Entitlement,P2,"AI feature ""Voice Dictation (AI-enhanced)"" can be toggled off and stays off after a reload","1) Open /settings/ai-features 2) Toggle ""Voice Dictation (AI-enhanced)"" off 3) Click Save 4) Hard-reload the page 5) Re-read the toggle",hospitals.ai_feature_flags.voice_dictation = false and the toggle still reads off after the reload.,,"AI_FEATURES in SettingsAIFeaturesPage — key ""voice_dictation""","AI Suite, OPD, IPD, Radiology",Tier 0: hospital profile created; a subscription row exists for the tenant,,,,,P2-Setup,"Each key is stored as its own flag, so one can fail to persist while the others save. Switching this feature off must actually stop it: a mis-transcribed drug name or dose reaches the ward as a real order.",Positive,hospital_admin (Hospital A),hospitals where id = A → ai_feature_flags->>'voice_dictation' = 'false',e2e/phase-02-settings/P2C.plan-entitlement.spec.ts,
TC-P2C-033,2C Plan & Entitlement,P2,"AI feature ""Executive Digest"" can be toggled off and stays off after a reload","1) Open /settings/ai-features 2) Toggle ""Executive Digest"" off 3) Click Save 4) Hard-reload the page 5) Re-read the toggle",hospitals.ai_feature_flags.executive_digest = false and the toggle still reads off after the reload.,,"AI_FEATURES in SettingsAIFeaturesPage — key ""executive_digest""","AI Suite, OPD, IPD, Radiology",Tier 0: hospital profile created; a subscription row exists for the tenant,,,,,P2-Setup,"Each key is stored as its own flag, so one can fail to persist while the others save. Switching this feature off must actually stop it: a management summary, the one feature here with no patient-safety path.",Positive,hospital_admin (Hospital A),hospitals where id = A → ai_feature_flags->>'executive_digest' = 'false',e2e/phase-02-settings/P2C.plan-entitlement.spec.ts,
TC-P2C-034,2C Plan & Entitlement,P2,Every AI feature defaults to enabled when nothing is stored,1) Clear ai_feature_flags for Hospital A 2) Open /settings/ai-features 3) Read every toggle,"All seven toggles read on, matching the shipped defaults. None renders blank or indeterminate.",,DEFAULT_FLAGS in SettingsAIFeaturesPage — every key true,AI Suite,Tier 0: hospital profile created; a subscription row exists for the tenant,,,,,P2-Setup,A toggle rendering indeterminate on a fresh tenant leaves the administrator unable to tell whether a clinical AI feature is live. The default has to be explicit and visible.,Boundary,hospital_admin (Hospital A),hospitals where id = A → ai_feature_flags is null and the UI shows all seven enabled,e2e/phase-02-settings/P2C.plan-entitlement.spec.ts,
TC-P2C-035,2C Plan & Entitlement,P2,A stored partial flag set merges with the shipped defaults,1) Store ai_feature_flags containing only one key 2) Open /settings/ai-features 3) Read every toggle,The stored key reflects its saved value; the other six show their defaults. No toggle renders undefined.,,DEFAULT_FLAGS merged over a partial stored ai_feature_flags,AI Suite,Tier 0: hospital profile created; a subscription row exists for the tenant,,,,,P2-Setup,A hospital that saved before a new AI feature shipped has no flag for it. Rendering it blank rather than defaulting means a new clinical AI feature appears in an undefined state on every existing tenant.,Boundary,hospital_admin (Hospital A),hospitals where id = A → a partial ai_feature_flags merges without blanks,e2e/phase-02-settings/P2C.plan-entitlement.spec.ts,
TC-P2C-036,2C Plan & Entitlement,P1,AI feature settings survive a hard reload,1) Open /settings/ai-features 2) Toggle two features off 3) Click Save 4) Hard-reload 5) Re-read both toggles,"Both remain off after the reload, having been read back from hospitals.ai_feature_flags.",,AI_FEATURES — differential_dx and executive_digest toggled off,AI Suite,Tier 0: hospital profile created; a subscription row exists for the tenant,,,,,P2-Setup,Four screens in this phase showed a green toast and wrote nothing. On this screen a false save means a clinical AI feature a hospital deliberately disabled is still live for its doctors.,Positive,hospital_admin (Hospital A),hospitals where id = A → ai_feature_flags->>'differential_dx' = 'false',e2e/phase-02-settings/P2C.plan-entitlement.spec.ts,
TC-P2C-037,2C Plan & Entitlement,P2,The AI flag cache is invalidated after a save,1) Open /settings/ai-features 2) Toggle a feature off and save 3) Navigate to a module that offers that AI action 4) Look for the AI control,"The AI control is gone immediately, without needing a full page reload.",,AI_FEATURES — the toggled feature key,"AI Suite, OPD, IPD",Tier 0: hospital profile created; a subscription row exists for the tenant,,,,,P2-Setup,"The page calls invalidateAIFlagCache() after saving. If the cache is not cleared, a disabled clinical AI feature keeps rendering for the rest of the session — the hospital thinks it is off and doctors are still using it.",Cross-Module,hospital_admin (Hospital A),"hospitals where id = A → ai_feature_flags updated, and the module reflects it without a reload",e2e/phase-02-settings/P2C.plan-entitlement.spec.ts,
TC-P2C-038,2C Plan & Entitlement,P1,Plan entitlement gates the AI feature independently of this toggle,1) Sign in as the Hospital B administrator (Starter plan) 2) Open /settings/ai-features 3) Observe whether the screen or its features are gated,"Either the route is plan-gated with a clear upgrade message, or the features are shown as unavailable on this plan. It must not silently appear fully enabled.",,MOCK_DATA_BOOK Hospitals — Hospital B on Starter (trial),"AI Suite, Plan gating",Both QA tenants seeded,,,,,P2-Setup,"SETTINGS_PREREQ_MATRIX is explicit that three independent gates stack — plan entitlement, the hospital toggle, and the budget — and that the AI button is simply not rendered with no explanation when one fails. A hospital that toggles a feature on and still sees nothing must be told which gate is closed.",Cross-Module,hospital_admin (Hospital B),"hospital_addons and addon_skus.ai_feature_keys for Hospital B → entitlement absent, and the UI says so",e2e/phase-02-settings/P2C.plan-entitlement.spec.ts,
TC-P2C-039,2C Plan & Entitlement,P1,Hospital A's AI feature flags are invisible to Hospital B,1) Sign in as the Hospital B administrator 2) Open /settings/ai-features as Hospital B 3) Read the toggle states,Hospital B sees only its own flags. Toggling a feature in one tenant does not change the other.,,MOCK_DATA_BOOK Hospitals — Hospital A (Aarogya) and Hospital B (Sanjeevani),"Multi-tenancy, AI Suite",Both QA tenants seeded,,,,,P2-Setup,"These flags gate clinical AI. One hospital switching off Differential Diagnosis must never disable it at another, and must never silently re-enable it either.",Cross-Module,hospital_admin (Hospital B),hospitals queried as the Hospital B admin → zero rows for Hospital A,e2e/phase-02-settings/P2C.plan-entitlement.spec.ts,
TC-P2C-040,2C Plan & Entitlement,P1,A doctor cannot change the hospital AI feature settings,1) Log in as doctor (Hospital A) 2) Navigate directly to /settings/ai-features,"The route is blocked — redirected away, or an explicit access-denied message. The toggles must not be editable.",,"MOCK_DATA_BOOK Staff logins — doctor (Hospital A), Dr. Suresh Menon","AI Suite, Quality",Tier 0 roles configured (Phase 1 §1E),,,,,P2-Setup,Enabling a clinical AI feature is a hospital-level governance decision with CDSCO and DPDP implications. An individual doctor switching one on for the whole hospital bypasses that governance entirely.,RBAC,doctor (Hospital A),None — route guard behaviour,e2e/phase-02-settings/P2C.plan-entitlement.spec.ts,
TC-P2C-041,2C Plan & Entitlement,P2,The AI feature key list matches the keys the modules actually check,1) Open /settings/ai-features 2) List the seven keys the screen writes 3) Compare against the feature keys the AI modules gate on,Every key written here is a key some module reads. No orphan key exists on either side.,,"AI_FEATURES keys — clinical_note, discharge_summary, differential_dx, icd_suggest, radiology_impression, voice_dictation, executive_digest","AI Suite, OPD, IPD, Radiology",Tier 0: hospital profile created; a subscription row exists for the tenant,,,,,P2-Setup,"A toggle whose key no module reads does nothing at all while appearing to work — the most dangerous shape of dead control on a clinical gate. Note that e2e/fixtures/mock-data.json refers to ""differential_diagnosis"" while the screen writes ""differential_dx""; one of the two is wrong and this case is where that surfaces.",Negative,hospital_admin (Hospital A),hospitals.ai_feature_flags keys → each is read by at least one module gate,e2e/phase-02-settings/P2C.plan-entitlement.spec.ts,
TC-P2C-042,2C Plan & Entitlement,P2,The AI Features screen loads with no red console errors,1) Open DevTools → Console 2) Open /settings/ai-features 3) Toggle a feature and save 4) Read the console,No red console text from the read or the update.,,AI_FEATURES — any feature toggled,AI Suite,Tier 0: hospital profile created; a subscription row exists for the tenant,,,,,P2-Setup,"The update is written through an `as any` cast and its error is never checked, so the console is the only place a rejected write appears at all.",Positive,hospital_admin (Hospital A),None — console observation,e2e/phase-02-settings/P2C.plan-entitlement.spec.ts,
TC-P2D-001,2D Structure,P2,Wards screen loads and lists the seeded wards,1) Log in as hospital_admin (Hospital A) 2) Open /settings/wards 3) Observe the ward list,"The heading ""Wards"" renders and the six seeded wards (General Ward, Semi-Private, Private Room, Deluxe Room, ICU, Maternity Ward) are listed. No red console errors.",,MOCK_DATA_BOOK Wards & beds — the six seeded wards,"IPD, Nursing, Billing","Tier 0 complete (profile, departments, staff, roles, plan)",,,,,P2-Setup,"Wards and beds are the prerequisite for every admission. If this screen will not load, no bed can be configured and the IPD module has nothing to admit into.",Positive,hospital_admin (Hospital A),wards where hospital_id = A → 6 rows,e2e/phase-02-settings/P2D.structure.wards.spec.ts,
TC-P2D-002,2D Structure,P3,Add Ward opens the drawer with an empty form,"1) Open /settings/wards 2) Click ""Add Ward"" 3) Inspect the drawer fields","A drawer titled ""Add Ward"" opens with Ward Name, Ward Type, Rate Per Day (₹), Nursing Charge Per Day (₹), Number of Beds, Bed Prefix and Start Number all blank or at their defaults.",,None — inspects the empty create form,IPD,"Tier 0 complete (profile, departments, staff, roles, plan)",,,,,P2-Setup,A create form pre-filled with the previously edited ward is how a hospital ends up with two wards sharing one rate. The drawer must open clean.,Positive,hospital_admin (Hospital A),None — pure UI render,e2e/phase-02-settings/P2D.structure.wards.spec.ts,
TC-P2D-003,2D Structure,P1,Ward creates with its beds in one action,"1) Open /settings/wards 2) Click ""Add Ward"" 3) Enter Ward Name ""Nephrology Ward"" 4) Select Ward Type ""general"" 5) Enter Rate Per Day 3500 6) Enter Number of Beds 2 7) Enter Bed Prefix ""NW"" 8) Click ""Save Ward""","A wards row is written with name = Nephrology Ward, type = general, total_beds = 2, and two beds rows are created in the same action.",,"Phase 2 additions — Nephrology Ward (general, ₹3,500/day, beds NW-01 and NW-02)","IPD, Nursing, Billing","Tier 0 complete (profile, departments, staff, roles, plan)",,,,,P2-Setup,A ward with no beds cannot be admitted into — the Admit modal simply shows nothing. Creating the ward and its beds atomically is what stops a half-configured ward reaching go-live.,Positive,hospital_admin (Hospital A),wards where hospital_id = A and name = 'Nephrology Ward' → total_beds = 2,e2e/phase-02-settings/P2D.structure.wards.spec.ts,
TC-P2D-004,2D Structure,P1,Beds are auto-numbered from the prefix and start number,"1) Open /settings/wards 2) Create ward ""Nephrology Ward"" with Bed Prefix ""NW"", Start Number 1 and Number of Beds 2 3) Open the ward's bed list","Exactly two beds exist, numbered NW-01 and NW-02, each with status = available.",,"Phase 2 additions — Nephrology Ward beds NW-01, NW-02","IPD, Nursing","Tier 0 complete (profile, departments, staff, roles, plan)",,,,,P2-Setup,Bed numbers are what nurses call out on the ward round and what the bill prints. Wrong or duplicated numbering makes the physical ward and the system disagree about where a patient is.,Positive,hospital_admin (Hospital A),"beds where hospital_id = A and bed_number in ('NW-01','NW-02') → 2 rows, status = available",e2e/phase-02-settings/P2D.structure.wards.spec.ts,
TC-P2D-005,2D Structure,P3,Bed numbers are zero-padded to a consistent width,"1) Open /settings/wards 2) Create a ward with Bed Prefix ""NW"", Start Number 1 and Number of Beds 2 3) Read the generated bed numbers",Beds read NW-01 and NW-02 — two digits — not NW-1 and NW-2.,,"Phase 2 additions — Nephrology Ward beds NW-01, NW-02",IPD,"Tier 0 complete (profile, departments, staff, roles, plan)",,,,,P2-Setup,"Unpadded numbers sort as 1, 10, 11, 2 in every list and report the ward uses. Consistent width is what keeps a bed board readable at a glance.",Boundary,hospital_admin (Hospital A),beds where hospital_id = A and ward = 'Nephrology Ward' → bed_number matches NW-0[0-9],e2e/phase-02-settings/P2D.structure.wards.spec.ts,
TC-P2D-006,2D Structure,P2,A ward cannot be saved without a name,"1) Open /settings/wards 2) Click ""Add Ward"" 3) Leave Ward Name blank 4) Enter Number of Beds 2 5) Attempt to click ""Save Ward""",The Save Ward button is disabled and no wards row is written.,,None — deliberately omits the required Ward Name,IPD,"Tier 0 complete (profile, departments, staff, roles, plan)",,,,,P2-Setup,"An unnamed ward is unusable everywhere downstream — it renders as a blank line in the Admit picker, so staff cannot tell which bed they are choosing.",Negative,hospital_admin (Hospital A),wards where hospital_id = A and name is null or name = '' → 0 rows,e2e/phase-02-settings/P2D.structure.wards.spec.ts,
TC-P2D-007,2D Structure,P2,A ward with zero beds is refused,"1) Open /settings/wards 2) Click ""Add Ward"" 3) Enter Ward Name ""QA Zero Bed Ward"" 4) Enter Number of Beds 0 5) Click ""Save Ward""","An error toast reads ""Bed count must be at least 1."" and no wards row is written.",,Literal ward name QA Zero Bed Ward with bed count 0,IPD,"Tier 0 complete (profile, departments, staff, roles, plan)",,,,,P2-Setup,"A zero-bed ward passes every later check and then shows an empty Admit modal, which reads to the ward clerk as the system being broken rather than as a configuration mistake.",Negative,hospital_admin (Hospital A),wards where hospital_id = A and name = 'QA Zero Bed Ward' → 0 rows,e2e/phase-02-settings/P2D.structure.wards.spec.ts,
TC-P2D-008,2D Structure,P2,A ward with a negative bed count is refused,"1) Open /settings/wards 2) Click ""Add Ward"" 3) Enter Ward Name ""QA Negative Bed Ward"" 4) Enter Number of Beds -5 5) Click ""Save Ward""","An error toast reads ""Bed count must be at least 1."" and no wards row is written.",,Literal ward name QA Negative Bed Ward with bed count -5,IPD,"Tier 0 complete (profile, departments, staff, roles, plan)",,,,,P2-Setup,"A negative count reaching the bed generator would either create nothing or loop, and either way the ward silently ends up with no beds.",Negative,hospital_admin (Hospital A),wards where hospital_id = A and name = 'QA Negative Bed Ward' → 0 rows,e2e/phase-02-settings/P2D.structure.wards.spec.ts,
TC-P2D-009,2D Structure,P1,A ward saved with a blank rate leaves rate_per_day unset,"1) Open /settings/wards 2) Click ""Add Ward"" 3) Enter Ward Name ""QA Blank Rate Ward"" 4) Leave Rate Per Day blank 5) Enter Number of Beds 1 6) Click ""Save Ward""","The ward is created but rate_per_day is null. The screen must make clear the room will not bill at a ward rate — an admission to it falls back to service_rates, then service_master, then the hardcoded ₹500/day.",,Literal ward name QA Blank Rate Ward with Rate Per Day left blank,"IPD, Billing","Tier 0 complete (profile, departments, staff, roles, plan)",,,,,P2-Setup,Room-charge precedence is wards.rate_per_day → service_rates → service_master → ₹500. A blank rate is the entry point to the silent ₹500/day under-billing nobody notices until month-end reconciliation.,Boundary,hospital_admin (Hospital A),wards where hospital_id = A and name = 'QA Blank Rate Ward' → rate_per_day is null,e2e/phase-02-settings/P2D.structure.wards.spec.ts,
TC-P2D-010,2D Structure,P1,A zero rate per day is not stored as a real ₹0 room charge,"1) Open /settings/wards 2) Click ""Add Ward"" 3) Enter Ward Name ""QA Zero Rate Ward"" 4) Enter Rate Per Day 0 5) Enter Number of Beds 1 6) Click ""Save Ward"" 7) Re-open the ward","Either the form rejects a zero rate, or rate_per_day is left null — it must never be stored as 0.00, because a genuine ₹0 room charge and ""not configured"" are different things and only one of them is ever intended.",,phase2.invalid.ratePerDayZero (0),"IPD, Billing","Tier 0 complete (profile, departments, staff, roles, plan)",,,,,P2-Setup,"A stored 0.00 wins the precedence chain and bills every night of the stay at nothing. A null falls through to the ₹500 default. Both are wrong, but they fail differently and the hospital must be able to tell which happened.",Negative,hospital_admin (Hospital A),wards where hospital_id = A and name = 'QA Zero Rate Ward' → rate_per_day is null or the row does not exist,e2e/phase-02-settings/P2D.structure.wards.spec.ts,
TC-P2D-011,2D Structure,P1,A negative rate per day is refused rather than silently dropped,"1) Open /settings/wards 2) Click ""Add Ward"" 3) Enter Ward Name ""QA Negative Rate Ward"" 4) Enter Rate Per Day -100 5) Enter Number of Beds 1 6) Click ""Save Ward""","A validation error names the rate field. The ward must not be created carrying a negative rate, and must not be created with the rate silently discarded either.",,phase2.invalid.ratePerDayNegative (-100),"IPD, Billing","Tier 0 complete (profile, departments, staff, roles, plan)",,,,,P2-Setup,A negative room rate would credit the patient every night. Silently discarding it instead is just as damaging — the administrator believes a rate is set and the ward bills the ₹500 fallback for months.,Negative,hospital_admin (Hospital A),"wards where hospital_id = A and name = 'QA Negative Rate Ward' → 0 rows, or rate_per_day >= 0",e2e/phase-02-settings/P2D.structure.wards.spec.ts,
TC-P2D-012,2D Structure,P1,Ward saves rate_per_day and IPD bills that rate,1) Log in as hospital_admin (Hospital A) 2) Open /settings/wards 3) Create ward 'Nephrology Ward' with rate_per_day 3500 4) Save 5) Admit a patient to a bed in that ward 6) Open the IPD bill,"wards.rate_per_day = 3500.00 and the IPD room charge line reads ₹3,500.00 per day — NOT the ₹500 fallback.",,"Phase 2 additions — Nephrology Ward (₹3,500/day)","IPD, Billing",Tier 0 complete; ward must exist before admission,,,,,P2-Setup,"Room charge precedence is wards.rate_per_day → service_rates → service_master → ₹500. If the ward rate does not save, every admission silently under-bills at ₹500/day and nobody notices until the month-end reconciliation.",Cross-Module,hospital_admin (Hospital A),wards where hospital_id = A and name = 'Nephrology Ward' → rate_per_day = 3500,e2e/phase-02-settings/P2D.structure.wards.spec.ts,
TC-P2D-013,2D Structure,P2,The ward rate renders in en-IN grouping with the rupee symbol,"1) Open /settings/wards 2) Locate the ""Nephrology Ward"" row 3) Read the rate as displayed","The rate displays as ₹3,500.00 — rupee symbol present, Indian digit grouping. Not 3500, not 3,500.00 without the symbol.",,"Phase 2 additions — Nephrology Ward (₹3,500/day)","IPD, Billing","Tier 0 complete (profile, departments, staff, roles, plan)",,,,,P2-Setup,"Every money display in the product must go through formatCurrency() in src/lib/currency.ts. A raw number on a configuration screen is how a ₹1,25,000 figure ends up printed as ₹125,000 on a patient-facing bill.",Positive,hospital_admin (Hospital A),wards where hospital_id = A and name = 'Nephrology Ward' → rate_per_day = 3500,e2e/phase-02-settings/P2D.structure.wards.spec.ts,
TC-P2D-014,2D Structure,P2,Nursing charge per day is stored separately from the room rate,"1) Open /settings/wards 2) Edit ""Nephrology Ward"" 3) Enter Nursing Charge Per Day 400 4) Click ""Save Ward"" 5) Reload and re-open the ward","The nursing rate persists at 400 and rate_per_day stays 3500 — the two are separate charges, not merged.",,"Phase 2 additions — Nephrology Ward, nursing charge ₹400/day","IPD, Billing","Tier 0 complete (profile, departments, staff, roles, plan)",,,,,P2-Setup,Nursing is bundled into room rent unless the hospital opts in. Merging the two would double-charge nursing on every insured claim where the payer reimburses room rent separately.,Positive,hospital_admin (Hospital A),"wards where hospital_id = A and name = 'Nephrology Ward' → nursing rate = 400, rate_per_day = 3500",e2e/phase-02-settings/P2D.structure.wards.spec.ts,
TC-P2D-015,2D Structure,P1,Editing a ward rate persists the new value,"1) Open /settings/wards 2) Edit ""Nephrology Ward"" 3) Change Rate Per Day from 3500 to 4200 4) Click ""Save Ward"" 5) Reload the page","wards.rate_per_day = 4200.00 after the reload — the value came from the database, not from unsaved form state.",,phase2.edit.wardRatePerDay (4200),"IPD, Billing","Tier 0 complete (profile, departments, staff, roles, plan)",,,,,P2-Setup,"Room rates are revised every year. If an edit shows a success toast and does not persist, the hospital bills last year's rate for the whole of the next year.",Positive,hospital_admin (Hospital A),wards where hospital_id = A and name = 'Nephrology Ward' → rate_per_day = 4200,e2e/phase-02-settings/P2D.structure.wards.spec.ts,
TC-P2D-016,2D Structure,P1,"A rate change applies to new admissions only, not retrospectively","1) Admit a patient to Nephrology Ward while the rate is ₹3,500 2) Open /settings/wards and change the rate to ₹4,200 3) Admit a second patient to the same ward 4) Compare both IPD bills","The first admission continues to bill ₹3,500/day for nights already accrued; the second bills ₹4,200/day. An existing patient's already-raised charges do not change.",,phase2.edit.wardRatePerDay (3500 → 4200),"IPD, Billing",Tier 0 complete; an admission must exist before the rate is edited,,,,,P2-Setup,"Retro-repricing an in-progress admission is an argument with a real patient at the discharge counter, and in an insured case it invalidates the pre-authorised estimate.",Cross-Module,hospital_admin (Hospital A),ipd_charges for the first admission → room charge unit rate stays 3500,e2e/phase-02-settings/P2D.structure.wards.spec.ts,
TC-P2D-017,2D Structure,P1,The bed Status dropdown offers every bed_status value the database supports,1) Open /settings/wards 2) Open the bed list for any ward 3) Open the Status dropdown on a bed 4) List every option offered,"The dropdown offers available, cleaning, maintenance and reserved as selectable, plus occupied shown but disabled — all five bed_status enum values are represented.",,phase2.dropdowns.bedStatusUi plus phase2.dropdowns.bedStatusMissingFromUi (cleaning),"IPD, Nursing, Housekeeping","Tier 0 complete (profile, departments, staff, roles, plan)",,,,,P2-Setup,"REGRESSION LOCK for BUG-P2-001. The bed_status enum has five values but the dropdown rendered only four — cleaning was absent, so a ward finishing terminal cleaning between patients had no correct status to select and staff marked the bed available while it was still dirty. That is an infection-control failure, not a cosmetic gap.",Boundary,hospital_admin (Hospital A),beds where hospital_id = A → status accepts 'cleaning',e2e/phase-02-settings/P2D.structure.wards.spec.ts,
TC-P2D-018,2D Structure,P2,Occupied cannot be selected by hand on the bed Status dropdown,"1) Open /settings/wards 2) Open the bed list for any ward 3) Open the Status dropdown on an available bed 4) Attempt to select ""Occupied""","The Occupied option is present but disabled and cannot be chosen. A bed becomes occupied by admitting a patient, never by editing a dropdown.",,phase2.dropdowns.bedStatusUi — the disabled occupied option,"IPD, Nursing","Tier 0 complete (profile, departments, staff, roles, plan)",,,,,P2-Setup,"Hand-marking a bed occupied with no admission behind it desynchronises the bed board from the census. The ward then shows full while beds stand empty, and the emergency department diverts patients it could have taken.",Negative,hospital_admin (Hospital A),beds where hospital_id = A and status = 'occupied' → every row has a matching active admission,e2e/phase-02-settings/P2D.structure.wards.spec.ts,
TC-P2D-019,2D Structure,P2,"Bed Status option ""available"" saves and survives a reload","1) Open /settings/wards 2) Open the bed list for Nephrology Ward 3) Set bed NW-01 Status to ""available"" 4) Reload the page 5) Re-read the bed status","beds.status = 'available' for NW-01 and the dropdown still shows ""available"" after the reload.",,"phase2.dropdowns.bedStatusUi — ""available""","IPD, Nursing, Housekeeping","Tier 0 complete (profile, departments, staff, roles, plan)",,,,,P2-Setup,"A bed status that does not persist means the bed board lies about ward capacity. ""available"" beds must not be offered to the Admit modal as though they were free.",Positive,hospital_admin (Hospital A),beds where hospital_id = A and bed_number = 'NW-01' → status = 'available',e2e/phase-02-settings/P2D.structure.wards.spec.ts,
TC-P2D-020,2D Structure,P1,"Bed Status option ""cleaning"" saves and survives a reload","1) Open /settings/wards 2) Open the bed list for Nephrology Ward 3) Set bed NW-01 Status to ""cleaning"" 4) Reload the page 5) Re-read the bed status","beds.status = 'cleaning' for NW-01 and the dropdown still shows ""cleaning"" after the reload.",,"phase2.dropdowns.bedStatusMissingFromUi — ""cleaning""","IPD, Nursing, Housekeeping","Tier 0 complete (profile, departments, staff, roles, plan)",,,,,P2-Setup,Terminal cleaning between patients is an infection-control state. Without it a dirty bed is marked available and the next patient is admitted into it — the reason BUG-P2-001 was a P1 and not a cosmetic gap.,Positive,hospital_admin (Hospital A),beds where hospital_id = A and bed_number = 'NW-01' → status = 'cleaning',e2e/phase-02-settings/P2D.structure.wards.spec.ts,
TC-P2D-021,2D Structure,P2,"Bed Status option ""maintenance"" saves and survives a reload","1) Open /settings/wards 2) Open the bed list for Nephrology Ward 3) Set bed NW-01 Status to ""maintenance"" 4) Reload the page 5) Re-read the bed status","beds.status = 'maintenance' for NW-01 and the dropdown still shows ""maintenance"" after the reload.",,"phase2.dropdowns.bedStatusUi — ""maintenance""","IPD, Nursing, Housekeeping","Tier 0 complete (profile, departments, staff, roles, plan)",,,,,P2-Setup,"A bed status that does not persist means the bed board lies about ward capacity. ""maintenance"" beds must not be offered to the Admit modal as though they were free.",Positive,hospital_admin (Hospital A),beds where hospital_id = A and bed_number = 'NW-01' → status = 'maintenance',e2e/phase-02-settings/P2D.structure.wards.spec.ts,
TC-P2D-022,2D Structure,P2,"Bed Status option ""reserved"" saves and survives a reload","1) Open /settings/wards 2) Open the bed list for Nephrology Ward 3) Set bed NW-01 Status to ""reserved"" 4) Reload the page 5) Re-read the bed status","beds.status = 'reserved' for NW-01 and the dropdown still shows ""reserved"" after the reload.",,"phase2.dropdowns.bedStatusUi — ""reserved""","IPD, Nursing, Housekeeping","Tier 0 complete (profile, departments, staff, roles, plan)",,,,,P2-Setup,"A bed status that does not persist means the bed board lies about ward capacity. ""reserved"" beds must not be offered to the Admit modal as though they were free.",Positive,hospital_admin (Hospital A),beds where hospital_id = A and bed_number = 'NW-01' → status = 'reserved',e2e/phase-02-settings/P2D.structure.wards.spec.ts,
TC-P2D-023,2D Structure,P2,"Bed Category option ""general"" saves and survives a reload","1) Open /settings/wards 2) Open the bed list for Nephrology Ward 3) Set bed NW-01 Category to ""general"" 4) Reload the page 5) Re-read the category","beds.bed_category = 'general' for NW-01 and the dropdown still shows ""general"" after the reload.",,"phase2.dropdowns.bedCategory — ""general""","IPD, Billing, Insurance","Tier 0 complete (profile, departments, staff, roles, plan)",,,,,P2-Setup,"Bed category is the second link in the room-charge precedence chain — service_rates are matched by bed category when the ward has no rate. It is also what a TPA reads to apply its room-rent ceiling, so a wrong category is a rejected or reduced claim.",Positive,hospital_admin (Hospital A),beds where hospital_id = A and bed_number = 'NW-01' → bed_category = 'general',e2e/phase-02-settings/P2D.structure.wards.spec.ts,
TC-P2D-024,2D Structure,P2,"Bed Category option ""semi_private"" saves and survives a reload","1) Open /settings/wards 2) Open the bed list for Nephrology Ward 3) Set bed NW-01 Category to ""semi_private"" 4) Reload the page 5) Re-read the category","beds.bed_category = 'semi_private' for NW-01 and the dropdown still shows ""semi_private"" after the reload.",,"phase2.dropdowns.bedCategory — ""semi_private""","IPD, Billing, Insurance","Tier 0 complete (profile, departments, staff, roles, plan)",,,,,P2-Setup,"Bed category is the second link in the room-charge precedence chain — service_rates are matched by bed category when the ward has no rate. It is also what a TPA reads to apply its room-rent ceiling, so a wrong category is a rejected or reduced claim.",Positive,hospital_admin (Hospital A),beds where hospital_id = A and bed_number = 'NW-01' → bed_category = 'semi_private',e2e/phase-02-settings/P2D.structure.wards.spec.ts,
TC-P2D-025,2D Structure,P2,"Bed Category option ""private"" saves and survives a reload","1) Open /settings/wards 2) Open the bed list for Nephrology Ward 3) Set bed NW-01 Category to ""private"" 4) Reload the page 5) Re-read the category","beds.bed_category = 'private' for NW-01 and the dropdown still shows ""private"" after the reload.",,"phase2.dropdowns.bedCategory — ""private""","IPD, Billing, Insurance","Tier 0 complete (profile, departments, staff, roles, plan)",,,,,P2-Setup,"Bed category is the second link in the room-charge precedence chain — service_rates are matched by bed category when the ward has no rate. It is also what a TPA reads to apply its room-rent ceiling, so a wrong category is a rejected or reduced claim.",Positive,hospital_admin (Hospital A),beds where hospital_id = A and bed_number = 'NW-01' → bed_category = 'private',e2e/phase-02-settings/P2D.structure.wards.spec.ts,
TC-P2D-026,2D Structure,P2,"Bed Category option ""icu"" saves and survives a reload","1) Open /settings/wards 2) Open the bed list for Nephrology Ward 3) Set bed NW-01 Category to ""icu"" 4) Reload the page 5) Re-read the category","beds.bed_category = 'icu' for NW-01 and the dropdown still shows ""icu"" after the reload.",,"phase2.dropdowns.bedCategory — ""icu""","IPD, Billing, Insurance","Tier 0 complete (profile, departments, staff, roles, plan)",,,,,P2-Setup,"Bed category is the second link in the room-charge precedence chain — service_rates are matched by bed category when the ward has no rate. It is also what a TPA reads to apply its room-rent ceiling, so a wrong category is a rejected or reduced claim.",Positive,hospital_admin (Hospital A),beds where hospital_id = A and bed_number = 'NW-01' → bed_category = 'icu',e2e/phase-02-settings/P2D.structure.wards.spec.ts,
TC-P2D-027,2D Structure,P2,"Bed Category option ""nicu"" saves and survives a reload","1) Open /settings/wards 2) Open the bed list for Nephrology Ward 3) Set bed NW-01 Category to ""nicu"" 4) Reload the page 5) Re-read the category","beds.bed_category = 'nicu' for NW-01 and the dropdown still shows ""nicu"" after the reload.",,"phase2.dropdowns.bedCategory — ""nicu""","IPD, Billing, Insurance","Tier 0 complete (profile, departments, staff, roles, plan)",,,,,P2-Setup,"Bed category is the second link in the room-charge precedence chain — service_rates are matched by bed category when the ward has no rate. It is also what a TPA reads to apply its room-rent ceiling, so a wrong category is a rejected or reduced claim.",Positive,hospital_admin (Hospital A),beds where hospital_id = A and bed_number = 'NW-01' → bed_category = 'nicu',e2e/phase-02-settings/P2D.structure.wards.spec.ts,
TC-P2D-028,2D Structure,P2,"Bed Category option ""sicu"" saves and survives a reload","1) Open /settings/wards 2) Open the bed list for Nephrology Ward 3) Set bed NW-01 Category to ""sicu"" 4) Reload the page 5) Re-read the category","beds.bed_category = 'sicu' for NW-01 and the dropdown still shows ""sicu"" after the reload.",,"phase2.dropdowns.bedCategory — ""sicu""","IPD, Billing, Insurance","Tier 0 complete (profile, departments, staff, roles, plan)",,,,,P2-Setup,"Bed category is the second link in the room-charge precedence chain — service_rates are matched by bed category when the ward has no rate. It is also what a TPA reads to apply its room-rent ceiling, so a wrong category is a rejected or reduced claim.",Positive,hospital_admin (Hospital A),beds where hospital_id = A and bed_number = 'NW-01' → bed_category = 'sicu',e2e/phase-02-settings/P2D.structure.wards.spec.ts,
TC-P2D-029,2D Structure,P2,"Bed Category option ""picu"" saves and survives a reload","1) Open /settings/wards 2) Open the bed list for Nephrology Ward 3) Set bed NW-01 Category to ""picu"" 4) Reload the page 5) Re-read the category","beds.bed_category = 'picu' for NW-01 and the dropdown still shows ""picu"" after the reload.",,"phase2.dropdowns.bedCategory — ""picu""","IPD, Billing, Insurance","Tier 0 complete (profile, departments, staff, roles, plan)",,,,,P2-Setup,"Bed category is the second link in the room-charge precedence chain — service_rates are matched by bed category when the ward has no rate. It is also what a TPA reads to apply its room-rent ceiling, so a wrong category is a rejected or reduced claim.",Positive,hospital_admin (Hospital A),beds where hospital_id = A and bed_number = 'NW-01' → bed_category = 'picu',e2e/phase-02-settings/P2D.structure.wards.spec.ts,
TC-P2D-030,2D Structure,P2,"Bed Category option ""hdu"" saves and survives a reload","1) Open /settings/wards 2) Open the bed list for Nephrology Ward 3) Set bed NW-01 Category to ""hdu"" 4) Reload the page 5) Re-read the category","beds.bed_category = 'hdu' for NW-01 and the dropdown still shows ""hdu"" after the reload.",,"phase2.dropdowns.bedCategory — ""hdu""","IPD, Billing, Insurance","Tier 0 complete (profile, departments, staff, roles, plan)",,,,,P2-Setup,"Bed category is the second link in the room-charge precedence chain — service_rates are matched by bed category when the ward has no rate. It is also what a TPA reads to apply its room-rent ceiling, so a wrong category is a rejected or reduced claim.",Positive,hospital_admin (Hospital A),beds where hospital_id = A and bed_number = 'NW-01' → bed_category = 'hdu',e2e/phase-02-settings/P2D.structure.wards.spec.ts,
TC-P2D-031,2D Structure,P2,"Bed Category option ""isolation"" saves and survives a reload","1) Open /settings/wards 2) Open the bed list for Nephrology Ward 3) Set bed NW-01 Category to ""isolation"" 4) Reload the page 5) Re-read the category","beds.bed_category = 'isolation' for NW-01 and the dropdown still shows ""isolation"" after the reload.",,"phase2.dropdowns.bedCategory — ""isolation""","IPD, Billing, Insurance","Tier 0 complete (profile, departments, staff, roles, plan)",,,,,P2-Setup,"Bed category is the second link in the room-charge precedence chain — service_rates are matched by bed category when the ward has no rate. It is also what a TPA reads to apply its room-rent ceiling, so a wrong category is a rejected or reduced claim.",Positive,hospital_admin (Hospital A),beds where hospital_id = A and bed_number = 'NW-01' → bed_category = 'isolation',e2e/phase-02-settings/P2D.structure.wards.spec.ts,
TC-P2D-032,2D Structure,P2,"Ward Type option ""general"" saves to the ward_type enum","1) Open /settings/wards 2) Click ""Add Ward"" 3) Enter Ward Name ""QA Type general"" 4) Select Ward Type ""general"" 5) Enter Rate Per Day 1000 and Number of Beds 1 6) Click ""Save Ward""","wards.type = 'general' for the new ward, and the value is still ""general"" when the ward is re-opened.",,"phase2.dropdowns.wardType — ""general""","IPD, Nursing, Billing","Tier 0 complete (profile, departments, staff, roles, plan)",,,,,P2-Setup,"The dropdown is generated from the ward_type database enum, so every value it offers must round-trip. A value the UI shows but the database rejects fails at save time with a raw Postgres error the administrator cannot act on.",Positive,hospital_admin (Hospital A),wards where hospital_id = A and name = 'QA Type general' → type = 'general',e2e/phase-02-settings/P2D.structure.wards.spec.ts,
TC-P2D-033,2D Structure,P2,"Ward Type option ""private"" saves to the ward_type enum","1) Open /settings/wards 2) Click ""Add Ward"" 3) Enter Ward Name ""QA Type private"" 4) Select Ward Type ""private"" 5) Enter Rate Per Day 1000 and Number of Beds 1 6) Click ""Save Ward""","wards.type = 'private' for the new ward, and the value is still ""private"" when the ward is re-opened.",,"phase2.dropdowns.wardType — ""private""","IPD, Nursing, Billing","Tier 0 complete (profile, departments, staff, roles, plan)",,,,,P2-Setup,"The dropdown is generated from the ward_type database enum, so every value it offers must round-trip. A value the UI shows but the database rejects fails at save time with a raw Postgres error the administrator cannot act on.",Positive,hospital_admin (Hospital A),wards where hospital_id = A and name = 'QA Type private' → type = 'private',e2e/phase-02-settings/P2D.structure.wards.spec.ts,
TC-P2D-034,2D Structure,P2,"Ward Type option ""semi_private"" saves to the ward_type enum","1) Open /settings/wards 2) Click ""Add Ward"" 3) Enter Ward Name ""QA Type semi_private"" 4) Select Ward Type ""semi_private"" 5) Enter Rate Per Day 1000 and Number of Beds 1 6) Click ""Save Ward""","wards.type = 'semi_private' for the new ward, and the value is still ""semi_private"" when the ward is re-opened.",,"phase2.dropdowns.wardType — ""semi_private""","IPD, Nursing, Billing","Tier 0 complete (profile, departments, staff, roles, plan)",,,,,P2-Setup,"The dropdown is generated from the ward_type database enum, so every value it offers must round-trip. A value the UI shows but the database rejects fails at save time with a raw Postgres error the administrator cannot act on.",Positive,hospital_admin (Hospital A),wards where hospital_id = A and name = 'QA Type semi_private' → type = 'semi_private',e2e/phase-02-settings/P2D.structure.wards.spec.ts,
TC-P2D-035,2D Structure,P2,"Ward Type option ""icu"" saves to the ward_type enum","1) Open /settings/wards 2) Click ""Add Ward"" 3) Enter Ward Name ""QA Type icu"" 4) Select Ward Type ""icu"" 5) Enter Rate Per Day 1000 and Number of Beds 1 6) Click ""Save Ward""","wards.type = 'icu' for the new ward, and the value is still ""icu"" when the ward is re-opened.",,"phase2.dropdowns.wardType — ""icu""","IPD, Nursing, Billing","Tier 0 complete (profile, departments, staff, roles, plan)",,,,,P2-Setup,"The dropdown is generated from the ward_type database enum, so every value it offers must round-trip. A value the UI shows but the database rejects fails at save time with a raw Postgres error the administrator cannot act on.",Positive,hospital_admin (Hospital A),wards where hospital_id = A and name = 'QA Type icu' → type = 'icu',e2e/phase-02-settings/P2D.structure.wards.spec.ts,
TC-P2D-036,2D Structure,P2,"Ward Type option ""nicu"" saves to the ward_type enum","1) Open /settings/wards 2) Click ""Add Ward"" 3) Enter Ward Name ""QA Type nicu"" 4) Select Ward Type ""nicu"" 5) Enter Rate Per Day 1000 and Number of Beds 1 6) Click ""Save Ward""","wards.type = 'nicu' for the new ward, and the value is still ""nicu"" when the ward is re-opened.",,"phase2.dropdowns.wardType — ""nicu""","IPD, Nursing, Billing","Tier 0 complete (profile, departments, staff, roles, plan)",,,,,P2-Setup,"The dropdown is generated from the ward_type database enum, so every value it offers must round-trip. A value the UI shows but the database rejects fails at save time with a raw Postgres error the administrator cannot act on.",Positive,hospital_admin (Hospital A),wards where hospital_id = A and name = 'QA Type nicu' → type = 'nicu',e2e/phase-02-settings/P2D.structure.wards.spec.ts,
TC-P2D-037,2D Structure,P2,"Ward Type option ""picu"" saves to the ward_type enum","1) Open /settings/wards 2) Click ""Add Ward"" 3) Enter Ward Name ""QA Type picu"" 4) Select Ward Type ""picu"" 5) Enter Rate Per Day 1000 and Number of Beds 1 6) Click ""Save Ward""","wards.type = 'picu' for the new ward, and the value is still ""picu"" when the ward is re-opened.",,"phase2.dropdowns.wardType — ""picu""","IPD, Nursing, Billing","Tier 0 complete (profile, departments, staff, roles, plan)",,,,,P2-Setup,"The dropdown is generated from the ward_type database enum, so every value it offers must round-trip. A value the UI shows but the database rejects fails at save time with a raw Postgres error the administrator cannot act on.",Positive,hospital_admin (Hospital A),wards where hospital_id = A and name = 'QA Type picu' → type = 'picu',e2e/phase-02-settings/P2D.structure.wards.spec.ts,
TC-P2D-038,2D Structure,P2,"Ward Type option ""hdu"" saves to the ward_type enum","1) Open /settings/wards 2) Click ""Add Ward"" 3) Enter Ward Name ""QA Type hdu"" 4) Select Ward Type ""hdu"" 5) Enter Rate Per Day 1000 and Number of Beds 1 6) Click ""Save Ward""","wards.type = 'hdu' for the new ward, and the value is still ""hdu"" when the ward is re-opened.",,"phase2.dropdowns.wardType — ""hdu""","IPD, Nursing, Billing","Tier 0 complete (profile, departments, staff, roles, plan)",,,,,P2-Setup,"The dropdown is generated from the ward_type database enum, so every value it offers must round-trip. A value the UI shows but the database rejects fails at save time with a raw Postgres error the administrator cannot act on.",Positive,hospital_admin (Hospital A),wards where hospital_id = A and name = 'QA Type hdu' → type = 'hdu',e2e/phase-02-settings/P2D.structure.wards.spec.ts,
TC-P2D-039,2D Structure,P2,"Ward Type option ""surgical"" saves to the ward_type enum","1) Open /settings/wards 2) Click ""Add Ward"" 3) Enter Ward Name ""QA Type surgical"" 4) Select Ward Type ""surgical"" 5) Enter Rate Per Day 1000 and Number of Beds 1 6) Click ""Save Ward""","wards.type = 'surgical' for the new ward, and the value is still ""surgical"" when the ward is re-opened.",,"phase2.dropdowns.wardType — ""surgical""","IPD, Nursing, Billing","Tier 0 complete (profile, departments, staff, roles, plan)",,,,,P2-Setup,"The dropdown is generated from the ward_type database enum, so every value it offers must round-trip. A value the UI shows but the database rejects fails at save time with a raw Postgres error the administrator cannot act on.",Positive,hospital_admin (Hospital A),wards where hospital_id = A and name = 'QA Type surgical' → type = 'surgical',e2e/phase-02-settings/P2D.structure.wards.spec.ts,
TC-P2D-040,2D Structure,P2,"Ward Type option ""maternity"" saves to the ward_type enum","1) Open /settings/wards 2) Click ""Add Ward"" 3) Enter Ward Name ""QA Type maternity"" 4) Select Ward Type ""maternity"" 5) Enter Rate Per Day 1000 and Number of Beds 1 6) Click ""Save Ward""","wards.type = 'maternity' for the new ward, and the value is still ""maternity"" when the ward is re-opened.",,"phase2.dropdowns.wardType — ""maternity""","IPD, Nursing, Billing","Tier 0 complete (profile, departments, staff, roles, plan)",,,,,P2-Setup,"The dropdown is generated from the ward_type database enum, so every value it offers must round-trip. A value the UI shows but the database rejects fails at save time with a raw Postgres error the administrator cannot act on.",Positive,hospital_admin (Hospital A),wards where hospital_id = A and name = 'QA Type maternity' → type = 'maternity',e2e/phase-02-settings/P2D.structure.wards.spec.ts,
TC-P2D-041,2D Structure,P2,"Ward Type option ""emergency"" saves to the ward_type enum","1) Open /settings/wards 2) Click ""Add Ward"" 3) Enter Ward Name ""QA Type emergency"" 4) Select Ward Type ""emergency"" 5) Enter Rate Per Day 1000 and Number of Beds 1 6) Click ""Save Ward""","wards.type = 'emergency' for the new ward, and the value is still ""emergency"" when the ward is re-opened.",,"phase2.dropdowns.wardType — ""emergency""","IPD, Nursing, Billing","Tier 0 complete (profile, departments, staff, roles, plan)",,,,,P2-Setup,"The dropdown is generated from the ward_type database enum, so every value it offers must round-trip. A value the UI shows but the database rejects fails at save time with a raw Postgres error the administrator cannot act on.",Positive,hospital_admin (Hospital A),wards where hospital_id = A and name = 'QA Type emergency' → type = 'emergency',e2e/phase-02-settings/P2D.structure.wards.spec.ts,
TC-P2D-042,2D Structure,P2,"Ward Type option ""daycare"" saves to the ward_type enum","1) Open /settings/wards 2) Click ""Add Ward"" 3) Enter Ward Name ""QA Type daycare"" 4) Select Ward Type ""daycare"" 5) Enter Rate Per Day 1000 and Number of Beds 1 6) Click ""Save Ward""","wards.type = 'daycare' for the new ward, and the value is still ""daycare"" when the ward is re-opened.",,"phase2.dropdowns.wardType — ""daycare""","IPD, Nursing, Billing","Tier 0 complete (profile, departments, staff, roles, plan)",,,,,P2-Setup,"The dropdown is generated from the ward_type database enum, so every value it offers must round-trip. A value the UI shows but the database rejects fails at save time with a raw Postgres error the administrator cannot act on.",Positive,hospital_admin (Hospital A),wards where hospital_id = A and name = 'QA Type daycare' → type = 'daycare',e2e/phase-02-settings/P2D.structure.wards.spec.ts,
TC-P2D-043,2D Structure,P2,A duplicate bed number within the same ward is refused,"1) Open /settings/wards 2) Open the bed list for Nephrology Ward 3) Add another bed and name it NW-01, which already exists in this ward 4) Save",The duplicate is refused with a message naming the clash. Only one NW-01 exists in the ward.,,phase2.invalid — duplicate bed number NW-01 in the same ward,"IPD, Nursing","Tier 0 complete (profile, departments, staff, roles, plan)",,,,,P2-Setup,"Two beds with the same number means two patients recorded in one physical bed. Every subsequent nursing task, drug administration and room charge attaches to the wrong one.",Negative,hospital_admin (Hospital A),beds where hospital_id = A and ward = 'Nephrology Ward' and bed_number = 'NW-01' → exactly 1 row,e2e/phase-02-settings/P2D.structure.wards.spec.ts,
TC-P2D-044,2D Structure,P2,Deleting a ward that still has beds is handled explicitly,"1) Open /settings/wards 2) Attempt to delete ""Nephrology Ward"" while beds NW-01 and NW-02 still exist","Either the deletion is refused with a message naming the remaining beds, or the beds are removed with the ward in one transaction. Orphan beds pointing at a deleted ward must not remain.",,"Phase 2 additions — Nephrology Ward with beds NW-01, NW-02","IPD, Nursing","Tier 0 complete (profile, departments, staff, roles, plan)",,,,,P2-Setup,"An orphaned bed still appears in bed-count queries, so occupancy percentages and the plan bed limit both drift from reality.",Negative,hospital_admin (Hospital A),beds where ward_id = the deleted ward id → 0 rows,e2e/phase-02-settings/P2D.structure.wards.spec.ts,
TC-P2D-045,2D Structure,P1,An occupied bed cannot be deleted,1) Admit a patient to bed NW-01 2) Open /settings/wards 3) Open the bed list for Nephrology Ward 4) Attempt to delete bed NW-01,"A destructive toast reads ""Cannot delete an occupied bed"" and the bed row remains.",,Phase 2 additions — Nephrology Ward bed NW-01 with an admitted patient,"IPD, Nursing, Billing",Tier 0 complete; an active admission must exist in the bed,,,,,P2-Setup,"Deleting the bed under an admitted patient detaches the admission from any location. The patient is physically in the ward and invisible to the system — nursing tasks, drug rounds and room charges all stop.",Negative,hospital_admin (Hospital A),beds where hospital_id = A and bed_number = 'NW-01' → row still exists,e2e/phase-02-settings/P2D.structure.wards.spec.ts,
TC-P2D-046,2D Structure,P2,Deleting an available bed asks for confirmation first,1) Open /settings/wards 2) Open the bed list for Nephrology Ward 3) Click delete on available bed NW-02 4) Read the confirmation 5) Confirm,"A confirmation naming the bed appears before anything is deleted. On confirming, the bed row is removed and the ward total_beds decrements to 1.",,Phase 2 additions — Nephrology Ward bed NW-02,IPD,"Tier 0 complete (profile, departments, staff, roles, plan)",,,,,P2-Setup,Bed deletion is irreversible and the delete control is a small icon next to the status dropdown. Without a confirmation step a misclick silently removes a bed the ward is still using.,Positive,hospital_admin (Hospital A),beds where hospital_id = A and bed_number = 'NW-02' → 0 rows; wards.total_beds = 1,e2e/phase-02-settings/P2D.structure.wards.spec.ts,
TC-P2D-047,2D Structure,P2,Adding more beds to an existing ward continues the numbering,"1) Open /settings/wards 2) Open the bed list for Nephrology Ward (currently NW-01, NW-02) 3) Add 2 more beds 4) Read the new bed numbers","Two new beds are created continuing the series, and none of them collides with NW-01 or NW-02.",,"Phase 2 additions — Nephrology Ward, 2 additional beds",IPD,"Tier 0 complete (profile, departments, staff, roles, plan)",,,,,P2-Setup,Wards are expanded mid-year. Numbering that restarts at 01 collides with the existing beds and produces exactly the duplicate that TC-P2D-043 forbids.,Positive,hospital_admin (Hospital A),beds where hospital_id = A and ward = 'Nephrology Ward' → 4 distinct bed_number values,e2e/phase-02-settings/P2D.structure.wards.spec.ts,
TC-P2D-048,2D Structure,P2,Ward total_beds stays in step with the actual bed rows,1) Open /settings/wards 2) Note total_beds for Nephrology Ward 3) Add 2 beds 4) Delete 1 bed 5) Compare total_beds against the number of bed rows,wards.total_beds equals the count of beds rows for that ward after every add and delete.,,Phase 2 additions — Nephrology Ward bed adds and deletes,"IPD, Analytics, Plan gating","Tier 0 complete (profile, departments, staff, roles, plan)",,,,,P2-Setup,"total_beds drives occupancy reporting and the plan bed limit. If it drifts from the real bed rows the hospital is either blocked from adding beds it has paid for, or billed for beds it does not have.",Cross-Module,hospital_admin (Hospital A),wards.total_beds for Nephrology Ward = count of beds rows for that ward,e2e/phase-02-settings/P2D.structure.wards.spec.ts,
TC-P2D-049,2D Structure,P2,GST applicable can be switched on for a ward and stores its percent,"1) Open /settings/wards 2) Edit ""Deluxe Room"" 3) Switch GST Applicable on 4) Enter GST Percent 5 5) Click ""Save Ward""",wards.gst_applicable = true and wards.gst_percent = 5 for Deluxe Room.,,"MOCK_DATA_BOOK Wards — Deluxe Room ₹9,500/day, above the ₹5,000 GST threshold","IPD, Billing, GST","Tier 0 complete (profile, departments, staff, roles, plan)",,,,,P2-Setup,"Room charges above ₹5,000/day attract 5% GST. If the flag does not save, the hospital under-collects GST on every deluxe admission and carries the shortfall itself at the next filing.",Positive,hospital_admin (Hospital A),"wards where hospital_id = A and name = 'Deluxe Room' → gst_applicable = true, gst_percent = 5",e2e/phase-02-settings/P2D.structure.wards.spec.ts,
TC-P2D-050,2D Structure,P1,"A ward below the ₹5,000 GST threshold attracts no GST","1) Open /settings/wards 2) Open ""General Ward"" at ₹1,500/day 3) Inspect its GST configuration",General Ward carries gst_applicable = false. An admission to it produces a room charge with no GST line.,,"MOCK_DATA_BOOK Wards — General Ward ₹1,500/day, below the ₹5,000 threshold","IPD, Billing, GST","Tier 0 complete (profile, departments, staff, roles, plan)",,,,,P2-Setup,"Charging GST on a sub-₹5,000 room is an over-collection from the patient and a misstatement on GSTR-1. The three seeded ward rates exist precisely to exercise all three branches of this rule.",Boundary,hospital_admin (Hospital A),wards where hospital_id = A and name = 'General Ward' → gst_applicable = false,e2e/phase-02-settings/P2D.structure.wards.spec.ts,
TC-P2D-051,2D Structure,P1,ICU is exempt from GST despite being above the threshold,"1) Open /settings/wards 2) Open ""ICU"" at ₹12,000/day 3) Inspect its GST configuration","ICU carries gst_applicable = false even though ₹12,000 is far above the ₹5,000 threshold — intensive care is exempt.",,"MOCK_DATA_BOOK Wards — ICU ₹12,000/day, above threshold but exempt","IPD, Billing, GST","Tier 0 complete (profile, departments, staff, roles, plan)",,,,,P2-Setup,"This is the branch a rate-only rule gets wrong. Applying 5% to a ₹12,000 ICU bed adds ₹600 a day the patient does not owe, on exactly the admissions where the bill is already largest and most scrutinised.",Boundary,hospital_admin (Hospital A),wards where hospital_id = A and name = 'ICU' → gst_applicable = false,e2e/phase-02-settings/P2D.structure.wards.spec.ts,
TC-P2D-052,2D Structure,P2,The bed prefix defaults from the ward name when left blank,"1) Open /settings/wards 2) Click ""Add Ward"" 3) Enter Ward Name ""QA Prefix Default Ward"" 4) Leave Bed Prefix blank 5) Enter Number of Beds 1 6) Click ""Save Ward"" 7) Read the generated bed number","The bed number is derived from the first letters of the ward name in upper case, with no separator characters from the name leaking in.",,Literal ward name QA Prefix Default Ward with Bed Prefix left blank,IPD,"Tier 0 complete (profile, departments, staff, roles, plan)",,,,,P2-Setup,"Bed Prefix is optional, so the fallback runs often. A derivation that lets spaces or punctuation through produces bed numbers that break the ward board layout and any report that parses them.",Boundary,hospital_admin (Hospital A),"beds where hospital_id = A and ward = 'QA Prefix Default Ward' → bed_number matches ^[A-Z]{1,3}-[0-9]+$",e2e/phase-02-settings/P2D.structure.wards.spec.ts,
TC-P2D-053,2D Structure,P2,Bed numbering honours a custom start number,"1) Open /settings/wards 2) Click ""Add Ward"" 3) Enter Ward Name ""QA Start Number Ward"" 4) Enter Bed Prefix ""QS"" 5) Enter Start Number 101 6) Enter Number of Beds 2 7) Click ""Save Ward""","Beds are created as QS-101 and QS-102 — numbering begins at the requested start, not at 1.",,"Literal ward QA Start Number Ward, prefix QS, start 101, 2 beds",IPD,"Tier 0 complete (profile, departments, staff, roles, plan)",,,,,P2-Setup,Hospitals number beds by floor — 101 upward on the first floor. Forcing numbering to start at 1 means the system bed number and the number painted on the wall disagree.,Boundary,hospital_admin (Hospital A),"beds where hospital_id = A and ward = 'QA Start Number Ward' → bed_number in ('QS-101','QS-102')",e2e/phase-02-settings/P2D.structure.wards.spec.ts,
TC-P2D-054,2D Structure,P1,Creating beds beyond the plan limit is blocked with an actionable message,"1) Open /settings/wards 2) Click ""Add Ward"" 3) Enter a bed count that takes the hospital past its plan bed limit 4) Click ""Save Ward""","The save is refused with a message stating the current bed count, the plan maximum and the plan name, and pointing at Settings → Plan & Billing. No ward and no beds are created.",,MOCK_DATA_BOOK Hospital A — Professional plan bed limit,"IPD, Plan gating, Billing","Tier 0 complete (profile, departments, staff, roles, plan)",,,,,P2-Setup,A gate that fails open lets a hospital exceed what it pays for; a gate that fails with a bare error teaches staff the product is broken. The message has to name the number and the upgrade path.,Boundary,hospital_admin (Hospital A),wards and beds → no new rows created when the limit would be exceeded,e2e/phase-02-settings/P2D.structure.wards.spec.ts,
TC-P2D-055,2D Structure,P1,A nurse cannot reach the Wards settings screen,1) Log in as nurse (Hospital A) 2) Navigate directly to /settings/wards,"The route is blocked — redirected away, or an explicit access-denied message. The ward create form must not render.",,"Staff logins — nurse (Hospital A), Sr. Mary Thomas","IPD, Nursing",Tier 0 roles configured (Phase 1 §1E),,,,,P2-Setup,"Room rates are money. A ward rate editable by any nurse is an unlogged pricing change with no approval trail, and the route guard is the only thing preventing it.",RBAC,nurse (Hospital A),None — route guard behaviour,e2e/phase-02-settings/P2D.structure.wards.spec.ts,
TC-P2D-056,2D Structure,P1,A receptionist cannot reach the Wards settings screen,1) Log in as receptionist (Hospital A) 2) Navigate directly to /settings/wards,The route is blocked. The ward list and the Add Ward button must not render.,,"Staff logins — receptionist (Hospital A), Ms. Divya Sharma",IPD,Tier 0 roles configured (Phase 1 §1E),,,,,P2-Setup,Reception creates admissions but must not set what an admission costs. Separating the two is the most basic revenue control a hospital has.,RBAC,receptionist (Hospital A),None — route guard behaviour,e2e/phase-02-settings/P2D.structure.wards.spec.ts,
TC-P2D-057,2D Structure,P1,Hospital A's wards are invisible to Hospital B,1) Sign in as the Hospital B administrator 2) Open /settings/wards as Hospital B 3) Query the wards table through the API with no hospital filter 4) Inspect the rows returned,Not one Hospital A ward is returned. RLS scopes the table to the caller's hospital.,,MOCK_DATA_BOOK Hospitals — Hospital A (Aarogya) and Hospital B (Sanjeevani),"IPD, Multi-tenancy",Both QA tenants seeded,,,,,P2-Setup,Ward names and rates are commercially sensitive. A leak across tenants is a DPDP Act breach and would end the multi-hospital sales motion outright.,Cross-Module,hospital_admin (Hospital B),wards queried as the Hospital B admin → zero rows with hospital_id = A,e2e/phase-02-settings/P2D.structure.wards.spec.ts,
TC-P2D-058,2D Structure,P1,A saved ward survives a hard reload,"1) Open /settings/wards 2) Create ward ""Nephrology Ward"" with rate 3500 and 2 beds 3) Hard-reload the page 4) Locate the ward","The ward and both beds are still listed after the reload, with the rate intact — proving the values came from the database and not from component state.",,Phase 2 additions — Nephrology Ward,IPD,"Tier 0 complete (profile, departments, staff, roles, plan)",,,,,P2-Setup,This is the check that catches the write-nothing class of defect. Four settings screens in this very phase showed a green toast and persisted nothing; a reload is the cheapest way to tell a real save from a claimed one.,Positive,hospital_admin (Hospital A),wards where hospital_id = A and name = 'Nephrology Ward' → 1 row with rate_per_day = 3500,e2e/phase-02-settings/P2D.structure.wards.spec.ts,
TC-P2D-059,2D Structure,P3,Ward type labels render readably rather than as raw enum values,"1) Open /settings/wards 2) Click ""Add Ward"" 3) Open the Ward Type dropdown 4) Read the option labels","Multi-word types read as ""semi private"" rather than ""semi_private"" — the underscore is not shown to the user.",,phase2.dropdowns.wardType — semi_private,IPD,"Tier 0 complete (profile, departments, staff, roles, plan)",,,,,P2-Setup,"Raw enum values on screen tell a ward clerk they are looking at a developer artefact, which is exactly when they stop trusting the field and pick the first option instead.",Positive,hospital_admin (Hospital A),wards.type stores the underscored enum value regardless of the displayed label,e2e/phase-02-settings/P2D.structure.wards.spec.ts,
TC-P2D-060,2D Structure,P2,The Wards screen loads with no red console errors,1) Open DevTools → Console 2) Open /settings/wards 3) Open a ward bed list 4) Read the console,"No red console text, and specifically no PostgREST 400/406 errors from a column the query asks for and the schema does not have.",,MOCK_DATA_BOOK Wards & beds — the six seeded wards,IPD,"Tier 0 complete (profile, departments, staff, roles, plan)",,,,,P2-Setup,"This screen writes the nursing rate in a separate, deliberately non-fatal statement so a deployment missing that column can still create wards. A silent console error is the only signal that the fallback has engaged and nursing rates are being discarded.",Positive,hospital_admin (Hospital A),None — console observation,e2e/phase-02-settings/P2D.structure.wards.spec.ts,
TC-P2D-061,2D Structure,P2,Departments screen loads and lists the ten seeded departments,1) Log in as hospital_admin (Hospital A) 2) Open /settings/departments 3) Read the department table,"All ten seeded departments render — General Medicine, General Surgery, Obstetrics & Gynaecology, Paediatrics, Orthopaedics, Anaesthesiology, Radiology, Pathology, Pharmacy, Emergency. No red console errors.",,MOCK_DATA_BOOK Departments — the ten seeded rows,"OPD, IPD, HR, Lab, Radiology",Tier 0: hospital profile created; hospital_admin can reach /settings,,,,,P2-Setup,With no departments no OPD token can be created and no doctor can be assigned. This is the second Tier 0 prerequisite and everything clinical is blocked until it is right.,Positive,hospital_admin (Hospital A),departments where hospital_id = A → 10 rows,e2e/phase-02-settings/P2D.structure.departments.spec.ts,
TC-P2D-062,2D Structure,P3,Indian English spellings are preserved exactly as entered,"1) Open /settings/departments 2) Read the names of the obstetrics, paediatrics, orthopaedics and anaesthesiology departments","They read Obstetrics & Gynaecology, Paediatrics, Orthopaedics and Anaesthesiology — not the American Gynecology, Pediatrics, Orthopedics, Anesthesiology.",,MOCK_DATA_BOOK Departments — Indian English spellings,"OPD, IPD",Tier 0: hospital profile created; hospital_admin can reach /settings,,,,,P2-Setup,Indian English is the house style and appears on every printed document. A department renamed to US spelling by the app is a visible error on a discharge summary a patient keeps.,Positive,hospital_admin (Hospital A),departments where hospital_id = A and name = 'Obstetrics & Gynaecology' → 1 row,e2e/phase-02-settings/P2D.structure.departments.spec.ts,
TC-P2D-063,2D Structure,P3,Add Department opens a drawer with an empty form,"1) Open /settings/departments 2) Click ""Add Department"" 3) Inspect the drawer fields","A drawer titled ""Add Department"" opens with Department Name blank, Type at its default, Department Code blank and Head of Department set to None.",,None — inspects the empty create form,OPD,Tier 0: hospital profile created; hospital_admin can reach /settings,,,,,P2-Setup,"A create form still holding the last edited department is how a hospital ends up with two departments sharing a code, which then collides at save time with an error nobody expects.",Positive,hospital_admin (Hospital A),None — pure UI render,e2e/phase-02-settings/P2D.structure.departments.spec.ts,
TC-P2D-064,2D Structure,P1,A new department saves with the correct hospital_id,"1) Open /settings/departments 2) Click ""Add Department"" 3) Enter Department Name ""Nephrology"" 4) Select Type ""clinical"" 5) Enter Department Code ""NEPH"" 6) Click ""Save Department""","A departments row exists with name = Nephrology, type = clinical, dept_code = NEPH and hospital_id = Hospital A.",,Phase 2 additions — Nephrology · NEPH · Clinical,"OPD, IPD, HR",Tier 0: hospital profile created; hospital_admin can reach /settings,,,,,P2-Setup,hospital_id is the RLS anchor for every row in the system. A department written against the wrong tenant is invisible to the hospital that created it and visible to one that should never see it.,Positive,hospital_admin (Hospital A),"departments where hospital_id = A and name = 'Nephrology' → 1 row, dept_code = 'NEPH'",e2e/phase-02-settings/P2D.structure.departments.spec.ts,
TC-P2D-065,2D Structure,P3,The department code is upper-cased as it is typed,"1) Open /settings/departments 2) Click ""Add Department"" 3) Enter Department Name ""Nephrology"" 4) Type ""neph"" in lower case into Department Code 5) Observe the field","The field shows NEPH in capitals, and departments.dept_code stores NEPH.",,"Phase 2 additions — Nephrology, code entered as lower-case neph","Accounts, Analytics",Tier 0: hospital profile created; hospital_admin can reach /settings,,,,,P2-Setup,Department codes are used in reports and GL integration where the match is case-sensitive. Mixed-case codes silently split one cost centre into two in the ledger.,Positive,hospital_admin (Hospital A),departments where hospital_id = A and name = 'Nephrology' → dept_code = 'NEPH',e2e/phase-02-settings/P2D.structure.departments.spec.ts,
TC-P2D-066,2D Structure,P3,The department code is capped at ten characters,"1) Open /settings/departments 2) Click ""Add Department"" 3) Enter Department Name ""QA Long Code Dept"" 4) Type ""ABCDEFGHIJKLMNOP"" (16 characters) into Department Code",The field accepts at most ten characters. The stored dept_code is ten characters or fewer.,,Literal 16-character code ABCDEFGHIJKLMNOP,"Accounts, Analytics",Tier 0: hospital profile created; hospital_admin can reach /settings,,,,,P2-Setup,A code longer than the column allows is either truncated silently — producing two departments that collide on the truncated value — or rejected by Postgres with an error the administrator cannot interpret.,Boundary,hospital_admin (Hospital A),departments where hospital_id = A and name = 'QA Long Code Dept' → length(dept_code) <= 10,e2e/phase-02-settings/P2D.structure.departments.spec.ts,
TC-P2D-067,2D Structure,P2,A department cannot be saved without a name,"1) Open /settings/departments 2) Click ""Add Department"" 3) Leave Department Name blank 4) Enter Department Code ""QAX"" 5) Attempt to click ""Save Department""",The Save Department button is disabled and no departments row is written.,,None — deliberately omits the required Department Name,OPD,Tier 0: hospital profile created; hospital_admin can reach /settings,,,,,P2-Setup,"An unnamed department appears as a blank line in the OPD department picker, so the receptionist selects it by accident and the token is raised against nothing.",Negative,hospital_admin (Hospital A),departments where hospital_id = A and (name is null or name = '') → 0 rows,e2e/phase-02-settings/P2D.structure.departments.spec.ts,
TC-P2D-068,2D Structure,P2,A duplicate department name is rejected,"1) Open /settings/departments 2) Click ""Add Department"" 3) Enter Department Name ""General Medicine"", which already exists 4) Click ""Save Department""","The save is refused with a message naming the clash, or the duplicate is prevented. Only one General Medicine exists for Hospital A.",,MOCK_DATA_BOOK Departments — re-entering the seeded General Medicine,"OPD, IPD",Tier 0: hospital profile created; hospital_admin can reach /settings,,,,,P2-Setup,"Two departments with the same name split a doctor roster and a revenue report in half, and neither half reconciles against the paper register.",Negative,hospital_admin (Hospital A),departments where hospital_id = A and name = 'General Medicine' → exactly 1 row,e2e/phase-02-settings/P2D.structure.departments.spec.ts,
TC-P2D-069,2D Structure,P2,A duplicate department code is rejected,"1) Open /settings/departments 2) Create ""Nephrology"" with code ""NEPH"" 3) Click ""Add Department"" again 4) Enter Department Name ""Nephrology Unit 2"" with the same code ""NEPH"" 5) Click ""Save Department""","The second save is refused, or the code is not duplicated. Exactly one department for Hospital A carries dept_code NEPH.",,phase2.invalid — duplicate department code NEPH,"Accounts, Analytics",Tier 0: hospital profile created; hospital_admin can reach /settings,,,,,P2-Setup,"The code is the GL cost-centre key. Two departments sharing one code merge their revenue in the ledger, and the month-end split between them becomes guesswork.",Negative,hospital_admin (Hospital A),departments where hospital_id = A and dept_code = 'NEPH' → exactly 1 row,e2e/phase-02-settings/P2D.structure.departments.spec.ts,
TC-P2D-070,2D Structure,P1,The Type dropdown is fed from the department_types config values list,"1) Open /settings/config-values?cat=department_types 2) Note the configured values 3) Open /settings/departments 4) Click ""Add Department"" 5) Open the Type dropdown","The Type dropdown offers exactly the values configured under department_types — no more, no fewer. It is not a hardcoded list.",,phase2.dropdowns.configValueCategories — department_types,"Configurable Dropdowns, OPD, HR",department_types configured under /settings/config-values,,,,,P2-Setup,"This is the dropdown-feeds-a-dropdown hop. If the Type list is hardcoded instead of read from config values, a hospital that adds its own department type sees it accepted on one screen and absent on another — the exact class of silent inconsistency this phase exists to find.",Cross-Module,hospital_admin (Hospital A),hospital_config_values where hospital_id = A and category = department_types → matches the dropdown options,e2e/phase-02-settings/P2D.structure.departments.spec.ts,
TC-P2D-071,2D Structure,P2,"Department Type option ""clinical"" saves and survives a reload","1) Open /settings/departments 2) Click ""Add Department"" 3) Enter Department Name ""QA Type clinical Dept"" 4) Select Type ""clinical"" 5) Click ""Save Department"" 6) Reload and re-open the department","departments.type = 'clinical' and the dropdown still shows ""clinical"" after the reload.",,"hospital_config_values department_types — ""clinical""","OPD, HR, Analytics","department_types includes ""clinical""",,,,,P2-Setup,Department type drives which departments appear in clinical pickers versus back-office reports. A type the dropdown offers but the column will not store fails at save with a raw Postgres enum error.,Positive,hospital_admin (Hospital A),departments where hospital_id = A and name = 'QA Type clinical Dept' → type = 'clinical',e2e/phase-02-settings/P2D.structure.departments.spec.ts,
TC-P2D-072,2D Structure,P2,"Department Type option ""diagnostic"" saves and survives a reload","1) Open /settings/departments 2) Click ""Add Department"" 3) Enter Department Name ""QA Type diagnostic Dept"" 4) Select Type ""diagnostic"" 5) Click ""Save Department"" 6) Reload and re-open the department","departments.type = 'diagnostic' and the dropdown still shows ""diagnostic"" after the reload.",,"hospital_config_values department_types — ""diagnostic""","OPD, HR, Analytics","department_types includes ""diagnostic""",,,,,P2-Setup,Department type drives which departments appear in clinical pickers versus back-office reports. A type the dropdown offers but the column will not store fails at save with a raw Postgres enum error.,Positive,hospital_admin (Hospital A),departments where hospital_id = A and name = 'QA Type diagnostic Dept' → type = 'diagnostic',e2e/phase-02-settings/P2D.structure.departments.spec.ts,
TC-P2D-073,2D Structure,P2,"Department Type option ""support"" saves and survives a reload","1) Open /settings/departments 2) Click ""Add Department"" 3) Enter Department Name ""QA Type support Dept"" 4) Select Type ""support"" 5) Click ""Save Department"" 6) Reload and re-open the department","departments.type = 'support' and the dropdown still shows ""support"" after the reload.",,"hospital_config_values department_types — ""support""","OPD, HR, Analytics","department_types includes ""support""",,,,,P2-Setup,Department type drives which departments appear in clinical pickers versus back-office reports. A type the dropdown offers but the column will not store fails at save with a raw Postgres enum error.,Positive,hospital_admin (Hospital A),departments where hospital_id = A and name = 'QA Type support Dept' → type = 'support',e2e/phase-02-settings/P2D.structure.departments.spec.ts,
TC-P2D-074,2D Structure,P2,"Department Type option ""administrative"" saves and survives a reload","1) Open /settings/departments 2) Click ""Add Department"" 3) Enter Department Name ""QA Type administrative Dept"" 4) Select Type ""administrative"" 5) Click ""Save Department"" 6) Reload and re-open the department","departments.type = 'administrative' and the dropdown still shows ""administrative"" after the reload.",,"hospital_config_values department_types — ""administrative""","OPD, HR, Analytics","department_types includes ""administrative""",,,,,P2-Setup,Department type drives which departments appear in clinical pickers versus back-office reports. A type the dropdown offers but the column will not store fails at save with a raw Postgres enum error.,Positive,hospital_admin (Hospital A),departments where hospital_id = A and name = 'QA Type administrative Dept' → type = 'administrative',e2e/phase-02-settings/P2D.structure.departments.spec.ts,
TC-P2D-075,2D Structure,P2,A head of department can be assigned from the doctor list,"1) Open /settings/departments 2) Edit ""Nephrology"" 3) Select ""Dr. Suresh Menon"" as Head of Department 4) Click ""Save Department""","departments.head_doctor_id is set to that doctor's user id, and the name shows on the department row.",,"MOCK_DATA_BOOK Staff logins — Dr. Suresh Menon (doctor, Hospital A)","HR, OPD",Tier 0 staff created; at least one active doctor exists,,,,,P2-Setup,"The head of department is who escalations and approvals route to. Unset, escalations go nowhere and a NABH assessor finds no named clinical owner for the unit.",Positive,hospital_admin (Hospital A),departments where hospital_id = A and name = 'Nephrology' → head_doctor_id is not null,e2e/phase-02-settings/P2D.structure.departments.spec.ts,
TC-P2D-076,2D Structure,P2,The Head of Department list offers only active doctors of this hospital,"1) Open /settings/departments 2) Click ""Add Department"" 3) Open the Head of Department dropdown 4) Read every name offered","Only users with role doctor, is_active true and hospital_id = Hospital A are listed, plus a ""None"" option. No nurses, no receptionists, and nobody from Hospital B.",,MOCK_DATA_BOOK Staff logins — the three Hospital A doctors,"HR, Multi-tenancy",Tier 0 staff created,,,,,P2-Setup,"A picker that lists every user lets a receptionist be made head of Nephrology. Worse, one that is not hospital-scoped leaks Hospital B staff names into Hospital A — a cross-tenant disclosure through a dropdown.",Negative,hospital_admin (Hospital A),users where hospital_id = A and role = doctor and is_active = true → matches the dropdown options,e2e/phase-02-settings/P2D.structure.departments.spec.ts,
TC-P2D-077,2D Structure,P1,Renaming a department persists the new name,"1) Open /settings/departments 2) Click Edit on ""Nephrology"" 3) Change the name to ""Nephrology & Dialysis"" 4) Click ""Save Department"" 5) Reload the page","departments.name reads ""Nephrology & Dialysis"" after the reload — the value came from the database, not from unsaved form state.",,phase2.edit.departmentName (Nephrology → Nephrology & Dialysis),"OPD, IPD, HR",Tier 0: hospital profile created; hospital_admin can reach /settings,,,,,P2-Setup,"Departments merge and are renamed as hospitals grow. An edit that toasts success and does not persist leaves the old name on every token, bill and report while the administrator believes it changed.",Positive,hospital_admin (Hospital A),departments where hospital_id = A and name = 'Nephrology & Dialysis' → 1 row,e2e/phase-02-settings/P2D.structure.departments.spec.ts,
TC-P2D-078,2D Structure,P2,A department can be deactivated without being deleted,"1) Open /settings/departments 2) Click ""Deactivate"" on ""Nephrology & Dialysis"" 3) Read the status column",departments.is_active = false and the row shows Inactive. The row still exists.,,Phase 2 additions — Nephrology & Dialysis,"OPD, IPD, Analytics",Tier 0: hospital profile created; hospital_admin can reach /settings,,,,,P2-Setup,"A closed department must stop appearing in pickers while its historical tokens, bills and records stay attached to it. Deleting instead of deactivating orphans years of clinical history.",Positive,hospital_admin (Hospital A),departments where hospital_id = A and name = 'Nephrology & Dialysis' → is_active = false,e2e/phase-02-settings/P2D.structure.departments.spec.ts,
TC-P2D-079,2D Structure,P2,A deactivated department can be reactivated,"1) Open /settings/departments 2) Locate the inactive ""Nephrology & Dialysis"" 3) Click ""Activate"" 4) Read the status column",departments.is_active = true and the row shows Active again.,,Phase 2 additions — Nephrology & Dialysis,"OPD, IPD",Tier 0: hospital profile created; hospital_admin can reach /settings,,,,,P2-Setup,"Departments reopen — seasonally, or after a consultant is hired. A one-way deactivation forces the administrator to create a duplicate, splitting the department's history in two.",Positive,hospital_admin (Hospital A),departments where hospital_id = A and name = 'Nephrology & Dialysis' → is_active = true,e2e/phase-02-settings/P2D.structure.departments.spec.ts,
TC-P2D-080,2D Structure,P2,Delete is offered only after a department is deactivated,1) Open /settings/departments 2) Look for a delete control on an ACTIVE department 3) Deactivate it 4) Look again,No delete control appears while the department is active. It appears only once the row is inactive.,,Phase 2 additions — Nephrology & Dialysis,"OPD, IPD",Tier 0: hospital profile created; hospital_admin can reach /settings,,,,,P2-Setup,"Deactivate-then-delete is a deliberate two-step. Removing an in-use department in one click detaches every token and bill that points at it, and there is no undo.",Boundary,hospital_admin (Hospital A),"None — UI affordance, verified by the absence of the control",e2e/phase-02-settings/P2D.structure.departments.spec.ts,
TC-P2D-081,2D Structure,P1,A department with active staff assigned cannot be deleted,"1) Open /settings/staff and assign a staff member to ""General Medicine"" 2) Open /settings/departments 3) Deactivate ""General Medicine"" 4) Attempt to delete it","A destructive toast reads ""Cannot delete: active staff members are assigned to this department."" and the departments row remains.",,MOCK_DATA_BOOK Staff logins — Dr. Suresh Menon in General Medicine,"HR, OPD",Tier 0 staff created with a department assigned,,,,,P2-Setup,Deleting the department out from under a doctor leaves users.department_id pointing at nothing. The doctor then vanishes from every department-filtered roster and OPD list while still being able to log in.,Negative,hospital_admin (Hospital A),departments where hospital_id = A and name = 'General Medicine' → row still exists,e2e/phase-02-settings/P2D.structure.departments.spec.ts,
TC-P2D-082,2D Structure,P2,Deleting a department asks for confirmation naming the department,1) Open /settings/departments 2) Deactivate a department with no staff assigned 3) Click the delete icon 4) Read the confirmation text,A confirmation quotes the department name and warns the action cannot be undone. Dismissing it leaves the row intact.,,Phase 2 additions — Nephrology & Dialysis,OPD,Tier 0: hospital profile created; hospital_admin can reach /settings,,,,,P2-Setup,The delete control is a small trash icon in a row of text buttons. Naming the department in the prompt is what stops the wrong row being removed on a misclick.,Positive,hospital_admin (Hospital A),departments → the row still exists after the confirmation is dismissed,e2e/phase-02-settings/P2D.structure.departments.spec.ts,
TC-P2D-083,2D Structure,P1,Hospital A's departments are invisible to Hospital B,1) Sign in as the Hospital B administrator 2) Open /settings/departments as Hospital B 3) Query the departments table through the API with no hospital filter,Not one Hospital A department is returned. Hospital B sees only its own.,,MOCK_DATA_BOOK Hospitals — Hospital A (Aarogya) and Hospital B (Sanjeevani),"Multi-tenancy, OPD",Both QA tenants seeded,,,,,P2-Setup,"Department lists reveal a competitor hospital's clinical footprint. Under the DPDP Act a cross-tenant leak of operational data is a reportable breach, and it ends the multi-hospital sales motion.",Cross-Module,hospital_admin (Hospital B),departments queried as the Hospital B admin → zero rows with hospital_id = A,e2e/phase-02-settings/P2D.structure.departments.spec.ts,
TC-P2D-084,2D Structure,P1,A receptionist cannot reach the Departments settings screen,1) Log in as receptionist (Hospital A) 2) Navigate directly to /settings/departments,"The route is blocked — redirected away, or an explicit access-denied message. The Add Department button must not render.",,"MOCK_DATA_BOOK Staff logins — receptionist (Hospital A), Ms. Divya Sharma",OPD,Tier 0 roles configured (Phase 1 §1E),,,,,P2-Setup,Reception raises tokens against departments but must not create or rename them. A receptionist who renames a department mid-day breaks every report that groups by it.,RBAC,receptionist (Hospital A),None — route guard behaviour,e2e/phase-02-settings/P2D.structure.departments.spec.ts,
TC-P2D-085,2D Structure,P2,Shifts screen loads its rows from shift_master rather than a hardcoded list,1) Log in as hospital_admin (Hospital A) 2) Open /settings/shifts 3) Read the shift table,"The table reflects the shift_master rows for Hospital A. If none exist it shows an empty state, NOT the three placeholder shifts Morning/Afternoon/Night.",,MOCK_DATA_BOOK Phase 2 additions — Night Relief 22:00–06:00,"HR, Nursing, OT, Emergency","Tier 0 complete (profile, departments, staff, roles, plan)",,,,,P2-Setup,"REGRESSION LOCK for BUG-P2-002. This screen used to render three hardcoded shifts and never query the database, so every hospital saw the same fake data and its own shifts existed nowhere.",Positive,hospital_admin (Hospital A),shift_master where hospital_id = A → matches the rows displayed,e2e/phase-02-settings/P2D.structure.shifts.spec.ts,
TC-P2D-086,2D Structure,P3,An empty shift list explains what to do next,1) Ensure shift_master has no rows for Hospital A 2) Open /settings/shifts 3) Read the table body,"An empty state explains that rosters and nursing hand-overs need shift timings, rather than showing a bare empty table.",,None — asserts the empty state before any shift exists,"HR, Nursing","Tier 0 complete (profile, departments, staff, roles, plan)",,,,,P2-Setup,An empty grid reads as a loading failure. Naming what is missing and why it matters is the difference between an administrator configuring shifts and raising a support ticket.,Positive,hospital_admin (Hospital A),shift_master where hospital_id = A → 0 rows,e2e/phase-02-settings/P2D.structure.shifts.spec.ts,
TC-P2D-087,2D Structure,P3,Add Shift opens an inline row with blank fields,"1) Open /settings/shifts 2) Click ""Add Shift"" 3) Inspect the new row","A new editable row appears with Name and Code blank, both time fields empty, and the Add Shift button disabled while the row is open.",,None — inspects the empty create row,HR,"Tier 0 complete (profile, departments, staff, roles, plan)",,,,,P2-Setup,Allowing a second create row to open while the first is unsaved lets an administrator lose the first one silently.,Positive,hospital_admin (Hospital A),None — pure UI render,e2e/phase-02-settings/P2D.structure.shifts.spec.ts,
TC-P2D-088,2D Structure,P1,A new shift saves to shift_master,"1) Open /settings/shifts 2) Click ""Add Shift"" 3) Enter Name ""Night Relief"" 4) Enter Code ""NR"" 5) Set Start 22:00 6) Set End 06:00 7) Click Save","A shift_master row exists with shift_name = Night Relief, shift_code = NR, start_time = 22:00, end_time = 06:00 and hospital_id = Hospital A.",,MOCK_DATA_BOOK Phase 2 additions — Night Relief · 22:00–06:00,"HR, Nursing, OT, Emergency","Tier 0 complete (profile, departments, staff, roles, plan)",,,,,P2-Setup,"REGRESSION LOCK for BUG-P2-002. Saving showed a green toast and issued zero Supabase calls, so a hospital could define its shift pattern, see it confirmed, and find shift_master empty. Rostering downstream had nothing to work from.",Positive,hospital_admin (Hospital A),"shift_master where hospital_id = A and shift_code = 'NR' → 1 row, start_time = 22:00, end_time = 06:00",e2e/phase-02-settings/P2D.structure.shifts.spec.ts,
TC-P2D-089,2D Structure,P1,"A shift crossing midnight stores eight hours, not minus sixteen","1) Open /settings/shifts 2) Create shift ""Night Relief"" with Start 22:00 and End 06:00 3) Read the Hours column 4) Check shift_master.duration_hours",The Hours column reads 8 h and shift_master.duration_hours = 8. It must never be negative.,,MOCK_DATA_BOOK Phase 2 additions — Night Relief · 22:00–06:00 (crosses midnight),"HR, Payroll, Nursing","Tier 0 complete (profile, departments, staff, roles, plan)",,,,,P2-Setup,"Subtracting the times naively gives −16. A negative duration flows straight into roster hours and night-shift payroll, so every nurse on nights is paid against a nonsense figure. This is the single most likely arithmetic error on the screen.",Boundary,hospital_admin (Hospital A),shift_master where hospital_id = A and shift_code = 'NR' → duration_hours = 8,e2e/phase-02-settings/P2D.structure.shifts.spec.ts,
TC-P2D-090,2D Structure,P2,A same-day shift stores its plain duration,"1) Open /settings/shifts 2) Create shift ""QA Morning"" code ""QAM"" with Start 07:00 and End 14:00 3) Read the Hours column",The Hours column reads 7 h and shift_master.duration_hours = 7.,,Literal shift QA Morning · QAM · 07:00–14:00,"HR, Payroll","Tier 0 complete (profile, departments, staff, roles, plan)",,,,,P2-Setup,The midnight-wrap fix must not break the ordinary case. A rule that adds 24 hours unconditionally would turn every day shift into a 31-hour one.,Positive,hospital_admin (Hospital A),shift_master where hospital_id = A and shift_code = 'QAM' → duration_hours = 7,e2e/phase-02-settings/P2D.structure.shifts.spec.ts,
TC-P2D-091,2D Structure,P2,A shift cannot be saved without a name,"1) Open /settings/shifts 2) Click ""Add Shift"" 3) Leave Name blank 4) Enter Code ""QX"" and times 08:00–16:00 5) Click Save","A destructive toast reads ""Shift name is required."" and no shift_master row is written.",,None — deliberately omits the required Name,HR,"Tier 0 complete (profile, departments, staff, roles, plan)",,,,,P2-Setup,"An unnamed shift shows as a blank entry on the roster, so the ward sister cannot tell which shift a nurse is rostered to.",Negative,hospital_admin (Hospital A),shift_master where hospital_id = A and shift_code = 'QX' → 0 rows,e2e/phase-02-settings/P2D.structure.shifts.spec.ts,
TC-P2D-092,2D Structure,P2,A shift cannot be saved without a code,"1) Open /settings/shifts 2) Click ""Add Shift"" 3) Enter Name ""QA No Code"" 4) Leave Code blank 5) Enter times 08:00–16:00 6) Click Save","A destructive toast reads ""Shift code is required."" and no shift_master row is written.",,None — deliberately omits the required Code,"HR, Payroll","Tier 0 complete (profile, departments, staff, roles, plan)",,,,,P2-Setup,The code is what appears in the compressed roster grid where a full name will not fit. Without it the grid renders blank cells.,Negative,hospital_admin (Hospital A),shift_master where hospital_id = A and shift_name = 'QA No Code' → 0 rows,e2e/phase-02-settings/P2D.structure.shifts.spec.ts,
TC-P2D-093,2D Structure,P2,A shift cannot be saved without a start time,"1) Open /settings/shifts 2) Click ""Add Shift"" 3) Enter Name ""QA No Start"" and Code ""QNS"" 4) Leave Start blank 5) Enter End 16:00 6) Click Save","A destructive toast reads ""Start time is required."" and no shift_master row is written.",,None — deliberately omits the required Start time,"HR, Nursing","Tier 0 complete (profile, departments, staff, roles, plan)",,,,,P2-Setup,start_time is NOT NULL in shift_master. Without client-side validation the user gets a raw Postgres constraint error instead of a sentence telling them which field is missing.,Negative,hospital_admin (Hospital A),shift_master where hospital_id = A and shift_code = 'QNS' → 0 rows,e2e/phase-02-settings/P2D.structure.shifts.spec.ts,
TC-P2D-094,2D Structure,P2,A shift cannot be saved without an end time,"1) Open /settings/shifts 2) Click ""Add Shift"" 3) Enter Name ""QA No End"" and Code ""QNE"" 4) Enter Start 08:00 5) Leave End blank 6) Click Save","A destructive toast reads ""End time is required."" and no shift_master row is written.",,None — deliberately omits the required End time,"HR, Nursing","Tier 0 complete (profile, departments, staff, roles, plan)",,,,,P2-Setup,"end_time is NOT NULL in shift_master, and a shift with no end cannot have its duration computed for payroll.",Negative,hospital_admin (Hospital A),shift_master where hospital_id = A and shift_code = 'QNE' → 0 rows,e2e/phase-02-settings/P2D.structure.shifts.spec.ts,
TC-P2D-095,2D Structure,P1,A zero-length shift is refused,"1) Open /settings/shifts 2) Click ""Add Shift"" 3) Enter Name ""QA Zero Shift"" and Code ""QZS"" 4) Set Start 22:00 and End 22:00 5) Click Save","A destructive toast explains that start and end cannot be the same, and no shift_master row is written.",,"phase2.invalid.shiftZeroLength (start 22:00, end 22:00)","HR, Payroll, Nursing","Tier 0 complete (profile, departments, staff, roles, plan)",,,,,P2-Setup,"Identical start and end is ambiguous — zero hours or a continuous 24? Stored either way it silently misstates every roster hour and payroll line built on it, so it must be rejected at entry.",Boundary,hospital_admin (Hospital A),shift_master where hospital_id = A and shift_code = 'QZS' → 0 rows,e2e/phase-02-settings/P2D.structure.shifts.spec.ts,
TC-P2D-096,2D Structure,P2,A duplicate shift code is refused,"1) Open /settings/shifts 2) Create shift ""Night Relief"" with code ""NR"" 3) Click ""Add Shift"" again 4) Enter Name ""QA Duplicate"" with the same code ""NR"" 5) Click Save",A destructive toast names the clashing code and only one shift_master row carries NR.,,phase2.invalid — duplicate shift code NR,"HR, Payroll","Tier 0 complete (profile, departments, staff, roles, plan)",,,,,P2-Setup,"The roster grid keys on the code. Two shifts sharing one means attendance is booked against whichever the query happens to return first, and the nurse is paid for the wrong shift.",Negative,hospital_admin (Hospital A),shift_master where hospital_id = A and shift_code = 'NR' → exactly 1 row,e2e/phase-02-settings/P2D.structure.shifts.spec.ts,
TC-P2D-097,2D Structure,P3,The shift code is stored upper-cased,"1) Open /settings/shifts 2) Click ""Add Shift"" 3) Enter Name ""Night Relief"" and Code in lower case ""nr"" 4) Enter times 22:00–06:00 5) Click Save",shift_master.shift_code stores NR in capitals.,,"MOCK_DATA_BOOK Phase 2 additions — Night Relief, code entered as lower-case nr",HR,"Tier 0 complete (profile, departments, staff, roles, plan)",,,,,P2-Setup,"Mixed-case codes defeat the duplicate check and let ""nr"" and ""NR"" coexist as two shifts that look identical on screen.",Positive,hospital_admin (Hospital A),shift_master where hospital_id = A and shift_code = 'NR' → 1 row,e2e/phase-02-settings/P2D.structure.shifts.spec.ts,
TC-P2D-098,2D Structure,P2,Editing a shift persists the change,"1) Open /settings/shifts 2) Click the edit icon on ""Night Relief"" 3) Change End from 06:00 to 07:00 4) Click Save 5) Reload the page",shift_master.end_time = 07:00 and duration_hours = 9 after the reload.,,"MOCK_DATA_BOOK Phase 2 additions — Night Relief, end time edited to 07:00","HR, Payroll","Tier 0 complete (profile, departments, staff, roles, plan)",,,,,P2-Setup,Shift timings change with season and staffing. An edit that does not persist means the roster keeps using last month's hand-over time and two shifts overlap or leave a gap.,Positive,hospital_admin (Hospital A),"shift_master where hospital_id = A and shift_code = 'NR' → end_time = 07:00, duration_hours = 9",e2e/phase-02-settings/P2D.structure.shifts.spec.ts,
TC-P2D-099,2D Structure,P2,A shift can be deactivated and reactivated,"1) Open /settings/shifts 2) Switch the Active toggle off for ""Night Relief"" 3) Reload 4) Switch it back on",shift_master.is_active follows the toggle in both directions and survives the reload.,,MOCK_DATA_BOOK Phase 2 additions — Night Relief,"HR, Nursing","Tier 0 complete (profile, departments, staff, roles, plan)",,,,,P2-Setup,A retired shift must stop appearing on new rosters while historical attendance stays attached to it. Deleting instead would orphan months of attendance records.,Positive,hospital_admin (Hospital A),shift_master where hospital_id = A and shift_code = 'NR' → is_active toggles true/false,e2e/phase-02-settings/P2D.structure.shifts.spec.ts,
TC-P2D-100,2D Structure,P2,Deleting a shift asks for confirmation naming the shift,"1) Open /settings/shifts 2) Click the delete icon on ""Night Relief"" 3) Read the confirmation 4) Dismiss it",A confirmation quotes the shift name and warns the action cannot be undone. Dismissing leaves the shift_master row intact.,,MOCK_DATA_BOOK Phase 2 additions — Night Relief,HR,"Tier 0 complete (profile, departments, staff, roles, plan)",,,,,P2-Setup,The delete control is a small icon beside the edit icon. Without a named confirmation a misclick removes a shift the roster is actively using.,Positive,hospital_admin (Hospital A),shift_master where hospital_id = A and shift_code = 'NR' → row still exists after dismissing,e2e/phase-02-settings/P2D.structure.shifts.spec.ts,
TC-P2D-101,2D Structure,P2,Confirming the delete removes the shift row,"1) Open /settings/shifts 2) Click the delete icon on ""QA Morning"" 3) Confirm the prompt 4) Reload the page",The shift_master row for QAM is gone and does not return after the reload.,,Literal shift QA Morning · QAM · 07:00–14:00,HR,"Tier 0 complete (profile, departments, staff, roles, plan)",,,,,P2-Setup,"A delete that only removes the row from local state reappears on the next load, so the administrator deletes it repeatedly and concludes the screen is broken.",Positive,hospital_admin (Hospital A),shift_master where hospital_id = A and shift_code = 'QAM' → 0 rows,e2e/phase-02-settings/P2D.structure.shifts.spec.ts,
TC-P2D-102,2D Structure,P1,A saved shift survives a hard reload,"1) Open /settings/shifts 2) Create shift ""Night Relief"" code ""NR"" 22:00–06:00 3) Hard-reload the page 4) Look for the shift",Night Relief is still listed after the reload with its times and 8 h duration intact.,,MOCK_DATA_BOOK Phase 2 additions — Night Relief · 22:00–06:00,"HR, Nursing","Tier 0 complete (profile, departments, staff, roles, plan)",,,,,P2-Setup,"REGRESSION LOCK for BUG-P2-002. Before the fix this screen kept everything in component state, so a reload wiped it and shift_master stayed empty. A reload is the cheapest way to tell a real save from a claimed one.",Positive,hospital_admin (Hospital A),shift_master where hospital_id = A and shift_code = 'NR' → 1 row,e2e/phase-02-settings/P2D.structure.shifts.spec.ts,
TC-P2D-103,2D Structure,P3,The shift colour is stored and rendered,1) Open /settings/shifts 2) Create a shift and set its colour 3) Reload 4) Read the colour swatch,shift_master.color_code holds the chosen hex value and the swatch renders in that colour after the reload.,,MOCK_DATA_BOOK Phase 2 additions — Night Relief with its default colour,"HR, Nursing","Tier 0 complete (profile, departments, staff, roles, plan)",,,,,P2-Setup,Colour is how a ward sister reads a month-long roster grid at a glance. A colour that resets on reload makes the grid unreadable.,Positive,hospital_admin (Hospital A),shift_master where hospital_id = A and shift_code = 'NR' → color_code is a hex value,e2e/phase-02-settings/P2D.structure.shifts.spec.ts,
TC-P2D-104,2D Structure,P1,Hospital A's shifts are invisible to Hospital B,1) Sign in as the Hospital B administrator 2) Open /settings/shifts as Hospital B 3) Query shift_master through the API with no hospital filter,Not one Hospital A shift is returned.,,MOCK_DATA_BOOK Hospitals — Hospital A (Aarogya) and Hospital B (Sanjeevani),"Multi-tenancy, HR",Both QA tenants seeded,,,,,P2-Setup,"Shift patterns reveal staffing levels and cost structure. Before the fix this table was never queried at all, so its RLS has never been exercised — this is the first case that proves it works.",Cross-Module,hospital_admin (Hospital B),shift_master queried as the Hospital B admin → zero rows with hospital_id = A,e2e/phase-02-settings/P2D.structure.shifts.spec.ts,
TC-P2D-105,2D Structure,P1,A nurse cannot reach the Shifts settings screen,1) Log in as nurse (Hospital A) 2) Navigate directly to /settings/shifts,"The route is blocked — redirected away, or an explicit access-denied message.",,"MOCK_DATA_BOOK Staff logins — nurse (Hospital A), Sr. Mary Thomas","HR, Nursing",Tier 0 roles configured (Phase 1 §1E),,,,,P2-Setup,"Shift definitions drive payroll hours. A nurse able to widen a shift is a nurse able to change what the hospital pays, with no approval trail.",RBAC,nurse (Hospital A),None — route guard behaviour,e2e/phase-02-settings/P2D.structure.shifts.spec.ts,
TC-P2D-106,2D Structure,P2,The Shifts screen loads with no red console errors,1) Open DevTools → Console 2) Open /settings/shifts 3) Create and edit a shift 4) Read the console,"No red console text, and specifically no PostgREST error from a shift_master column the query names and the schema lacks.",,MOCK_DATA_BOOK Phase 2 additions — Night Relief,HR,"Tier 0 complete (profile, departments, staff, roles, plan)",,,,,P2-Setup,This screen was rewired to a table it had never touched. A column-name mismatch would surface only as a console error while the UI carried on looking healthy.,Positive,hospital_admin (Hospital A),None — console observation,e2e/phase-02-settings/P2D.structure.shifts.spec.ts,
TC-P2D-107,2D Structure,P2,Bank Accounts screen loads,1) Log in as hospital_admin (Hospital A) 2) Open /settings/bank-accounts 3) Read the table,The screen renders with an Add Account action and either the existing bank_accounts rows or an empty state. No red console errors.,,MOCK_DATA_BOOK Phase 2 additions — Aarogya Ops — HDFC,"Accounts, Payments, Billing, Day Closure","Tier 0 complete (profile, departments, staff, roles, plan)",,,,,P2-Setup,"Without a bank account configured there is nothing to reconcile collections against, so day closure cannot be completed and cash differences go undetected.",Positive,hospital_admin (Hospital A),bank_accounts where hospital_id = A → matches the rows displayed,e2e/phase-02-settings/P2D.structure.bank-accounts.spec.ts,
TC-P2D-108,2D Structure,P3,An empty bank account list offers a first-run action,1) Ensure bank_accounts has no rows for Hospital A 2) Open /settings/bank-accounts,"An empty state renders with an ""Add First Account"" action rather than a bare empty table.",,None — asserts the empty state before any account exists,"Accounts, Day Closure","Tier 0 complete (profile, departments, staff, roles, plan)",,,,,P2-Setup,"Reconciliation is set up once, usually by someone who has never seen the screen. A first-run action is what makes the next step obvious.",Positive,hospital_admin (Hospital A),bank_accounts where hospital_id = A → 0 rows,e2e/phase-02-settings/P2D.structure.bank-accounts.spec.ts,
TC-P2D-109,2D Structure,P1,A bank account saves with its IFSC code,"1) Open /settings/bank-accounts 2) Click ""Add Account"" 3) Enter Account Name ""Aarogya Ops - HDFC"" 4) Enter Bank Name ""HDFC Bank"" 5) Enter Account Number 50100123456789 6) Enter IFSC Code HDFC0001234 7) Click ""Add Account""",A bank_accounts row exists with those values and hospital_id = Hospital A.,,MOCK_DATA_BOOK Phase 2 additions — Aarogya Ops — HDFC · A/c 50100123456789 · IFSC HDFC0001234,"Accounts, Payments, Day Closure","Tier 0 complete (profile, departments, staff, roles, plan)",,,,,P2-Setup,The account number and IFSC are what money is actually settled against. A wrong or missing pair means collections cannot be matched to the bank statement at all.,Positive,hospital_admin (Hospital A),bank_accounts where hospital_id = A and account_number = '50100123456789' → ifsc_code = 'HDFC0001234',e2e/phase-02-settings/P2D.structure.bank-accounts.spec.ts,
TC-P2D-110,2D Structure,P2,An account cannot be saved without an account name,"1) Open /settings/bank-accounts 2) Click ""Add Account"" 3) Leave Account Name blank 4) Enter Bank Name ""HDFC Bank"" and Account Number 50100123456789 5) Click ""Add Account""","An error toast reads ""Name, bank, and account number are required"" and no bank_accounts row is written.",,None — deliberately omits the required Account Name,Accounts,"Tier 0 complete (profile, departments, staff, roles, plan)",,,,,P2-Setup,"A hospital runs several accounts — operations, salary, corpus. Unnamed, the reconciliation screen offers identical blank options and money is matched against the wrong one.",Negative,hospital_admin (Hospital A),bank_accounts where hospital_id = A and account_name = '' → 0 rows,e2e/phase-02-settings/P2D.structure.bank-accounts.spec.ts,
TC-P2D-111,2D Structure,P2,An account cannot be saved without a bank name,"1) Open /settings/bank-accounts 2) Click ""Add Account"" 3) Enter Account Name ""QA No Bank"" 4) Leave Bank Name blank 5) Enter Account Number 50100999999999 6) Click ""Add Account""","An error toast reads ""Name, bank, and account number are required"" and no row is written.",,None — deliberately omits the required Bank Name,Accounts,"Tier 0 complete (profile, departments, staff, roles, plan)",,,,,P2-Setup,"The bank name is what the accountant matches against the statement header. Without it, reconciling two accounts at different banks becomes guesswork.",Negative,hospital_admin (Hospital A),bank_accounts where hospital_id = A and account_name = 'QA No Bank' → 0 rows,e2e/phase-02-settings/P2D.structure.bank-accounts.spec.ts,
TC-P2D-112,2D Structure,P1,An account cannot be saved without an account number,"1) Open /settings/bank-accounts 2) Click ""Add Account"" 3) Enter Account Name ""QA No Number"" and Bank Name ""HDFC Bank"" 4) Leave Account Number blank 5) Click ""Add Account""","An error toast reads ""Name, bank, and account number are required"" and no row is written.",,None — deliberately omits the required Account Number,"Accounts, Payments","Tier 0 complete (profile, departments, staff, roles, plan)",,,,,P2-Setup,An account with no number cannot be reconciled to anything. It sits in the list looking configured while every settlement against it fails to match.,Negative,hospital_admin (Hospital A),bank_accounts where hospital_id = A and account_name = 'QA No Number' → 0 rows,e2e/phase-02-settings/P2D.structure.bank-accounts.spec.ts,
TC-P2D-113,2D Structure,P1,A malformed IFSC code is rejected,"1) Open /settings/bank-accounts 2) Click ""Add Account"" 3) Enter Account Name ""QA Bad IFSC"" and Bank Name ""HDFC Bank"" 4) Enter Account Number 50100888888888 5) Enter IFSC Code ""HDFC001234"" (10 characters) 6) Click ""Add Account""","The save is refused with a message naming the IFSC format — 11 characters, fifth character 0. No row is written with the malformed code.",,phase2.invalid.ifscTooShort (HDFC001234),"Accounts, Payments","Tier 0 complete (profile, departments, staff, roles, plan)",,,,,P2-Setup,"An invalid IFSC is accepted by this screen and rejected by the bank at transfer time, days later, with no clear trail back to the typo. Validating the format at entry is the only cheap moment to catch it.",Negative,hospital_admin (Hospital A),bank_accounts where hospital_id = A and ifsc_code = 'HDFC001234' → 0 rows,e2e/phase-02-settings/P2D.structure.bank-accounts.spec.ts,
TC-P2D-114,2D Structure,P2,A valid 11-character IFSC with a zero fifth character is accepted,"1) Open /settings/bank-accounts 2) Create an account with IFSC Code ""HDFC0001234"" 3) Save 4) Reload","bank_accounts.ifsc_code = HDFC0001234 — the valid form is accepted, not caught by an over-strict rule.",,MOCK_DATA_BOOK Phase 2 additions — IFSC HDFC0001234,"Accounts, Payments","Tier 0 complete (profile, departments, staff, roles, plan)",,,,,P2-Setup,A validation rule that rejects valid IFSCs is worse than none — the accountant cannot enter the real account and works around the system entirely.,Boundary,hospital_admin (Hospital A),bank_accounts where hospital_id = A and ifsc_code = 'HDFC0001234' → 1 row,e2e/phase-02-settings/P2D.structure.bank-accounts.spec.ts,
TC-P2D-115,2D Structure,P3,The IFSC code is optional,"1) Open /settings/bank-accounts 2) Create an account with Account Name, Bank Name and Account Number but no IFSC 3) Click ""Add Account""",The account saves and bank_accounts.ifsc_code is null — not an empty string.,,"Literal account QA No IFSC · HDFC Bank · 50100777777777, IFSC left blank",Accounts,"Tier 0 complete (profile, departments, staff, roles, plan)",,,,,P2-Setup,"Cash-in-hand and petty accounts have no IFSC. Forcing one makes the accountant invent a value, which then fails at transfer time looking like a real account.",Boundary,hospital_admin (Hospital A),bank_accounts where hospital_id = A and account_name = 'QA No IFSC' → ifsc_code is null,e2e/phase-02-settings/P2D.structure.bank-accounts.spec.ts,
TC-P2D-116,2D Structure,P2,The opening balance is stored as entered,1) Open /settings/bank-accounts 2) Create an account with Opening Balance 250000 3) Save 4) Reload and re-open the account,bank_accounts.opening_balance = 250000.00 after the reload.,,Literal opening balance 250000 on Aarogya Ops — HDFC,"Accounts, Day Closure","Tier 0 complete (profile, departments, staff, roles, plan)",,,,,P2-Setup,"The opening balance is the starting point of every reconciliation. Wrong or dropped, every subsequent day closure is out by the same amount and the accountant chases a difference that was never a transaction.",Positive,hospital_admin (Hospital A),bank_accounts where hospital_id = A and account_name = 'Aarogya Ops - HDFC' → opening_balance = 250000,e2e/phase-02-settings/P2D.structure.bank-accounts.spec.ts,
TC-P2D-117,2D Structure,P2,"A zero opening balance is stored as zero, not as null",1) Open /settings/bank-accounts 2) Create an account leaving Opening Balance at 0 3) Save 4) Check the stored value,"bank_accounts.opening_balance = 0, not null. A new account genuinely starting at zero is different from one nobody has set.",,Literal account QA Zero Balance with Opening Balance 0,"Accounts, Day Closure","Tier 0 complete (profile, departments, staff, roles, plan)",,,,,P2-Setup,"A null opening balance breaks the running-total arithmetic in reconciliation, where a real zero is perfectly valid. The two must not collapse into each other.",Boundary,hospital_admin (Hospital A),bank_accounts where hospital_id = A and account_name = 'QA Zero Balance' → opening_balance = 0,e2e/phase-02-settings/P2D.structure.bank-accounts.spec.ts,
TC-P2D-118,2D Structure,P2,The opening balance renders in en-IN grouping with the rupee symbol,"1) Open /settings/bank-accounts 2) Locate the account with a ₹2,50,000 opening balance 3) Read the amount as displayed","The amount displays as ₹2,50,000.00 with Indian digit grouping — not ₹250,000.00 and not a bare number.",,Literal opening balance 250000 on Aarogya Ops — HDFC,"Accounts, Billing","Tier 0 complete (profile, departments, staff, roles, plan)",,,,,P2-Setup,"Indian grouping puts the comma in a different place from the international convention. ₹250,000 reads as an unfamiliar number to an Indian accountant and invites a misread by a factor of ten.",Positive,hospital_admin (Hospital A),"bank_accounts where hospital_id = A → opening_balance = 250000 rendered as ₹2,50,000.00",e2e/phase-02-settings/P2D.structure.bank-accounts.spec.ts,
TC-P2D-119,2D Structure,P2,Editing a bank account persists the change,"1) Open /settings/bank-accounts 2) Click the edit icon on ""Aarogya Ops - HDFC"" 3) Change Bank Name to ""HDFC Bank Ltd"" 4) Click ""Update Account"" 5) Reload","bank_accounts.bank_name reads ""HDFC Bank Ltd"" after the reload.",,"MOCK_DATA_BOOK Phase 2 additions — Aarogya Ops — HDFC, bank name edited",Accounts,"Tier 0 complete (profile, departments, staff, roles, plan)",,,,,P2-Setup,Bank details change on merger and branch transfer. An edit that toasts success without persisting leaves stale details that fail at the next settlement.,Positive,hospital_admin (Hospital A),bank_accounts where hospital_id = A and account_number = '50100123456789' → bank_name = 'HDFC Bank Ltd',e2e/phase-02-settings/P2D.structure.bank-accounts.spec.ts,
TC-P2D-120,2D Structure,P2,A bank account can be deactivated and reactivated,1) Open /settings/bank-accounts 2) Toggle the active state off for an account 3) Reload 4) Toggle it back on,bank_accounts.is_active follows the toggle in both directions and survives the reload.,,MOCK_DATA_BOOK Phase 2 additions — Aarogya Ops — HDFC,"Accounts, Payments","Tier 0 complete (profile, departments, staff, roles, plan)",,,,,P2-Setup,A closed account must stop being offered for new collections while its historical transactions stay attached. Deleting it instead would orphan every past reconciliation.,Positive,hospital_admin (Hospital A),bank_accounts where hospital_id = A and account_number = '50100123456789' → is_active toggles,e2e/phase-02-settings/P2D.structure.bank-accounts.spec.ts,
TC-P2D-121,2D Structure,P2,A duplicate account number is not created twice,1) Open /settings/bank-accounts 2) Create an account with number 50100123456789 3) Create a second account with the same number 4) Count the rows,"Only one bank_accounts row carries 50100123456789, or the second attempt is refused with a message naming the clash.",,phase2.invalid — duplicate account number 50100123456789,"Accounts, Day Closure","Tier 0 complete (profile, departments, staff, roles, plan)",,,,,P2-Setup,"Two rows for one real bank account split the reconciliation, so half the day's collections match one row and half the other, and neither balances against the statement.",Negative,hospital_admin (Hospital A),bank_accounts where hospital_id = A and account_number = '50100123456789' → exactly 1 row,e2e/phase-02-settings/P2D.structure.bank-accounts.spec.ts,
TC-P2D-122,2D Structure,P1,A saved bank account survives a hard reload,"1) Open /settings/bank-accounts 2) Create ""Aarogya Ops - HDFC"" 3) Hard-reload the page 4) Look for the account",The account is still listed after the reload with its number and IFSC intact.,,MOCK_DATA_BOOK Phase 2 additions — Aarogya Ops — HDFC,Accounts,"Tier 0 complete (profile, departments, staff, roles, plan)",,,,,P2-Setup,"Four screens in this phase showed a green toast and wrote nothing. A reload is the cheapest detector for that class of defect, and it matters most where money is settled.",Positive,hospital_admin (Hospital A),bank_accounts where hospital_id = A and account_number = '50100123456789' → 1 row,e2e/phase-02-settings/P2D.structure.bank-accounts.spec.ts,
TC-P2D-123,2D Structure,P1,Hospital A's bank accounts are invisible to Hospital B,1) Sign in as the Hospital B administrator 2) Open /settings/bank-accounts as Hospital B 3) Query bank_accounts through the API with no hospital filter,Not one Hospital A bank account is returned.,,MOCK_DATA_BOOK Hospitals — Hospital A (Aarogya) and Hospital B (Sanjeevani),"Multi-tenancy, Accounts",Both QA tenants seeded,,,,,P2-Setup,"Account numbers and IFSC codes are among the most sensitive rows in the database. A cross-tenant leak here is a financial-fraud enabler, not merely a privacy breach.",Cross-Module,hospital_admin (Hospital B),bank_accounts queried as the Hospital B admin → zero rows with hospital_id = A,e2e/phase-02-settings/P2D.structure.bank-accounts.spec.ts,
TC-P2D-124,2D Structure,P1,A receptionist cannot reach the Bank Accounts settings screen,1) Log in as receptionist (Hospital A) 2) Navigate directly to /settings/bank-accounts,"The route is blocked — redirected away, or an explicit access-denied message. No account numbers are rendered.",,"MOCK_DATA_BOOK Staff logins — receptionist (Hospital A), Ms. Divya Sharma","Accounts, Payments",Tier 0 roles configured (Phase 1 §1E),,,,,P2-Setup,Reception collects cash but must never see or alter the hospital's bank details. Exposure here is the first step in a redirected-settlement fraud.,RBAC,receptionist (Hospital A),None — route guard behaviour,e2e/phase-02-settings/P2D.structure.bank-accounts.spec.ts,
TC-P2D-125,2D Structure,P2,Configurable Dropdowns screen loads with all 23 categories,1) Log in as hospital_admin (Hospital A) 2) Open /settings/config-values 3) Count the categories offered,All 23 categories are listed — admission_types through department_types. No red console errors.,,phase2.dropdowns.configValueCategories — all 23 keys,All modules,"Tier 0 complete (profile, departments, staff, roles, plan)",,,,,P2-Setup,"These 23 lists feed dropdowns across the entire product. A category missing from this screen is a dropdown somewhere else that nobody can populate, and every one of them fails by rendering empty rather than by erroring.",Positive,hospital_admin (Hospital A),None — counts the categories rendered,e2e/phase-02-settings/P2D.structure.config-values.spec.ts,
TC-P2D-126,2D Structure,P3,Categories are organised into their six groups,1) Open /settings/config-values 2) Read the group headings,"The six groups render — Clinical, HR & Payroll, Finance, Diagnostics, Operations, Structure.",,phase2.dropdowns.configValueCategories — grouped as in SettingsConfigValuesPage,All modules,"Tier 0 complete (profile, departments, staff, roles, plan)",,,,,P2-Setup,Twenty-three flat entries is a wall of text. Grouping is what lets an administrator find the one list their module needs without reading all of them.,Positive,hospital_admin (Hospital A),None — pure UI render,e2e/phase-02-settings/P2D.structure.config-values.spec.ts,
TC-P2D-127,2D Structure,P2,The ?cat= deep link opens the requested category directly,1) Open /settings/config-values?cat=drug_routes 2) Observe which category is active,"The Drug Routes category is selected on load, without the user having to find it.",,phase2.dropdowns.configValueCategories — drug_routes,"Pharmacy, OPD","Tier 0 complete (profile, departments, staff, roles, plan)",,,,,P2-Setup,"Settings search deep-links straight to the list a module cares about. Without this, a ""pharmacy"" search drops the user on a page of 23 categories to hunt through — and an empty drug-routes list is the commonest false ""OPD is broken"" report.",Positive,hospital_admin (Hospital A),None — reads the active category from the URL,e2e/phase-02-settings/P2D.structure.config-values.spec.ts,
TC-P2D-128,2D Structure,P3,An unknown ?cat= value falls back to the first category,1) Open /settings/config-values?cat=not_a_real_category 2) Observe which category is active,The first category is selected and the page renders normally. No blank screen and no error.,,Literal query string cat=not_a_real_category,All modules,"Tier 0 complete (profile, departments, staff, roles, plan)",,,,,P2-Setup,"Deep links get stale when a category is renamed, and they get typed by hand. A bookmark from last quarter must degrade to a usable page, not a white screen.",Negative,hospital_admin (Hospital A),None — pure UI render,e2e/phase-02-settings/P2D.structure.config-values.spec.ts,
TC-P2D-129,2D Structure,P1,A new drug route saves to hospital_config_values,"1) Open /settings/config-values?cat=drug_routes 2) Enter Value (code) ""Nasogastric"" 3) Enter Display Label ""Nasogastric"" 4) Click Add","A hospital_config_values row exists with category = drug_routes, value = Nasogastric and hospital_id = Hospital A.",,MOCK_DATA_BOOK Phase 2 additions — Config Values: drug route Nasogastric,"OPD, IPD, Pharmacy","Tier 0 complete (profile, departments, staff, roles, plan)",,,,,P2-Setup,Drug routes are one of the two lists SETTINGS_PREREQ_MATRIX names as the top cause of false OPD bug reports. A route that will not save means a nasogastric order cannot be written at all.,Positive,hospital_admin (Hospital A),hospital_config_values where hospital_id = A and category = 'drug_routes' and value = 'Nasogastric' → 1 row,e2e/phase-02-settings/P2D.structure.config-values.spec.ts,
TC-P2D-130,2D Structure,P1,A new drug frequency saves to hospital_config_values,"1) Open /settings/config-values?cat=drug_frequencies 2) Enter Value (code) ""Q12H"" 3) Enter Display Label ""Q12H"" 4) Click Add",A hospital_config_values row exists with category = drug_frequencies and value = Q12H.,,MOCK_DATA_BOOK Phase 2 additions — Config Values: drug frequency Q12H,"OPD, IPD, Pharmacy","Tier 0 complete (profile, departments, staff, roles, plan)",,,,,P2-Setup,"Frequency is half of a dosing instruction. A prescription that reaches the ward without it is an incomplete medication order, which is a NABH medication-safety finding.",Positive,hospital_admin (Hospital A),hospital_config_values where hospital_id = A and category = 'drug_frequencies' and value = 'Q12H' → 1 row,e2e/phase-02-settings/P2D.structure.config-values.spec.ts,
TC-P2D-131,2D Structure,P2,A config value cannot be added without a value code,"1) Open /settings/config-values?cat=drug_routes 2) Leave Value (code) blank 3) Enter Display Label ""QA No Value"" 4) Click Add","A destructive toast reads ""Value and Label are required"" and no hospital_config_values row is written.",,None — deliberately omits the required Value (code),"OPD, Pharmacy","Tier 0 complete (profile, departments, staff, roles, plan)",,,,,P2-Setup,The value is what is stored on the prescription; the label is only what is shown. A row with no value writes an empty string into every order that selects it.,Negative,hospital_admin (Hospital A),hospital_config_values where hospital_id = A and label = 'QA No Value' → 0 rows,e2e/phase-02-settings/P2D.structure.config-values.spec.ts,
TC-P2D-132,2D Structure,P2,A config value cannot be added without a display label,"1) Open /settings/config-values?cat=drug_routes 2) Enter Value (code) ""qa_no_label"" 3) Leave Display Label blank 4) Click Add","A destructive toast reads ""Value and Label are required"" and no row is written.",,None — deliberately omits the required Display Label,"OPD, Pharmacy","Tier 0 complete (profile, departments, staff, roles, plan)",,,,,P2-Setup,"Without a label the dropdown shows a blank option that is nonetheless selectable, so a doctor picks it by accident and the order carries an invisible value.",Negative,hospital_admin (Hospital A),hospital_config_values where hospital_id = A and value = 'qa_no_label' → 0 rows,e2e/phase-02-settings/P2D.structure.config-values.spec.ts,
TC-P2D-133,2D Structure,P3,Sort order defaults to zero when left blank,1) Open /settings/config-values?cat=drug_routes 2) Add a value leaving Sort Order at its default 3) Check the stored row,hospital_config_values.sort_order = 0 for the new row — not null.,,"MOCK_DATA_BOOK Phase 2 additions — drug route Nasogastric, sort order left at default","OPD, Pharmacy","Tier 0 complete (profile, departments, staff, roles, plan)",,,,,P2-Setup,"A null sort order sorts unpredictably across Postgres versions, so the dropdown order changes between deployments and the option a doctor reaches for by muscle memory moves.",Boundary,hospital_admin (Hospital A),hospital_config_values where hospital_id = A and value = 'Nasogastric' → sort_order = 0,e2e/phase-02-settings/P2D.structure.config-values.spec.ts,
TC-P2D-134,2D Structure,P3,Sort order controls the order options are offered in,"1) Open /settings/config-values?cat=drug_routes 2) Add ""QA Route A"" with Sort Order 90 3) Add ""QA Route B"" with Sort Order 10 4) Read the list order","QA Route B appears before QA Route A — the list honours sort_order, not insertion order.",,Literal values QA Route A (sort 90) and QA Route B (sort 10),"OPD, Pharmacy","Tier 0 complete (profile, departments, staff, roles, plan)",,,,,P2-Setup,"Sort order is how a hospital puts Oral and IV at the top where they are picked a hundred times a day, instead of leaving them buried below rarely used routes.",Positive,hospital_admin (Hospital A),hospital_config_values where hospital_id = A and category = 'drug_routes' → ordered by sort_order,e2e/phase-02-settings/P2D.structure.config-values.spec.ts,
TC-P2D-135,2D Structure,P2,A duplicate value within the same category is refused,"1) Open /settings/config-values?cat=drug_routes 2) Add ""Nasogastric"" 3) Add ""Nasogastric"" again 4) Count the rows","Only one row carries value = Nasogastric in drug_routes, or the second attempt is refused with a message naming the clash.",,phase2.invalid — duplicate config value Nasogastric in drug_routes,"OPD, Pharmacy","Tier 0 complete (profile, departments, staff, roles, plan)",,,,,P2-Setup,"A duplicated option appears twice in the prescription dropdown. Two entries that look identical make a doctor hesitate mid-order, and reporting that groups by route splits the same route into two lines.",Negative,hospital_admin (Hospital A),hospital_config_values where hospital_id = A and category = 'drug_routes' and value = 'Nasogastric' → exactly 1 row,e2e/phase-02-settings/P2D.structure.config-values.spec.ts,
TC-P2D-136,2D Structure,P3,The same value may exist in two different categories,"1) Open /settings/config-values?cat=drug_routes and add value ""Other"" 2) Open /settings/config-values?cat=sample_types and add value ""Other"" 3) Confirm both saved","Both rows exist. Uniqueness is scoped to the category, not global.",,Literal value Other added to both drug_routes and sample_types,"OPD, Lab, Pharmacy","Tier 0 complete (profile, departments, staff, roles, plan)",,,,,P2-Setup,Generic options like Other and Not Applicable belong in many lists. A global uniqueness rule would let the first category to claim the word block all the others.,Boundary,hospital_admin (Hospital A),hospital_config_values where hospital_id = A and value = 'Other' → 1 row per category,e2e/phase-02-settings/P2D.structure.config-values.spec.ts,
TC-P2D-137,2D Structure,P2,A config value can be deleted,"1) Open /settings/config-values?cat=drug_routes 2) Delete ""QA Route A"" 3) Reload the page",The row is gone from hospital_config_values and does not return after the reload.,,Literal value QA Route A in drug_routes,"OPD, Pharmacy","Tier 0 complete (profile, departments, staff, roles, plan)",,,,,P2-Setup,"Lists accumulate wrong entries during setup. A delete that only clears local state reappears on the next load, so the administrator deletes it repeatedly and concludes the screen is broken.",Positive,hospital_admin (Hospital A),hospital_config_values where hospital_id = A and value = 'QA Route A' → 0 rows,e2e/phase-02-settings/P2D.structure.config-values.spec.ts,
TC-P2D-138,2D Structure,P1,A new drug route appears immediately in the OPD prescription dropdown,"1) Add drug route ""Nasogastric"" under /settings/config-values?cat=drug_routes 2) Open the OPD consultation workspace 3) Open the Rx tab 4) Open the Route dropdown on a prescription line",Nasogastric is offered as a route option in the OPD Rx tab.,,MOCK_DATA_BOOK Phase 2 additions — Config Values: drug route Nasogastric,"OPD, Pharmacy",Tier 0 complete; drug_master rows exist so the Rx tab can render a line,,,,,P2-Setup,"This is the downstream hop that proves the setting is wired to the module. SETTINGS_PREREQ_MATRIX names an empty route dropdown as the single most common false ""OPD is broken"" report — this case is what turns that from a support call into a caught defect.",Cross-Module,hospital_admin (Hospital A),"hospital_config_values where hospital_id = A and category = 'drug_routes' and value = 'Nasogastric' → 1 row, and the value is offered in the OPD Rx route dropdown",e2e/phase-02-settings/P2D.structure.config-values.spec.ts,
TC-P2D-139,2D Structure,P1,lab_test_categories feeds the category filter on Lab Test Master,1) Add a category value under /settings/config-values?cat=lab_test_categories 2) Open /settings/lab-tests 3) Open the category filter,The new value appears in the Lab Test Master category filter.,,phase2.dropdowns.configValueCategories — lab_test_categories,Lab,"Tier 0 complete (profile, departments, staff, roles, plan)",,,,,P2-Setup,MOCK_DATA_BOOK singles this list out because it ripples into a second settings screen. A change that saves here and never appears there is exactly the silent inconsistency this phase exists to catch.,Cross-Module,hospital_admin (Hospital A),hospital_config_values where hospital_id = A and category = 'lab_test_categories' → offered on /settings/lab-tests,e2e/phase-02-settings/P2D.structure.config-values.spec.ts,
TC-P2D-140,2D Structure,P1,department_types feeds the Type dropdown on the Departments screen,"1) Add a department type under /settings/config-values?cat=department_types 2) Open /settings/departments 3) Click ""Add Department"" 4) Open the Type dropdown",The new type is offered on the Departments screen.,,phase2.dropdowns.configValueCategories — department_types,"Departments, OPD, HR","Tier 0 complete (profile, departments, staff, roles, plan)",,,,,P2-Setup,"Departments are Tier 0 and their Type dropdown is generated from this list. If the two disconnect, a hospital adds a department type, sees it accepted, and can never actually assign it.",Cross-Module,hospital_admin (Hospital A),hospital_config_values where hospital_id = A and category = 'department_types' → offered on /settings/departments,e2e/phase-02-settings/P2D.structure.config-values.spec.ts,
TC-P2D-141,2D Structure,P1,A saved config value survives a hard reload,"1) Open /settings/config-values?cat=drug_routes 2) Add ""Nasogastric"" 3) Hard-reload the page 4) Look for the value",Nasogastric is still listed after the reload.,,MOCK_DATA_BOOK Phase 2 additions — drug route Nasogastric,"OPD, Pharmacy","Tier 0 complete (profile, departments, staff, roles, plan)",,,,,P2-Setup,"A reload is the cheapest detector for the write-nothing class of defect that four other screens in this phase exhibited, and this list feeds dropdowns across the whole product.",Positive,hospital_admin (Hospital A),hospital_config_values where hospital_id = A and value = 'Nasogastric' → 1 row,e2e/phase-02-settings/P2D.structure.config-values.spec.ts,
TC-P2D-142,2D Structure,P1,Hospital A's config values are invisible to Hospital B,1) Sign in as the Hospital B administrator 2) Open /settings/config-values as Hospital B 3) Query hospital_config_values through the API with no hospital filter,Not one Hospital A config value is returned.,,MOCK_DATA_BOOK Hospitals — Hospital A (Aarogya) and Hospital B (Sanjeevani),"Multi-tenancy, all modules",Both QA tenants seeded,,,,,P2-Setup,These lists include a hospital's TPA panel and its government-scheme empanelments — commercially revealing. A leak also means one hospital's customisation appears in another's clinical dropdowns.,Cross-Module,hospital_admin (Hospital B),hospital_config_values queried as the Hospital B admin → zero rows with hospital_id = A,e2e/phase-02-settings/P2D.structure.config-values.spec.ts,
TC-P2D-143,2D Structure,P1,A nurse cannot reach the Configurable Dropdowns screen,1) Log in as nurse (Hospital A) 2) Navigate directly to /settings/config-values,"The route is blocked — redirected away, or an explicit access-denied message.",,"MOCK_DATA_BOOK Staff logins — nurse (Hospital A), Sr. Mary Thomas",All modules,Tier 0 roles configured (Phase 1 §1E),,,,,P2-Setup,"These 23 lists drive dropdowns product-wide, including allergy types and drug routes. Someone deleting a route mid-shift silently breaks prescribing for every doctor in the building.",RBAC,nurse (Hospital A),None — route guard behaviour,e2e/phase-02-settings/P2D.structure.config-values.spec.ts,
TC-P2D-144,2D Structure,P2,The Configurable Dropdowns screen loads with no red console errors,1) Open DevTools → Console 2) Open /settings/config-values 3) Switch between several categories 4) Read the console,No red console text while loading the hub or switching categories.,,phase2.dropdowns.configValueCategories — all 23 keys,All modules,"Tier 0 complete (profile, departments, staff, roles, plan)",,,,,P2-Setup,"Switching category re-queries hospital_config_values. A failing query for one category renders it as an empty list, which is indistinguishable from a category nobody has configured yet.",Positive,hospital_admin (Hospital A),None — console observation,e2e/phase-02-settings/P2D.structure.config-values.spec.ts,
TC-P2D-145,2D Structure,P2,"Category ""admission_types"" is reachable by deep link and accepts a value","1) Open /settings/config-values?cat=admission_types 2) Confirm the category is selected 3) Enter Value (code) ""qa_admission_types"" and Display Label ""QA admission_types"" 4) Click Add","The admission_types category is active on load, and a hospital_config_values row is written with category = 'admission_types' and value = 'qa_admission_types'.",,"phase2.dropdowns.configValueCategories — ""admission_types""","IPD, Day Care","Tier 0 complete (profile, departments, staff, roles, plan)",,,,,P2-Setup,"Every one of the 23 lists is tested individually because each fails silently and differently. If admission_types is empty: The admission type picker renders empty, so a patient cannot be admitted as elective or emergency and the IPD register loses its casemix split.",Positive,hospital_admin (Hospital A),hospital_config_values where hospital_id = A and category = 'admission_types' and value = 'qa_admission_types' → 1 row,e2e/phase-02-settings/P2D.structure.config-values.spec.ts,
TC-P2D-146,2D Structure,P1,"Category ""allergy_types"" is reachable by deep link and accepts a value","1) Open /settings/config-values?cat=allergy_types 2) Confirm the category is selected 3) Enter Value (code) ""qa_allergy_types"" and Display Label ""QA allergy_types"" 4) Click Add","The allergy_types category is active on load, and a hospital_config_values row is written with category = 'allergy_types' and value = 'qa_allergy_types'.",,"phase2.dropdowns.configValueCategories — ""allergy_types""","OPD, IPD, Pharmacy","Tier 0 complete (profile, departments, staff, roles, plan)",,,,,P2-Setup,"Every one of the 23 lists is tested individually because each fails silently and differently. If allergy_types is empty: The allergy type picker renders empty, so an allergy is recorded as free text and the drug-interaction check cannot match it. A penicillin allergy that does not match is a patient-safety failure.",Positive,hospital_admin (Hospital A),hospital_config_values where hospital_id = A and category = 'allergy_types' and value = 'qa_allergy_types' → 1 row,e2e/phase-02-settings/P2D.structure.config-values.spec.ts,
TC-P2D-147,2D Structure,P2,"Category ""insurance_types"" is reachable by deep link and accepts a value","1) Open /settings/config-values?cat=insurance_types 2) Confirm the category is selected 3) Enter Value (code) ""qa_insurance_types"" and Display Label ""QA insurance_types"" 4) Click Add","The insurance_types category is active on load, and a hospital_config_values row is written with category = 'insurance_types' and value = 'qa_insurance_types'.",,"phase2.dropdowns.configValueCategories — ""insurance_types""","Insurance, Billing","Tier 0 complete (profile, departments, staff, roles, plan)",,,,,P2-Setup,"Every one of the 23 lists is tested individually because each fails silently and differently. If insurance_types is empty: The payer type picker renders empty, so every patient defaults to self-pay and insured admissions are billed as cash.",Positive,hospital_admin (Hospital A),hospital_config_values where hospital_id = A and category = 'insurance_types' and value = 'qa_insurance_types' → 1 row,e2e/phase-02-settings/P2D.structure.config-values.spec.ts,
TC-P2D-148,2D Structure,P1,"Category ""drug_routes"" is reachable by deep link and accepts a value","1) Open /settings/config-values?cat=drug_routes 2) Confirm the category is selected 3) Enter Value (code) ""qa_drug_routes"" and Display Label ""QA drug_routes"" 4) Click Add","The drug_routes category is active on load, and a hospital_config_values row is written with category = 'drug_routes' and value = 'qa_drug_routes'.",,"phase2.dropdowns.configValueCategories — ""drug_routes""","OPD, IPD, Pharmacy","Tier 0 complete (profile, departments, staff, roles, plan)",,,,,P2-Setup,"Every one of the 23 lists is tested individually because each fails silently and differently. If drug_routes is empty: The prescription route dropdown renders empty with no error. This is the single most common false ""OPD is broken"" report.",Positive,hospital_admin (Hospital A),hospital_config_values where hospital_id = A and category = 'drug_routes' and value = 'qa_drug_routes' → 1 row,e2e/phase-02-settings/P2D.structure.config-values.spec.ts,
TC-P2D-149,2D Structure,P1,"Category ""drug_frequencies"" is reachable by deep link and accepts a value","1) Open /settings/config-values?cat=drug_frequencies 2) Confirm the category is selected 3) Enter Value (code) ""qa_drug_frequencies"" and Display Label ""QA drug_frequencies"" 4) Click Add","The drug_frequencies category is active on load, and a hospital_config_values row is written with category = 'drug_frequencies' and value = 'qa_drug_frequencies'.",,"phase2.dropdowns.configValueCategories — ""drug_frequencies""","OPD, IPD, Pharmacy","Tier 0 complete (profile, departments, staff, roles, plan)",,,,,P2-Setup,"Every one of the 23 lists is tested individually because each fails silently and differently. If drug_frequencies is empty: The prescription frequency dropdown renders empty, so a doctor cannot state OD or BD and the dosing instruction reaches the ward incomplete.",Positive,hospital_admin (Hospital A),hospital_config_values where hospital_id = A and category = 'drug_frequencies' and value = 'qa_drug_frequencies' → 1 row,e2e/phase-02-settings/P2D.structure.config-values.spec.ts,
TC-P2D-150,2D Structure,P2,"Category ""dialysis_complications"" is reachable by deep link and accepts a value","1) Open /settings/config-values?cat=dialysis_complications 2) Confirm the category is selected 3) Enter Value (code) ""qa_dialysis_complications"" and Display Label ""QA dialysis_complications"" 4) Click Add","The dialysis_complications category is active on load, and a hospital_config_values row is written with category = 'dialysis_complications' and value = 'qa_dialysis_complications'.",,"phase2.dropdowns.configValueCategories — ""dialysis_complications""",Dialysis,"Tier 0 complete (profile, departments, staff, roles, plan)",,,,,P2-Setup,"Every one of the 23 lists is tested individually because each fails silently and differently. If dialysis_complications is empty: Intra-dialytic complications cannot be recorded against a session, so the unit has no record of hypotension or cramps for its quality review.",Positive,hospital_admin (Hospital A),hospital_config_values where hospital_id = A and category = 'dialysis_complications' and value = 'qa_dialysis_complications' → 1 row,e2e/phase-02-settings/P2D.structure.config-values.spec.ts,
TC-P2D-151,2D Structure,P2,"Category ""death_manner_types"" is reachable by deep link and accepts a value","1) Open /settings/config-values?cat=death_manner_types 2) Confirm the category is selected 3) Enter Value (code) ""qa_death_manner_types"" and Display Label ""QA death_manner_types"" 4) Click Add","The death_manner_types category is active on load, and a hospital_config_values row is written with category = 'death_manner_types' and value = 'qa_death_manner_types'.",,"phase2.dropdowns.configValueCategories — ""death_manner_types""","Mortuary, MRD","Tier 0 complete (profile, departments, staff, roles, plan)",,,,,P2-Setup,Every one of the 23 lists is tested individually because each fails silently and differently. If death_manner_types is empty: The MCCD manner-of-death field renders empty. That form is a legal document and cannot be issued incomplete.,Positive,hospital_admin (Hospital A),hospital_config_values where hospital_id = A and category = 'death_manner_types' and value = 'qa_death_manner_types' → 1 row,e2e/phase-02-settings/P2D.structure.config-values.spec.ts,
TC-P2D-152,2D Structure,P2,"Category ""record_requester_types"" is reachable by deep link and accepts a value","1) Open /settings/config-values?cat=record_requester_types 2) Confirm the category is selected 3) Enter Value (code) ""qa_record_requester_types"" and Display Label ""QA record_requester_types"" 4) Click Add","The record_requester_types category is active on load, and a hospital_config_values row is written with category = 'record_requester_types' and value = 'qa_record_requester_types'.",,"phase2.dropdowns.configValueCategories — ""record_requester_types""",MRD,"Tier 0 complete (profile, departments, staff, roles, plan)",,,,,P2-Setup,"Every one of the 23 lists is tested individually because each fails silently and differently. If record_requester_types is empty: A medical-records request cannot record who asked — patient, lawyer, police or court — which is exactly what the MRD release register exists to prove.",Positive,hospital_admin (Hospital A),hospital_config_values where hospital_id = A and category = 'record_requester_types' and value = 'qa_record_requester_types' → 1 row,e2e/phase-02-settings/P2D.structure.config-values.spec.ts,
TC-P2D-153,2D Structure,P2,"Category ""home_care_services"" is reachable by deep link and accepts a value","1) Open /settings/config-values?cat=home_care_services 2) Confirm the category is selected 3) Enter Value (code) ""qa_home_care_services"" and Display Label ""QA home_care_services"" 4) Click Add","The home_care_services category is active on load, and a hospital_config_values row is written with category = 'home_care_services' and value = 'qa_home_care_services'.",,"phase2.dropdowns.configValueCategories — ""home_care_services""",Home Care,"Tier 0 complete (profile, departments, staff, roles, plan)",,,,,P2-Setup,"Every one of the 23 lists is tested individually because each fails silently and differently. If home_care_services is empty: The home-care service picker renders empty, so a visit cannot be booked against a service and nothing is billable.",Positive,hospital_admin (Hospital A),hospital_config_values where hospital_id = A and category = 'home_care_services' and value = 'qa_home_care_services' → 1 row,e2e/phase-02-settings/P2D.structure.config-values.spec.ts,
TC-P2D-154,2D Structure,P2,"Category ""physio_modalities"" is reachable by deep link and accepts a value","1) Open /settings/config-values?cat=physio_modalities 2) Confirm the category is selected 3) Enter Value (code) ""qa_physio_modalities"" and Display Label ""QA physio_modalities"" 4) Click Add","The physio_modalities category is active on load, and a hospital_config_values row is written with category = 'physio_modalities' and value = 'qa_physio_modalities'.",,"phase2.dropdowns.configValueCategories — ""physio_modalities""",Physiotherapy,"Tier 0 complete (profile, departments, staff, roles, plan)",,,,,P2-Setup,"Every one of the 23 lists is tested individually because each fails silently and differently. If physio_modalities is empty: The modality picker renders empty, so a session records no treatment given and the physio charge has nothing behind it.",Positive,hospital_admin (Hospital A),hospital_config_values where hospital_id = A and category = 'physio_modalities' and value = 'qa_physio_modalities' → 1 row,e2e/phase-02-settings/P2D.structure.config-values.spec.ts,
TC-P2D-155,2D Structure,P2,"Category ""leave_types"" is reachable by deep link and accepts a value","1) Open /settings/config-values?cat=leave_types 2) Confirm the category is selected 3) Enter Value (code) ""qa_leave_types"" and Display Label ""QA leave_types"" 4) Click Add","The leave_types category is active on load, and a hospital_config_values row is written with category = 'leave_types' and value = 'qa_leave_types'.",,"phase2.dropdowns.configValueCategories — ""leave_types""",HR,"Tier 0 complete (profile, departments, staff, roles, plan)",,,,,P2-Setup,"Every one of the 23 lists is tested individually because each fails silently and differently. If leave_types is empty: The leave application form renders an empty type dropdown, so no leave can be applied for and the roster cannot be planned.",Positive,hospital_admin (Hospital A),hospital_config_values where hospital_id = A and category = 'leave_types' and value = 'qa_leave_types' → 1 row,e2e/phase-02-settings/P2D.structure.config-values.spec.ts,
TC-P2D-156,2D Structure,P2,"Category ""attendance_statuses"" is reachable by deep link and accepts a value","1) Open /settings/config-values?cat=attendance_statuses 2) Confirm the category is selected 3) Enter Value (code) ""qa_attendance_statuses"" and Display Label ""QA attendance_statuses"" 4) Click Add","The attendance_statuses category is active on load, and a hospital_config_values row is written with category = 'attendance_statuses' and value = 'qa_attendance_statuses'.",,"phase2.dropdowns.configValueCategories — ""attendance_statuses""",HR,"Tier 0 complete (profile, departments, staff, roles, plan)",,,,,P2-Setup,"Every one of the 23 lists is tested individually because each fails silently and differently. If attendance_statuses is empty: Attendance cannot be marked present, absent or half-day, which stops payroll for the month.",Positive,hospital_admin (Hospital A),hospital_config_values where hospital_id = A and category = 'attendance_statuses' and value = 'qa_attendance_statuses' → 1 row,e2e/phase-02-settings/P2D.structure.config-values.spec.ts,
TC-P2D-157,2D Structure,P2,"Category ""tpa_companies"" is reachable by deep link and accepts a value","1) Open /settings/config-values?cat=tpa_companies 2) Confirm the category is selected 3) Enter Value (code) ""qa_tpa_companies"" and Display Label ""QA tpa_companies"" 4) Click Add","The tpa_companies category is active on load, and a hospital_config_values row is written with category = 'tpa_companies' and value = 'qa_tpa_companies'.",,"phase2.dropdowns.configValueCategories — ""tpa_companies""",Insurance,"Tier 0 complete (profile, departments, staff, roles, plan)",,,,,P2-Setup,"Every one of the 23 lists is tested individually because each fails silently and differently. If tpa_companies is empty: The TPA picker renders empty, so a cashless claim cannot be raised against an insurer.",Positive,hospital_admin (Hospital A),hospital_config_values where hospital_id = A and category = 'tpa_companies' and value = 'qa_tpa_companies' → 1 row,e2e/phase-02-settings/P2D.structure.config-values.spec.ts,
TC-P2D-158,2D Structure,P2,"Category ""government_schemes"" is reachable by deep link and accepts a value","1) Open /settings/config-values?cat=government_schemes 2) Confirm the category is selected 3) Enter Value (code) ""qa_government_schemes"" and Display Label ""QA government_schemes"" 4) Click Add","The government_schemes category is active on load, and a hospital_config_values row is written with category = 'government_schemes' and value = 'qa_government_schemes'.",,"phase2.dropdowns.configValueCategories — ""government_schemes""","PMJAY, Insurance","Tier 0 complete (profile, departments, staff, roles, plan)",,,,,P2-Setup,"Every one of the 23 lists is tested individually because each fails silently and differently. If government_schemes is empty: The scheme picker renders empty, so a PMJAY or CGHS patient cannot be categorised and the claim cannot be filed.",Positive,hospital_admin (Hospital A),hospital_config_values where hospital_id = A and category = 'government_schemes' and value = 'qa_government_schemes' → 1 row,e2e/phase-02-settings/P2D.structure.config-values.spec.ts,
TC-P2D-159,2D Structure,P2,"Category ""claim_denial_categories"" is reachable by deep link and accepts a value","1) Open /settings/config-values?cat=claim_denial_categories 2) Confirm the category is selected 3) Enter Value (code) ""qa_claim_denial_categories"" and Display Label ""QA claim_denial_categories"" 4) Click Add","The claim_denial_categories category is active on load, and a hospital_config_values row is written with category = 'claim_denial_categories' and value = 'qa_claim_denial_categories'.",,"phase2.dropdowns.configValueCategories — ""claim_denial_categories""",Insurance,"Tier 0 complete (profile, departments, staff, roles, plan)",,,,,P2-Setup,"Every one of the 23 lists is tested individually because each fails silently and differently. If claim_denial_categories is empty: A denied claim cannot be categorised, so the hospital cannot see which denial reason is costing it most and cannot fix the pattern.",Positive,hospital_admin (Hospital A),hospital_config_values where hospital_id = A and category = 'claim_denial_categories' and value = 'qa_claim_denial_categories' → 1 row,e2e/phase-02-settings/P2D.structure.config-values.spec.ts,
TC-P2D-160,2D Structure,P2,"Category ""claim_rejection_codes"" is reachable by deep link and accepts a value","1) Open /settings/config-values?cat=claim_rejection_codes 2) Confirm the category is selected 3) Enter Value (code) ""qa_claim_rejection_codes"" and Display Label ""QA claim_rejection_codes"" 4) Click Add","The claim_rejection_codes category is active on load, and a hospital_config_values row is written with category = 'claim_rejection_codes' and value = 'qa_claim_rejection_codes'.",,"phase2.dropdowns.configValueCategories — ""claim_rejection_codes""",Insurance,"Tier 0 complete (profile, departments, staff, roles, plan)",,,,,P2-Setup,"Every one of the 23 lists is tested individually because each fails silently and differently. If claim_rejection_codes is empty: A rejection cannot be coded, so the appeal has no stated ground and is rejected again.",Positive,hospital_admin (Hospital A),hospital_config_values where hospital_id = A and category = 'claim_rejection_codes' and value = 'qa_claim_rejection_codes' → 1 row,e2e/phase-02-settings/P2D.structure.config-values.spec.ts,
TC-P2D-161,2D Structure,P2,"Category ""lab_test_categories"" is reachable by deep link and accepts a value","1) Open /settings/config-values?cat=lab_test_categories 2) Confirm the category is selected 3) Enter Value (code) ""qa_lab_test_categories"" and Display Label ""QA lab_test_categories"" 4) Click Add","The lab_test_categories category is active on load, and a hospital_config_values row is written with category = 'lab_test_categories' and value = 'qa_lab_test_categories'.",,"phase2.dropdowns.configValueCategories — ""lab_test_categories""",Lab,"Tier 0 complete (profile, departments, staff, roles, plan)",,,,,P2-Setup,"Every one of the 23 lists is tested individually because each fails silently and differently. If lab_test_categories is empty: The lab category filter renders empty. This list also feeds the category filter on Settings → Lab Test Master, so a change here ripples into a second screen.",Positive,hospital_admin (Hospital A),hospital_config_values where hospital_id = A and category = 'lab_test_categories' and value = 'qa_lab_test_categories' → 1 row,e2e/phase-02-settings/P2D.structure.config-values.spec.ts,
TC-P2D-162,2D Structure,P2,"Category ""sample_types"" is reachable by deep link and accepts a value","1) Open /settings/config-values?cat=sample_types 2) Confirm the category is selected 3) Enter Value (code) ""qa_sample_types"" and Display Label ""QA sample_types"" 4) Click Add","The sample_types category is active on load, and a hospital_config_values row is written with category = 'sample_types' and value = 'qa_sample_types'.",,"phase2.dropdowns.configValueCategories — ""sample_types""",Lab,"Tier 0 complete (profile, departments, staff, roles, plan)",,,,,P2-Setup,"Every one of the 23 lists is tested individually because each fails silently and differently. If sample_types is empty: Sample type cannot be set on a test, so specimens cannot be grouped for collection and the phlebotomy round has no worklist.",Positive,hospital_admin (Hospital A),hospital_config_values where hospital_id = A and category = 'sample_types' and value = 'qa_sample_types' → 1 row,e2e/phase-02-settings/P2D.structure.config-values.spec.ts,
TC-P2D-163,2D Structure,P2,"Category ""housekeeping_task_types"" is reachable by deep link and accepts a value","1) Open /settings/config-values?cat=housekeeping_task_types 2) Confirm the category is selected 3) Enter Value (code) ""qa_housekeeping_task_types"" and Display Label ""QA housekeeping_task_types"" 4) Click Add","The housekeeping_task_types category is active on load, and a hospital_config_values row is written with category = 'housekeeping_task_types' and value = 'qa_housekeeping_task_types'.",,"phase2.dropdowns.configValueCategories — ""housekeeping_task_types""",Housekeeping,"Tier 0 complete (profile, departments, staff, roles, plan)",,,,,P2-Setup,"Every one of the 23 lists is tested individually because each fails silently and differently. If housekeeping_task_types is empty: A cleaning task cannot be typed, so bed-turnover time cannot be measured and discharge-to-readmit delay is invisible.",Positive,hospital_admin (Hospital A),hospital_config_values where hospital_id = A and category = 'housekeeping_task_types' and value = 'qa_housekeeping_task_types' → 1 row,e2e/phase-02-settings/P2D.structure.config-values.spec.ts,
TC-P2D-164,2D Structure,P2,"Category ""housekeeping_area_types"" is reachable by deep link and accepts a value","1) Open /settings/config-values?cat=housekeeping_area_types 2) Confirm the category is selected 3) Enter Value (code) ""qa_housekeeping_area_types"" and Display Label ""QA housekeeping_area_types"" 4) Click Add","The housekeeping_area_types category is active on load, and a hospital_config_values row is written with category = 'housekeeping_area_types' and value = 'qa_housekeeping_area_types'.",,"phase2.dropdowns.configValueCategories — ""housekeeping_area_types""",Housekeeping,"Tier 0 complete (profile, departments, staff, roles, plan)",,,,,P2-Setup,"Every one of the 23 lists is tested individually because each fails silently and differently. If housekeeping_area_types is empty: An area cannot be classified, so OT and ward cleaning are indistinguishable in the infection-control audit.",Positive,hospital_admin (Hospital A),hospital_config_values where hospital_id = A and category = 'housekeeping_area_types' and value = 'qa_housekeeping_area_types' → 1 row,e2e/phase-02-settings/P2D.structure.config-values.spec.ts,
TC-P2D-165,2D Structure,P2,"Category ""equipment_categories"" is reachable by deep link and accepts a value","1) Open /settings/config-values?cat=equipment_categories 2) Confirm the category is selected 3) Enter Value (code) ""qa_equipment_categories"" and Display Label ""QA equipment_categories"" 4) Click Add","The equipment_categories category is active on load, and a hospital_config_values row is written with category = 'equipment_categories' and value = 'qa_equipment_categories'.",,"phase2.dropdowns.configValueCategories — ""equipment_categories""",Biomedical,"Tier 0 complete (profile, departments, staff, roles, plan)",,,,,P2-Setup,"Every one of the 23 lists is tested individually because each fails silently and differently. If equipment_categories is empty: Equipment cannot be categorised, so the preventive-maintenance schedule cannot be grouped and NABH equipment records are incomplete.",Positive,hospital_admin (Hospital A),hospital_config_values where hospital_id = A and category = 'equipment_categories' and value = 'qa_equipment_categories' → 1 row,e2e/phase-02-settings/P2D.structure.config-values.spec.ts,
TC-P2D-166,2D Structure,P2,"Category ""inventory_categories"" is reachable by deep link and accepts a value","1) Open /settings/config-values?cat=inventory_categories 2) Confirm the category is selected 3) Enter Value (code) ""qa_inventory_categories"" and Display Label ""QA inventory_categories"" 4) Click Add","The inventory_categories category is active on load, and a hospital_config_values row is written with category = 'inventory_categories' and value = 'qa_inventory_categories'.",,"phase2.dropdowns.configValueCategories — ""inventory_categories""","Inventory, Pharmacy","Tier 0 complete (profile, departments, staff, roles, plan)",,,,,P2-Setup,"Every one of the 23 lists is tested individually because each fails silently and differently. If inventory_categories is empty: Stock items cannot be categorised, so reorder reporting and consumption analysis are meaningless.",Positive,hospital_admin (Hospital A),hospital_config_values where hospital_id = A and category = 'inventory_categories' and value = 'qa_inventory_categories' → 1 row,e2e/phase-02-settings/P2D.structure.config-values.spec.ts,
TC-P2D-167,2D Structure,P1,"Category ""department_types"" is reachable by deep link and accepts a value","1) Open /settings/config-values?cat=department_types 2) Confirm the category is selected 3) Enter Value (code) ""qa_department_types"" and Display Label ""QA department_types"" 4) Click Add","The department_types category is active on load, and a hospital_config_values row is written with category = 'department_types' and value = 'qa_department_types'.",,"phase2.dropdowns.configValueCategories — ""department_types""","Departments, OPD, HR","Tier 0 complete (profile, departments, staff, roles, plan)",,,,,P2-Setup,"Every one of the 23 lists is tested individually because each fails silently and differently. If department_types is empty: The Type dropdown on Settings → Departments renders empty, blocking the second Tier 0 prerequisite outright.",Positive,hospital_admin (Hospital A),hospital_config_values where hospital_id = A and category = 'department_types' and value = 'qa_department_types' → 1 row,e2e/phase-02-settings/P2D.structure.config-values.spec.ts,
TC-P2E-001,2E People & Access,P2,Staff screen loads and lists the seeded Hospital A accounts,1) Log in as hospital_admin (Hospital A) 2) Open /settings/staff 3) Read the staff table,The 17 seeded Hospital A accounts render with their names and roles. No red console errors.,,MOCK_DATA_BOOK Staff logins — 17 Hospital A accounts,"HR, OPD, IPD, all modules",Tier 0: hospital profile and departments created,,,,,P2-Setup,users.hospital_id is the RLS anchor for the whole system — SETTINGS_PREREQ_MATRIX calls it out as such. Everything any user can see depends on this row existing and being right.,Positive,hospital_admin (Hospital A),users where hospital_id = A → 17 rows,e2e/phase-02-settings/P2E.people-access.staff.spec.ts,
TC-P2E-002,2E People & Access,P3,Add Staff opens a drawer with an empty form,1) Open /settings/staff 2) Click Add Staff 3) Inspect the drawer,"Role, Full Name, Phone Number and email are blank or at their defaults.",,None — inspects the empty create form,HR,Tier 0: hospital profile and departments created,,,,,P2-Setup,A create form still holding the last edited person is how a hospital creates a second account carrying someone else's registration number.,Positive,hospital_admin (Hospital A),None — pure UI render,e2e/phase-02-settings/P2E.people-access.staff.spec.ts,
TC-P2E-003,2E People & Access,P1,A new doctor saves with the correct hospital_id,"1) Open /settings/staff 2) Click Add Staff 3) Select Role ""doctor"" 4) Enter Full Name ""Dr. Rakesh Iyer"" 5) Enter the QA email and phone 6) Select department Nephrology 7) Save","A users row exists with full_name = Dr. Rakesh Iyer, role = doctor and hospital_id = Hospital A.",,"MOCK_DATA_BOOK Phase 2 additions — Dr. Rakesh Iyer, Nephrology","HR, OPD, IPD",Tier 0: hospital profile and departments created,,,,,P2-Setup,"A staff row written against the wrong tenant, or with a null hospital_id, makes every master-data picker render empty for that user with no error at all — the failure mode SETTINGS_PREREQ_MATRIX describes under multi-tenancy.",Positive,hospital_admin (Hospital A),users where hospital_id = A and full_name = 'Dr. Rakesh Iyer' → role = 'doctor',e2e/phase-02-settings/P2E.people-access.staff.spec.ts,
TC-P2E-004,2E People & Access,P1,Creating a doctor also creates the service_master consultation fee row,"1) Open /settings/staff 2) Create ""Dr. Rakesh Iyer"" as a doctor with Consultation Fee 900 3) Save 4) Check service_master",A service_master row scoped to that doctor holds the ₹900 consultation fee.,,"MOCK_DATA_BOOK Phase 2 additions — Dr. Rakesh Iyer, cons ₹900","OPD, Billing",Tier 0: hospital profile and departments created,,,,,P2-Setup,"The fee lookup runs doctor → department → global → ₹500. If creating a doctor does not create the doctor-scoped service_master row, every consultation with that doctor silently bills the hardcoded ₹500 and nobody notices until month-end.",Cross-Module,hospital_admin (Hospital A),service_master where hospital_id = A and doctor = Dr. Rakesh Iyer → fee = 900,e2e/phase-02-settings/P2E.people-access.staff.spec.ts,
TC-P2E-005,2E People & Access,P1,The follow-up fee and validity window save against the doctor,1) Open /settings/staff 2) Edit Dr. Rakesh Iyer 3) Set Follow-up Fee 400 and Validity 5 days 4) Save,The doctor-scoped service_master row holds follow_up_fee = 400 and validity_days = 5.,,"MOCK_DATA_BOOK Phase 2 additions — Dr. Rakesh Iyer, follow-up ₹400, validity 5 days","OPD, Billing",Tier 0: hospital profile and departments created,,,,,P2-Setup,The validity window decides whether a return visit is a free follow-up or a new paid consultation. Dr. Menon's free 7-day follow-up drives scenarios P4-S02 and P4-S03 — get this wrong and the hospital either loses the fee or charges a patient who should not pay.,Cross-Module,hospital_admin (Hospital A),"service_master for Dr. Rakesh Iyer → follow_up_fee = 400, validity_days = 5",e2e/phase-02-settings/P2E.people-access.staff.spec.ts,
TC-P2E-006,2E People & Access,P1,The emergency and IPD visit fees save against the doctor,1) Open /settings/staff 2) Edit Dr. Rakesh Iyer 3) Set Emergency Fee 1400 and IPD Consultation Fee 700 4) Save,The doctor-scoped service_master row holds emergency_fee = 1400 and ipd_consultation_fee = 700.,,"MOCK_DATA_BOOK Phase 2 additions — Dr. Rakesh Iyer, emergency ₹1,400, IPD visit ₹700","Emergency, IPD, Billing",Tier 0: hospital profile and departments created,,,,,P2-Setup,"SETTINGS_PREREQ_MATRIX warns that without ipd_consultation_fee per doctor, IPD visit charges default or vanish entirely. A ward round that generates no charge is pure revenue leakage.",Cross-Module,hospital_admin (Hospital A),"service_master for Dr. Rakesh Iyer → emergency_fee = 1400, ipd_consultation_fee = 700",e2e/phase-02-settings/P2E.people-access.staff.spec.ts,
TC-P2E-007,2E People & Access,P2,A staff member cannot be saved without a full name,1) Open /settings/staff 2) Click Add Staff 3) Leave Full Name blank 4) Enter a role and phone 5) Attempt to save,The save is refused and no users row is written.,,None — deliberately omits the required Full Name,"HR, OPD",Tier 0: hospital profile and departments created,,,,,P2-Setup,"An unnamed staff member appears as a blank line in every doctor picker and on the roster, so a token or an admission gets assigned to nobody.",Negative,hospital_admin (Hospital A),users where hospital_id = A and (full_name is null or full_name = '') → 0 rows,e2e/phase-02-settings/P2E.people-access.staff.spec.ts,
TC-P2E-008,2E People & Access,P2,A staff member cannot be saved without a phone number,1) Open /settings/staff 2) Click Add Staff 3) Enter a name and role 4) Leave Phone Number blank 5) Attempt to save,The save is refused and no users row is written.,,None — deliberately omits the required Phone Number,HR,Tier 0: hospital profile and departments created,,,,,P2-Setup,The phone number is how a hospital reaches an on-call doctor and how WhatsApp notifications are addressed. Without it the escalation chain has a hole nobody sees until an emergency.,Negative,hospital_admin (Hospital A),users where hospital_id = A and phone is null → 0 new rows,e2e/phase-02-settings/P2E.people-access.staff.spec.ts,
TC-P2E-009,2E People & Access,P2,A 9-digit phone number is rejected,"1) Open /settings/staff 2) Click Add Staff 3) Enter Phone Number ""987650000"" (9 digits) 4) Attempt to save",The save is refused with a message naming the 10-digit requirement.,,phase2.invalid.phoneTooShort (987650000),"HR, WhatsApp",Tier 0: hospital profile and departments created,,,,,P2-Setup,"Indian mobile numbers are 10 digits without the country code. A short number fails silently at the WhatsApp gateway, so every notification to that person is dropped with no error.",Negative,hospital_admin (Hospital A),users where hospital_id = A → no row with phone = '987650000',e2e/phase-02-settings/P2E.people-access.staff.spec.ts,
TC-P2E-010,2E People & Access,P2,An 11-digit phone number is rejected,"1) Open /settings/staff 2) Click Add Staff 3) Enter Phone Number ""98765000012"" (11 digits) 4) Attempt to save",The save is refused with a message naming the 10-digit requirement.,,phase2.invalid.phoneTooLong (98765000012),"HR, WhatsApp",Tier 0: hospital profile and departments created,,,,,P2-Setup,Both sides of the 10-digit boundary must be caught. An extra digit is the commonest typo and produces a number that looks plausible on screen.,Negative,hospital_admin (Hospital A),users where hospital_id = A → no row with phone = '98765000012',e2e/phase-02-settings/P2E.people-access.staff.spec.ts,
TC-P2E-011,2E People & Access,P2,A malformed email address is rejected,"1) Open /settings/staff 2) Click Add Staff 3) Enter Email ""rakesh.iyer@"" 4) Attempt to save",The save is refused with a message naming the email format.,,phase2.invalid.emailMalformed (rakesh.iyer@),"HR, Auth",Tier 0: hospital profile and departments created,,,,,P2-Setup,"The email is the login identity. A malformed one creates an account nobody can ever sign into, and the person discovers it on their first day rather than at setup.",Negative,hospital_admin (Hospital A),users where hospital_id = A → no row with email = 'rakesh.iyer@',e2e/phase-02-settings/P2E.people-access.staff.spec.ts,
TC-P2E-012,2E People & Access,P1,A duplicate staff email is rejected,1) Open /settings/staff 2) Create a staff member with an email already in use by another account 3) Save,The save is refused. Only one users row carries that email.,,MOCK_DATA_BOOK Staff logins — re-entering a seeded email,"HR, Auth",Tier 0: hospital profile and departments created,,,,,P2-Setup,"Two accounts sharing a login email make authentication ambiguous — the person signs in and gets whichever row the query returns first, potentially with the wrong role and the wrong hospital.",Negative,hospital_admin (Hospital A),users → the email appears on exactly 1 row,e2e/phase-02-settings/P2E.people-access.staff.spec.ts,
TC-P2E-013,2E People & Access,P1,Only the 16 assignable app_role enum values are offered,1) Open /settings/staff 2) Click Add Staff 3) Open the Role dropdown 4) List every option,The dropdown offers only roles that exist in the app_role enum. It must not offer a role the database will reject.,,MOCK_DATA_BOOK — the 16 app_role enum values,"HR, RBAC, all modules",Tier 0: hospital profile and departments created,,,,,P2-Setup,"MOCK_DATA_BOOK records that src/lib/modules.ts gates routes on 48 role strings while the enum has only 16, so 32 roles are used for access control but cannot be assigned. Offering one of those here produces a raw Postgres enum error at save.",Boundary,hospital_admin (Hospital A),users.role → every offered option is a valid app_role value,e2e/phase-02-settings/P2E.people-access.staff.spec.ts,
TC-P2E-014,2E People & Access,P2,A nurse can be created with a nursing registration number,"1) Open /settings/staff 2) Click Add Staff 3) Select Role ""nurse"" 4) Enter a name, phone and Nursing Registration No 5) Save",The users row is created with role = nurse and the nursing registration recorded.,,"MOCK_DATA_BOOK Staff logins — nurse (Hospital A), Sr. Mary Thomas","HR, Nursing, Quality",Tier 0: hospital profile and departments created,,,,,P2-Setup,NABH requires evidence that nursing staff hold current registration. An unrecorded number is a finding at assessment and a liability if a nurse is later found unregistered.,Positive,hospital_admin (Hospital A),users where hospital_id = A and role = 'nurse' → registration recorded,e2e/phase-02-settings/P2E.people-access.staff.spec.ts,
TC-P2E-015,2E People & Access,P2,A doctor MCI/NMC registration number saves,"1) Open /settings/staff 2) Edit Dr. Rakesh Iyer 3) Enter Registration No (MCI/NMC) ""MH-12345"" 4) Save",users.registration_number = MH-12345.,,Literal registration MH-12345 (the placeholder the field itself suggests),"HR, OPD, Quality, MRD",Tier 0: hospital profile and departments created,,,,,P2-Setup,"The registration number prints on every prescription. A prescription without it is not a valid medico-legal document, and dispensing against one exposes the pharmacy.",Positive,hospital_admin (Hospital A),users where hospital_id = A and full_name = 'Dr. Rakesh Iyer' → registration_number = 'MH-12345',e2e/phase-02-settings/P2E.people-access.staff.spec.ts,
TC-P2E-016,2E People & Access,P3,The HPR ID saves for a doctor,1) Open /settings/staff 2) Edit a doctor 3) Enter an HPR ID 4) Save,users.hpr_id holds the entered value.,,Literal HPR ID 12345678901234 (the placeholder the field suggests),"ABDM, HR",Tier 0: hospital profile and departments created,,,,,P2-Setup,"The Healthcare Professionals Registry ID is what links a doctor to the ABDM ecosystem. Without it, ABDM-linked records cannot be attributed to a registered practitioner.",Positive,hospital_admin (Hospital A),users where hospital_id = A → hpr_id is recorded,e2e/phase-02-settings/P2E.people-access.staff.spec.ts,
TC-P2E-017,2E People & Access,P2,A staff member can be assigned to a department,1) Open /settings/staff 2) Create or edit a staff member 3) Select department Nephrology 4) Save,users.department_id points at the Nephrology department for Hospital A.,,MOCK_DATA_BOOK Phase 2 additions — Dr. Rakesh Iyer in Nephrology,"HR, OPD, IPD",Tier 0 complete; the Nephrology department exists,,,,,P2-Setup,Department assignment drives which OPD queue a doctor appears in and which roster they belong to. Unassigned staff are invisible to every department-filtered view.,Positive,hospital_admin (Hospital A),users where hospital_id = A and full_name = 'Dr. Rakesh Iyer' → department_id = Nephrology,e2e/phase-02-settings/P2E.people-access.staff.spec.ts,
TC-P2E-018,2E People & Access,P1,The department picker offers only departments of this hospital,1) Open /settings/staff 2) Click Add Staff 3) Open the department picker 4) Read every option,Only Hospital A departments are listed. No Hospital B department appears.,,MOCK_DATA_BOOK Departments — the ten Hospital A rows,"Multi-tenancy, HR",Tier 0: hospital profile and departments created,,,,,P2-Setup,"A picker that is not hospital-scoped leaks another tenant's organisational structure, and assigning a doctor to a department in a different hospital corrupts the RLS anchor for everything they do.",Negative,hospital_admin (Hospital A),departments where hospital_id = A → matches the picker options exactly,e2e/phase-02-settings/P2E.people-access.staff.spec.ts,
TC-P2E-019,2E People & Access,P2,Employment type and payroll type save,1) Open /settings/staff 2) Edit a staff member 3) Set Employment Type and Payroll Type 4) Save,Both values persist on the staff profile after a reload.,,The Employment Type and Payroll Type options on SettingsStaffPage,"HR, Payroll",Tier 0: hospital profile and departments created,,,,,P2-Setup,"Employment type decides whether someone is on payroll or on a consultancy contract, which changes their tax treatment. Getting it wrong is a TDS error, not just a data-entry slip.",Positive,hospital_admin (Hospital A),staff_profiles for the staff member → employment and payroll type recorded,e2e/phase-02-settings/P2E.people-access.staff.spec.ts,
TC-P2E-020,2E People & Access,P2,Salary components save,"1) Open /settings/staff 2) Edit a staff member 3) Enter Basic Salary 25000, HRA % and DA % 4) Save",The salary components persist on the staff profile after a reload.,,Literal basic salary 25000 (the placeholder the field suggests),"HR, Payroll, Accounts",Tier 0: hospital profile and departments created,,,,,P2-Setup,These figures are what payroll computes from. A component that silently fails to save produces an underpaid salary the employee notices on payday.,Positive,hospital_admin (Hospital A),staff_profiles for the staff member → basic salary = 25000,e2e/phase-02-settings/P2E.people-access.staff.spec.ts,
TC-P2E-021,2E People & Access,P3,Salary amounts render in en-IN grouping with the rupee symbol,"1) Open /settings/staff 2) Open a staff member with a salary above ₹1,00,000 3) Read the amount","The amount renders as ₹1,25,000 with Indian grouping, not ₹125,000.",,"MOCK_DATA_BOOK Values used across many tests — ₹1,25,000 example","HR, Payroll",Tier 0: hospital profile and departments created,,,,,P2-Setup,Every money display must go through formatCurrency(). On a salary field the wrong comma position reads as a factor-of-ten difference in pay.,Positive,hospital_admin (Hospital A),staff_profiles salary → rendered with ₹ and Indian grouping,e2e/phase-02-settings/P2E.people-access.staff.spec.ts,
TC-P2E-022,2E People & Access,P2,A non-numeric consultation fee is rejected,"1) Open /settings/staff 2) Create or edit a doctor 3) Enter Consultation Fee ""abc"" 4) Save","The save is refused, or the fee is not stored as a number derived from letters.",,phase2.invalid.feeNonNumeric (abc),"OPD, Billing",Tier 0: hospital profile and departments created,,,,,P2-Setup,"A non-numeric fee that parses to NaN or zero puts the consultation on the ₹500 fallback or bills nothing at all, and the administrator believes a fee is configured.",Negative,hospital_admin (Hospital A),service_master for the doctor → fee is a valid number or the row was not written,e2e/phase-02-settings/P2E.people-access.staff.spec.ts,
TC-P2E-023,2E People & Access,P2,"A zero consultation fee is stored deliberately, not as unset",1) Open /settings/staff 2) Edit a doctor 3) Set Follow-up Fee to 0 4) Save,"The follow-up fee stores as 0, meaning free — distinct from null meaning not configured.",,"MOCK_DATA_BOOK Doctors — Dr. Suresh Menon, follow-up ₹0 within 7 days","OPD, Billing",Tier 0: hospital profile and departments created,,,,,P2-Setup,"Dr. Menon's free follow-up is a deliberate ₹0, and Dr. Rao's ₹300 is the contrast case. If zero collapses into null the free follow-up falls through to a paid consultation and the patient is charged for a visit the hospital promised free.",Boundary,hospital_admin (Hospital A),"service_master for the doctor → follow_up_fee = 0, not null",e2e/phase-02-settings/P2E.people-access.staff.spec.ts,
TC-P2E-024,2E People & Access,P2,Surgeon and anaesthetist fees save for a surgical doctor,1) Open /settings/staff 2) Edit a surgeon 3) Enter Surgeon Fee and Anaesthetist Fee 4) Save,Both OT fees persist after a reload.,,MOCK_DATA_BOOK Staff logins — Dr. Arjun Nair (General Surgery),"OT, Billing",Tier 0: hospital profile and departments created,,,,,P2-Setup,OT fees are split between surgeon and anaesthetist on the bill. A missing one means the theatre charge is raised short and the shortfall is never recovered.,Positive,hospital_admin (Hospital A),service_master for the surgeon → surgeon and anaesthetist fees recorded,e2e/phase-02-settings/P2E.people-access.staff.spec.ts,
TC-P2E-025,2E People & Access,P2,Editing a staff member persists the change,1) Open /settings/staff 2) Edit Dr. Rakesh Iyer 3) Change the phone number 4) Save 5) Reload,The new phone number is shown after the reload.,,MOCK_DATA_BOOK Phase 2 additions — Dr. Rakesh Iyer,"HR, WhatsApp",Tier 0: hospital profile and departments created,,,,,P2-Setup,Contact details change constantly. An edit that toasts success without persisting leaves the escalation chain pointing at an old number.,Positive,hospital_admin (Hospital A),users where hospital_id = A and full_name = 'Dr. Rakesh Iyer' → phone updated,e2e/phase-02-settings/P2E.people-access.staff.spec.ts,
TC-P2E-026,2E People & Access,P1,A staff member can be deactivated without being deleted,1) Open /settings/staff 2) Deactivate Dr. Rakesh Iyer 3) Reload,users.is_active = false and the row still exists.,,MOCK_DATA_BOOK Phase 2 additions — Dr. Rakesh Iyer,"HR, OPD, Auth, MRD",Tier 0: hospital profile and departments created,,,,,P2-Setup,"A doctor who leaves must stop being able to log in and stop appearing in pickers, while every note and prescription they signed stays attributed to them. Deleting instead would orphan signed clinical records — a medico-legal problem.",Positive,hospital_admin (Hospital A),users where hospital_id = A and full_name = 'Dr. Rakesh Iyer' → is_active = false,e2e/phase-02-settings/P2E.people-access.staff.spec.ts,
TC-P2E-027,2E People & Access,P1,A deactivated doctor no longer appears in the OPD doctor picker,1) Deactivate Dr. Rakesh Iyer under /settings/staff 2) Open the OPD token screen 3) Open the doctor picker,The deactivated doctor is not offered for new tokens.,,"MOCK_DATA_BOOK Phase 2 additions — Dr. Rakesh Iyer, deactivated","OPD, HR",Tier 0: hospital profile and departments created,,,,,P2-Setup,A token raised against a doctor who has left cannot be seen by anyone. The patient waits for a consultation that will never be called.,Cross-Module,hospital_admin (Hospital A),users where hospital_id = A and is_active = false → absent from the OPD doctor picker,e2e/phase-02-settings/P2E.people-access.staff.spec.ts,
TC-P2E-028,2E People & Access,P1,A deactivated staff member can no longer sign in,1) Deactivate a staff account under /settings/staff 2) Attempt to sign in as that account,Sign-in is refused.,,"MOCK_DATA_BOOK Phase 2 additions — Dr. Rakesh Iyer, deactivated","Auth, HR, Security",Tier 0: hospital profile and departments created,,,,,P2-Setup,Deactivation that does not revoke access is an access-control failure. A departed employee retaining a working login into a system full of PHI is a DPDP Act breach waiting to be discovered.,Cross-Module,Deactivated staff account,users where is_active = false → authentication refused,e2e/phase-02-settings/P2E.people-access.staff.spec.ts,
TC-P2E-029,2E People & Access,P2,A deactivated staff member can be reactivated,1) Open /settings/staff 2) Reactivate a deactivated staff member 3) Reload,users.is_active = true and the person appears in pickers again.,,MOCK_DATA_BOOK Phase 2 additions — Dr. Rakesh Iyer,"HR, OPD",Tier 0: hospital profile and departments created,,,,,P2-Setup,"Staff return from long leave and locums come back. A one-way deactivation forces a duplicate account, which splits one person's clinical attribution across two identities.",Positive,hospital_admin (Hospital A),users where hospital_id = A and full_name = 'Dr. Rakesh Iyer' → is_active = true,e2e/phase-02-settings/P2E.people-access.staff.spec.ts,
TC-P2E-030,2E People & Access,P2,The can-login flag is independent of the staff record,1) Open /settings/staff 2) Create a staff member with login disabled 3) Save,The users row exists with can_login false — the person is on the roster but has no system access.,,MOCK_DATA_BOOK Staff logins — a non-login staff record,"HR, Auth",Tier 0: hospital profile and departments created,,,,,P2-Setup,Housekeeping and support staff appear on rosters and payroll without ever touching the system. Forcing a login for every staff record would create dormant credentials nobody manages.,Positive,hospital_admin (Hospital A),users where hospital_id = A → can_login = false on the non-login record,e2e/phase-02-settings/P2E.people-access.staff.spec.ts,
TC-P2E-031,2E People & Access,P1,Staff changes survive a hard reload,1) Open /settings/staff 2) Create Dr. Rakesh Iyer with the Phase 2 fee set 3) Hard-reload 4) Locate the record,The staff row and its fees are still present after the reload.,,MOCK_DATA_BOOK Phase 2 additions — Dr. Rakesh Iyer with full fee set,"HR, OPD, Billing",Tier 0: hospital profile and departments created,,,,,P2-Setup,"This screen writes to three tables — users, staff_profiles and service_master. A partial write that toasts success leaves a doctor who exists but has no fee, which bills ₹500 forever.",Positive,hospital_admin (Hospital A),"users, staff_profiles and service_master → all three carry the Dr. Rakesh Iyer rows",e2e/phase-02-settings/P2E.people-access.staff.spec.ts,
TC-P2E-032,2E People & Access,P1,Hospital A's staff are invisible to Hospital B,1) Sign in as the Hospital B administrator 2) Open /settings/staff as Hospital B 3) Query users through the API with no hospital filter,Only the three Hospital B accounts are returned. No Hospital A staff appear.,,MOCK_DATA_BOOK Hospitals — Hospital A (17 staff) and Hospital B (3 staff),"Multi-tenancy, HR, Security",Both QA tenants seeded,,,,,P2-Setup,"The users table holds names, emails, phone numbers and salary links. A cross-tenant leak here is personal data of identifiable people under the DPDP Act, not merely commercial information.",Cross-Module,hospital_admin (Hospital B),users queried as the Hospital B admin → zero rows with hospital_id = A,e2e/phase-02-settings/P2E.people-access.staff.spec.ts,
TC-P2E-033,2E People & Access,P1,A nurse cannot reach the Staff settings screen,1) Log in as nurse (Hospital A) 2) Navigate directly to /settings/staff,"The route is blocked — redirected away, or an explicit access-denied message. No salary figures render.",,"MOCK_DATA_BOOK Staff logins — nurse (Hospital A), Sr. Mary Thomas","HR, Security",Tier 0 roles configured (Phase 1 §1E),,,,,P2-Setup,This screen exposes every colleague's salary and can create an account with any role. Either capability in the wrong hands is a serious control failure.,RBAC,nurse (Hospital A),None — route guard behaviour,e2e/phase-02-settings/P2E.people-access.staff.spec.ts,
TC-P2E-034,2E People & Access,P2,The Staff screen loads with no red console errors,1) Open DevTools → Console 2) Open /settings/staff 3) Create and edit a staff member 4) Read the console,"No red console text from the users, staff_profiles or service_master writes.",,MOCK_DATA_BOOK Phase 2 additions — Dr. Rakesh Iyer,"HR, OPD, Billing",Tier 0: hospital profile and departments created,,,,,P2-Setup,"The staff_profiles and service_master writes go through `as any` casts, so a column mismatch fails at runtime with no type-check warning and no visible UI error.",Positive,hospital_admin (Hospital A),None — console observation,e2e/phase-02-settings/P2E.people-access.staff.spec.ts,
TC-P2E-035,2E People & Access,P2,Roles screen loads and lists the configured roles,1) Open /settings/roles 2) Read the role list,Roles render from role_permissions for Hospital A. No red console errors.,,MOCK_DATA_BOOK — the 16 assignable app_role values,"RBAC, all modules",Tier 0: hospital profile and departments created,,,,,P2-Setup,"SETTINGS_PREREQ_MATRIX places roles in Tier 0 because role_permissions controls hasTabAccess and hasActionAccess. Get it wrong and buttons like Complete & Bill or Admit simply do not render, with no explanation.",Positive,hospital_admin (Hospital A),role_permissions where hospital_id = A → matches the roles displayed,e2e/phase-02-settings/P2E.people-access.roles.spec.ts,
TC-P2E-036,2E People & Access,P1,A permission change saves to role_permissions,1) Open /settings/roles 2) Select a role 3) Toggle a module permission 4) Save,role_permissions.permissions reflects the change for that role.,,role_permissions — a module permission toggled for a seeded role,"RBAC, all modules",Tier 0: hospital profile and departments created,,,,,P2-Setup,"This is the control that decides who can do what. A permission change that does not persist means an administrator believes they have restricted access when they have not — the most dangerous shape of security failure, because it fails open silently.",Positive,hospital_admin (Hospital A),role_permissions where hospital_id = A → permissions reflect the toggle,e2e/phase-02-settings/P2E.people-access.roles.spec.ts,
TC-P2E-037,2E People & Access,P1,Revoking a tab permission hides that tab for the role,1) Open /settings/roles 2) Revoke a tab permission for the doctor role 3) Sign in as a doctor 4) Look for the tab,The tab does not render for that role.,,"MOCK_DATA_BOOK Staff logins — doctor (Hospital A), Dr. Suresh Menon","RBAC, OPD, IPD",Tier 0: hospital profile and departments created,,,,,P2-Setup,"A permission stored but not enforced is worse than none — the hospital audits its configuration, sees the restriction, and believes it is in force while staff continue to have access.",Cross-Module,hospital_admin (Hospital A),role_permissions → the revoked tab is absent from the doctor UI,e2e/phase-02-settings/P2E.people-access.roles.spec.ts,
TC-P2E-038,2E People & Access,P1,Revoking an action permission hides that action for the role,1) Open /settings/roles 2) Revoke an action permission for a role 3) Sign in as that role 4) Look for the action button,The action button does not render.,,role_permissions — an action permission revoked for a seeded role,"RBAC, Billing, IPD",Tier 0: hospital profile and departments created,,,,,P2-Setup,"Action gates cover things like Complete & Bill and Admit. An unenforced revocation lets a role take an action the hospital has explicitly forbidden, with a full audit trail showing it was not allowed to.",Cross-Module,hospital_admin (Hospital A),role_permissions → the revoked action is absent from that role's UI,e2e/phase-02-settings/P2E.people-access.roles.spec.ts,
TC-P2E-039,2E People & Access,P1,"A permission gate is enforced on direct URL entry, not only in the menu","1) Revoke a role's access to a module 2) Sign in as nurse (Hospital A) 3) Type /accounts directly into the address bar, having revoked Accounts under /settings/roles",The route is blocked. Hiding the menu item is not sufficient.,,role_permissions — a module revoked for a seeded role,"RBAC, Security",Tier 0: hospital profile and departments created,,,,,P2-Setup,"A gate that only hides a menu entry is security by obscurity. Anyone who has previously used the module knows the URL, and a bookmark bypasses the whole permission model.",Negative,hospital_admin (Hospital A),None — route guard behaviour under a revoked permission,e2e/phase-02-settings/P2E.people-access.roles.spec.ts,
TC-P2E-040,2E People & Access,P2,A permission change is written to the config change log,1) Open /settings/roles 2) Change a permission 3) Enter a reason 4) Save 5) Open /settings/change-log,"A config_change_logs entry records the role, the old and new permissions and the reason.",,role_permissions — a permission change with a stated reason,"RBAC, Audit, Quality",Tier 0: hospital profile and departments created,,,,,P2-Setup,"NABH and DPDP both expect access changes to be traceable. An unlogged permission change means nobody can answer who granted an escalated privilege, or when.",Positive,hospital_admin (Hospital A),config_change_logs where hospital_id = A and config_area = 'role_permissions' → 1 new entry,e2e/phase-02-settings/P2E.people-access.roles.spec.ts,
TC-P2E-041,2E People & Access,P3,The change reason is stored with the permission change,"1) Open /settings/roles 2) Change a permission 3) Enter the reason ""QA Phase 2 verification"" 4) Save",The reason is stored on the config change log entry.,,"Literal change reason ""QA Phase 2 verification""","Audit, Quality",Tier 0: hospital profile and departments created,,,,,P2-Setup,A log of what changed without why is nearly useless at audit. The reason is what distinguishes a considered decision from a mistake nobody owns.,Positive,hospital_admin (Hospital A),config_change_logs → the reason is recorded on the entry,e2e/phase-02-settings/P2E.people-access.roles.spec.ts,
TC-P2E-042,2E People & Access,P2,A permission change with no reason is still logged,1) Open /settings/roles 2) Change a permission 3) Leave the reason blank 4) Save,The change is logged with a null reason. A missing reason never suppresses the log entry itself.,,None — deliberately omits the optional reason,"Audit, Security",Tier 0: hospital profile and departments created,,,,,P2-Setup,"If an unexplained change goes unlogged, the easiest way to make an access change invisible is to skip the reason field — which is exactly what someone acting improperly would do.",Boundary,hospital_admin (Hospital A),config_change_logs → an entry exists with a null reason,e2e/phase-02-settings/P2E.people-access.roles.spec.ts,
TC-P2E-043,2E People & Access,P1,Cash Closure access can be granted and revoked per role,1) Open /settings/roles 2) Grant Cash Closure access to a role 3) Revoke it 4) Check role_permissions after each step,"role_permissions reflects both the grant and the revocation, and both are logged.",,role_permissions — Cash Closure toggled for a seeded role,"Billing, Day Closure, Accounts",Tier 0: hospital profile and departments created,,,,,P2-Setup,Cash closure is where the day's collections are reconciled and signed off. It has its own explicit toggle because granting it wrongly hands someone the ability to close a day over a cash difference.,Boundary,hospital_admin (Hospital A),role_permissions → Cash Closure permission toggles and is logged both ways,e2e/phase-02-settings/P2E.people-access.roles.spec.ts,
TC-P2E-044,2E People & Access,P2,A custom role can be created,"1) Open /settings/roles 2) Create a role named ""QA Reviewer"" 3) Save",A role_permissions row exists for the custom role scoped to Hospital A.,,"phase2.entry./settings/roles — role ""QA Reviewer""","RBAC, HR",Tier 0: hospital profile and departments created,,,,,P2-Setup,"Hospitals have roles the 16-value enum does not cover. Custom permission blobs are, per MOCK_DATA_BOOK, the only way modules like Blood Bank and CSSD are reachable at all.",Positive,hospital_admin (Hospital A),role_permissions where hospital_id = A and role = 'QA Reviewer' → 1 row,e2e/phase-02-settings/P2E.people-access.roles.spec.ts,
TC-P2E-045,2E People & Access,P2,A role cannot be created without a name,1) Open /settings/roles 2) Attempt to create a role with a blank Role Name 3) Save,The save is refused and no role_permissions row is written.,,None — deliberately omits the required Role Name,RBAC,Tier 0: hospital profile and departments created,,,,,P2-Setup,"An unnamed role appears as a blank option when assigning staff, so someone gets assigned a permission set nobody can identify afterwards.",Negative,hospital_admin (Hospital A),role_permissions where hospital_id = A and (role is null or role = '') → 0 rows,e2e/phase-02-settings/P2E.people-access.roles.spec.ts,
TC-P2E-046,2E People & Access,P2,A duplicate role name is rejected,"1) Open /settings/roles 2) Create ""QA Reviewer"" 3) Create ""QA Reviewer"" again 4) Count the rows",Only one role_permissions row carries that name for Hospital A.,,"phase2.entry./settings/roles — duplicate role ""QA Reviewer""",RBAC,Tier 0: hospital profile and departments created,,,,,P2-Setup,"Two roles with one name produce two permission sets, and whichever the query returns first decides access. That makes the effective permissions of a staff member unpredictable.",Negative,hospital_admin (Hospital A),role_permissions where hospital_id = A and role = 'QA Reviewer' → exactly 1 row,e2e/phase-02-settings/P2E.people-access.roles.spec.ts,
TC-P2E-047,2E People & Access,P1,The bypass roles retain full access,1) Open /settings/roles 2) Inspect the permissions for super_admin and hospital_admin,Both retain full access. It must not be possible to lock the administrator out of the settings that control access.,,MOCK_DATA_BOOK — super_admin and hospital_admin as the bypass roles,"RBAC, Security",Tier 0: hospital profile and departments created,,,,,P2-Setup,"MOCK_DATA_BOOK records that several modules are only reachable by these bypass roles. An administrator who revokes their own settings access has no way back in, and the tenant needs vendor intervention to recover.",Boundary,hospital_admin (Hospital A),role_permissions → super_admin and hospital_admin retain settings access,e2e/phase-02-settings/P2E.people-access.roles.spec.ts,
TC-P2E-048,2E People & Access,P1,An administrator cannot revoke their own settings access,1) Log in as hospital_admin 2) Open /settings/roles 3) Attempt to revoke settings access from the hospital_admin role 4) Save,"The change is refused, or a clear warning explains the lock-out risk before it is applied.",,role_permissions — hospital_admin settings access,"RBAC, Security",Tier 0: hospital profile and departments created,,,,,P2-Setup,This is a self-lockout with no recovery path inside the product. The hospital loses the ability to manage its own users and has to contact the vendor to be let back in.,Negative,hospital_admin (Hospital A),role_permissions → hospital_admin retains settings access after the attempt,e2e/phase-02-settings/P2E.people-access.roles.spec.ts,
TC-P2E-049,2E People & Access,P2,Permission changes survive a hard reload,1) Open /settings/roles 2) Change a permission and save 3) Hard-reload 4) Re-read the permission,The change is still in effect after the reload.,,role_permissions — a module permission toggled,RBAC,Tier 0: hospital profile and departments created,,,,,P2-Setup,A permission that reverts on reload fails open — access the hospital believes it removed comes back the next time anyone loads the page.,Positive,hospital_admin (Hospital A),role_permissions where hospital_id = A → the change persists,e2e/phase-02-settings/P2E.people-access.roles.spec.ts,
TC-P2E-050,2E People & Access,P1,The 32 routing-only roles are visibly distinguished from assignable roles,1) Open /settings/roles 2) Compare the roles listed against the 16 app_role enum values,Roles that cannot be assigned to a staff login are either absent or clearly marked as unassignable.,,MOCK_DATA_BOOK — 16 enum roles versus 48 routing roles,"RBAC, HR",Tier 0: hospital profile and departments created,,,,,P2-Setup,"MOCK_DATA_BOOK flags this as a probable real defect: modules like Blood Bank and Dialysis name a specialist role as their intended user, but that role cannot be created. Configuring permissions for a role nobody can hold is wasted effort that looks like working configuration.",Boundary,hospital_admin (Hospital A),role_permissions → roles outside the app_role enum are marked or absent,e2e/phase-02-settings/P2E.people-access.roles.spec.ts,
TC-P2E-051,2E People & Access,P1,Hospital A's role permissions are invisible to Hospital B,1) Sign in as the Hospital B administrator 2) Open /settings/roles as Hospital B 3) Query role_permissions through the API with no hospital filter,Not one Hospital A role_permissions row is returned.,,MOCK_DATA_BOOK Hospitals — Hospital A (Aarogya) and Hospital B (Sanjeevani),"Multi-tenancy, RBAC, Security",Both QA tenants seeded,,,,,P2-Setup,"If permission rows leaked between tenants, one hospital's access model could be applied to another's staff — the most direct route to a cross-tenant privilege escalation.",Cross-Module,hospital_admin (Hospital B),role_permissions queried as the Hospital B admin → zero rows with hospital_id = A,e2e/phase-02-settings/P2E.people-access.roles.spec.ts,
TC-P2E-052,2E People & Access,P1,A doctor cannot reach the Roles settings screen,1) Log in as doctor (Hospital A) 2) Navigate directly to /settings/roles,"The route is blocked — redirected away, or an explicit access-denied message.",,"MOCK_DATA_BOOK Staff logins — doctor (Hospital A), Dr. Suresh Menon","RBAC, Security",Tier 0 roles configured (Phase 1 §1E),,,,,P2-Setup,A user who can edit the permission model can grant themselves anything. This is the single most important route guard in the product.,RBAC,doctor (Hospital A),None — route guard behaviour,e2e/phase-02-settings/P2E.people-access.roles.spec.ts,
TC-P2E-053,2E People & Access,P1,A non-admin cannot escalate their own role through the API,1) Confirm /settings/roles is blocked for the nurse 2) Sign in through the API as nurse (Hospital A) 3) Attempt to update role_permissions directly via PostgREST,The write is rejected by RLS. The route guard is not the only protection.,,"MOCK_DATA_BOOK Staff logins — nurse (Hospital A), Sr. Mary Thomas","RBAC, Security, Multi-tenancy",Both QA tenants seeded,,,,,P2-Setup,"Route guards are client-side and can be bypassed by calling PostgREST directly. If role_permissions has no per-role RLS, any authenticated user can grant themselves every permission in the hospital.",Negative,nurse (Hospital A),role_permissions updated as a nurse → rejected,e2e/phase-02-settings/P2E.people-access.roles.spec.ts,
TC-P2E-054,2E People & Access,P2,The Roles screen loads with no red console errors,1) Open DevTools → Console 2) Open /settings/roles 3) Change a permission and save 4) Read the console,"No red console text from the read, the update or the change-log write.",,role_permissions — a module permission toggled,"RBAC, Audit",Tier 0: hospital profile and departments created,,,,,P2-Setup,The permissions blob is written through an `as any` cast. A malformed blob that Postgres rejects would surface only here while the UI reports a saved permission.,Positive,hospital_admin (Hospital A),None — console observation,e2e/phase-02-settings/P2E.people-access.roles.spec.ts,
TC-P2E-055,2E People & Access,P2,Doctor Schedules screen loads with the doctor list,1) Open /settings/doctor-schedules 2) Read the doctor list,The active Hospital A doctors are listed and searchable. No red console errors.,,MOCK_DATA_BOOK Staff logins — the three seeded Hospital A doctors,"OPD, Telemedicine",Tier 0 complete; at least one active doctor exists,,,,,P2-Setup,SETTINGS_PREREQ_MATRIX warns that without doctor_schedules and doctor_slots no appointment slot is bookable at all. This screen is the only place they are created.,Positive,hospital_admin (Hospital A),users where hospital_id = A and role = doctor and is_active = true → matches the list,e2e/phase-02-settings/P2E.people-access.schedules.spec.ts,
TC-P2E-056,2E People & Access,P3,The doctor search filters the list,1) Open /settings/doctor-schedules 2) Type a doctor name into the search box,Only matching doctors remain listed.,,MOCK_DATA_BOOK Staff logins — Dr. Suresh Menon,OPD,Tier 0: hospital profile and departments created,,,,,P2-Setup,"A teaching hospital has hundreds of consultants. Without search, setting one doctor's Monday clinic means scrolling the entire medical staff.",Positive,hospital_admin (Hospital A),None — client-side filter,e2e/phase-02-settings/P2E.people-access.schedules.spec.ts,
TC-P2E-057,2E People & Access,P1,An OPD session saves against a doctor and day,1) Open /settings/doctor-schedules 2) Select a doctor 3) Select a working day 4) Add an OPD session with a start and end time 5) Save,"A doctor_schedules row exists for that doctor, day and session time.",,MOCK_DATA_BOOK Phase 2 additions — Dr. Rakesh Iyer OPD schedule,"OPD, Telemedicine",Tier 0 complete; at least one active doctor exists,,,,,P2-Setup,"No schedule means no bookable slot, so the appointment screen shows nothing and reception books patients on paper. This is one of the prerequisites that makes OPD look broken when it is merely unconfigured.",Positive,hospital_admin (Hospital A),doctor_schedules where hospital_id = A and doctor = the selected doctor → 1 row per session,e2e/phase-02-settings/P2E.people-access.schedules.spec.ts,
TC-P2E-058,2E People & Access,P2,A session with a missing time is refused,1) Open /settings/doctor-schedules 2) Select a doctor and day 3) Add a session leaving the end time blank 4) Save,"A destructive toast reads ""Invalid session times"" and no doctor_schedules row is written.",,None — deliberately omits a session end time,OPD,Tier 0: hospital profile and departments created,,,,,P2-Setup,"A session with no end has no bounded slot range, so slot generation either produces nothing or runs to midnight. Both leave reception unable to book correctly.",Negative,hospital_admin (Hospital A),doctor_schedules → no row written for the incomplete session,e2e/phase-02-settings/P2E.people-access.schedules.spec.ts,
TC-P2E-059,2E People & Access,P1,Overlapping sessions on the same day are refused,1) Open /settings/doctor-schedules 2) Select a doctor and day 3) Add a session 09:00–12:00 4) Add a second session 11:00–14:00 5) Save,"A destructive toast names the overlap, quoting both times, and neither session is saved.",,Literal overlapping sessions 09:00–12:00 and 11:00–14:00,"OPD, Telemedicine",Tier 0: hospital profile and departments created,,,,,P2-Setup,Overlapping sessions double-book the same doctor for the same minute. Two patients are given the same slot and both arrive expecting to be seen.,Negative,hospital_admin (Hospital A),doctor_schedules → no overlapping rows for one doctor and day,e2e/phase-02-settings/P2E.people-access.schedules.spec.ts,
TC-P2E-060,2E People & Access,P2,Two adjacent non-overlapping sessions on one day are allowed,1) Open /settings/doctor-schedules 2) Select a doctor and day 3) Add sessions 09:00–12:00 and 16:00–19:00 4) Save,Both sessions save as separate doctor_schedules rows.,,Literal morning session 09:00–12:00 and evening session 16:00–19:00,OPD,Tier 0: hospital profile and departments created,,,,,P2-Setup,Split morning and evening clinics are the norm in Indian OPD. An overlap rule that is too strict would block the commonest schedule shape there is.,Boundary,hospital_admin (Hospital A),doctor_schedules → 2 rows for the doctor on that day,e2e/phase-02-settings/P2E.people-access.schedules.spec.ts,
TC-P2E-061,2E People & Access,P1,Saving a schedule generates bookable slots,1) Open /settings/doctor-schedules 2) Save a session for a doctor 3) Open the appointment booking screen 4) Look for slots on that day,Bookable slots appear for the configured session window.,,MOCK_DATA_BOOK Phase 2 additions — Dr. Rakesh Iyer OPD schedule,"OPD, Telemedicine",Tier 0: hospital profile and departments created,,,,,P2-Setup,"SETTINGS_PREREQ_MATRIX names both doctor_schedules and doctor_slots. A schedule that saves without producing slots leaves the booking screen empty, which reads as a broken module rather than a missing step.",Cross-Module,hospital_admin (Hospital A),doctor_slots where hospital_id = A → slots exist within the configured session window,e2e/phase-02-settings/P2E.people-access.schedules.spec.ts,
TC-P2E-062,2E People & Access,P2,Working days can be selected per doctor,"1) Open /settings/doctor-schedules 2) Select a doctor 3) Choose Monday, Wednesday and Friday 4) Save",doctor_schedules rows exist only for the chosen days.,,"Literal working days Monday, Wednesday, Friday",OPD,Tier 0: hospital profile and departments created,,,,,P2-Setup,Visiting consultants attend on fixed days. Slots offered on a day the doctor never attends produce a patient who travels in for an appointment nobody will keep.,Positive,hospital_admin (Hospital A),doctor_schedules → rows only for the selected days of week,e2e/phase-02-settings/P2E.people-access.schedules.spec.ts,
TC-P2E-063,2E People & Access,P1,The consultation fee on the schedule matches the doctor fee,1) Open /settings/doctor-schedules 2) Select Dr. Rakesh Iyer 3) Read the Consultation Fee 4) Compare against the fee on /settings/staff,The two agree at ₹900. One fee is not silently different from the other.,,"MOCK_DATA_BOOK Phase 2 additions — Dr. Rakesh Iyer, cons ₹900","OPD, Billing",Tier 0: hospital profile and departments created,,,,,P2-Setup,"The fee is editable on two screens. If they disagree, whichever the billing lookup reads decides the charge, and the administrator has no way to tell which figure is live.",Cross-Module,hospital_admin (Hospital A),service_master for Dr. Rakesh Iyer → the fee shown on both screens is 900,e2e/phase-02-settings/P2E.people-access.schedules.spec.ts,
TC-P2E-064,2E People & Access,P2,The advance booking window saves,1) Open /settings/doctor-schedules 2) Select a doctor 3) Set Advance Booking to 14 days 4) Save,The advance booking window persists at 14 days after a reload.,,phase2.entry./settings/doctor-schedules — advanceBookingDays 14,"OPD, Patient Portal",Tier 0: hospital profile and departments created,,,,,P2-Setup,The window decides how far ahead reception and the patient portal can book. Too short and patients cannot plan; unsaved and the default silently applies instead.,Positive,hospital_admin (Hospital A),doctor_schedules → advance booking window = 14,e2e/phase-02-settings/P2E.people-access.schedules.spec.ts,
TC-P2E-065,2E People & Access,P2,A zero-day advance booking window is handled explicitly,1) Open /settings/doctor-schedules 2) Set Advance Booking to 0 3) Save 4) Open the booking screen,"Either 0 is refused, or it clearly means same-day booking only. It must not silently disable booking altogether.",,Literal advance booking window 0,"OPD, Patient Portal",Tier 0: hospital profile and departments created,,,,,P2-Setup,"A zero window that disables booking entirely looks identical to a broken appointment module. The distinction between ""same day only"" and ""nothing bookable"" has to be explicit.",Boundary,hospital_admin (Hospital A),"doctor_schedules → advance booking 0 behaves as documented, not as a silent disable",e2e/phase-02-settings/P2E.people-access.schedules.spec.ts,
TC-P2E-066,2E People & Access,P2,A leave block can be added for a doctor,1) Open /settings/doctor-schedules 2) Select a doctor 3) Add a leave block with From and To dates and a reason 4) Save,The leave block persists and the reason is recorded.,,"Literal leave reason ""Annual leave"" (the placeholder the field suggests)","OPD, HR",Tier 0: hospital profile and departments created,,,,,P2-Setup,"Without a leave block, slots keep being offered while the doctor is away. Patients book, travel in, and find nobody there.",Positive,hospital_admin (Hospital A),doctor_schedules or the leave table → the leave block persists,e2e/phase-02-settings/P2E.people-access.schedules.spec.ts,
TC-P2E-067,2E People & Access,P1,No slots are offered during a leave block,1) Open /settings/doctor-schedules and add a leave block covering tomorrow for a doctor 2) Open the appointment booking screen 3) Attempt to book that doctor tomorrow,No slots are offered for the leave period.,,Literal leave block covering tomorrow,"OPD, Patient Portal",Tier 0: hospital profile and departments created,,,,,P2-Setup,A leave block that saves but is not honoured by slot generation is worse than no leave feature — the hospital believes the doctor is protected and keeps booking patients into an empty clinic.,Cross-Module,hospital_admin (Hospital A),doctor_slots → no bookable slots within the leave window,e2e/phase-02-settings/P2E.people-access.schedules.spec.ts,
TC-P2E-068,2E People & Access,P2,A leave block ending before it starts is refused,1) Open /settings/doctor-schedules 2) Add a leave block with From later than To 3) Save,The save is refused with a message naming the date order.,,Literal inverted leave dates — From after To,"OPD, HR",Tier 0: hospital profile and departments created,,,,,P2-Setup,"An inverted range matches no dates at all, so the leave silently has no effect and slots keep being offered while the doctor is away.",Negative,hospital_admin (Hospital A),the leave record → no row with an end date before its start date,e2e/phase-02-settings/P2E.people-access.schedules.spec.ts,
TC-P2E-069,2E People & Access,P2,A saved schedule survives a hard reload,1) Open /settings/doctor-schedules 2) Save a session for a doctor 3) Hard-reload 4) Re-select the doctor,The session is still shown after the reload.,,MOCK_DATA_BOOK Phase 2 additions — Dr. Rakesh Iyer OPD schedule,OPD,Tier 0: hospital profile and departments created,,,,,P2-Setup,"This screen deletes the existing rows and re-upserts on every save. A failure partway through would leave a doctor with no schedule at all, which is worse than the state before the edit.",Positive,hospital_admin (Hospital A),doctor_schedules where hospital_id = A → the session rows persist,e2e/phase-02-settings/P2E.people-access.schedules.spec.ts,
TC-P2E-070,2E People & Access,P1,Hospital A's doctor schedules are invisible to Hospital B,1) Sign in as the Hospital B administrator 2) Open /settings/doctor-schedules as Hospital B 3) Query doctor_schedules through the API with no hospital filter,Not one Hospital A schedule row is returned.,,MOCK_DATA_BOOK Hospitals — Hospital A (Aarogya) and Hospital B (Sanjeevani),"Multi-tenancy, OPD",Both QA tenants seeded,,,,,P2-Setup,"Consultant timings reveal where a doctor works and when. Many consultants attend several hospitals, so a leak here exposes a competitor's clinic roster and the doctor's own movements.",Cross-Module,hospital_admin (Hospital B),doctor_schedules queried as the Hospital B admin → zero rows with hospital_id = A,e2e/phase-02-settings/P2E.people-access.schedules.spec.ts,
TC-P2E-071,2E People & Access,P2,A receptionist cannot edit doctor schedules,1) Log in as receptionist (Hospital A) 2) Navigate directly to /settings/doctor-schedules,"The route is blocked — redirected away, or an explicit access-denied message.",,"MOCK_DATA_BOOK Staff logins — receptionist (Hospital A), Ms. Divya Sharma","OPD, HR",Tier 0 roles configured (Phase 1 §1E),,,,,P2-Setup,Reception books into schedules but must not change them. A receptionist extending a clinic to fit one more patient commits the doctor's time without their agreement.,RBAC,receptionist (Hospital A),None — route guard behaviour,e2e/phase-02-settings/P2E.people-access.schedules.spec.ts,
TC-P2E-072,2E People & Access,P2,The Doctor Schedules screen loads with no red console errors,1) Open DevTools → Console 2) Open /settings/doctor-schedules 3) Select a doctor and save a session 4) Read the console,No red console text from the delete-then-upsert save path.,,MOCK_DATA_BOOK Phase 2 additions — Dr. Rakesh Iyer OPD schedule,OPD,Tier 0: hospital profile and departments created,,,,,P2-Setup,"The save deletes existing rows before upserting new ones. If the upsert fails after the delete succeeds, the doctor is left with no schedule and the console is the only place that shows why.",Positive,hospital_admin (Hospital A),None — console observation,e2e/phase-02-settings/P2E.people-access.schedules.spec.ts,
TC-P2F-001,"2F Services, Rates & Money",P2,Service Rates screen loads and lists the seeded services,1) Log in as hospital_admin (Hospital A) 2) Open /settings/services 3) Read the service list,The ten seeded services render — General Consultation through Haemodialysis Session. No red console errors.,,MOCK_DATA_BOOK Services & rates — the ten seeded rows,"OPD, IPD, Billing, Lab, Radiology, Pharmacy","Tier 0 complete (profile, departments, staff, roles, plan)",,,,,P2-Setup,Every billable event in the hospital resolves its price here. SETTINGS_PREREQ_MATRIX warns that a missing consultation row makes OPD silently bill a hardcoded ₹500 with no warning at all.,Positive,hospital_admin (Hospital A),service_master where hospital_id = A → 10 rows,e2e/phase-02-settings/P2F.money.services-payers.spec.ts,
TC-P2F-002,"2F Services, Rates & Money",P1,"A new service saves with its fee, GST and HSN","1) Open /settings/services 2) Add ""Dialysis Catheter Insertion"" code PROC-DCI, category procedure, fee 4500, GST exempt, HSN 999312 3) Save","A service_master row exists with rate 4500.00, gst_percent 0 and hsn_code 999312.",,"MOCK_DATA_BOOK Phase 2 additions — Dialysis Catheter Insertion · PROC-DCI · ₹4,500 · Exempt · HSN 999312","Billing, IPD, Day Care","Tier 0 complete (profile, departments, staff, roles, plan)",,,,,P2-Setup,"This is the complete, correct row that everything else is measured against. If a fully specified service will not save, nothing downstream can bill correctly.",Positive,hospital_admin (Hospital A),"service_master where hospital_id = A and code = 'PROC-DCI' → rate = 4500, hsn_code = '999312'",e2e/phase-02-settings/P2F.money.services-payers.spec.ts,
TC-P2F-003,"2F Services, Rates & Money",P1,A service with no HSN code is flagged before it reaches a bill,"1) Open /settings/services 2) Add ""Physiotherapy Session (Home)"" code SERV-PHYH, service, fee 800, GST 18%, leaving HSN blank 3) Save 4) Read the screen",The screen either refuses the row or marks it as incomplete for GST. It must not present a taxable service with no HSN as fully configured.,,phase2.invalid.serviceWithoutHsn (Physiotherapy Session (Home) · SERV-PHYH · ₹800 · 18% · HSN blank),"Billing, GST",Tier 0 complete; hospital GSTIN set,,,,,P2-Setup,"Once the hospital GSTIN is set, bill finalisation is HARD-BLOCKED for any line lacking an HSN. A taxable service saved without one looks fine here and then stops a bill being finalised with a patient standing at the counter.",Negative,hospital_admin (Hospital A),service_master where hospital_id = A and code = 'SERV-PHYH' → hsn_code is null and the row is flagged incomplete,e2e/phase-02-settings/P2F.money.services-payers.spec.ts,
TC-P2F-004,"2F Services, Rates & Money",P2,A service cannot be saved without a name,1) Open /settings/services 2) Add a service leaving Service Name blank 3) Enter a fee 4) Attempt to save,The save is refused and no service_master row is written.,,None — deliberately omits the required Service Name,Billing,"Tier 0 complete (profile, departments, staff, roles, plan)",,,,,P2-Setup,"An unnamed service appears as a blank line on the bill the patient is handed, and on the charge picker the billing clerk selects from.",Negative,hospital_admin (Hospital A),service_master where hospital_id = A and (name is null or name = '') → 0 rows,e2e/phase-02-settings/P2F.money.services-payers.spec.ts,
TC-P2F-005,"2F Services, Rates & Money",P1,A service cannot be saved without a fee,1) Open /settings/services 2) Add a service with a name but no Fee 3) Attempt to save,The save is refused. No service is created with a null rate.,,None — deliberately omits the required Fee,"Billing, OPD, IPD","Tier 0 complete (profile, departments, staff, roles, plan)",,,,,P2-Setup,"A service with no rate bills ₹0 or falls through to a default. Either way the hospital performs the work and collects nothing, and the gap only shows at month-end reconciliation.",Negative,hospital_admin (Hospital A),service_master where hospital_id = A → no row with a null rate,e2e/phase-02-settings/P2F.money.services-payers.spec.ts,
TC-P2F-006,"2F Services, Rates & Money",P2,A non-numeric fee is rejected,"1) Open /settings/services 2) Add a service with Fee ""abc"" 3) Attempt to save","The save is refused, or the fee is not stored as a value derived from letters.",,phase2.invalid.feeNonNumeric (abc),Billing,"Tier 0 complete (profile, departments, staff, roles, plan)",,,,,P2-Setup,"A fee that parses to NaN is stored as null or zero, so the service silently bills nothing while the rate card says it is configured.",Negative,hospital_admin (Hospital A),service_master where hospital_id = A → rate is a valid number on every row,e2e/phase-02-settings/P2F.money.services-payers.spec.ts,
TC-P2F-007,"2F Services, Rates & Money",P1,A negative fee is refused,1) Open /settings/services 2) Add a service with Fee -500 3) Attempt to save,The save is refused. No service_master row carries a negative rate.,,Literal fee -500,"Billing, Accounts","Tier 0 complete (profile, departments, staff, roles, plan)",,,,,P2-Setup,"A negative rate credits the patient every time the service is performed, and it inverts the sign of that line in the day-closure total without anyone noticing.",Boundary,hospital_admin (Hospital A),service_master where hospital_id = A → rate >= 0 on every row,e2e/phase-02-settings/P2F.money.services-payers.spec.ts,
TC-P2F-008,"2F Services, Rates & Money",P2,"A zero fee is stored deliberately, not as unset",1) Open /settings/services 2) Add a service with Fee 0 3) Save 4) Check the stored value,"The rate stores as 0.00, meaning genuinely free — distinct from null meaning not configured.",,MOCK_DATA_BOOK Doctors — Dr. Suresh Menon follow-up ₹0,"Billing, OPD","Tier 0 complete (profile, departments, staff, roles, plan)",,,,,P2-Setup,Free follow-ups and waived services are real. If zero collapses into null the service falls through the precedence chain and the patient is charged for something the hospital promised free.,Boundary,hospital_admin (Hospital A),"service_master where hospital_id = A → the zero-rate row has rate = 0, not null",e2e/phase-02-settings/P2F.money.services-payers.spec.ts,
TC-P2F-009,"2F Services, Rates & Money",P2,A fee stores to two decimal places,1) Open /settings/services 2) Add a service with Fee 1234.56 3) Save 4) Check the stored value,"The rate stores as 1234.56 exactly — numeric(12,2), not a rounded or floating-point approximation.",,Literal fee 1234.56,"Billing, Accounts, GST","Tier 0 complete (profile, departments, staff, roles, plan)",,,,,P2-Setup,"All monetary values must be numeric(12,2). A JavaScript float introduces rounding that compounds across a multi-line bill and never reconciles against the GST return.",Boundary,hospital_admin (Hospital A),service_master where hospital_id = A → the row stores rate = 1234.56,e2e/phase-02-settings/P2F.money.services-payers.spec.ts,
TC-P2F-010,"2F Services, Rates & Money",P2,A duplicate service code is rejected,1) Open /settings/services 2) Create PROC-DCI 3) Create a second service with the same code 4) Count the rows,Only one service_master row carries PROC-DCI for Hospital A.,,phase2.invalid — duplicate service code PROC-DCI,"Billing, Accounts","Tier 0 complete (profile, departments, staff, roles, plan)",,,,,P2-Setup,"The code is how a charge is matched to a rate. Two rows sharing one means the price depends on which the query returns first, so the same procedure bills differently on different days.",Negative,hospital_admin (Hospital A),service_master where hospital_id = A and code = 'PROC-DCI' → exactly 1 row,e2e/phase-02-settings/P2F.money.services-payers.spec.ts,
TC-P2F-011,"2F Services, Rates & Money",P1,"Service category ""consultation"" saves and survives a reload","1) Open /settings/services 2) Add a service in category ""consultation"" with a fee 3) Save 4) Reload and re-open the service","service_master.category = 'consultation' and the category still reads ""consultation"" after the reload.",,"MOCK_DATA_BOOK Services & rates — the ""consultation"" rows","Billing, OPD, IPD","Tier 0 complete (profile, departments, staff, roles, plan)",,,,,P2-Setup,Category decides where a charge appears on the bill and which GST treatment applies. Each is tested separately because one failing to persist mis-groups every service of that kind. This one covers the OPD fee every walk-in pays — the one that silently falls back to ₹500.,Positive,hospital_admin (Hospital A),service_master where hospital_id = A → category = 'consultation' on the new row,e2e/phase-02-settings/P2F.money.services-payers.spec.ts,
TC-P2F-012,"2F Services, Rates & Money",P2,"Service category ""procedure"" saves and survives a reload","1) Open /settings/services 2) Add a service in category ""procedure"" with a fee 3) Save 4) Reload and re-open the service","service_master.category = 'procedure' and the category still reads ""procedure"" after the reload.",,"MOCK_DATA_BOOK Services & rates — the ""procedure"" rows","Billing, OPD, IPD","Tier 0 complete (profile, departments, staff, roles, plan)",,,,,P2-Setup,"Category decides where a charge appears on the bill and which GST treatment applies. Each is tested separately because one failing to persist mis-groups every service of that kind. This one covers dressings, nebulisation and dialysis, billed per event on top of the room charge.",Positive,hospital_admin (Hospital A),service_master where hospital_id = A → category = 'procedure' on the new row,e2e/phase-02-settings/P2F.money.services-payers.spec.ts,
TC-P2F-013,"2F Services, Rates & Money",P2,"Service category ""service"" saves and survives a reload","1) Open /settings/services 2) Add a service in category ""service"" with a fee 3) Save 4) Reload and re-open the service","service_master.category = 'service' and the category still reads ""service"" after the reload.",,"MOCK_DATA_BOOK Services & rates — the ""service"" rows","Billing, OPD, IPD","Tier 0 complete (profile, departments, staff, roles, plan)",,,,,P2-Setup,"Category decides where a charge appears on the bill and which GST treatment applies. Each is tested separately because one failing to persist mis-groups every service of that kind. This one covers ambulance, meals and record copies — the taxable lines on an otherwise exempt bill.",Positive,hospital_admin (Hospital A),service_master where hospital_id = A → category = 'service' on the new row,e2e/phase-02-settings/P2F.money.services-payers.spec.ts,
TC-P2F-014,"2F Services, Rates & Money",P2,"Service category ""surgery"" saves and survives a reload","1) Open /settings/services 2) Add a service in category ""surgery"" with a fee 3) Save 4) Reload and re-open the service","service_master.category = 'surgery' and the category still reads ""surgery"" after the reload.",,"MOCK_DATA_BOOK Services & rates — the ""surgery"" rows","Billing, OPD, IPD","Tier 0 complete (profile, departments, staff, roles, plan)",,,,,P2-Setup,"Category decides where a charge appears on the bill and which GST treatment applies. Each is tested separately because one failing to persist mis-groups every service of that kind. This one covers the highest-value single line on any bill, and the one a TPA scrutinises first.",Positive,hospital_admin (Hospital A),service_master where hospital_id = A → category = 'surgery' on the new row,e2e/phase-02-settings/P2F.money.services-payers.spec.ts,
TC-P2F-015,"2F Services, Rates & Money",P1,A GST percent below zero is refused,1) Open /settings/services 2) Add a service with GST percent -5 3) Attempt to save,The save is refused. No service_master row carries a negative gst_percent.,,phase2.invalid.gstPercentNegative (-5),"Billing, GST, Accounts","Tier 0 complete (profile, departments, staff, roles, plan)",,,,,P2-Setup,"A negative GST rate produces a negative tax line, which reduces the hospital's output tax on the return. That is an understated liability and a filing the department will query.",Boundary,hospital_admin (Hospital A),service_master where hospital_id = A → gst_percent >= 0 on every row,e2e/phase-02-settings/P2F.money.services-payers.spec.ts,
TC-P2F-016,"2F Services, Rates & Money",P1,A GST percent above 100 is refused,1) Open /settings/services 2) Add a service with GST percent 101 3) Attempt to save,The save is refused. No service_master row carries a gst_percent above 100.,,phase2.invalid.gstPercentOver100 (101),"Billing, GST","Tier 0 complete (profile, departments, staff, roles, plan)",,,,,P2-Setup,A rate above 100% makes the tax exceed the service value. The bill total becomes nonsense and the patient is asked to pay more tax than the treatment cost.,Boundary,hospital_admin (Hospital A),service_master where hospital_id = A → gst_percent <= 100 on every row,e2e/phase-02-settings/P2F.money.services-payers.spec.ts,
TC-P2F-017,"2F Services, Rates & Money",P2,The real Indian GST rates are all accepted,"1) Open /settings/services 2) Save services at GST 0, 5, 12 and 18 percent 3) Check each stored value","All four rates store exactly. None is rounded, rejected or coerced.",,"MOCK_DATA_BOOK Services & rates — Exempt, 5%, 12% and 18% rows","Billing, GST","Tier 0 complete (profile, departments, staff, roles, plan)",,,,,P2-Setup,"The seeded services deliberately mix exempt clinical services with taxable ambulance, meals and record copies. A validation rule that rejects a legitimate slab makes those services unbillable.",Boundary,hospital_admin (Hospital A),"service_master where hospital_id = A → gst_percent in (0, 5, 12, 18) all persist",e2e/phase-02-settings/P2F.money.services-payers.spec.ts,
TC-P2F-018,"2F Services, Rates & Money",P1,A two-digit HSN code is refused,"1) Open /settings/services 2) Add a service with HSN ""99"" 3) Attempt to save","The save is refused with a message naming the valid HSN lengths — 4, 6 or 8 digits.",,phase2.invalid.hsnTooShort (99),"Billing, GST","Tier 0 complete (profile, departments, staff, roles, plan)",,,,,P2-Setup,"An HSN of the wrong length is rejected by the NIC IRP at e-invoice generation, days after it was entered, with an error that points at the invoice rather than at this screen.",Negative,hospital_admin (Hospital A),service_master where hospital_id = A → no row with hsn_code = '99',e2e/phase-02-settings/P2F.money.services-payers.spec.ts,
TC-P2F-019,"2F Services, Rates & Money",P2,"Valid HSN lengths of 4, 6 and 8 digits are accepted","1) Open /settings/services 2) Save services with HSN 9993, 999312 and 99931200 3) Check each stored value",All three lengths are accepted and stored exactly.,,"MOCK_DATA_BOOK Services & rates — HSN 999312, 996423, 998599","Billing, GST","Tier 0 complete (profile, departments, staff, roles, plan)",,,,,P2-Setup,"HSN is legitimately 4, 6 or 8 digits depending on turnover. A rule that only accepts one length blocks a hospital from entering its own correct codes.",Boundary,hospital_admin (Hospital A),"service_master where hospital_id = A → 4, 6 and 8 digit HSN codes all persist",e2e/phase-02-settings/P2F.money.services-payers.spec.ts,
TC-P2F-020,"2F Services, Rates & Money",P1,Editing a service rate persists the new value,1) Open /settings/services 2) Edit PROC-DCI 3) Change the fee from 4500 to 5200 4) Save 5) Reload,service_master.rate = 5200.00 after the reload.,,phase2.edit.serviceRate (4500 → 5200),"Billing, IPD","Tier 0 complete (profile, departments, staff, roles, plan)",,,,,P2-Setup,Rate cards are revised annually. An edit that toasts success without persisting means the hospital bills last year's price for a full year.,Positive,hospital_admin (Hospital A),service_master where hospital_id = A and code = 'PROC-DCI' → rate = 5200,e2e/phase-02-settings/P2F.money.services-payers.spec.ts,
TC-P2F-021,"2F Services, Rates & Money",P1,"A rate change applies to new charges only, not to charges already raised","1) Raise a charge for PROC-DCI at ₹4,500 2) Open /settings/services and change the rate to ₹5,200 3) Raise a second charge 4) Compare both","The first charge remains at ₹4,500; only the second uses ₹5,200.",,phase2.edit.serviceRate (4500 → 5200),"Billing, IPD, OPD",Tier 0 complete; a charge must exist before the rate is edited,,,,,P2-Setup,Retro-repricing a charge already on a patient's bill changes a figure they may have been quoted or a TPA may have pre-authorised. It is an argument at the discharge counter and an invalidated estimate.,Cross-Module,hospital_admin (Hospital A),the existing charge row → unit rate stays 4500 after the master rate changes,e2e/phase-02-settings/P2F.money.services-payers.spec.ts,
TC-P2F-022,"2F Services, Rates & Money",P1,A consultation service prevents the hardcoded ₹500 fallback,1) Open /settings/services and confirm a consultation row exists with its fee 2) Open /opd and create a consultation 3) Read the charge raised,"The consultation bills the configured fee, not ₹500.",,"MOCK_DATA_BOOK Services & rates — General Consultation ₹500, Specialist Consultation ₹800","OPD, Billing","Tier 0 complete (profile, departments, staff, roles, plan)",,,,,P2-Setup,"SETTINGS_PREREQ_MATRIX names this as the headline silent failure: with no consultation row the app bills a hardcoded ₹500 with no warning. The specialist consultation at ₹800 is what makes the fallback detectable — if it bills ₹500, the lookup missed.",Cross-Module,hospital_admin (Hospital A),"service_master where hospital_id = A and code = 'CONS-SPL' → rate = 800, and the OPD charge matches",e2e/phase-02-settings/P2F.money.services-payers.spec.ts,
TC-P2F-023,"2F Services, Rates & Money",P2,Service rates render in en-IN grouping with the rupee symbol,"1) Open /settings/services 2) Locate Hernia Repair (Open) at ₹35,000 3) Read the rate as displayed","The rate renders as ₹35,000.00 with Indian grouping.",,"MOCK_DATA_BOOK Services & rates — Hernia Repair (Open) ₹35,000",Billing,"Tier 0 complete (profile, departments, staff, roles, plan)",,,,,P2-Setup,This is the rate card a billing clerk reads aloud to a patient. A number without the rupee symbol or with the wrong comma position is misread at the counter.,Positive,hospital_admin (Hospital A),"service_master where hospital_id = A and code = 'SURG-HERN' → rate = 35000 rendered as ₹35,000.00",e2e/phase-02-settings/P2F.money.services-payers.spec.ts,
TC-P2F-024,"2F Services, Rates & Money",P1,A service rate can be set per bed category,1) Open /settings/services 2) Set a service_rates entry for a service by bed category 3) Save,A service_rates row exists carrying the bed category and its rate.,,MOCK_DATA_BOOK Services & rates — dialysis and physio by bed category,"IPD, Billing, Insurance","Tier 0 complete (profile, departments, staff, roles, plan)",,,,,P2-Setup,"SETTINGS_PREREQ_MATRIX warns of ₹0 leakage on dialysis, physio and ambulance when service_rates carries no bed_category. It is also the second link in the room-charge precedence chain after wards.rate_per_day.",Cross-Module,hospital_admin (Hospital A),service_rates where hospital_id = A → a row exists with a bed_category and a rate,e2e/phase-02-settings/P2F.money.services-payers.spec.ts,
TC-P2F-025,"2F Services, Rates & Money",P1,A payer-specific tariff can be set for a service,1) Open /settings/services 2) Open the payer rates section 3) Set a different rate for a TPA 4) Save,"The payer-specific rate is stored and a ""Payer rates saved"" confirmation appears.",,MOCK_DATA_BOOK Payers & TPAs — Star Health Insurance,"Insurance, Billing",Tier 0 complete; payer masters configured,,,,,P2-Setup,"TPAs negotiate their own tariff. Billing an insured patient at the cash rate produces a claim deduction the hospital absorbs, on every single admission under that panel.",Cross-Module,hospital_admin (Hospital A),service_rates where hospital_id = A → a payer-scoped rate row exists,e2e/phase-02-settings/P2F.money.services-payers.spec.ts,
TC-P2F-026,"2F Services, Rates & Money",P2,Consultation fees can be applied in bulk across doctors,1) Open /settings/services 2) Use the bulk consultation-fee action 3) Confirm 4) Read the toast,"A ""Consultation fees applied"" confirmation appears and the affected service_master rows carry the new fee.",,MOCK_DATA_BOOK Doctors — the three seeded consultation fees,"OPD, Billing, HR","Tier 0 complete (profile, departments, staff, roles, plan)",,,,,P2-Setup,A hospital revising consultation fees does it for every doctor at once. Doing it one at a time across a hundred consultants guarantees some are missed and quietly keep the old price.,Positive,hospital_admin (Hospital A),service_master where hospital_id = A and category = consultation → fees updated in bulk,e2e/phase-02-settings/P2F.money.services-payers.spec.ts,
TC-P2F-027,"2F Services, Rates & Money",P2,A health package saves with its rate,"1) Open /settings/services 2) Open the health packages section 3) Create Master Health Checkup at ₹3,500 4) Save",A health_packages row exists with rate 3500.00.,,"MOCK_DATA_BOOK Health package — Master Health Checkup ₹3,500","Billing, Lab, Radiology, OPD","Tier 0 complete (profile, departments, staff, roles, plan)",,,,,P2-Setup,"SETTINGS_PREREQ_MATRIX notes that without health_packages the estimate step is empty. A package is also priced below the sum of its parts, so the package rate must win or the hospital over-charges.",Positive,hospital_admin (Hospital A),health_packages where hospital_id = A and name = 'Master Health Checkup' → rate = 3500,e2e/phase-02-settings/P2F.money.services-payers.spec.ts,
TC-P2F-028,"2F Services, Rates & Money",P2,A service can be deactivated without being deleted,1) Open /settings/services 2) Deactivate PROC-DCI 3) Reload,The service is marked inactive and the row still exists.,,MOCK_DATA_BOOK Phase 2 additions — Dialysis Catheter Insertion,Billing,"Tier 0 complete (profile, departments, staff, roles, plan)",,,,,P2-Setup,A discontinued service must stop appearing on the charge picker while every historical bill that used it keeps resolving its name and price. Deleting would leave old bills referencing nothing.,Positive,hospital_admin (Hospital A),"service_master where hospital_id = A and code = 'PROC-DCI' → is_active = false, row present",e2e/phase-02-settings/P2F.money.services-payers.spec.ts,
TC-P2F-029,"2F Services, Rates & Money",P2,A deactivated service no longer appears on the charge picker,1) Deactivate PROC-DCI under /settings/services 2) Open the billing charge picker 3) Search for it,The deactivated service is not offered for new charges.,,"MOCK_DATA_BOOK Phase 2 additions — Dialysis Catheter Insertion, deactivated","Billing, IPD","Tier 0 complete (profile, departments, staff, roles, plan)",,,,,P2-Setup,"A discontinued service still on the picker gets charged by a clerk who does not know it was withdrawn, and the hospital bills for something it no longer provides.",Cross-Module,hospital_admin (Hospital A),service_master → inactive rows are absent from the billing charge picker,e2e/phase-02-settings/P2F.money.services-payers.spec.ts,
TC-P2F-030,"2F Services, Rates & Money",P1,A saved service survives a hard reload,1) Open /settings/services 2) Create PROC-DCI 3) Hard-reload 4) Locate the service,"The service is still listed with its fee, GST and HSN intact.",,MOCK_DATA_BOOK Phase 2 additions — Dialysis Catheter Insertion,Billing,"Tier 0 complete (profile, departments, staff, roles, plan)",,,,,P2-Setup,"Four screens in this phase showed a green toast and wrote nothing. On the rate card, a false save means every charge for that service falls back to a default nobody chose.",Positive,hospital_admin (Hospital A),service_master where hospital_id = A and code = 'PROC-DCI' → 1 row,e2e/phase-02-settings/P2F.money.services-payers.spec.ts,
TC-P2F-031,"2F Services, Rates & Money",P1,Hospital A's service rates are invisible to Hospital B,1) Sign in as the Hospital B administrator 2) Open /settings/services as Hospital B 3) Query service_master through the API with no hospital filter,Not one Hospital A service row is returned.,,MOCK_DATA_BOOK Hospitals — Hospital A (Aarogya) and Hospital B (Sanjeevani),"Multi-tenancy, Billing",Both QA tenants seeded,,,,,P2-Setup,A rate card is the most commercially sensitive table a hospital owns. Leaking it to another hospital in the same city hands over its entire pricing strategy.,Cross-Module,hospital_admin (Hospital B),service_master queried as the Hospital B admin → zero rows with hospital_id = A,e2e/phase-02-settings/P2F.money.services-payers.spec.ts,
TC-P2F-032,"2F Services, Rates & Money",P1,A receptionist cannot reach the Service Rates screen,1) Log in as receptionist (Hospital A) 2) Navigate directly to /settings/services,"The route is blocked — redirected away, or an explicit access-denied message.",,"MOCK_DATA_BOOK Staff logins — receptionist (Hospital A), Ms. Divya Sharma",Billing,Tier 0 roles configured (Phase 1 §1E),,,,,P2-Setup,"Reception raises charges but must not set what they cost. Separating the two is the most basic revenue control a hospital has, and this screen is where prices live.",RBAC,receptionist (Hospital A),None — route guard behaviour,e2e/phase-02-settings/P2F.money.services-payers.spec.ts,
TC-P2F-033,"2F Services, Rates & Money",P1,A doctor cannot edit service rates,1) Log in as doctor (Hospital A) 2) Navigate directly to /settings/services,"The route is blocked, or rates are read-only with no save control.",,"MOCK_DATA_BOOK Staff logins — doctor (Hospital A), Dr. Suresh Menon","Billing, OPD",Tier 0 roles configured (Phase 1 §1E),,,,,P2-Setup,"A doctor able to change their own consultation fee is a conflict of interest with no approval trail, and it is invisible in the billing audit because the rate simply reads as configured.",RBAC,doctor (Hospital A),None — route guard behaviour,e2e/phase-02-settings/P2F.money.services-payers.spec.ts,
TC-P2F-034,"2F Services, Rates & Money",P2,The Service Rates screen loads with no red console errors,1) Open DevTools → Console 2) Open /settings/services 3) Create and edit a service 4) Read the console,"No red console text from the service_master, service_rates or wards writes.",,MOCK_DATA_BOOK Phase 2 additions — Dialysis Catheter Insertion,"Billing, IPD","Tier 0 complete (profile, departments, staff, roles, plan)",,,,,P2-Setup,This screen writes to four tables including wards and service_rates. A failure on one of them can leave the rate card half-updated with the UI reporting success.,Positive,hospital_admin (Hospital A),None — console observation,e2e/phase-02-settings/P2F.money.services-payers.spec.ts,
TC-P2F-035,"2F Services, Rates & Money",P2,Payer Masters screen loads and lists the seeded payers,1) Open /settings/payer-masters 2) Read the payer list,The eight seeded payers render — Self Pay through Infosys Corporate Panel. No red console errors.,,MOCK_DATA_BOOK Payers & TPAs — the eight seeded rows,"Insurance, Billing, IPD, PMJAY","Tier 0 complete (profile, departments, staff, roles, plan)",,,,,P2-Setup,"SETTINGS_PREREQ_MATRIX warns that with no payer_masters there is no insurance selection at admission, so every insured patient is admitted as cash and the claim is never raised.",Positive,hospital_admin (Hospital A),payer_masters where hospital_id = A → 8 rows,e2e/phase-02-settings/P2F.money.services-payers.spec.ts,
TC-P2F-036,"2F Services, Rates & Money",P1,"A new payer saves with its ceiling, co-pay and deductible","1) Open /settings/payer-masters 2) Add ""Niva Bupa Health"" as tpa with ceiling 4500, co-pay 15% and deductible 2000 3) Save",A payer_masters row exists with those exact values.,,"MOCK_DATA_BOOK Phase 2 additions — Niva Bupa Health · tpa · ceiling ₹4,500/day · co-pay 15% · deductible ₹2,000","Insurance, Billing, IPD","Tier 0 complete (profile, departments, staff, roles, plan)",,,,,P2-Setup,"These three numbers decide how a claim is split between insurer and patient. A wrong ceiling or co-pay is a deduction the hospital absorbs, or a patient billed for money the insurer owed.",Positive,hospital_admin (Hospital A),"payer_masters where hospital_id = A and name = 'Niva Bupa Health' → co-pay 15, deductible 2000",e2e/phase-02-settings/P2F.money.services-payers.spec.ts,
TC-P2F-037,"2F Services, Rates & Money",P1,"Payer type ""self"" saves and survives a reload","1) Open /settings/payer-masters 2) Add a payer of type ""self"" (e.g. Self Pay / Cash) 3) Save 4) Reload and re-open the payer","payer_masters.payer_type = 'self' and the type still reads ""self"" after the reload.",,MOCK_DATA_BOOK Payers & TPAs — Self Pay / Cash,"Insurance, Billing, PMJAY","Tier 0 complete (profile, departments, staff, roles, plan)",,,,,P2-Setup,"Payer type decides the entire billing path — tariff rates, package rates, ceilings or monthly invoicing. Each is tested separately because one mis-stored type routes every patient under it down the wrong billing route. This one covers the default every uncategorised patient falls to.",Positive,hospital_admin (Hospital A),payer_masters where hospital_id = A → payer_type = 'self' on the new row,e2e/phase-02-settings/P2F.money.services-payers.spec.ts,
TC-P2F-038,"2F Services, Rates & Money",P1,"Payer type ""tpa"" saves and survives a reload","1) Open /settings/payer-masters 2) Add a payer of type ""tpa"" (e.g. Star Health Insurance) 3) Save 4) Reload and re-open the payer","payer_masters.payer_type = 'tpa' and the type still reads ""tpa"" after the reload.",,MOCK_DATA_BOOK Payers & TPAs — Star Health Insurance,"Insurance, Billing, PMJAY","Tier 0 complete (profile, departments, staff, roles, plan)",,,,,P2-Setup,"Payer type decides the entire billing path — tariff rates, package rates, ceilings or monthly invoicing. Each is tested separately because one mis-stored type routes every patient under it down the wrong billing route. This one covers private insurance, where the room-rent ceiling and co-pay are applied.",Positive,hospital_admin (Hospital A),payer_masters where hospital_id = A → payer_type = 'tpa' on the new row,e2e/phase-02-settings/P2F.money.services-payers.spec.ts,
TC-P2F-039,"2F Services, Rates & Money",P1,"Payer type ""govt"" saves and survives a reload","1) Open /settings/payer-masters 2) Add a payer of type ""govt"" (e.g. PMJAY / Ayushman Bharat) 3) Save 4) Reload and re-open the payer","payer_masters.payer_type = 'govt' and the type still reads ""govt"" after the reload.",,MOCK_DATA_BOOK Payers & TPAs — PMJAY / Ayushman Bharat,"Insurance, Billing, PMJAY","Tier 0 complete (profile, departments, staff, roles, plan)",,,,,P2-Setup,"Payer type decides the entire billing path — tariff rates, package rates, ceilings or monthly invoicing. Each is tested separately because one mis-stored type routes every patient under it down the wrong billing route. This one covers government schemes billed at package rates, not tariff.",Positive,hospital_admin (Hospital A),payer_masters where hospital_id = A → payer_type = 'govt' on the new row,e2e/phase-02-settings/P2F.money.services-payers.spec.ts,
TC-P2F-040,"2F Services, Rates & Money",P1,"Payer type ""corporate"" saves and survives a reload","1) Open /settings/payer-masters 2) Add a payer of type ""corporate"" (e.g. Infosys Corporate Panel) 3) Save 4) Reload and re-open the payer","payer_masters.payer_type = 'corporate' and the type still reads ""corporate"" after the reload.",,MOCK_DATA_BOOK Payers & TPAs — Infosys Corporate Panel,"Insurance, Billing, PMJAY","Tier 0 complete (profile, departments, staff, roles, plan)",,,,,P2-Setup,"Payer type decides the entire billing path — tariff rates, package rates, ceilings or monthly invoicing. Each is tested separately because one mis-stored type routes every patient under it down the wrong billing route. This one covers employer panels invoiced monthly rather than at discharge.",Positive,hospital_admin (Hospital A),payer_masters where hospital_id = A → payer_type = 'corporate' on the new row,e2e/phase-02-settings/P2F.money.services-payers.spec.ts,
TC-P2F-041,"2F Services, Rates & Money",P2,A payer cannot be saved without a name,1) Open /settings/payer-masters 2) Add a payer leaving Payer Name blank 3) Attempt to save,The save is refused and no payer_masters row is written.,,None — deliberately omits the required Payer Name,"Insurance, Billing","Tier 0 complete (profile, departments, staff, roles, plan)",,,,,P2-Setup,"An unnamed payer appears as a blank option at admission, so the clerk selects it by accident and the claim is raised against nobody.",Negative,hospital_admin (Hospital A),payer_masters where hospital_id = A and (name is null or name = '') → 0 rows,e2e/phase-02-settings/P2F.money.services-payers.spec.ts,
TC-P2F-042,"2F Services, Rates & Money",P2,A payer cannot be saved without a payer type,1) Open /settings/payer-masters 2) Add a payer with a name but no Payer Type 3) Attempt to save,The save is refused and no row is written.,,None — deliberately omits the required Payer Type,"Insurance, Billing","Tier 0 complete (profile, departments, staff, roles, plan)",,,,,P2-Setup,"Without a type the billing engine cannot tell whether to apply tariff rates, package rates or a ceiling. It falls back to cash, and the insured admission is billed to the patient.",Negative,hospital_admin (Hospital A),payer_masters where hospital_id = A → payer_type is set on every row,e2e/phase-02-settings/P2F.money.services-payers.spec.ts,
TC-P2F-043,"2F Services, Rates & Money",P1,A co-pay above 100 percent is refused,1) Open /settings/payer-masters 2) Add a payer with co-pay 120% 3) Attempt to save,The save is refused. No payer_masters row carries a co-pay above 100.,,phase2.invalid.discountThresholdOver100 (120),"Insurance, Billing","Tier 0 complete (profile, departments, staff, roles, plan)",,,,,P2-Setup,A co-pay over 100% means the patient pays more than the bill and the insurer contributes a negative amount. Every claim under that payer produces a nonsensical settlement.,Boundary,hospital_admin (Hospital A),payer_masters where hospital_id = A → co_payment_value <= 100 on every row,e2e/phase-02-settings/P2F.money.services-payers.spec.ts,
TC-P2F-044,"2F Services, Rates & Money",P2,A zero co-pay is stored deliberately,1) Open /settings/payer-masters 2) Add HDFC ERGO with co-pay 0 3) Save 4) Check the stored value,"The co-pay stores as 0, meaning the insurer pays in full — distinct from null meaning unconfigured.",,"MOCK_DATA_BOOK Payers & TPAs — HDFC ERGO, co-pay 0%","Insurance, Billing","Tier 0 complete (profile, departments, staff, roles, plan)",,,,,P2-Setup,"HDFC ERGO is seeded at 0% co-pay deliberately, as the contrast to Star Health at 10% and Medi Assist at 20%. If zero collapses into null the patient is charged a co-pay their policy does not carry.",Boundary,hospital_admin (Hospital A),"payer_masters where hospital_id = A and name = 'HDFC ERGO' → co_payment_value = 0, not null",e2e/phase-02-settings/P2F.money.services-payers.spec.ts,
TC-P2F-045,"2F Services, Rates & Money",P1,A room-rent ceiling below the room rate is stored for proportionate deduction,"1) Open /settings/payer-masters 2) Confirm HDFC ERGO carries a ₹4,000/day ceiling 3) Confirm Private Room is ₹6,000/day under /settings/wards","The ceiling stores at 4000 against a ₹6,000 room, so a proportionate deduction is computable.",,"MOCK_DATA_BOOK Payers — HDFC ERGO ₹4,000/day ceiling; Wards — Private Room ₹6,000/day","Insurance, IPD, Billing",Tier 0 complete; wards configured with rates,,,,,P2-Setup,MOCK_DATA_BOOK calls this scenario P9-S07 out by name: get the proportionate deduction wrong and it is a real argument with a real patient at the discharge counter.,Cross-Module,hospital_admin (Hospital A),payer_masters where hospital_id = A and name = 'HDFC ERGO' → room ceiling = 4000,e2e/phase-02-settings/P2F.money.services-payers.spec.ts,
TC-P2F-046,"2F Services, Rates & Money",P2,"A payer with no ceiling is stored as unlimited, not as zero",1) Open /settings/payer-masters 2) Open Self Pay / Cash 3) Read the room ceiling,"The ceiling is null, meaning no limit — never 0, which would cap every room charge at nothing.",,"MOCK_DATA_BOOK Payers & TPAs — Self Pay / Cash, no ceiling","Insurance, IPD, Billing","Tier 0 complete (profile, departments, staff, roles, plan)",,,,,P2-Setup,"A null ceiling meaning ""unlimited"" and a zero ceiling meaning ""nothing allowed"" are opposites. Confusing them would deduct the entire room charge from every cash patient's bill.",Boundary,hospital_admin (Hospital A),payer_masters where hospital_id = A and name = 'Self Pay / Cash' → room ceiling is null,e2e/phase-02-settings/P2F.money.services-payers.spec.ts,
TC-P2F-047,"2F Services, Rates & Money",P2,A deductible saves,"1) Open /settings/payer-masters 2) Set a deductible of ₹5,000 on HDFC ERGO 3) Save 4) Reload",The deductible persists at 5000 after the reload.,,"MOCK_DATA_BOOK Payers & TPAs — HDFC ERGO deductible ₹5,000","Insurance, Billing","Tier 0 complete (profile, departments, staff, roles, plan)",,,,,P2-Setup,"The deductible is the first slice the patient always pays. Unset, the hospital bills the insurer for it, the claim is short-settled, and the shortfall is discovered weeks later.",Positive,hospital_admin (Hospital A),payer_masters where hospital_id = A and name = 'HDFC ERGO' → deductible = 5000,e2e/phase-02-settings/P2F.money.services-payers.spec.ts,
TC-P2F-048,"2F Services, Rates & Money",P3,Contact person and phone save against a payer,1) Open /settings/payer-masters 2) Enter a TPA coordinator name and phone 3) Save 4) Reload,Both persist after the reload.,,Literal TPA coordinator contact with a 10-digit phone,Insurance,"Tier 0 complete (profile, departments, staff, roles, plan)",,,,,P2-Setup,A pre-authorisation query has to reach a named person at the TPA within hours. Without a contact the insurance desk hunts for a number while the patient waits for approval.,Positive,hospital_admin (Hospital A),payer_masters where hospital_id = A → contact person and phone recorded,e2e/phase-02-settings/P2F.money.services-payers.spec.ts,
TC-P2F-049,"2F Services, Rates & Money",P2,A malformed payer contact phone is rejected,"1) Open /settings/payer-masters 2) Enter Contact Phone ""987650000"" (9 digits) 3) Attempt to save",The save is refused with a message naming the 10-digit requirement.,,phase2.invalid.phoneTooShort (987650000),Insurance,"Tier 0 complete (profile, departments, staff, roles, plan)",,,,,P2-Setup,A short number cannot be dialled. The insurance desk discovers it only when a pre-authorisation is already delayed and a patient is waiting on the decision.,Negative,hospital_admin (Hospital A),payer_masters where hospital_id = A → no row with a 9-digit contact phone,e2e/phase-02-settings/P2F.money.services-payers.spec.ts,
TC-P2F-050,"2F Services, Rates & Money",P3,The credit limit and payment terms save for a corporate panel,1) Open /settings/payer-masters 2) Open Infosys Corporate Panel 3) Set Credit Limit 500000 and Payment Terms 30 days 4) Save,Both values persist after a reload.,,MOCK_DATA_BOOK Payers & TPAs — Infosys Corporate Panel,"Insurance, Accounts, Billing","Tier 0 complete (profile, departments, staff, roles, plan)",,,,,P2-Setup,"Corporate panels are invoiced monthly against a credit limit. Without the limit the hospital extends unlimited credit, and Indian corporate receivables already run at 60 days.",Positive,hospital_admin (Hospital A),payer_masters where hospital_id = A and name = 'Infosys Corporate Panel' → credit limit and terms recorded,e2e/phase-02-settings/P2F.money.services-payers.spec.ts,
TC-P2F-051,"2F Services, Rates & Money",P1,Editing a payer co-pay persists the new value,1) Open /settings/payer-masters 2) Edit Niva Bupa Health 3) Change the co-pay from 15% to 25% 4) Save 5) Reload,payer_masters co-pay = 25 after the reload.,,phase2.edit.payerCoPayPercent (15 → 25),"Insurance, Billing","Tier 0 complete (profile, departments, staff, roles, plan)",,,,,P2-Setup,TPA terms are renegotiated annually. A co-pay edit that does not persist means every claim under that panel is split on last year's terms and short-settled.,Positive,hospital_admin (Hospital A),payer_masters where hospital_id = A and name = 'Niva Bupa Health' → co-pay = 25,e2e/phase-02-settings/P2F.money.services-payers.spec.ts,
TC-P2F-052,"2F Services, Rates & Money",P2,A duplicate payer name is rejected,1) Open /settings/payer-masters 2) Create Niva Bupa Health 3) Create it again 4) Count the rows,Only one payer_masters row carries that name for Hospital A.,,phase2.invalid — duplicate payer Niva Bupa Health,"Insurance, Billing","Tier 0 complete (profile, departments, staff, roles, plan)",,,,,P2-Setup,"Two payers with one name split the claim register in half, and the admission clerk cannot tell which to pick. Reporting by payer then double-counts nothing correctly.",Negative,hospital_admin (Hospital A),payer_masters where hospital_id = A and name = 'Niva Bupa Health' → exactly 1 row,e2e/phase-02-settings/P2F.money.services-payers.spec.ts,
TC-P2F-053,"2F Services, Rates & Money",P1,A saved payer survives a hard reload,1) Open /settings/payer-masters 2) Create Niva Bupa Health 3) Hard-reload 4) Locate the payer,"The payer is still listed with its ceiling, co-pay and deductible intact.",,MOCK_DATA_BOOK Phase 2 additions — Niva Bupa Health,"Insurance, Billing","Tier 0 complete (profile, departments, staff, roles, plan)",,,,,P2-Setup,"A false save here means the payer is missing at admission, so an insured patient is admitted as cash and the claim window closes before anyone notices.",Positive,hospital_admin (Hospital A),payer_masters where hospital_id = A and name = 'Niva Bupa Health' → 1 row,e2e/phase-02-settings/P2F.money.services-payers.spec.ts,
TC-P2F-054,"2F Services, Rates & Money",P1,Hospital A's payer masters are invisible to Hospital B,1) Sign in as the Hospital B administrator 2) Open /settings/payer-masters as Hospital B 3) Query payer_masters through the API with no hospital filter,Not one Hospital A payer row is returned.,,MOCK_DATA_BOOK Hospitals — Hospital A (Aarogya) and Hospital B (Sanjeevani),"Multi-tenancy, Insurance",Both QA tenants seeded,,,,,P2-Setup,Negotiated TPA terms are confidential commercial agreements. A hospital seeing a competitor's co-pay and ceiling terms gains a direct negotiating advantage over the same insurer.,Cross-Module,hospital_admin (Hospital B),payer_masters queried as the Hospital B admin → zero rows with hospital_id = A,e2e/phase-02-settings/P2F.money.services-payers.spec.ts,
TC-P2F-055,"2F Services, Rates & Money",P2,A receptionist cannot edit payer masters,1) Log in as receptionist (Hospital A) 2) Navigate directly to /settings/payer-masters,"The route is blocked — redirected away, or an explicit access-denied message.",,"MOCK_DATA_BOOK Staff logins — receptionist (Hospital A), Ms. Divya Sharma","Insurance, Billing",Tier 0 roles configured (Phase 1 §1E),,,,,P2-Setup,Reception selects a payer at admission but must not change its terms. Editing a co-pay downward would silently shift cost from the patient to the hospital on every subsequent claim.,RBAC,receptionist (Hospital A),None — route guard behaviour,e2e/phase-02-settings/P2F.money.services-payers.spec.ts,
TC-P2F-056,"2F Services, Rates & Money",P2,The Payer Masters screen loads with no red console errors,1) Open DevTools → Console 2) Open /settings/payer-masters 3) Create and edit a payer 4) Read the console,No red console text from the payer_masters read or write.,,MOCK_DATA_BOOK Phase 2 additions — Niva Bupa Health,Insurance,"Tier 0 complete (profile, departments, staff, roles, plan)",,,,,P2-Setup,"A failed write that only appears in the console leaves the insurance desk believing a panel is configured when it is not, and the failure surfaces at the next admission under that payer.",Positive,hospital_admin (Hospital A),None — console observation,e2e/phase-02-settings/P2F.money.services-payers.spec.ts,
TC-P2F-057,"2F Services, Rates & Money",P2,GST screen loads with the hospital GSTIN,1) Open /settings/gst 2) Read the GSTIN field,The GSTIN matches the value on Settings → Hospital Profile. No red console errors.,,MOCK_DATA_BOOK Hospital A — GSTIN 36AABCA1234F1Z5,"Billing, Accounts",Tier 0 complete; hospital GSTIN set on the profile,,,,,P2-Setup,"The GSTIN appears on two screens. If they can disagree, invoices carry one registration and the e-invoice request another, and the IRP rejects every submission.",Positive,hospital_admin (Hospital A),hospitals where id = A → gstin matches the value shown on /settings/gst,e2e/phase-02-settings/P2F.money.gst-approvals-razorpay.spec.ts,
TC-P2F-058,"2F Services, Rates & Money",P1,An invalid GSTIN is rejected on the GST screen too,"1) Open /settings/gst 2) Enter GSTIN ""36AAAAA0000A1Z"" (14 characters) 3) Save",The save is refused with a message naming the expected format.,,phase2.invalid.gstinTooShort (36AAAAA0000A1Z),"Billing, GST","Tier 0 complete (profile, departments, staff, roles, plan)",,,,,P2-Setup,Validation on one screen and not the other lets an invalid GSTIN in through the back door. It then turns on the HSN hard-block and fails at the IRP on the first real invoice.,Negative,hospital_admin (Hospital A),hospitals where id = A → gstin <> '36AAAAA0000A1Z',e2e/phase-02-settings/P2F.money.gst-approvals-razorpay.spec.ts,
TC-P2F-059,"2F Services, Rates & Money",P1,The state code matches the GSTIN prefix,1) Open /settings/gst 2) Read the State Code and the GSTIN 3) Compare the first two digits,The State Code is 36 and the GSTIN begins 36 — both Telangana.,,"MOCK_DATA_BOOK Hospitals — GSTIN state codes 36 Telangana, 27 Maharashtra","Billing, GST, Accounts","Tier 0 complete (profile, departments, staff, roles, plan)",,,,,P2-Setup,"MOCK_DATA_BOOK sets these codes deliberately so a wrong place-of-supply is detectable. A mismatch produces CGST/SGST where IGST is due, and the return has to be amended.",Cross-Module,hospital_admin (Hospital A),hospitals where id = A → gstin starts with the configured state code,e2e/phase-02-settings/P2F.money.gst-approvals-razorpay.spec.ts,
TC-P2F-060,"2F Services, Rates & Money",P2,Legal name and trade name save,1) Open /settings/gst 2) Enter a Legal Name and Trade Name 3) Save 4) Reload,Both persist after the reload.,,MOCK_DATA_BOOK Hospital A — Aarogya Multispecialty Hospital,"Billing, GST","Tier 0 complete (profile, departments, staff, roles, plan)",,,,,P2-Setup,The legal name on an e-invoice must match the GST registration exactly. A trade name that differs from the registered legal name is a rejection reason at the IRP.,Positive,hospital_admin (Hospital A),hospitals where id = A → legal and trade name recorded,e2e/phase-02-settings/P2F.money.gst-approvals-razorpay.spec.ts,
TC-P2F-061,"2F Services, Rates & Money",P2,The place of supply saves,1) Open /settings/gst 2) Set Place of Supply 3) Save 4) Reload,The place of supply persists after the reload.,,MOCK_DATA_BOOK Hospital A — Telangana,"Billing, GST","Tier 0 complete (profile, departments, staff, roles, plan)",,,,,P2-Setup,"Place of supply decides the CGST/SGST versus IGST split on every invoice. Wrong, and the hospital pays the right total to the wrong heads, which requires an amended return to correct.",Positive,hospital_admin (Hospital A),hospitals where id = A → place of supply recorded,e2e/phase-02-settings/P2F.money.gst-approvals-razorpay.spec.ts,
TC-P2F-062,"2F Services, Rates & Money",P1,The IRP credentials save,"1) Open /settings/gst 2) Enter IRP Username, Password, Client ID and Client Secret 3) Save 4) Reload",The credentials persist and the secret fields are not displayed in plain text after the reload.,,Literal sandbox IRP credentials — no production secret is used,"Billing, GST","Tier 0 complete (profile, departments, staff, roles, plan)",,,,,P2-Setup,"Without IRP credentials no e-invoice can be generated, so bills above the threshold cannot be issued legally. The secrets must also not be echoed back in plain text on a shared screen.",Positive,hospital_admin (Hospital A),"the API configuration row → IRP credentials stored, secrets masked in the UI",e2e/phase-02-settings/P2F.money.gst-approvals-razorpay.spec.ts,
TC-P2F-063,"2F Services, Rates & Money",P1,IRP secrets are never rendered in plain text,1) Open /settings/gst 2) Enter an IRP password and client secret 3) Save 4) Reload 5) Inspect the fields,The stored secrets render masked. The plain value does not appear in the DOM.,,Literal sandbox IRP credentials,"GST, Security","Tier 0 complete (profile, departments, staff, roles, plan)",,,,,P2-Setup,"These credentials authorise invoice generation under the hospital's GST registration. Rendered in plain text on a settings screen, anyone who walks past a logged-in terminal can copy them.",Negative,hospital_admin (Hospital A),None — inspects the rendered field type and DOM content,e2e/phase-02-settings/P2F.money.gst-approvals-razorpay.spec.ts,
TC-P2F-064,"2F Services, Rates & Money",P2,The IRP base URL saves,1) Open /settings/gst 2) Enter the sandbox base URL 3) Save 4) Reload,The base URL persists after the reload.,,Literal sandbox base URL https://einvoice1-uat.nic.in,"GST, Billing","Tier 0 complete (profile, departments, staff, roles, plan)",,,,,P2-Setup,Pointing at the wrong base URL sends real invoices to the sandbox — they appear to succeed and no legally valid IRN is ever generated.,Positive,hospital_admin (Hospital A),the API configuration row → IRP base URL recorded,e2e/phase-02-settings/P2F.money.gst-approvals-razorpay.spec.ts,
TC-P2F-065,"2F Services, Rates & Money",P1,"GST mode ""Sandbox"" saves","1) Open /settings/gst 2) Select Mode ""Sandbox"" 3) Save 4) Reload",The mode reads Sandbox after the reload.,,The Mode options on SettingsGSTPage — Sandbox,"GST, Billing","Tier 0 complete (profile, departments, staff, roles, plan)",,,,,P2-Setup,SETTINGS_PREREQ_MATRIX requires every new API integration to be tested in sandbox first. A mode that will not stay on Sandbox forces testing against the live IRP with real invoice numbers.,Positive,hospital_admin (Hospital A),the API configuration row → mode = sandbox,e2e/phase-02-settings/P2F.money.gst-approvals-razorpay.spec.ts,
TC-P2F-066,"2F Services, Rates & Money",P1,"GST mode ""Production"" saves","1) Open /settings/gst 2) Select Mode ""Production"" 3) Save 4) Reload",The mode reads Production after the reload.,,The Mode options on SettingsGSTPage — Production,"GST, Billing","Tier 0 complete (profile, departments, staff, roles, plan)",,,,,P2-Setup,Both modes must round-trip. A hospital stuck in sandbox generates invoices with no legal IRN and does not discover it until the GST return will not reconcile.,Positive,hospital_admin (Hospital A),the API configuration row → mode = production,e2e/phase-02-settings/P2F.money.gst-approvals-razorpay.spec.ts,
TC-P2F-067,"2F Services, Rates & Money",P1,Switching to Production warns that live invoices will be generated,1) Open /settings/gst 2) Switch Mode from Sandbox to Production 3) Read the screen,A warning states that live IRNs will be generated against the hospital's real GST registration.,,The Mode options on SettingsGSTPage,"GST, Billing","Tier 0 complete (profile, departments, staff, roles, plan)",,,,,P2-Setup,An IRN generated in production cannot be un-issued; it can only be cancelled within 24 hours. Flipping this toggle by accident during configuration creates real tax documents.,Boundary,hospital_admin (Hospital A),None — reads the mode-change warning,e2e/phase-02-settings/P2F.money.gst-approvals-razorpay.spec.ts,
TC-P2F-068,"2F Services, Rates & Money",P1,Setting the GSTIN turns on the HSN hard-block at bill finalisation,1) Set a valid GSTIN under /settings/gst 2) Ensure a service exists with no HSN 3) Attempt to finalise a bill containing that service,Finalisation is blocked with a message naming the line that lacks an HSN.,,"phase2.invalid.serviceWithoutHsn (SERV-PHYH, HSN blank)","Billing, GST, Services",Tier 0 complete; a service without an HSN exists,,,,,P2-Setup,"SETTINGS_PREREQ_MATRIX describes this as deliberate. The block is correct, but it must name the offending line — otherwise the billing clerk sees only ""cannot finalise"" with a patient waiting.",Cross-Module,hospital_admin (Hospital A),service_master rows lacking hsn_code → bill finalisation blocked with a named line,e2e/phase-02-settings/P2F.money.gst-approvals-razorpay.spec.ts,
TC-P2F-069,"2F Services, Rates & Money",P2,GST settings survive a hard reload,"1) Open /settings/gst 2) Save the GSTIN, state code and mode 3) Hard-reload 4) Re-read all three",All three values are still shown after the reload.,,"MOCK_DATA_BOOK Hospital A — GSTIN 36AABCA1234F1Z5, state 36","GST, Billing","Tier 0 complete (profile, departments, staff, roles, plan)",,,,,P2-Setup,"A false save here leaves the hospital believing e-invoicing is configured. The failure surfaces at the first invoice above the threshold, which is a legal filing obligation with a deadline.",Positive,hospital_admin (Hospital A),hospitals where id = A → GST configuration persists,e2e/phase-02-settings/P2F.money.gst-approvals-razorpay.spec.ts,
TC-P2F-070,"2F Services, Rates & Money",P1,Hospital A's GST configuration is invisible to Hospital B,1) Sign in as the Hospital B administrator 2) Open /settings/gst as Hospital B 3) Read the GSTIN,"Hospital B shows GSTIN 27AABTS5678K1Z9 — its own Maharashtra registration, never Hospital A's.",,MOCK_DATA_BOOK Hospitals — GSTIN 36 (Telangana) versus 27 (Maharashtra),"Multi-tenancy, GST, Billing",Both QA tenants seeded,,,,,P2-Setup,A GSTIN is a legal tax identity. One hospital raising invoices under another's registration is a tax offence with consequences for both parties.,Cross-Module,hospital_admin (Hospital B),hospitals queried as the Hospital B admin → zero rows for Hospital A,e2e/phase-02-settings/P2F.money.gst-approvals-razorpay.spec.ts,
TC-P2F-071,"2F Services, Rates & Money",P1,A billing executive cannot change the GST configuration,1) Log in as billing_executive (Hospital A) 2) Navigate directly to /settings/gst,"The route is blocked, or the IRP credentials are not rendered.",,"MOCK_DATA_BOOK Staff logins — billing_executive (Hospital A), Mr. Rajesh Gupta","GST, Billing, Security",Tier 0 roles configured (Phase 1 §1E),,,,,P2-Setup,Billing staff raise invoices; they must not hold the credentials that authorise invoice generation under the hospital's tax registration. Separating the two is a basic financial control.,RBAC,billing_executive (Hospital A),None — route guard behaviour,e2e/phase-02-settings/P2F.money.gst-approvals-razorpay.spec.ts,
TC-P2F-072,"2F Services, Rates & Money",P2,The GST screen loads with no red console errors,1) Open DevTools → Console 2) Open /settings/gst 3) Save the configuration 4) Read the console,"No red console text, and no credential value echoed into a console message.",,Literal sandbox IRP credentials,"GST, Security","Tier 0 complete (profile, departments, staff, roles, plan)",,,,,P2-Setup,No PHI or secret must ever appear in a console message. An IRP secret logged to the console is captured by any browser extension the hospital has installed.,Positive,hospital_admin (Hospital A),None — console observation,e2e/phase-02-settings/P2F.money.gst-approvals-razorpay.spec.ts,
TC-P2F-073,"2F Services, Rates & Money",P2,Approval Rules screen loads,1) Open /settings/approvals 2) Read the form,"The discount tiers, approver selectors and clinical approval toggles render. No red console errors.",,"MOCK_DATA_BOOK Discount approval rules — ≤20% auto, >20% admin, >50% admin + CFO","Billing, Quality, IPD","Tier 0 complete (profile, departments, staff, roles, plan)",,,,,P2-Setup,"SETTINGS_PREREQ_MATRIX is blunt about the failure mode: with no discount_approval_rules, EVERY discount auto-approves and there is no approval workflow at all.",Positive,hospital_admin (Hospital A),hospital_settings where hospital_id = A and key = discount rules → matches what is displayed,e2e/phase-02-settings/P2F.money.gst-approvals-razorpay.spec.ts,
TC-P2F-074,"2F Services, Rates & Money",P1,A discount approval tier saves,1) Open /settings/approvals 2) Set the tier-2 threshold to 20% 3) Save 4) Reload,The threshold persists at 20% after the reload.,,phase2.entry./settings/approvals — tier2Percent 20,"Billing, Accounts","Tier 0 complete (profile, departments, staff, roles, plan)",,,,,P2-Setup,"The threshold is the line between an auto-approved discount and one that needs a signature. Unsaved, it defaults to permitting everything, and a 50% discount is granted at the counter with no approval.",Positive,hospital_admin (Hospital A),hospital_settings → the discount tier threshold = 20,e2e/phase-02-settings/P2F.money.gst-approvals-razorpay.spec.ts,
TC-P2F-075,"2F Services, Rates & Money",P1,A discount threshold above 100 percent is refused,1) Open /settings/approvals 2) Set a threshold of 120% 3) Attempt to save,The save is refused with a message naming the 0–100 range.,,phase2.invalid.discountThresholdOver100 (120),Billing,"Tier 0 complete (profile, departments, staff, roles, plan)",,,,,P2-Setup,"A threshold above 100% can never be exceeded, so the approval tier below it becomes unreachable and every discount auto-approves — the exact failure the rules exist to prevent.",Boundary,hospital_admin (Hospital A),hospital_settings → no discount threshold above 100,e2e/phase-02-settings/P2F.money.gst-approvals-razorpay.spec.ts,
TC-P2F-076,"2F Services, Rates & Money",P1,A negative discount threshold is refused,1) Open /settings/approvals 2) Set a threshold of -5% 3) Attempt to save,The save is refused.,,phase2.invalid.gstPercentNegative (-5),Billing,"Tier 0 complete (profile, departments, staff, roles, plan)",,,,,P2-Setup,"A negative threshold is exceeded by every discount including zero, so every single bill would require approval and the billing counter stops.",Boundary,hospital_admin (Hospital A),hospital_settings → no discount threshold below 0,e2e/phase-02-settings/P2F.money.gst-approvals-razorpay.spec.ts,
TC-P2F-077,"2F Services, Rates & Money",P1,The three seeded discount tiers are ordered correctly,1) Open /settings/approvals 2) Read the tier thresholds 3) Confirm they ascend,"Tiers read ≤20% auto-approved, >20% needs hospital_admin, >50% needs hospital_admin and CFO — strictly ascending.",,MOCK_DATA_BOOK Discount approval rules — 20% and 50% thresholds,"Billing, Accounts","Tier 0 complete (profile, departments, staff, roles, plan)",,,,,P2-Setup,Out-of-order tiers make the higher approval unreachable. A 55% discount would match the 20% tier first and be approved by one signature instead of two.,Boundary,hospital_admin (Hospital A),hospital_settings → discount tiers ascend without overlap,e2e/phase-02-settings/P2F.money.gst-approvals-razorpay.spec.ts,
TC-P2F-078,"2F Services, Rates & Money",P1,The approver role for a tier saves,"1) Open /settings/approvals 2) Set ""Who can approve this tier"" for the >50% tier to hospital_admin and cfo 3) Save 4) Reload",Both approver roles persist after the reload.,,MOCK_DATA_BOOK Discount approval rules — >50% requires hospital_admin and cfo,"Billing, Accounts, RBAC","Tier 0 complete (profile, departments, staff, roles, plan)",,,,,P2-Setup,"Dual approval on a 55% discount is the control that stops one person writing off half a bill. If only one approver saves, the second signature is never requested.",Positive,hospital_admin (Hospital A),hospital_settings → the >50% tier lists both approver roles,e2e/phase-02-settings/P2F.money.gst-approvals-razorpay.spec.ts,
TC-P2F-079,"2F Services, Rates & Money",P1,A tier cannot be saved with no approver,1) Open /settings/approvals 2) Clear the approvers on a tier that requires approval 3) Attempt to save,The save is refused. A tier requiring approval must name at least one approver.,,None — deliberately clears the required approver list,Billing,"Tier 0 complete (profile, departments, staff, roles, plan)",,,,,P2-Setup,"A tier with no approver either blocks the discount forever or fails open and approves it automatically. Both are wrong, and which one happens is not obvious from this screen.",Negative,hospital_admin (Hospital A),hospital_settings → every approval tier names at least one approver,e2e/phase-02-settings/P2F.money.gst-approvals-razorpay.spec.ts,
TC-P2F-080,"2F Services, Rates & Money",P1,A discount below the threshold is auto-approved and audited,"1) Open /settings/approvals and confirm the tier-1 threshold is 20% 2) Open /billing, raise a bill and apply a 15% discount 3) Check the approval state and the audit row",The discount is auto-approved and an audit row records who applied it.,,MOCK_DATA_BOOK Values used across many tests — discount below threshold 15%,"Billing, Accounts, Audit",Tier 0 complete; approval rules configured,,,,,P2-Setup,"Auto-approval is correct below the threshold, but unaudited it means nobody can later see who granted a discount. MOCK_DATA_BOOK specifies an audit row is written even on auto-approval.",Cross-Module,hospital_admin (Hospital A),the discount audit row → written for a 15% auto-approved discount,e2e/phase-02-settings/P2F.money.gst-approvals-razorpay.spec.ts,
TC-P2F-081,"2F Services, Rates & Money",P1,A discount above the threshold requires administrator approval,"1) Open /settings/approvals and confirm the tier-2 threshold is 20% 2) Open /billing, raise a bill and apply a 35% discount 3) Observe the approval requirement",The discount is held pending hospital_admin approval and is not applied until approved.,,MOCK_DATA_BOOK Values used across many tests — discount above threshold 35%,"Billing, Accounts",Tier 0 complete; approval rules configured,,,,,P2-Setup,"This is the whole point of the rules. If a 35% discount applies without approval, the control exists only on the settings screen and not in the billing flow.",Cross-Module,hospital_admin (Hospital A),"the discount record → status pending, not applied, until approved",e2e/phase-02-settings/P2F.money.gst-approvals-razorpay.spec.ts,
TC-P2F-082,"2F Services, Rates & Money",P1,A discount above the upper tier requires two approvals,"1) Open /settings/approvals and confirm the tier-3 threshold is 50% 2) Open /billing, raise a bill and apply a 55% discount 3) Observe the approval requirement","The discount requires both hospital_admin and cfo approval, and one alone does not release it.",,MOCK_DATA_BOOK Values used across many tests — discount needing dual approval 55%,"Billing, Accounts",Tier 0 complete; approval rules configured,,,,,P2-Setup,"Dual approval is the control against a single person writing off more than half a bill. If one signature releases it, the second approver is decorative.",Cross-Module,hospital_admin (Hospital A),the discount record → remains pending until both approvals are recorded,e2e/phase-02-settings/P2F.money.gst-approvals-razorpay.spec.ts,
TC-P2F-083,"2F Services, Rates & Money",P2,The maximum discount amount saves alongside the percentage,1) Open /settings/approvals 2) Set a Maximum Amount for a tier 3) Save 4) Reload,The amount persists and is applied alongside the percentage cap.,,The Maximum Amount (₹) field on SettingsApprovalsPage,"Billing, Accounts","Tier 0 complete (profile, departments, staff, roles, plan)",,,,,P2-Setup,"A 15% discount is trivial on a ₹500 consultation and ₹5,250 on a ₹35,000 surgery. Without an absolute cap the percentage tier lets large write-offs through unapproved.",Positive,hospital_admin (Hospital A),hospital_settings → the tier maximum amount is recorded,e2e/phase-02-settings/P2F.money.gst-approvals-razorpay.spec.ts,
TC-P2F-084,"2F Services, Rates & Money",P2,Clinical approval toggles save,"1) Open /settings/approvals 2) Toggle Restricted Antibiotics, Blood Transfusion and LAMA 3) Save 4) Reload",All three toggles persist after the reload.,,The clinical approval toggles on SettingsApprovalsPage,"Pharmacy, Blood Bank, IPD, Quality","Tier 0 complete (profile, departments, staff, roles, plan)",,,,,P2-Setup,"Restricted-antibiotic approval is an antimicrobial stewardship control NABH expects, and LAMA requires a documented sign-off because the patient is leaving against advice. Neither can be enforced if the toggle does not persist.",Positive,hospital_admin (Hospital A),hospital_settings → all three clinical approval toggles persist,e2e/phase-02-settings/P2F.money.gst-approvals-razorpay.spec.ts,
TC-P2F-085,"2F Services, Rates & Money",P2,Approval rules survive a hard reload,1) Open /settings/approvals 2) Set the thresholds and approvers 3) Save 4) Hard-reload 5) Re-read,"Every threshold, approver and toggle is still set after the reload.",,MOCK_DATA_BOOK Discount approval rules — the three tiers,"Billing, Quality","Tier 0 complete (profile, departments, staff, roles, plan)",,,,,P2-Setup,A false save leaves the hospital believing approvals are enforced while every discount auto-approves. That is not a missing feature — it is a control the finance team believes exists and does not.,Positive,hospital_admin (Hospital A),hospital_settings → the discount rules key persists with all tiers,e2e/phase-02-settings/P2F.money.gst-approvals-razorpay.spec.ts,
TC-P2F-086,"2F Services, Rates & Money",P1,Hospital A's approval rules are invisible to Hospital B,1) Sign in as the Hospital B administrator 2) Open /settings/approvals as Hospital B 3) Query hospital_settings through the API with no hospital filter,Not one Hospital A approval-rules row is returned.,,MOCK_DATA_BOOK Hospitals — Hospital A (Aarogya) and Hospital B (Sanjeevani),"Multi-tenancy, Billing",Both QA tenants seeded,,,,,P2-Setup,"hospital_settings has no per-role RLS, so tenant isolation is the only protection this table has. One hospital reading another's discount thresholds learns its pricing latitude.",Cross-Module,hospital_admin (Hospital B),hospital_settings queried as the Hospital B admin → zero rows with hospital_id = A,e2e/phase-02-settings/P2F.money.gst-approvals-razorpay.spec.ts,
TC-P2F-087,"2F Services, Rates & Money",P1,A billing executive cannot change the approval thresholds,1) Log in as billing_executive (Hospital A) 2) Navigate directly to /settings/approvals,"The route is blocked — redirected away, or an explicit access-denied message.",,"MOCK_DATA_BOOK Staff logins — billing_executive (Hospital A), Mr. Rajesh Gupta","Billing, Accounts, Security",Tier 0 roles configured (Phase 1 §1E),,,,,P2-Setup,"The person applying discounts must not set the threshold above which approval is needed. Allowing it removes the control entirely, and the audit trail would show every discount as legitimately auto-approved.",RBAC,billing_executive (Hospital A),None — route guard behaviour,e2e/phase-02-settings/P2F.money.gst-approvals-razorpay.spec.ts,
TC-P2F-088,"2F Services, Rates & Money",P2,The Approval Rules screen loads with no red console errors,1) Open DevTools → Console 2) Open /settings/approvals 3) Save the rules 4) Read the console,No red console text from the hospital_settings upsert.,,MOCK_DATA_BOOK Discount approval rules — the three tiers,Billing,"Tier 0 complete (profile, departments, staff, roles, plan)",,,,,P2-Setup,"The rules are stored as a JSON blob under a hospital_settings key. A malformed blob rejected by Postgres would surface only here, while the UI reports the rules saved.",Positive,hospital_admin (Hospital A),None — console observation,e2e/phase-02-settings/P2F.money.gst-approvals-razorpay.spec.ts,
TC-P2F-089,"2F Services, Rates & Money",P2,Razorpay screen loads,1) Open /settings/razorpay 2) Read the form,"Mode, Key ID, Key Secret, UPI ID and the payment toggles render. No red console errors.",,"phase2.entry./settings/razorpay — keyId rzp_test_QA0000000000, mode Test Mode","Payments, Billing, Patient Portal","Tier 0 complete (profile, departments, staff, roles, plan)",,,,,P2-Setup,"SETTINGS_PREREQ_MATRIX warns that without Razorpay keys in api_configurations, payment links are dead. The patient receives a link that does nothing and the hospital never sees the money.",Positive,hospital_admin (Hospital A),api_configurations where hospital_id = A → the Razorpay row matches what is displayed,e2e/phase-02-settings/P2F.money.gst-approvals-razorpay.spec.ts,
TC-P2F-090,"2F Services, Rates & Money",P1,The Razorpay key ID and secret save,1) Open /settings/razorpay 2) Enter Key ID rzp_test_QA0000000000 and a test Key Secret 3) Save 4) Reload,The key ID persists and the secret is stored but rendered masked.,,phase2.entry./settings/razorpay — keyId rzp_test_QA0000000000 (test credentials only),"Payments, Billing","Tier 0 complete (profile, departments, staff, roles, plan)",,,,,P2-Setup,"Without both values no payment link can be generated. The secret must be stored but never re-displayed, because it authorises charges against the hospital's merchant account.",Positive,hospital_admin (Hospital A),api_configurations where hospital_id = A → Razorpay key_id = 'rzp_test_QA0000000000',e2e/phase-02-settings/P2F.money.gst-approvals-razorpay.spec.ts,
TC-P2F-091,"2F Services, Rates & Money",P1,The Razorpay key secret is never rendered in plain text,1) Open /settings/razorpay 2) Save a key secret 3) Reload 4) Inspect the field and the DOM,The secret renders masked and the plain value is not present in the DOM.,,phase2.entry./settings/razorpay — a test key secret,"Payments, Security","Tier 0 complete (profile, departments, staff, roles, plan)",,,,,P2-Setup,The key secret can authorise refunds and charges against the hospital's merchant account. Anyone who walks past a logged-in settings screen could copy it.,Negative,hospital_admin (Hospital A),None — inspects the rendered field type and DOM content,e2e/phase-02-settings/P2F.money.gst-approvals-razorpay.spec.ts,
TC-P2F-092,"2F Services, Rates & Money",P1,"Razorpay mode ""Test Mode"" saves",1) Open /settings/razorpay 2) Select Test Mode 3) Save 4) Reload,The mode reads Test Mode after the reload.,,phase2.entry./settings/razorpay — mode Test Mode,Payments,"Tier 0 complete (profile, departments, staff, roles, plan)",,,,,P2-Setup,SETTINGS_PREREQ_MATRIX requires sandbox testing before any integration goes live. A mode that will not hold on Test forces configuration testing against real card charges.,Positive,hospital_admin (Hospital A),api_configurations where hospital_id = A → Razorpay mode = test,e2e/phase-02-settings/P2F.money.gst-approvals-razorpay.spec.ts,
TC-P2F-093,"2F Services, Rates & Money",P1,"Razorpay mode ""Live Mode"" saves",1) Open /settings/razorpay 2) Select Live Mode 3) Save 4) Reload,The mode reads Live Mode after the reload.,,The Mode options on SettingsRazorpayPage — Live Mode,"Payments, Billing","Tier 0 complete (profile, departments, staff, roles, plan)",,,,,P2-Setup,"Both modes must round-trip. A hospital stuck in test mode takes payments that never settle, and discovers it when the bank reconciliation shows nothing arrived.",Positive,hospital_admin (Hospital A),api_configurations where hospital_id = A → Razorpay mode = live,e2e/phase-02-settings/P2F.money.gst-approvals-razorpay.spec.ts,
TC-P2F-094,"2F Services, Rates & Money",P1,A test key cannot be saved against Live Mode,1) Open /settings/razorpay 2) Select Live Mode 3) Enter a key ID beginning rzp_test_ 4) Save,The mismatch is flagged. A test key under Live Mode is refused or clearly warned about.,,phase2.entry./settings/razorpay — keyId rzp_test_QA0000000000 with Live Mode,"Payments, Billing","Tier 0 complete (profile, departments, staff, roles, plan)",,,,,P2-Setup,"A test key in live mode makes every payment link fail at the moment a patient tries to pay. The error surfaces to the patient, not to the hospital, and it looks like the hospital cannot take money.",Boundary,hospital_admin (Hospital A),api_configurations → a test key is not stored against live mode without a warning,e2e/phase-02-settings/P2F.money.gst-approvals-razorpay.spec.ts,
TC-P2F-095,"2F Services, Rates & Money",P2,The UPI ID saves for QR code generation,1) Open /settings/razorpay 2) Enter a UPI ID 3) Save 4) Reload,The UPI ID persists after the reload.,,Literal UPI ID hospital@upi (the placeholder the field suggests),"Payments, Billing","Tier 0 complete (profile, departments, staff, roles, plan)",,,,,P2-Setup,"UPI is how most Indian outpatients pay. A missing UPI ID means no QR code at the counter and the queue falls back to cash, which then has to be reconciled by hand at day closure.",Positive,hospital_admin (Hospital A),api_configurations where hospital_id = A → UPI ID recorded,e2e/phase-02-settings/P2F.money.gst-approvals-razorpay.spec.ts,
TC-P2F-096,"2F Services, Rates & Money",P2,A malformed UPI ID is rejected,"1) Open /settings/razorpay 2) Enter UPI ID ""hospital-upi"" with no @ 3) Attempt to save",The save is refused with a message naming the expected handle@provider format.,,Literal malformed UPI ID hospital-upi,Payments,"Tier 0 complete (profile, departments, staff, roles, plan)",,,,,P2-Setup,"A malformed UPI ID produces a QR code that no payment app can resolve. The patient scans it at the counter, it fails, and the queue stalls.",Negative,hospital_admin (Hospital A),api_configurations → no UPI ID stored without an @ separator,e2e/phase-02-settings/P2F.money.gst-approvals-razorpay.spec.ts,
TC-P2F-097,"2F Services, Rates & Money",P2,The part-payment and auto-receipt toggles save,1) Open /settings/razorpay 2) Toggle Allow Part Payments and Auto-send Receipt 3) Save 4) Reload,Both toggles persist after the reload.,,The Allow Part Payments and Auto-send Receipt toggles on SettingsRazorpayPage,"Payments, Billing","Tier 0 complete (profile, departments, staff, roles, plan)",,,,,P2-Setup,"Part payments are how a patient who cannot clear a bill at discharge pays in instalments. If the toggle does not persist, the counter can only take the full amount and the patient leaves owing with no record.",Positive,hospital_admin (Hospital A),api_configurations where hospital_id = A → both payment toggles persist,e2e/phase-02-settings/P2F.money.gst-approvals-razorpay.spec.ts,
TC-P2F-098,"2F Services, Rates & Money",P1,Hospital A's payment credentials are invisible to Hospital B,1) Sign in as the Hospital B administrator 2) Open /settings/razorpay as Hospital B 3) Query api_configurations through the API with no hospital filter,Not one Hospital A payment credential row is returned.,,MOCK_DATA_BOOK Hospitals — Hospital A (Aarogya) and Hospital B (Sanjeevani),"Multi-tenancy, Payments, Security",Both QA tenants seeded,,,,,P2-Setup,"A payment gateway key authorises charges and refunds against a merchant account. Leaking one across tenants lets a hospital take money into another hospital's account, or refund from it.",Cross-Module,hospital_admin (Hospital B),api_configurations queried as the Hospital B admin → zero rows with hospital_id = A,e2e/phase-02-settings/P2F.money.gst-approvals-razorpay.spec.ts,
TC-P2F-099,"2F Services, Rates & Money",P1,A billing executive cannot change the Razorpay credentials,1) Log in as billing_executive (Hospital A) 2) Navigate directly to /settings/razorpay,"The route is blocked, or the key fields are not rendered.",,"MOCK_DATA_BOOK Staff logins — billing_executive (Hospital A), Mr. Rajesh Gupta","Payments, Security",Tier 0 roles configured (Phase 1 §1E),,,,,P2-Setup,"Changing the merchant key redirects where patient payments settle. That is the single highest-value fraud target in the product, and billing staff have no reason to touch it.",RBAC,billing_executive (Hospital A),None — route guard behaviour,e2e/phase-02-settings/P2F.money.gst-approvals-razorpay.spec.ts,
TC-P2F-100,"2F Services, Rates & Money",P2,The Razorpay screen loads with no red console errors,1) Open DevTools → Console 2) Open /settings/razorpay 3) Save the configuration 4) Read the console,"No red console text, and no key or secret echoed into a console message.",,phase2.entry./settings/razorpay — test credentials only,"Payments, Security","Tier 0 complete (profile, departments, staff, roles, plan)",,,,,P2-Setup,A merchant secret logged to the console is captured by any browser extension the hospital has installed. No secret must ever appear in console output.,Positive,hospital_admin (Hospital A),None — console observation,e2e/phase-02-settings/P2F.money.gst-approvals-razorpay.spec.ts,
TC-P2G-001,2G Clinical Masters & Alerts,P2,Lab Test Master loads and lists the seeded tests,1) Log in as hospital_admin (Hospital A) 2) Open /settings/lab-tests 3) Read the test catalogue,"All fifteen seeded tests render, from Complete Blood Count through Blood Culture. No red console errors.",,MOCK_DATA_BOOK Lab test master — the fifteen seeded rows,"Lab, OPD, IPD, Billing","Tier 0 complete (profile, departments, staff, roles, plan)",,,,,P2-Setup,"SETTINGS_PREREQ_MATRIX warns the OPD→Lab handoff is an exact, case-insensitive match on lab_test_master.test_name. A test the doctor typed that is not in this catalogue is SILENTLY DROPPED from the order — the patient never gets the test.",Positive,hospital_admin (Hospital A),lab_test_master where hospital_id = A → 15 rows,e2e/phase-02-settings/P2G.clinical.lab-drugs.spec.ts,
TC-P2G-002,2G Clinical Masters & Alerts,P1,"A new lab test saves with its fee, unit, range and TAT","1) Open /settings/lab-tests 2) Add ""Serum Phosphorus"" code PHOS, sample Serum, fee 220, unit mg/dL, range 2.5-4.5, TAT 120 3) Save","A lab_test_master row exists with fee 220, unit mg/dL, normal_min 2.5, normal_max 4.5 and tat_minutes 120.",,MOCK_DATA_BOOK Phase 2 additions — Serum Phosphorus · PHOS · Serum · ₹220 · mg/dL · 2.5–4.5 · 120 min,"Lab, Billing, OPD","Tier 0 complete (profile, departments, staff, roles, plan)",,,,,P2-Setup,"This is the complete, correct row everything else is measured against. Each field drives a different downstream behaviour — fee bills, range flags abnormal, TAT drives the delay alert.",Positive,hospital_admin (Hospital A),"lab_test_master where hospital_id = A and code = 'PHOS' → fee = 220, normal_min = 2.5, normal_max = 4.5",e2e/phase-02-settings/P2G.clinical.lab-drugs.spec.ts,
TC-P2G-003,2G Clinical Masters & Alerts,P1,A lab test saved without a normal range cannot flag an abnormal result,"1) Open /settings/lab-tests 2) Add ""Serum Magnesium"" code MG, sample Serum, fee 240, unit mg/dL, leaving Normal Min and Max blank 3) Save 4) Inspect the row",The row saves but is visibly flagged as having no reference range. Results for it can never be marked abnormal.,,phase2.invalid.labTestWithoutRange (Serum Magnesium · MG · ₹240 · no range),"Lab, IPD, OPD","Tier 0 complete (profile, departments, staff, roles, plan)",,,,,P2-Setup,SETTINGS_PREREQ_MATRIX states it plainly: no normal range means no abnormal flag and NO CRITICAL ALERT. A dangerously abnormal magnesium would be reported as an unremarkable number and nobody would be paged.,Negative,hospital_admin (Hospital A),"lab_test_master where hospital_id = A and code = 'MG' → normal_min is null, normal_max is null, and the row is flagged",e2e/phase-02-settings/P2G.clinical.lab-drugs.spec.ts,
TC-P2G-004,2G Clinical Masters & Alerts,P1,A normal range with the minimum above the maximum is refused,1) Open /settings/lab-tests 2) Add a test with Normal Min 5.0 and Normal Max 2.0 3) Attempt to save,The save is refused with a message naming the range order.,,"phase2.invalid.normalRangeInverted (min 5.0, max 2.0)","Lab, IPD","Tier 0 complete (profile, departments, staff, roles, plan)",,,,,P2-Setup,"An inverted range matches nothing, so every result falls outside it — or inside it, depending on the comparison. Either way the abnormal flag becomes noise and clinicians stop trusting it.",Boundary,hospital_admin (Hospital A),lab_test_master where hospital_id = A → no row with normal_min > normal_max,e2e/phase-02-settings/P2G.clinical.lab-drugs.spec.ts,
TC-P2G-005,2G Clinical Masters & Alerts,P1,Critical low and high values save separately from the normal range,1) Open /settings/lab-tests 2) Open Serum Potassium 3) Set Critical High 6.0 4) Save 5) Reload,"The critical high persists at 6.0, distinct from the normal max of 5.1.",,MOCK_DATA_BOOK Phase 2 additions — Clinical Thresholds: Serum Potassium critical high 6.0,"Lab, IPD, Nursing, Emergency","Tier 0 complete (profile, departments, staff, roles, plan)",,,,,P2-Setup,Normal range flags a result as abnormal; critical value pages a doctor. Potassium of 5.5 is abnormal and 7.2 is a cardiac emergency — collapsing the two either floods the ward with alerts or misses the one that matters.,Positive,hospital_admin (Hospital A),"lab_test_master where hospital_id = A and code = 'K' → critical high = 6.0, normal_max = 5.1",e2e/phase-02-settings/P2G.clinical.lab-drugs.spec.ts,
TC-P2G-006,2G Clinical Masters & Alerts,P1,The critical potassium value fires an alert at 7.2,1) Open /settings/lab-tests and confirm Serum Potassium carries a normal range of 3.5–5.1 2) Open /lab and enter a result of 7.2 for a patient 3) Observe the alert,A critical alert fires immediately for the 7.2 result.,,MOCK_DATA_BOOK Values used across many tests — critical potassium 7.2 mEq/L,"Lab, IPD, Nursing, Emergency",Tier 0 complete; Serum Potassium configured with its range,,,,,P2-Setup,MOCK_DATA_BOOK names Serum Potassium as THE critical-value test and scenario P5-S07 enters 7.2 deliberately. A potassium of 7.2 causes fatal arrhythmia — an alert that does not fire is the most direct patient-safety failure in the lab module.,Cross-Module,hospital_admin (Hospital A),"lab_test_master where hospital_id = A and code = 'K' → normal 3.5–5.1, and a 7.2 result raises a critical alert",e2e/phase-02-settings/P2G.clinical.lab-drugs.spec.ts,
TC-P2G-007,2G Clinical Masters & Alerts,P2,Sex-specific reference ranges save independently,1) Open /settings/lab-tests 2) Open Haemoglobin 3) Set Male Min/Max and Female Min/Max to different values 4) Save 5) Reload,All four values persist independently of the default range.,,MOCK_DATA_BOOK Lab test master — Haemoglobin 13.0–17.0 g/dL,"Lab, OPD, IPD, ANC","Tier 0 complete (profile, departments, staff, roles, plan)",,,,,P2-Setup,"Haemoglobin normal ranges differ by sex, and applying the male range to a female patient flags healthy women as anaemic. In an obstetric unit that produces a stream of false alarms on every antenatal panel.",Positive,hospital_admin (Hospital A),lab_test_master where hospital_id = A and code = 'HB' → male and female ranges stored separately,e2e/phase-02-settings/P2G.clinical.lab-drugs.spec.ts,
TC-P2G-008,2G Clinical Masters & Alerts,P2,A lab test cannot be saved without a name,1) Open /settings/lab-tests 2) Click Add Test 3) Leave Test Name blank 4) Enter a code and fee 5) Attempt to save,The save is refused and no lab_test_master row is written.,,None — deliberately omits the required Test Name,"Lab, OPD","Tier 0 complete (profile, departments, staff, roles, plan)",,,,,P2-Setup,"The OPD→Lab handoff matches on test_name. A blank name matches nothing, so every order for it is silently dropped with only an amber banner counting the missing tests.",Negative,hospital_admin (Hospital A),lab_test_master where hospital_id = A and (test_name is null or test_name = '') → 0 rows,e2e/phase-02-settings/P2G.clinical.lab-drugs.spec.ts,
TC-P2G-009,2G Clinical Masters & Alerts,P2,A lab test cannot be saved without a code,1) Open /settings/lab-tests 2) Click Add Test 3) Enter a name but no Code 4) Attempt to save,The save is refused and no row is written.,,None — deliberately omits the required Code,"Lab, Billing","Tier 0 complete (profile, departments, staff, roles, plan)",,,,,P2-Setup,"The code is what appears on the sample label and the worklist. Without it the phlebotomist has an unlabelled tube, which is a specimen-identification error waiting to happen.",Negative,hospital_admin (Hospital A),lab_test_master where hospital_id = A → code is set on every row,e2e/phase-02-settings/P2G.clinical.lab-drugs.spec.ts,
TC-P2G-010,2G Clinical Masters & Alerts,P1,A lab test saved with no fee orders at zero rupees,1) Open /settings/lab-tests 2) Add a test leaving Fee blank 3) Save 4) Order the test and read the charge,"Either the fee is required, or the zero-fee state is visibly flagged. A test must not silently order at ₹0.",,None — deliberately omits the Fee on a new test,"Lab, Billing","Tier 0 complete (profile, departments, staff, roles, plan)",,,,,P2-Setup,"SETTINGS_PREREQ_MATRIX says a lab test without a fee is ordered at ₹0. The lab does the work, consumes the reagent, and bills nothing — and it only shows up in the monthly revenue variance.",Boundary,hospital_admin (Hospital A),lab_test_master where hospital_id = A → fee is set or the row is flagged as unpriced,e2e/phase-02-settings/P2G.clinical.lab-drugs.spec.ts,
TC-P2G-011,2G Clinical Masters & Alerts,P2,A duplicate lab test code is rejected,1) Open /settings/lab-tests 2) Create PHOS 3) Create a second test with the same code 4) Count the rows,Only one lab_test_master row carries PHOS for Hospital A.,,phase2.invalid — duplicate lab test code PHOS,"Lab, Billing","Tier 0 complete (profile, departments, staff, roles, plan)",,,,,P2-Setup,"Two tests sharing a code split the worklist and the result history, so a clinician comparing today's phosphorus against last month's may be reading two different tests.",Negative,hospital_admin (Hospital A),lab_test_master where hospital_id = A and code = 'PHOS' → exactly 1 row,e2e/phase-02-settings/P2G.clinical.lab-drugs.spec.ts,
TC-P2G-012,2G Clinical Masters & Alerts,P1,A duplicate test name is rejected because the OPD handoff matches on name,"1) Open /settings/lab-tests 2) Create a second test named ""Complete Blood Count"" 3) Count the rows",Only one test carries that name for Hospital A.,,MOCK_DATA_BOOK Lab test master — re-entering the seeded Complete Blood Count,"Lab, OPD","Tier 0 complete (profile, departments, staff, roles, plan)",,,,,P2-Setup,"The OPD→Lab handoff is an exact, case-insensitive match on test_name. Two rows with one name make the match ambiguous, and the order attaches to whichever the query returns first — with a different fee and a different reference range.",Negative,hospital_admin (Hospital A),lab_test_master where hospital_id = A and test_name = 'Complete Blood Count' → exactly 1 row,e2e/phase-02-settings/P2G.clinical.lab-drugs.spec.ts,
TC-P2G-013,2G Clinical Masters & Alerts,P2,The sample type saves,1) Open /settings/lab-tests 2) Set Sample Type to Serum on a test 3) Save 4) Reload,The sample type persists after the reload.,,"MOCK_DATA_BOOK Lab test master — sample types EDTA Blood, Fluoride, Serum, Urine, Culture Bottle","Lab, Nursing","Tier 0 complete (profile, departments, staff, roles, plan)",,,,,P2-Setup,"SETTINGS_PREREQ_MATRIX warns that without matching sample types, sample rows cannot be grouped for collection. The phlebotomist then draws a separate tube per test instead of one per sample type.",Positive,hospital_admin (Hospital A),lab_test_master where hospital_id = A → sample_type set on every row,e2e/phase-02-settings/P2G.clinical.lab-drugs.spec.ts,
TC-P2G-014,2G Clinical Masters & Alerts,P2,The turnaround time saves and drives the delay expectation,1) Open /settings/lab-tests 2) Set TAT to 120 minutes on Serum Phosphorus 3) Save 4) Reload,tat_minutes = 120 after the reload.,,MOCK_DATA_BOOK Phase 2 additions — Serum Phosphorus TAT 120 min,"Lab, IPD, Quality","Tier 0 complete (profile, departments, staff, roles, plan)",,,,,P2-Setup,"TAT is what a delay alert measures against, and Blood Culture at 4,320 minutes versus Haemoglobin at 60 shows why one global default cannot work. Without a per-test TAT every result looks either instantly late or never late.",Positive,hospital_admin (Hospital A),lab_test_master where hospital_id = A and code = 'PHOS' → tat_minutes = 120,e2e/phase-02-settings/P2G.clinical.lab-drugs.spec.ts,
TC-P2G-015,2G Clinical Masters & Alerts,P3,The test method saves,1) Open /settings/lab-tests 2) Enter a Method such as ELISA on a test 3) Save 4) Reload,The method persists after the reload.,,Literal method ELISA (the placeholder the field itself suggests),"Lab, Quality","Tier 0 complete (profile, departments, staff, roles, plan)",,,,,P2-Setup,"NABL requires the analytical method to appear on the report, because a reference range is only meaningful against the method that produced it.",Positive,hospital_admin (Hospital A),lab_test_master where hospital_id = A → method recorded where entered,e2e/phase-02-settings/P2G.clinical.lab-drugs.spec.ts,
TC-P2G-016,2G Clinical Masters & Alerts,P1,A lab test group saves with its own package fee,"1) Open /settings/lab-tests 2) Create group ""Renal Panel"" at ₹650 containing CREAT, UREA, K and PHOS 3) Save",A lab_test_groups row exists at 650 with four lab_test_group_items.,,"MOCK_DATA_BOOK Phase 2 additions — Renal Panel ₹650 (CREAT + UREA + K + PHOS, individual sum ₹750)","Lab, Billing",Tier 0 complete; the four member tests exist,,,,,P2-Setup,"The group price is ₹650 against an individual sum of ₹750. SETTINGS_PREREQ_MATRIX warns that without the group fee, panel orders bill as the sum of individual tests — so the patient is over-charged ₹100 on every renal panel.",Positive,hospital_admin (Hospital A),"lab_test_groups where hospital_id = A and name = 'Renal Panel' → fee = 650, 4 member items",e2e/phase-02-settings/P2G.clinical.lab-drugs.spec.ts,
TC-P2G-017,2G Clinical Masters & Alerts,P1,The group price wins over the sum of its members,"1) Open /settings/lab-tests and confirm Fever Panel is ₹1,100 while its members sum to ₹1,300 2) Order the Fever Panel from /opd 3) Read the charge","The order bills ₹1,100 — the group rate — not ₹1,300.",,"MOCK_DATA_BOOK Lab test group — Fever Panel ₹1,100 (CBC + Urine Routine + Dengue NS1, sum ₹1,300)","Lab, Billing",Tier 0 complete; the Fever Panel group exists,,,,,P2-Setup,MOCK_DATA_BOOK calls this scenario P5-S04 by name. The ₹200 gap between group and sum exists precisely so the wrong behaviour is detectable — and a patient charged the sum is being over-billed on a package the hospital advertised.,Cross-Module,hospital_admin (Hospital A),lab_test_groups where hospital_id = A and name = 'Fever Panel' → fee = 1100 while members sum to 1300,e2e/phase-02-settings/P2G.clinical.lab-drugs.spec.ts,
TC-P2G-018,2G Clinical Masters & Alerts,P2,A test group cannot be saved with no members,1) Open /settings/lab-tests 2) Create a group with a name and fee but no member tests 3) Attempt to save,"The save is refused, or the empty group is visibly flagged.",,None — deliberately omits the group members,"Lab, Billing","Tier 0 complete (profile, departments, staff, roles, plan)",,,,,P2-Setup,"An empty panel bills the package fee and orders nothing. The patient pays ₹1,100 and no sample is ever collected.",Negative,hospital_admin (Hospital A),lab_test_groups where hospital_id = A → every group has at least one member item,e2e/phase-02-settings/P2G.clinical.lab-drugs.spec.ts,
TC-P2G-019,2G Clinical Masters & Alerts,P2,A test can be added to and removed from a group,1) Open /settings/lab-tests 2) Add a test to Renal Panel 3) Remove it 4) Check the member count each time,lab_test_group_items reflects both the addition and the removal.,,MOCK_DATA_BOOK Phase 2 additions — Renal Panel members,"Lab, Billing","Tier 0 complete (profile, departments, staff, roles, plan)",,,,,P2-Setup,Panel composition changes as protocols change. A member that cannot be removed means a discontinued test keeps being ordered and billed inside every panel.,Positive,hospital_admin (Hospital A),lab_test_group_items for Renal Panel → count reflects each change,e2e/phase-02-settings/P2G.clinical.lab-drugs.spec.ts,
TC-P2G-020,2G Clinical Masters & Alerts,P2,Bulk fee setting applies to the selected tests,"1) Open /settings/lab-tests 2) Select several tests 3) Use ""Set all to (₹)"" with a value 4) Save",Every selected test carries the new fee and none of the unselected ones changed.,,MOCK_DATA_BOOK Lab test master — the fifteen seeded fees,"Lab, Billing","Tier 0 complete (profile, departments, staff, roles, plan)",,,,,P2-Setup,"A lab revising its rate card does it in bulk. A bulk action that silently includes unselected tests would reprice the whole catalogue, and nobody would notice until a patient queried a bill.",Positive,hospital_admin (Hospital A),lab_test_master → only the selected rows changed fee,e2e/phase-02-settings/P2G.clinical.lab-drugs.spec.ts,
TC-P2G-021,2G Clinical Masters & Alerts,P2,The category filter is fed by the lab_test_categories config list,1) Add a value under /settings/config-values?cat=lab_test_categories 2) Open /settings/lab-tests 3) Open the Category filter,The new category appears in the filter on this screen.,,phase2.dropdowns.configValueCategories — lab_test_categories,"Lab, Configurable Dropdowns","Tier 0 complete (profile, departments, staff, roles, plan)",,,,,P2-Setup,MOCK_DATA_BOOK singles this list out because it ripples into a second screen. A category that saves under Dropdowns and never appears here is the silent inconsistency this phase exists to catch.,Cross-Module,hospital_admin (Hospital A),hospital_config_values category = lab_test_categories → offered on /settings/lab-tests,e2e/phase-02-settings/P2G.clinical.lab-drugs.spec.ts,
TC-P2G-022,2G Clinical Masters & Alerts,P3,Searching filters the test catalogue,"1) Open /settings/lab-tests 2) Type ""CBC"" into the search box 3) Read the results",Only matching tests remain listed.,,MOCK_DATA_BOOK Lab test master — Complete Blood Count (CBC),Lab,"Tier 0 complete (profile, departments, staff, roles, plan)",,,,,P2-Setup,"A working lab catalogue runs to hundreds of tests. Without search, editing one fee means scrolling the whole list and the wrong row gets edited.",Positive,hospital_admin (Hospital A),None — client-side filter,e2e/phase-02-settings/P2G.clinical.lab-drugs.spec.ts,
TC-P2G-023,2G Clinical Masters & Alerts,P1,A new lab test appears as a chip in the OPD Rx tab,"1) Add ""Serum Phosphorus"" under /settings/lab-tests 2) Open the OPD consultation workspace 3) Open the Rx tab 4) Look for the lab chips",Serum Phosphorus is offered as a lab chip in the OPD Rx tab.,,MOCK_DATA_BOOK Phase 2 additions — Serum Phosphorus,"OPD, Lab",Tier 0 complete; drug_master rows exist so the Rx tab renders,,,,,P2-Setup,"SETTINGS_PREREQ_MATRIX warns that with no lab_test_master rows the lab chips in the Rx tab are EMPTY. A doctor who cannot pick a test writes it as free text, and the exact-name match then silently drops it from the order.",Cross-Module,hospital_admin (Hospital A),lab_test_master where hospital_id = A and code = 'PHOS' → offered as a chip in the OPD Rx tab,e2e/phase-02-settings/P2G.clinical.lab-drugs.spec.ts,
TC-P2G-024,2G Clinical Masters & Alerts,P1,"A test the doctor types that is not in the catalogue is reported, not silently dropped",1) Open /opd and in the Rx tab type a test name that does not exist in lab_test_master 2) Save the prescription 3) Read the lab order and any banner,"An amber banner names how many prescribed tests were not found, and ideally which ones.",,"Literal unmatched test name ""QA Nonexistent Assay""","OPD, Lab","Tier 0 complete (profile, departments, staff, roles, plan)",,,,,P2-Setup,"SETTINGS_PREREQ_MATRIX flags this in red: the unmatched test is SILENTLY DROPPED and the only signal is a banner counting them. If the banner does not name the test, the doctor cannot tell which one vanished and the patient goes without it.",Negative,hospital_admin (Hospital A),"the lab order → unmatched tests are surfaced by name, not merely counted",e2e/phase-02-settings/P2G.clinical.lab-drugs.spec.ts,
TC-P2G-025,2G Clinical Masters & Alerts,P2,Editing a lab test fee persists,1) Open /settings/lab-tests 2) Change a test fee 3) Save 4) Reload,The new fee is shown after the reload.,,MOCK_DATA_BOOK Lab test master — the seeded fees,"Lab, Billing","Tier 0 complete (profile, departments, staff, roles, plan)",,,,,P2-Setup,Reagent costs change and the rate card follows. An edit that does not persist means the lab bills last year's price on a test whose cost has risen.,Positive,hospital_admin (Hospital A),lab_test_master where hospital_id = A → the edited fee persists,e2e/phase-02-settings/P2G.clinical.lab-drugs.spec.ts,
TC-P2G-026,2G Clinical Masters & Alerts,P2,A lab test can be deactivated without being deleted,1) Open /settings/lab-tests 2) Deactivate a test 3) Reload,The test is marked inactive and the row still exists.,,MOCK_DATA_BOOK Phase 2 additions — Serum Phosphorus,"Lab, MRD","Tier 0 complete (profile, departments, staff, roles, plan)",,,,,P2-Setup,A discontinued test must stop being orderable while every historical result stays attached to it. Deleting would orphan years of results a clinician may need to compare against.,Positive,hospital_admin (Hospital A),lab_test_master → the row is inactive and still present,e2e/phase-02-settings/P2G.clinical.lab-drugs.spec.ts,
TC-P2G-027,2G Clinical Masters & Alerts,P1,A saved lab test survives a hard reload,1) Open /settings/lab-tests 2) Create Serum Phosphorus 3) Hard-reload 4) Locate the test,"The test is still listed with its fee, range and TAT intact.",,MOCK_DATA_BOOK Phase 2 additions — Serum Phosphorus,"Lab, OPD","Tier 0 complete (profile, departments, staff, roles, plan)",,,,,P2-Setup,"A false save here means the test is missing from the catalogue, and the exact-name match then silently drops every order a doctor writes for it.",Positive,hospital_admin (Hospital A),lab_test_master where hospital_id = A and code = 'PHOS' → 1 row,e2e/phase-02-settings/P2G.clinical.lab-drugs.spec.ts,
TC-P2G-028,2G Clinical Masters & Alerts,P1,Hospital A's lab catalogue is invisible to Hospital B,1) Sign in as the Hospital B administrator 2) Open /settings/lab-tests as Hospital B 3) Query lab_test_master through the API with no hospital filter,Not one Hospital A lab test is returned.,,MOCK_DATA_BOOK Hospitals — Hospital A (Aarogya) and Hospital B (Sanjeevani),"Multi-tenancy, Lab",Both QA tenants seeded,,,,,P2-Setup,"Test fees are a competitive rate card, and reference ranges are method-specific. One hospital inheriting another's ranges would flag results against the wrong baseline.",Cross-Module,hospital_admin (Hospital B),lab_test_master queried as the Hospital B admin → zero rows with hospital_id = A,e2e/phase-02-settings/P2G.clinical.lab-drugs.spec.ts,
TC-P2G-029,2G Clinical Masters & Alerts,P1,A receptionist cannot edit the lab catalogue,1) Log in as receptionist (Hospital A) 2) Navigate directly to /settings/lab-tests,"The route is blocked — redirected away, or an explicit access-denied message.",,"MOCK_DATA_BOOK Staff logins — receptionist (Hospital A), Ms. Divya Sharma","Lab, Billing",Tier 0 roles configured (Phase 1 §1E),,,,,P2-Setup,"Reference ranges are a clinical safety parameter and fees are money. Neither belongs to the front desk, and a widened range would suppress abnormal flags hospital-wide.",RBAC,receptionist (Hospital A),None — route guard behaviour,e2e/phase-02-settings/P2G.clinical.lab-drugs.spec.ts,
TC-P2G-030,2G Clinical Masters & Alerts,P2,The Lab Test Master screen loads with no red console errors,1) Open DevTools → Console 2) Open /settings/lab-tests 3) Create a test and a group 4) Read the console,"No red console text from the lab_test_master, lab_test_groups or lab_test_group_items writes.",,MOCK_DATA_BOOK Phase 2 additions — Serum Phosphorus and Renal Panel,Lab,"Tier 0 complete (profile, departments, staff, roles, plan)",,,,,P2-Setup,"Creating a group writes to two tables. A failure on the items write leaves a priced group with no members, which bills the package fee and orders nothing.",Positive,hospital_admin (Hospital A),None — console observation,e2e/phase-02-settings/P2G.clinical.lab-drugs.spec.ts,
TC-P2G-031,2G Clinical Masters & Alerts,P2,Drug Formulary loads and lists the seeded drugs,1) Open /settings/drugs 2) Read the formulary,"All twenty seeded drugs render, from Dolo 650 through Normal Saline. No red console errors.",,MOCK_DATA_BOOK Drug master — the twenty seeded rows,"Pharmacy, OPD, IPD, Emergency","Tier 0 complete (profile, departments, staff, roles, plan)",,,,,P2-Setup,SETTINGS_PREREQ_MATRIX puts drug_master first among pharmacy prerequisites: without it there is nothing to dispense and drug search returns nothing.,Positive,hospital_admin (Hospital A),drug_master where hospital_id = A → 20 rows,e2e/phase-02-settings/P2G.clinical.lab-drugs.spec.ts,
TC-P2G-032,2G Clinical Masters & Alerts,P1,"A new drug saves with its generic name, form, strength and MRP","1) Open /settings/drugs 2) Add ""Nefrosave"", generic N-Acetylcysteine + Taurine, Tablet, 600mg, Schedule H, MRP 210, GST 12 3) Save",A drug_master row exists with those values.,,MOCK_DATA_BOOK Phase 2 additions — Nefrosave · N-Acetylcysteine + Taurine · Tablet · 600mg · Schedule H · ₹210 · 12%,"Pharmacy, OPD, IPD","Tier 0 complete (profile, departments, staff, roles, plan)",,,,,P2-Setup,The generic name is what the interaction and allergy checks match on. A drug saved without it is invisible to the safety checks even though it dispenses normally.,Positive,hospital_admin (Hospital A),"drug_master where hospital_id = A and brand = 'Nefrosave' → mrp = 210, schedule = 'H'",e2e/phase-02-settings/P2G.clinical.lab-drugs.spec.ts,
TC-P2G-033,2G Clinical Masters & Alerts,P1,A drug with no batch is invisible to the dispenser,"1) Create ""Nefrosave"" under /settings/drugs with no stock batch 2) Open the pharmacy dispensing screen 3) Search for Nefrosave","The drug does not appear as dispensable, and the reason is clear — no batch, not ""no such drug"".",,"MOCK_DATA_BOOK Phase 2 additions — Nefrosave, created with NO batch","Pharmacy, IPD","Tier 0 complete (profile, departments, staff, roles, plan)",,,,,P2-Setup,SETTINGS_PREREQ_MATRIX is explicit: a drug with no batch is invisible to the dispenser and no stock decrement happens. MOCK_DATA_BOOK creates Nefrosave without a batch deliberately to prove it. A pharmacist who cannot find a drug they know exists assumes the system is broken.,Cross-Module,hospital_admin (Hospital A),"drug_master where hospital_id = A and brand = 'Nefrosave' → 1 row, drug_batches → 0 rows for it",e2e/phase-02-settings/P2G.clinical.lab-drugs.spec.ts,
TC-P2G-034,2G Clinical Masters & Alerts,P2,"Drug schedule ""OTC"" saves and survives a reload","1) Open /settings/drugs 2) Set Drug Schedule to ""OTC"" on a drug (e.g. Dolo 650) 3) Save 4) Reload and re-read the schedule","drug_master.schedule = 'OTC' and the value still reads ""OTC"" after the reload.",,MOCK_DATA_BOOK Drug master — Dolo 650 (Schedule OTC),"Pharmacy, NDPS, Quality","Tier 0 complete (profile, departments, staff, roles, plan)",,,,,P2-Setup,The schedule decides which register a dispense is written into and whether a prescription is legally required. Each value is tested separately because one mis-stored schedule moves a drug into the wrong statutory register. Schedule OTC is sold without a prescription — the control that must NOT fire.,Positive,hospital_admin (Hospital A),drug_master where hospital_id = A → schedule = 'OTC' on the Dolo 650 row,e2e/phase-02-settings/P2G.clinical.lab-drugs.spec.ts,
TC-P2G-035,2G Clinical Masters & Alerts,P2,"Drug schedule ""H"" saves and survives a reload","1) Open /settings/drugs 2) Set Drug Schedule to ""H"" on a drug (e.g. Augmentin 625) 3) Save 4) Reload and re-read the schedule","drug_master.schedule = 'H' and the value still reads ""H"" after the reload.",,MOCK_DATA_BOOK Drug master — Augmentin 625 (Schedule H),"Pharmacy, NDPS, Quality","Tier 0 complete (profile, departments, staff, roles, plan)",,,,,P2-Setup,The schedule decides which register a dispense is written into and whether a prescription is legally required. Each value is tested separately because one mis-stored schedule moves a drug into the wrong statutory register. Schedule H is prescription-only; the register a drug inspector asks for first.,Positive,hospital_admin (Hospital A),drug_master where hospital_id = A → schedule = 'H' on the Augmentin 625 row,e2e/phase-02-settings/P2G.clinical.lab-drugs.spec.ts,
TC-P2G-036,2G Clinical Masters & Alerts,P1,"Drug schedule ""H1"" saves and survives a reload","1) Open /settings/drugs 2) Set Drug Schedule to ""H1"" on a drug (e.g. Tramadol 50) 3) Save 4) Reload and re-read the schedule","drug_master.schedule = 'H1' and the value still reads ""H1"" after the reload.",,MOCK_DATA_BOOK Drug master — Tramadol 50 (Schedule H1),"Pharmacy, NDPS, Quality","Tier 0 complete (profile, departments, staff, roles, plan)",,,,,P2-Setup,"The schedule decides which register a dispense is written into and whether a prescription is legally required. Each value is tested separately because one mis-stored schedule moves a drug into the wrong statutory register. Schedule H1 is a separate bound register with patient details, retained three years.",Positive,hospital_admin (Hospital A),drug_master where hospital_id = A → schedule = 'H1' on the Tramadol 50 row,e2e/phase-02-settings/P2G.clinical.lab-drugs.spec.ts,
TC-P2G-037,2G Clinical Masters & Alerts,P1,"Drug schedule ""NDPS"" saves and survives a reload","1) Open /settings/drugs 2) Set Drug Schedule to ""NDPS"" on a drug (e.g. Morphine Sulphate) 3) Save 4) Reload and re-read the schedule","drug_master.schedule = 'NDPS' and the value still reads ""NDPS"" after the reload.",,MOCK_DATA_BOOK Drug master — Morphine Sulphate (Schedule NDPS),"Pharmacy, NDPS, Quality","Tier 0 complete (profile, departments, staff, roles, plan)",,,,,P2-Setup,"The schedule decides which register a dispense is written into and whether a prescription is legally required. Each value is tested separately because one mis-stored schedule moves a drug into the wrong statutory register. Schedule NDPS is narcotic — dual sign-off, and a discrepancy is a criminal matter.",Positive,hospital_admin (Hospital A),drug_master where hospital_id = A → schedule = 'NDPS' on the Morphine Sulphate row,e2e/phase-02-settings/P2G.clinical.lab-drugs.spec.ts,
TC-P2G-038,2G Clinical Masters & Alerts,P1,An NDPS drug requires dual sign-off at dispensing,1) Open /settings/drugs and confirm Morphine Sulphate carries schedule NDPS 2) Open /pharmacy and attempt to dispense it 3) Observe the sign-off requirement,Dispensing requires two authorised signatures before it can complete.,,"MOCK_DATA_BOOK Drug master — Morphine Sulphate (NDPS), batch QA-MOR-A","Pharmacy, NDPS, Quality",Tier 0 complete; the NDPS drug and its batch exist,,,,,P2-Setup,"The NDPS Act requires dual authorisation and a bound register for narcotics. A discrepancy in the narcotic register is a criminal matter for the pharmacist personally, not a reconciliation problem.",Cross-Module,hospital_admin (Hospital A),"drug_master where hospital_id = A and brand = 'Morphine Sulphate' → schedule = 'NDPS', dispense requires dual sign-off",e2e/phase-02-settings/P2G.clinical.lab-drugs.spec.ts,
TC-P2G-039,2G Clinical Masters & Alerts,P2,A drug cannot be saved without a name,1) Open /settings/drugs 2) Leave Drug Name blank 3) Enter a generic and MRP 4) Attempt to save,The save is refused and no drug_master row is written.,,None — deliberately omits the required Drug Name,"Pharmacy, OPD","Tier 0 complete (profile, departments, staff, roles, plan)",,,,,P2-Setup,"An unnamed drug appears as a blank option in the prescription picker, so a doctor selects it by accident and the order reaches the pharmacy naming nothing.",Negative,hospital_admin (Hospital A),drug_master where hospital_id = A and (brand is null or brand = '') → 0 rows,e2e/phase-02-settings/P2G.clinical.lab-drugs.spec.ts,
TC-P2G-040,2G Clinical Masters & Alerts,P1,A drug saved without a generic name is flagged,1) Open /settings/drugs 2) Add a drug with a brand name but no Generic Name 3) Save 4) Inspect the row,"Either the generic is required, or the row is visibly flagged as excluded from interaction checking.",,None — deliberately omits the Generic Name,"Pharmacy, OPD, IPD","Tier 0 complete (profile, departments, staff, roles, plan)",,,,,P2-Setup,"Drug interaction and allergy checks match on the generic, not the brand. A drug with no generic dispenses normally and is invisible to every safety check — a penicillin-allergic patient could be given it with no warning.",Negative,hospital_admin (Hospital A),"drug_master where hospital_id = A → generic is set, or the row is flagged as unchecked",e2e/phase-02-settings/P2G.clinical.lab-drugs.spec.ts,
TC-P2G-041,2G Clinical Masters & Alerts,P1,A penicillin-class drug is matched to a recorded penicillin allergy,1) Open /settings/drugs and confirm Augmentin 625 carries generic Amoxicillin + Clavulanate 2) Open /opd and prescribe it for the penicillin-allergic patient PT-QA-0011 3) Observe the alert,An allergy contraindication alert fires and blocks or hard-warns before the prescription is saved.,,MOCK_DATA_BOOK Patients — PT-QA-0011 Fatima Begum (ALLERGY: Penicillin); Drug master — Augmentin 625,"Pharmacy, OPD, IPD",Tier 0 complete; the drug and the allergic patient exist,,,,,P2-Setup,MOCK_DATA_BOOK seeds a penicillin-allergic patient and the allergy-block drug together for exactly this. Drug interaction checks must be real and never mocked — an anaphylactic reaction to a drug the system knew about is the worst outcome this product can produce.,Cross-Module,hospital_admin (Hospital A),"drug_master where hospital_id = A and brand = 'Augmentin 625' → generic contains Amoxicillin, and the allergy alert fires",e2e/phase-02-settings/P2G.clinical.lab-drugs.spec.ts,
TC-P2G-042,2G Clinical Masters & Alerts,P2,The drug MRP saves and renders as currency,1) Open /settings/drugs 2) Set MRP 210 on Nefrosave 3) Save 4) Read the displayed price,The MRP stores as 210.00 and renders as ₹210.00.,,MOCK_DATA_BOOK Phase 2 additions — Nefrosave ₹210.00,"Pharmacy, Billing","Tier 0 complete (profile, departments, staff, roles, plan)",,,,,P2-Setup,"MRP is a legally printed maximum. Billing above it is an offence, so the stored value has to be exact and the display has to be unambiguous at the counter.",Positive,hospital_admin (Hospital A),drug_master where hospital_id = A and brand = 'Nefrosave' → mrp = 210,e2e/phase-02-settings/P2G.clinical.lab-drugs.spec.ts,
TC-P2G-043,2G Clinical Masters & Alerts,P2,Drug GST saves at the pharmacy slabs,1) Open /settings/drugs 2) Save drugs at GST 5% and 12% 3) Check both stored values,Both slabs store exactly.,,"MOCK_DATA_BOOK Drug master — Human Mixtard 30/70 at 5%, the rest at 12%","Pharmacy, Billing, GST","Tier 0 complete (profile, departments, staff, roles, plan)",,,,,P2-Setup,"Insulin is 5% and most other drugs are 12%. The seeded data mixes them deliberately, so a single hardcoded rate would over-charge tax on every insulin sale.",Boundary,hospital_admin (Hospital A),drug_master where hospital_id = A → gst values 5 and 12 both persist,e2e/phase-02-settings/P2G.clinical.lab-drugs.spec.ts,
TC-P2G-044,2G Clinical Masters & Alerts,P2,Drug routes save as a list,"1) Open /settings/drugs 2) Enter Routes ""oral, IV"" on a drug 3) Save 4) Reload","Both routes persist as separate values, not as one string.",,"MOCK_DATA_BOOK Config values — drug routes Oral, IV","Pharmacy, OPD, IPD","Tier 0 complete (profile, departments, staff, roles, plan)",,,,,P2-Setup,"A drug available by more than one route needs both offered at prescribing. Stored as a single blob, the picker offers ""oral, IV"" as one nonsensical option.",Positive,hospital_admin (Hospital A),drug_master where hospital_id = A → routes stored as a list,e2e/phase-02-settings/P2G.clinical.lab-drugs.spec.ts,
TC-P2G-045,2G Clinical Masters & Alerts,P2,The drug form and strength save,1) Open /settings/drugs 2) Set Form Tablet and Strength 600mg 3) Save 4) Reload,Both persist after the reload.,,MOCK_DATA_BOOK Phase 2 additions — Nefrosave Tablet 600mg,"Pharmacy, OPD, IPD","Tier 0 complete (profile, departments, staff, roles, plan)",,,,,P2-Setup,Form and strength are how a nurse confirms she is holding the right preparation. Paracetamol 650mg tablet and 125mg/5ml syrup are the same generic and very different doses.,Positive,hospital_admin (Hospital A),"drug_master where hospital_id = A and brand = 'Nefrosave' → form = 'Tablet', strength = '600mg'",e2e/phase-02-settings/P2G.clinical.lab-drugs.spec.ts,
TC-P2G-046,2G Clinical Masters & Alerts,P2,A duplicate drug brand name is rejected,1) Open /settings/drugs 2) Create Nefrosave 3) Create it again 4) Count the rows,Only one drug_master row carries that brand for Hospital A.,,phase2.invalid — duplicate drug Nefrosave,Pharmacy,"Tier 0 complete (profile, departments, staff, roles, plan)",,,,,P2-Setup,"Two rows for one drug split the stock across two identities, so the dispenser sees stock against one and the batch sits against the other. The drug appears out of stock while the shelf is full.",Negative,hospital_admin (Hospital A),drug_master where hospital_id = A and brand = 'Nefrosave' → exactly 1 row,e2e/phase-02-settings/P2G.clinical.lab-drugs.spec.ts,
TC-P2G-047,2G Clinical Masters & Alerts,P3,The drug category saves,1) Open /settings/drugs 2) Set Category to Analgesic 3) Save 4) Reload,The category persists after the reload.,,Literal category Analgesic (the placeholder the field itself suggests),"Pharmacy, Inventory","Tier 0 complete (profile, departments, staff, roles, plan)",,,,,P2-Setup,Category drives consumption analysis and reorder grouping. Uncategorised drugs fall out of every stock report the pharmacy runs.,Positive,hospital_admin (Hospital A),drug_master where hospital_id = A → category recorded where entered,e2e/phase-02-settings/P2G.clinical.lab-drugs.spec.ts,
TC-P2G-048,2G Clinical Masters & Alerts,P2,A drug can be deactivated without being deleted,1) Open /settings/drugs 2) Deactivate a drug 3) Reload,The drug is marked inactive and the row still exists.,,MOCK_DATA_BOOK Phase 2 additions — Nefrosave,"Pharmacy, MRD","Tier 0 complete (profile, departments, staff, roles, plan)",,,,,P2-Setup,"A withdrawn drug must stop being prescribable while every historical prescription that named it still resolves. Deleting would leave old prescriptions referencing nothing, which breaks a medico-legal record.",Positive,hospital_admin (Hospital A),drug_master → the row is inactive and still present,e2e/phase-02-settings/P2G.clinical.lab-drugs.spec.ts,
TC-P2G-049,2G Clinical Masters & Alerts,P1,A new drug appears in the OPD prescription search,1) Add Nefrosave under /settings/drugs 2) Open the OPD Rx tab 3) Search for Nefrosave,The drug is offered in the prescription search.,,MOCK_DATA_BOOK Phase 2 additions — Nefrosave,"OPD, Pharmacy","Tier 0 complete (profile, departments, staff, roles, plan)",,,,,P2-Setup,"SETTINGS_PREREQ_MATRIX warns that with no drug_master rows, drug search returns nothing. A doctor who cannot find a drug writes it as free text, and free text cannot be interaction-checked or dispensed against stock.",Cross-Module,hospital_admin (Hospital A),drug_master where hospital_id = A and brand = 'Nefrosave' → offered in the OPD Rx drug search,e2e/phase-02-settings/P2G.clinical.lab-drugs.spec.ts,
TC-P2G-050,2G Clinical Masters & Alerts,P2,Editing a drug MRP persists,1) Open /settings/drugs 2) Change a drug MRP 3) Save 4) Reload,The new MRP shows after the reload.,,MOCK_DATA_BOOK Drug master — the seeded MRPs,"Pharmacy, Billing","Tier 0 complete (profile, departments, staff, roles, plan)",,,,,P2-Setup,MRP changes with every new manufacturer batch. Billing an old MRP above the printed price on the strip is a consumer-law offence.,Positive,hospital_admin (Hospital A),drug_master where hospital_id = A → the edited MRP persists,e2e/phase-02-settings/P2G.clinical.lab-drugs.spec.ts,
TC-P2G-051,2G Clinical Masters & Alerts,P1,A saved drug survives a hard reload,1) Open /settings/drugs 2) Create Nefrosave 3) Hard-reload 4) Locate the drug,"The drug is still listed with its generic, schedule and MRP intact.",,MOCK_DATA_BOOK Phase 2 additions — Nefrosave,Pharmacy,"Tier 0 complete (profile, departments, staff, roles, plan)",,,,,P2-Setup,"A false save leaves the formulary short of a drug the hospital stocks, so the pharmacist cannot dispense against a prescription that names it.",Positive,hospital_admin (Hospital A),drug_master where hospital_id = A and brand = 'Nefrosave' → 1 row,e2e/phase-02-settings/P2G.clinical.lab-drugs.spec.ts,
TC-P2G-052,2G Clinical Masters & Alerts,P1,Hospital A's drug formulary is invisible to Hospital B,1) Sign in as the Hospital B administrator 2) Open /settings/drugs as Hospital B 3) Query drug_master through the API with no hospital filter,Not one Hospital A drug is returned.,,MOCK_DATA_BOOK Hospitals — Hospital A (Aarogya) and Hospital B (Sanjeevani),"Multi-tenancy, Pharmacy",Both QA tenants seeded,,,,,P2-Setup,"The formulary includes NDPS and Schedule H1 drugs. Cross-tenant visibility of a narcotic formulary is a controlled-substance disclosure, not merely a commercial leak.",Cross-Module,hospital_admin (Hospital B),drug_master queried as the Hospital B admin → zero rows with hospital_id = A,e2e/phase-02-settings/P2G.clinical.lab-drugs.spec.ts,
TC-P2G-053,2G Clinical Masters & Alerts,P1,A receptionist cannot edit the drug formulary,1) Log in as receptionist (Hospital A) 2) Navigate directly to /settings/drugs,"The route is blocked — redirected away, or an explicit access-denied message.",,"MOCK_DATA_BOOK Staff logins — receptionist (Hospital A), Ms. Divya Sharma","Pharmacy, NDPS",Tier 0 roles configured (Phase 1 §1E),,,,,P2-Setup,Changing a drug schedule from NDPS to OTC would remove the dual sign-off requirement on a narcotic. That must be impossible for anyone outside pharmacy governance.,RBAC,receptionist (Hospital A),None — route guard behaviour,e2e/phase-02-settings/P2G.clinical.lab-drugs.spec.ts,
TC-P2G-054,2G Clinical Masters & Alerts,P1,A drug schedule cannot be downgraded from NDPS without an audit trail,1) Open /settings/drugs 2) Change Morphine Sulphate from NDPS to OTC 3) Save 4) Check the config change log,"Either the change is refused, or it is recorded in the audit trail with who made it and when.",,MOCK_DATA_BOOK Drug master — Morphine Sulphate (NDPS),"Pharmacy, NDPS, Audit, Quality","Tier 0 complete (profile, departments, staff, roles, plan)",,,,,P2-Setup,"Downgrading a narcotic's schedule removes its statutory register and dual sign-off. An unlogged change of that kind is indistinguishable from deliberate diversion, and the pharmacist carries personal criminal liability for the register.",Negative,hospital_admin (Hospital A),config_change_logs → an entry exists for any change to a drug schedule,e2e/phase-02-settings/P2G.clinical.lab-drugs.spec.ts,
TC-P2G-055,2G Clinical Masters & Alerts,P3,Searching filters the drug formulary,"1) Open /settings/drugs 2) Search for ""Dolo"" 3) Read the results",Only matching drugs remain listed.,,MOCK_DATA_BOOK Drug master — Dolo 650,Pharmacy,"Tier 0 complete (profile, departments, staff, roles, plan)",,,,,P2-Setup,"A real hospital formulary runs to thousands of drugs. Without search, editing one MRP means scrolling the whole list and the wrong row gets edited.",Positive,hospital_admin (Hospital A),None — client-side filter,e2e/phase-02-settings/P2G.clinical.lab-drugs.spec.ts,
TC-P2G-056,2G Clinical Masters & Alerts,P2,The Drug Formulary screen loads with no red console errors,1) Open DevTools → Console 2) Open /settings/drugs 3) Create and edit a drug 4) Read the console,No red console text from the drug_master read or write.,,MOCK_DATA_BOOK Phase 2 additions — Nefrosave,Pharmacy,"Tier 0 complete (profile, departments, staff, roles, plan)",,,,,P2-Setup,"A failed write that appears only in the console leaves the pharmacist believing a drug is on the formulary when it is not, and they discover it with a prescription in hand.",Positive,hospital_admin (Hospital A),None — console observation,e2e/phase-02-settings/P2G.clinical.lab-drugs.spec.ts,
TC-P2G-057,2G Clinical Masters & Alerts,P2,Notification Config loads with all ten alert types,1) Open /settings/notifications 2) Count the alert rows,"Ten alert types render, from Critical Lab Value through OT Starting in 30 min. No red console errors.",,src/lib/notificationConfig.ts DEFAULT_ALERTS — the ten shipped alert types,"Lab, IPD, Nursing, Pharmacy, Emergency","Tier 0 complete (profile, departments, staff, roles, plan)",,,,,P2-Setup,"These rows decide who is told when something goes wrong. A missing alert type is an event nobody is ever notified about, and the omission is invisible because the screen simply shows one row fewer.",Positive,hospital_admin (Hospital A),hospital_settings where hospital_id = A and key = 'notification_config' → 10 alert entries,e2e/phase-02-settings/P2G.clinical.alerts-radiology.spec.ts,
TC-P2G-058,2G Clinical Masters & Alerts,P1,Saving the notification config writes to hospital_settings,"1) Open /settings/notifications 2) Change any alert channel 3) Click ""Save Changes"" 4) Check hospital_settings",A hospital_settings row exists with key 'notification_config' holding the alert list and quiet hours.,,"phase2.entry./settings/notifications — Critical Lab Value on channel both, quiet 23:00–07:00","Lab, IPD, Nursing, Emergency","Tier 0 complete (profile, departments, staff, roles, plan)",,,,,P2-Setup,REGRESSION LOCK for BUG-P2-003. Save ran a 500ms setTimeout then toasted success without a single Supabase call — a fake spinner in front of a no-op. A hospital that routed Critical Lab Value to WhatsApp found it back on In-App the next morning.,Positive,hospital_admin (Hospital A),hospital_settings where hospital_id = A and key = 'notification_config' → 1 row,e2e/phase-02-settings/P2G.clinical.alerts-radiology.spec.ts,
TC-P2G-059,2G Clinical Masters & Alerts,P1,"The save spinner reflects a real request, not a fixed delay","1) Open DevTools → Network 2) Open /settings/notifications 3) Change a channel 4) Click ""Save Changes"" 5) Watch for a Supabase request","A PostgREST request to hospital_settings is issued, and the button shows Saving… only while it is in flight.",,phase2.entry./settings/notifications — Critical Lab Value channel both,"Lab, IPD, Nursing","Tier 0 complete (profile, departments, staff, roles, plan)",,,,,P2-Setup,REGRESSION LOCK for BUG-P2-003. The fake 500ms delay was the most convincing possible disguise for a screen that saved nothing — it looked exactly like a real network round trip.,Negative,hospital_admin (Hospital A),"Network tab shows a hospital_settings upsert, and the row exists afterwards",e2e/phase-02-settings/P2G.clinical.alerts-radiology.spec.ts,
TC-P2G-060,2G Clinical Masters & Alerts,P1,"Notification channel ""In-App"" saves for an alert type","1) Open /settings/notifications 2) Set the Critical Lab Value channel to ""In-App"" 3) Click ""Save Changes"" 4) Reload and re-read the channel","The stored notification_config carries channel 'in_app' for Critical Lab Value, and the dropdown still shows ""In-App"" after the reload.",,"phase2.dropdowns.notificationChannel — ""in_app""","Lab, IPD, Nursing, Emergency","Tier 0 complete (profile, departments, staff, roles, plan)",,,,,P2-Setup,"Each channel is stored as its own value, so one can fail to persist while the others save. The choice matters clinically: seen only by someone already logged in and looking.",Positive,hospital_admin (Hospital A),hospital_settings notification_config → Critical Lab Value channel = 'in_app',e2e/phase-02-settings/P2G.clinical.alerts-radiology.spec.ts,
TC-P2G-061,2G Clinical Masters & Alerts,P1,"Notification channel ""WhatsApp"" saves for an alert type","1) Open /settings/notifications 2) Set the Critical Lab Value channel to ""WhatsApp"" 3) Click ""Save Changes"" 4) Reload and re-read the channel","The stored notification_config carries channel 'whatsapp' for Critical Lab Value, and the dropdown still shows ""WhatsApp"" after the reload.",,"phase2.dropdowns.notificationChannel — ""whatsapp""","Lab, IPD, Nursing, Emergency","Tier 0 complete (profile, departments, staff, roles, plan)",,,,,P2-Setup,"Each channel is stored as its own value, so one can fail to persist while the others save. The choice matters clinically: reaches a doctor who is off the ward, which is the point of escalation.",Positive,hospital_admin (Hospital A),hospital_settings notification_config → Critical Lab Value channel = 'whatsapp',e2e/phase-02-settings/P2G.clinical.alerts-radiology.spec.ts,
TC-P2G-062,2G Clinical Masters & Alerts,P1,"Notification channel ""Both"" saves for an alert type","1) Open /settings/notifications 2) Set the Critical Lab Value channel to ""Both"" 3) Click ""Save Changes"" 4) Reload and re-read the channel","The stored notification_config carries channel 'both' for Critical Lab Value, and the dropdown still shows ""Both"" after the reload.",,"phase2.dropdowns.notificationChannel — ""both""","Lab, IPD, Nursing, Emergency","Tier 0 complete (profile, departments, staff, roles, plan)",,,,,P2-Setup,"Each channel is stored as its own value, so one can fail to persist while the others save. The choice matters clinically: the belt-and-braces route used for critical values.",Positive,hospital_admin (Hospital A),hospital_settings notification_config → Critical Lab Value channel = 'both',e2e/phase-02-settings/P2G.clinical.alerts-radiology.spec.ts,
TC-P2G-063,2G Clinical Masters & Alerts,P1,An alert type can be switched off and stays off,1) Open /settings/notifications 2) Switch off the Large Bill alert 3) Save 4) Reload,The alert reads inactive after the reload.,,"src/lib/notificationConfig.ts — Large Bill (> ₹50,000)","Billing, IPD","Tier 0 complete (profile, departments, staff, roles, plan)",,,,,P2-Setup,"Alert fatigue is a real clinical risk — more alerts is not better. A hospital that deliberately silences a low-value alert must find it still silenced tomorrow, or staff learn to ignore the whole system.",Positive,hospital_admin (Hospital A),hospital_settings notification_config → the Large Bill alert is inactive,e2e/phase-02-settings/P2G.clinical.alerts-radiology.spec.ts,
TC-P2G-064,2G Clinical Masters & Alerts,P1,Alert severity cannot be changed from the stored config,1) Store a notification_config that sets Code Blue severity to normal 2) Open /settings/notifications 3) Read the Code Blue severity,"Code Blue still renders as critical. Severity comes from the shipped defaults, never from stored data.",,src/lib/notificationConfig.ts mergeAlerts — severity is not taken from storage,"Emergency, IPD, Nursing","Tier 0 complete (profile, departments, staff, roles, plan)",,,,,P2-Setup,"Whether Code Blue is critical is a product decision, not a hospital preference. If severity were editable, a stray edit could silently demote a life-safety alert and nobody would see it happen.",Boundary,hospital_admin (Hospital A),hospital_settings notification_config → a stored severity is ignored in favour of the default,e2e/phase-02-settings/P2G.clinical.alerts-radiology.spec.ts,
TC-P2G-065,2G Clinical Masters & Alerts,P2,A stored config missing a newer alert type still shows it,1) Store a notification_config containing only one alert 2) Open /settings/notifications 3) Count the alert rows,"All ten alert types render — the stored one with its saved value, the rest at their defaults.",,src/lib/notificationConfig.ts mergeAlerts — merge over defaults by alert type,"Lab, IPD, Nursing","Tier 0 complete (profile, departments, staff, roles, plan)",,,,,P2-Setup,A hospital that saved before a new alert shipped has no entry for it. Replacing rather than merging would mean a newly shipped critical alert never fires for any existing customer.,Boundary,hospital_admin (Hospital A),hospital_settings notification_config → a partial stored list merges to ten rendered alerts,e2e/phase-02-settings/P2G.clinical.alerts-radiology.spec.ts,
TC-P2G-066,2G Clinical Masters & Alerts,P2,Quiet hours save,1) Open /settings/notifications 2) Enable Quiet Hours 3) Set From 23:00 and To 07:00 4) Save 5) Reload,Quiet hours persist at 23:00–07:00 after the reload.,,"phase2.entry./settings/notifications — quietFrom 23:00, quietTo 07:00","IPD, Nursing","Tier 0 complete (profile, departments, staff, roles, plan)",,,,,P2-Setup,"Quiet hours are what stop a ward being pinged all night for non-critical events. If they do not persist, night staff are woken by medication-due alerts and start muting the device entirely.",Positive,hospital_admin (Hospital A),hospital_settings notification_config → quietHours from 23:00 to 07:00,e2e/phase-02-settings/P2G.clinical.alerts-radiology.spec.ts,
TC-P2G-067,2G Clinical Masters & Alerts,P1,Quiet hours suppress only non-critical alerts,1) Open /settings/notifications and enable quiet hours 23:00–07:00 2) Read the description beside the toggle,The screen states that quiet hours suppress NON-CRITICAL alerts only.,,phase2.entry./settings/notifications — quiet 23:00–07:00,"IPD, Nursing, Lab, Emergency","Tier 0 complete (profile, departments, staff, roles, plan)",,,,,P2-Setup,"A critical potassium at 2am must still page a doctor. If quiet hours were to suppress everything, the feature intended to reduce alert fatigue would instead hide the alerts that exist to save a life.",Boundary,hospital_admin (Hospital A),None — reads the quiet-hours scope statement,e2e/phase-02-settings/P2G.clinical.alerts-radiology.spec.ts,
TC-P2G-068,2G Clinical Masters & Alerts,P1,The notification config survives a hard reload,1) Open /settings/notifications 2) Set Critical Lab Value to WhatsApp and quiet hours 23:00–07:00 3) Save 4) Hard-reload 5) Re-read both,Both settings are still shown after the reload.,,"phase2.entry./settings/notifications — channel both, quiet 23:00–07:00","Lab, IPD, Nursing","Tier 0 complete (profile, departments, staff, roles, plan)",,,,,P2-Setup,REGRESSION LOCK for BUG-P2-003. This is the case that catches the original defect directly: the toast said saved and nothing survived a reload.,Positive,hospital_admin (Hospital A),hospital_settings where hospital_id = A and key = 'notification_config' → values persist,e2e/phase-02-settings/P2G.clinical.alerts-radiology.spec.ts,
TC-P2G-069,2G Clinical Masters & Alerts,P1,Hospital A's notification config is invisible to Hospital B,1) Sign in as the Hospital B administrator 2) Open /settings/notifications as Hospital B 3) Query hospital_settings through the API with no hospital filter,No Hospital A notification_config row is returned.,,MOCK_DATA_BOOK Hospitals — Hospital A (Aarogya) and Hospital B (Sanjeevani),"Multi-tenancy, Nursing",Both QA tenants seeded,,,,,P2-Setup,"hospital_settings has no per-role RLS, so tenant isolation is its only protection. One hospital silencing an alert must never silence it at another.",Cross-Module,hospital_admin (Hospital B),hospital_settings queried as the Hospital B admin → zero rows with hospital_id = A,e2e/phase-02-settings/P2G.clinical.alerts-radiology.spec.ts,
TC-P2G-070,2G Clinical Masters & Alerts,P2,The Notification Config screen loads with no red console errors,1) Open DevTools → Console 2) Open /settings/notifications 3) Change a channel and save 4) Read the console,No red console text from the hospital_settings read or upsert.,,phase2.entry./settings/notifications — Critical Lab Value channel both,"Lab, Nursing","Tier 0 complete (profile, departments, staff, roles, plan)",,,,,P2-Setup,This screen was newly wired to hospital_settings during Phase 2. A key or column mismatch would surface only here while the UI carried on looking healthy — exactly how the original defect hid.,Positive,hospital_admin (Hospital A),None — console observation,e2e/phase-02-settings/P2G.clinical.alerts-radiology.spec.ts,
TC-P2G-071,2G Clinical Masters & Alerts,P2,Radiology settings load with the seeded modalities,1) Open /settings/radiology 2) Read the modality list,"The four seeded modalities render — X-Ray, Ultrasound, CT Scan and MRI. No red console errors.",,"MOCK_DATA_BOOK Radiology — modalities X-Ray, Ultrasound, CT Scan, MRI","Radiology, Billing, OPD","Tier 0 complete (profile, departments, staff, roles, plan)",,,,,P2-Setup,"SETTINGS_PREREQ_MATRIX says modalities must be created FIRST or the module shows ""No studies configured. Go to Settings → Radiology Modalities"". That message is the only clue a radiographer gets.",Positive,hospital_admin (Hospital A),radiology_modalities where hospital_id = A → 4 rows,e2e/phase-02-settings/P2G.clinical.alerts-radiology.spec.ts,
TC-P2G-072,2G Clinical Masters & Alerts,P1,Adding a study before its modality exists is refused or explained,"1) Open /settings/radiology 2) Attempt to add the study ""Fluoroscopy Barium Swallow"" before creating the Fluoroscopy modality 3) Read the result","Either the study cannot be added without a modality, or the screen states clearly that the modality must be created first.",,MOCK_DATA_BOOK Phase 2 additions — Radiology: create the STUDY first to prove the ordering trap,Radiology,"Tier 0 complete (profile, departments, staff, roles, plan)",,,,,P2-Setup,"MOCK_DATA_BOOK builds this ordering trap deliberately. A hospital that adds studies first sees them vanish or fail, concludes the module is broken, and raises a support ticket for a sequencing rule nobody told them about.",Negative,hospital_admin (Hospital A),radiology_study_master → no orphan study without a modality_id,e2e/phase-02-settings/P2G.clinical.alerts-radiology.spec.ts,
TC-P2G-073,2G Clinical Masters & Alerts,P1,A modality saves with its type code,"1) Open /settings/radiology 2) Add modality ""Fluoroscopy"" with type code ""fluoro"" 3) Save",A radiology_modalities row exists with that name and type code.,,MOCK_DATA_BOOK Phase 2 additions — modality Fluoroscopy (fluoro),"Radiology, PACS","Tier 0 complete (profile, departments, staff, roles, plan)",,,,,P2-Setup,The type code is what a PACS or DICOM worklist matches on. A wrong or missing code means images arrive with no study to attach them to.,Positive,hospital_admin (Hospital A),radiology_modalities where hospital_id = A and name = 'Fluoroscopy' → type code = 'fluoro',e2e/phase-02-settings/P2G.clinical.alerts-radiology.spec.ts,
TC-P2G-074,2G Clinical Masters & Alerts,P1,A study saves with its fee against a modality,"1) Open /settings/radiology 2) With Fluoroscopy created, add study ""Fluoroscopy Barium Swallow"" at ₹2,800 3) Save",A radiology_study_master row exists with fee 2800 and a modality_id pointing at Fluoroscopy.,,"MOCK_DATA_BOOK Phase 2 additions — Fluoroscopy Barium Swallow ₹2,800","Radiology, Billing",Tier 0 complete; the Fluoroscopy modality exists,,,,,P2-Setup,"SETTINGS_PREREQ_MATRIX warns that without a fee, studies are missing or ordered at ₹0. The department performs the scan, consumes the film and the radiographer time, and bills nothing.",Positive,hospital_admin (Hospital A),radiology_study_master where hospital_id = A and name = 'Fluoroscopy Barium Swallow' → fee = 2800,e2e/phase-02-settings/P2G.clinical.alerts-radiology.spec.ts,
TC-P2G-075,2G Clinical Masters & Alerts,P2,A modality cannot be saved without a name,1) Open /settings/radiology 2) Attempt to add a modality with a blank Name 3) Save,The save is refused and no radiology_modalities row is written.,,None — deliberately omits the required modality Name,Radiology,"Tier 0 complete (profile, departments, staff, roles, plan)",,,,,P2-Setup,"An unnamed modality renders as a blank group heading, so the radiographer cannot tell which machine a study belongs to.",Negative,hospital_admin (Hospital A),radiology_modalities where hospital_id = A and (name is null or name = '') → 0 rows,e2e/phase-02-settings/P2G.clinical.alerts-radiology.spec.ts,
TC-P2G-076,2G Clinical Masters & Alerts,P2,A modality cannot be saved without a type code,1) Open /settings/radiology 2) Add a modality with a name but no Type Code 3) Save,The save is refused and no row is written.,,None — deliberately omits the required Type Code,"Radiology, PACS","Tier 0 complete (profile, departments, staff, roles, plan)",,,,,P2-Setup,The type code is the DICOM matching key. Without it the PACS integration cannot route images to the right study type and they land unassigned.,Negative,hospital_admin (Hospital A),radiology_modalities where hospital_id = A → type code set on every row,e2e/phase-02-settings/P2G.clinical.alerts-radiology.spec.ts,
TC-P2G-077,2G Clinical Masters & Alerts,P2,A study cannot be saved without a fee,1) Open /settings/radiology 2) Add a study with a name but no Fee 3) Save,"The save is refused, or the unpriced study is visibly flagged.",,None — deliberately omits the required study Fee,"Radiology, Billing","Tier 0 complete (profile, departments, staff, roles, plan)",,,,,P2-Setup,"An unpriced study orders at ₹0. On an MRI at ₹8,500 that is a substantial silent loss on every scan, and it surfaces only in the monthly revenue variance.",Negative,hospital_admin (Hospital A),radiology_study_master where hospital_id = A → fee set on every row,e2e/phase-02-settings/P2G.clinical.alerts-radiology.spec.ts,
TC-P2G-078,2G Clinical Masters & Alerts,P1,An obstetric study name triggers PCPNDT Form F,"1) Open /settings/radiology 2) Confirm ""USG Obstetric (Level II)"" exists 3) Order it for a pregnant patient 4) Check whether Form F is created",Form F auto-creation is triggered for the obstetric study.,,"MOCK_DATA_BOOK Radiology — USG Obstetric (Level II) ₹1,800; Patients — PT-QA-0012 Deepa Nair, 22 weeks pregnant","Radiology, PCPNDT, Quality",Tier 0 complete; pcpndt_settings configured,,,,,P2-Setup,"PCPNDT Form F is a legal requirement for every obstetric ultrasound, and failure to maintain it carries criminal liability and licence suspension for the centre.",Positive,hospital_admin (Hospital A),"radiology_study_master where hospital_id = A and name = 'USG Obstetric (Level II)' → 1 row, and Form F is created on order",e2e/phase-02-settings/P2G.clinical.alerts-radiology.spec.ts,
TC-P2G-079,2G Clinical Masters & Alerts,P1,An obstetric study whose name lacks the trigger word is probed deliberately,"1) Open /settings/radiology 2) Confirm ""USG Pregnancy Profile"" exists 3) Order it for a pregnant patient 4) Check whether Form F is created","Record what actually happens. Clinically this is an obstetric scan, but the name does not contain ""obstetric"".",,"MOCK_DATA_BOOK Radiology — USG Pregnancy Profile ₹1,500, deliberately named without the word obstetric","Radiology, PCPNDT, Quality",Tier 0 complete; pcpndt_settings configured,,,,,P2-Setup,"MOCK_DATA_BOOK seeds two obstetric studies with deliberately different names because Form F auto-creation triggers on the study name containing ""obstetric"". If the trigger is name-based, this scan escapes Form F entirely — which is the exact gap a PCPNDT inspection would find.",Negative,hospital_admin (Hospital A),radiology_study_master where hospital_id = A and name = 'USG Pregnancy Profile' → 1 row; record whether Form F is created,e2e/phase-02-settings/P2G.clinical.alerts-radiology.spec.ts,
TC-P2G-080,2G Clinical Masters & Alerts,P1,PCPNDT machine and doctor registration numbers save,"1) Open /settings/radiology 2) Enter the Ultrasound Machine Name, Machine Registration Number and Doctor PCPNDT Registration Number 3) Save 4) Reload",All three persist after the reload.,,"Literal PCPNDT registration values — synthetic, no real registration is used","Radiology, PCPNDT, Quality","Tier 0 complete (profile, departments, staff, roles, plan)",,,,,P2-Setup,SETTINGS_PREREQ_MATRIX flags pcpndt_settings in red: without it Form F may not generate correctly. The machine and doctor registration numbers are printed on Form F and are what an inspector checks first.,Positive,hospital_admin (Hospital A),pcpndt_settings where hospital_id = A → machine and doctor registration recorded,e2e/phase-02-settings/P2G.clinical.alerts-radiology.spec.ts,
TC-P2G-081,2G Clinical Masters & Alerts,P2,The PACS viewer configuration saves,"1) Open /settings/radiology 2) Enter PACS Display Name, Viewer Base URL and WADO-URI Root URL 3) Save 4) Reload",All three persist after the reload.,,Literal PACS values — https://pacs.yourhospital.com/wado (the placeholder the field suggests),"Radiology, PACS","Tier 0 complete (profile, departments, staff, roles, plan)",,,,,P2-Setup,SETTINGS_PREREQ_MATRIX warns that without hospital_pacs_config the DICOM and PACS features are inert. The radiologist then has a report screen with no images attached to it.,Positive,hospital_admin (Hospital A),hospital_pacs_config where hospital_id = A → viewer and WADO URLs recorded,e2e/phase-02-settings/P2G.clinical.alerts-radiology.spec.ts,
TC-P2G-082,2G Clinical Masters & Alerts,P2,The PACS AE title saves,1) Open /settings/radiology 2) Enter an AE Title 3) Save 4) Reload,The AE title persists after the reload.,,Literal AE title HOSPITAL_PACS (the placeholder the field suggests),"Radiology, PACS","Tier 0 complete (profile, departments, staff, roles, plan)",,,,,P2-Setup,The AE title is how the modality identifies itself to the PACS. A wrong one means images are pushed and silently rejected at the far end.,Positive,hospital_admin (Hospital A),hospital_pacs_config where hospital_id = A → AE title recorded,e2e/phase-02-settings/P2G.clinical.alerts-radiology.spec.ts,
TC-P2G-083,2G Clinical Masters & Alerts,P2,A duplicate modality type code is rejected,1) Open /settings/radiology 2) Create modality Fluoroscopy with code fluoro 3) Create another with the same code 4) Count the rows,Only one radiology_modalities row carries that code for Hospital A.,,phase2.invalid — duplicate modality code fluoro,"Radiology, PACS","Tier 0 complete (profile, departments, staff, roles, plan)",,,,,P2-Setup,"The code is the DICOM routing key. Two modalities sharing it means incoming images attach to whichever the query returns first, and a CT ends up filed under an ultrasound.",Negative,hospital_admin (Hospital A),radiology_modalities where hospital_id = A and type code = 'fluoro' → exactly 1 row,e2e/phase-02-settings/P2G.clinical.alerts-radiology.spec.ts,
TC-P2G-084,2G Clinical Masters & Alerts,P2,The study sort order saves,1) Open /settings/radiology 2) Set a sort order on a study 3) Save 4) Read the list order,"Studies list in sort order, not insertion order.",,MOCK_DATA_BOOK Radiology — the seven seeded studies,Radiology,"Tier 0 complete (profile, departments, staff, roles, plan)",,,,,P2-Setup,"Sort order puts Chest X-Ray at the top where it is ordered dozens of times a day, instead of below an MRI nobody orders. It is what makes the picker usable during a busy OPD.",Positive,hospital_admin (Hospital A),radiology_study_master where hospital_id = A → sort_order honoured in the listing,e2e/phase-02-settings/P2G.clinical.alerts-radiology.spec.ts,
TC-P2G-085,2G Clinical Masters & Alerts,P2,Study fees render in en-IN grouping with the rupee symbol,"1) Open /settings/radiology 2) Locate MRI Lumbar Spine at ₹8,500 3) Read the fee as displayed","The fee renders as ₹8,500.00 with Indian grouping.",,"MOCK_DATA_BOOK Radiology — MRI Lumbar Spine ₹8,500","Radiology, Billing","Tier 0 complete (profile, departments, staff, roles, plan)",,,,,P2-Setup,This is the rate the counter quotes to a patient before an expensive scan. A number without the rupee symbol or with the wrong comma position is misread at exactly the moment it matters most.,Positive,hospital_admin (Hospital A),"radiology_study_master where hospital_id = A and name = 'MRI Lumbar Spine' → fee = 8500 rendered as ₹8,500.00",e2e/phase-02-settings/P2G.clinical.alerts-radiology.spec.ts,
TC-P2G-086,2G Clinical Masters & Alerts,P1,A new radiology study appears as a chip in the OPD Rx tab,1) Add a study under /settings/radiology 2) Open the OPD consultation workspace 3) Open the Rx tab 4) Look for the radiology chips,The new study is offered as a radiology chip.,,MOCK_DATA_BOOK Phase 2 additions — Fluoroscopy Barium Swallow,"OPD, Radiology","Tier 0 complete (profile, departments, staff, roles, plan)",,,,,P2-Setup,"SETTINGS_PREREQ_MATRIX warns that with no radiology_study_master rows the radiology chips in the Rx tab are EMPTY. A doctor who cannot pick a study writes it as free text, and free text does not reach the radiology worklist.",Cross-Module,hospital_admin (Hospital A),radiology_study_master where hospital_id = A → offered as a chip in the OPD Rx tab,e2e/phase-02-settings/P2G.clinical.alerts-radiology.spec.ts,
TC-P2G-087,2G Clinical Masters & Alerts,P2,Editing a study fee persists,1) Open /settings/radiology 2) Change a study fee 3) Save 4) Reload,The new fee shows after the reload.,,MOCK_DATA_BOOK Radiology — the seven seeded study fees,"Radiology, Billing","Tier 0 complete (profile, departments, staff, roles, plan)",,,,,P2-Setup,Imaging rates are revised as equipment contracts change. An edit that does not persist means the department bills the old rate on a scan whose cost has risen.,Positive,hospital_admin (Hospital A),radiology_study_master where hospital_id = A → the edited fee persists,e2e/phase-02-settings/P2G.clinical.alerts-radiology.spec.ts,
TC-P2G-088,2G Clinical Masters & Alerts,P2,A study can be deactivated without being deleted,1) Open /settings/radiology 2) Deactivate a study 3) Reload,The study is marked inactive and the row still exists.,,MOCK_DATA_BOOK Phase 2 additions — Fluoroscopy Barium Swallow,"Radiology, MRD","Tier 0 complete (profile, departments, staff, roles, plan)",,,,,P2-Setup,A study withdrawn when a machine is decommissioned must stop being orderable while every historical report that used it still resolves its name.,Positive,hospital_admin (Hospital A),radiology_study_master → the row is inactive and still present,e2e/phase-02-settings/P2G.clinical.alerts-radiology.spec.ts,
TC-P2G-089,2G Clinical Masters & Alerts,P1,Radiology settings survive a hard reload,1) Open /settings/radiology 2) Create the Fluoroscopy modality and its study 3) Hard-reload 4) Locate both,Both the modality and the study are still listed after the reload.,,MOCK_DATA_BOOK Phase 2 additions — Fluoroscopy modality and Barium Swallow study,Radiology,"Tier 0 complete (profile, departments, staff, roles, plan)",,,,,P2-Setup,"This screen writes to four tables — modalities, studies, PCPNDT settings and PACS config. A partial write that toasts success leaves a modality with no studies, which shows the radiographer ""No studies configured"".",Positive,hospital_admin (Hospital A),radiology_modalities and radiology_study_master → both rows persist,e2e/phase-02-settings/P2G.clinical.alerts-radiology.spec.ts,
TC-P2G-090,2G Clinical Masters & Alerts,P1,Hospital A's radiology catalogue is invisible to Hospital B,1) Sign in as the Hospital B administrator 2) Open /settings/radiology as Hospital B 3) Query radiology_study_master through the API with no hospital filter,Not one Hospital A study is returned.,,MOCK_DATA_BOOK Hospitals — Hospital A (Aarogya) and Hospital B (Sanjeevani),"Multi-tenancy, Radiology",Both QA tenants seeded,,,,,P2-Setup,"The PCPNDT registration numbers stored alongside are legal registrations tied to a named doctor and machine. Cross-tenant exposure of those is a regulatory disclosure, not just a rate-card leak.",Cross-Module,hospital_admin (Hospital B),radiology_study_master queried as the Hospital B admin → zero rows with hospital_id = A,e2e/phase-02-settings/P2G.clinical.alerts-radiology.spec.ts,
TC-P2G-091,2G Clinical Masters & Alerts,P1,A receptionist cannot edit the radiology catalogue,1) Log in as receptionist (Hospital A) 2) Navigate directly to /settings/radiology,"The route is blocked — redirected away, or an explicit access-denied message.",,"MOCK_DATA_BOOK Staff logins — receptionist (Hospital A), Ms. Divya Sharma","Radiology, PCPNDT",Tier 0 roles configured (Phase 1 §1E),,,,,P2-Setup,"This screen holds the PCPNDT registration numbers. Altering them would put a wrong registration on a legal Form F, which is a PCPNDT offence attributable to the named doctor.",RBAC,receptionist (Hospital A),None — route guard behaviour,e2e/phase-02-settings/P2G.clinical.alerts-radiology.spec.ts,
TC-P2G-092,2G Clinical Masters & Alerts,P2,The Radiology settings screen loads with no red console errors,1) Open DevTools → Console 2) Open /settings/radiology 3) Create a modality and a study 4) Read the console,No red console text from any of the four table writes.,,MOCK_DATA_BOOK Phase 2 additions — Fluoroscopy modality and study,"Radiology, PACS","Tier 0 complete (profile, departments, staff, roles, plan)",,,,,P2-Setup,A failure on the PCPNDT or PACS write would leave the visible catalogue looking correct while Form F generation and image routing are both broken.,Positive,hospital_admin (Hospital A),None — console observation,e2e/phase-02-settings/P2G.clinical.alerts-radiology.spec.ts,
TC-P2G-093,2G Clinical Masters & Alerts,P2,ICD-10 Code Master loads,1) Open /settings/icd-codes 2) Read the code list,The screen renders with a searchable code list and an Add Code action. No red console errors.,,MOCK_DATA_BOOK Phase 2 additions — ICD-10 N18.5,"MRD, Insurance, PMJAY, Billing, Analytics","Tier 0 complete (profile, departments, staff, roles, plan)",,,,,P2-Setup,"SETTINGS_PREREQ_MATRIX lists the ICD-10 code set as a back-office prerequisite. Without it a diagnosis cannot be coded, and an uncoded claim is rejected by every insurer.",Positive,hospital_admin (Hospital A),hospital_icd_settings where hospital_id = A → matches what is displayed,e2e/phase-02-settings/P2G.clinical.masters.spec.ts,
TC-P2G-094,2G Clinical Masters & Alerts,P1,An ICD-10 code saves with its description,"1) Open /settings/icd-codes 2) Add code ""N18.5"" described as ""Chronic kidney disease, stage 5"" 3) Save",The code and description persist.,,"MOCK_DATA_BOOK Phase 2 additions — ICD-10 N18.5 Chronic kidney disease, stage 5","MRD, Insurance, PMJAY","Tier 0 complete (profile, departments, staff, roles, plan)",,,,,P2-Setup,The ICD code is what a claim is adjudicated against and what the morbidity return reports. A wrong or missing code is a rejected claim and a distorted national health statistic.,Positive,hospital_admin (Hospital A),the ICD code set → N18.5 present with its description,e2e/phase-02-settings/P2G.clinical.masters.spec.ts,
TC-P2G-095,2G Clinical Masters & Alerts,P2,An ICD code cannot be saved without a code value,1) Open /settings/icd-codes 2) Add an entry with a description but no Code 3) Save,The save is refused and no entry is written.,,None — deliberately omits the required Code,"MRD, Insurance","Tier 0 complete (profile, departments, staff, roles, plan)",,,,,P2-Setup,A description with no code cannot be submitted on a claim. The coder believes the diagnosis is coded and the claim is rejected weeks later for a missing code.,Negative,hospital_admin (Hospital A),the ICD code set → no entry with a blank code,e2e/phase-02-settings/P2G.clinical.masters.spec.ts,
TC-P2G-096,2G Clinical Masters & Alerts,P2,An ICD code cannot be saved without a description,1) Open /settings/icd-codes 2) Add a code with no Description 3) Save,The save is refused and no entry is written.,,None — deliberately omits the required Description,MRD,"Tier 0 complete (profile, departments, staff, roles, plan)",,,,,P2-Setup,A bare code is unsearchable by a coder who knows the condition but not the number. The diagnosis picker becomes usable only by someone who has memorised ICD-10.,Negative,hospital_admin (Hospital A),the ICD code set → no entry with a blank description,e2e/phase-02-settings/P2G.clinical.masters.spec.ts,
TC-P2G-097,2G Clinical Masters & Alerts,P2,A duplicate ICD code is rejected,1) Open /settings/icd-codes 2) Add N18.5 3) Add it again 4) Count the entries,Only one entry carries N18.5.,,phase2.invalid — duplicate ICD code N18.5,"MRD, Analytics","Tier 0 complete (profile, departments, staff, roles, plan)",,,,,P2-Setup,"Two entries for one code split the morbidity count, so a condition reported to the state health department is understated by however many cases used the duplicate.",Negative,hospital_admin (Hospital A),the ICD code set → N18.5 appears exactly once,e2e/phase-02-settings/P2G.clinical.masters.spec.ts,
TC-P2G-098,2G Clinical Masters & Alerts,P2,The common-Indian-codes-first preference saves,"1) Open /settings/icd-codes 2) Toggle ""Show common Indian codes first in search results"" 3) Save 4) Reload",The preference persists after the reload.,,The common-codes toggle on SettingsICDCodesPage,"MRD, OPD","Tier 0 complete (profile, departments, staff, roles, plan)",,,,,P2-Setup,ICD-10 has tens of thousands of codes and an Indian hospital uses a few hundred. Surfacing the common ones first is the difference between a two-second selection and a coder giving up and picking an approximate code.,Positive,hospital_admin (Hospital A),hospital_icd_settings where hospital_id = A → the preference persists,e2e/phase-02-settings/P2G.clinical.masters.spec.ts,
TC-P2G-099,2G Clinical Masters & Alerts,P3,The billable-only filter works,"1) Open /settings/icd-codes 2) Apply the ""Billable only"" filter 3) Read the results",Only billable codes remain listed.,,The Billable only filter on SettingsICDCodesPage,"MRD, Billing, Insurance","Tier 0 complete (profile, departments, staff, roles, plan)",,,,,P2-Setup,Non-billable category headers exist in ICD-10 and cannot be submitted on a claim. Coding to one produces a rejection that reads as a coding error rather than a picker that offered an invalid option.,Positive,hospital_admin (Hospital A),None — client-side filter,e2e/phase-02-settings/P2G.clinical.masters.spec.ts,
TC-P2G-100,2G Clinical Masters & Alerts,P1,A new ICD code is searchable in the diagnosis picker,1) Add N18.5 under /settings/icd-codes 2) Open a clinical screen with a diagnosis picker 3) Search for N18.5,The code is offered in the diagnosis picker.,,"MOCK_DATA_BOOK Phase 2 additions — ICD-10 N18.5, searchable in the diagnosis picker","OPD, IPD, MRD, Insurance","Tier 0 complete (profile, departments, staff, roles, plan)",,,,,P2-Setup,"MOCK_DATA_BOOK adds N18.5 specifically so this hop is provable. A code configured here and absent from the picker means the coder cannot use it, and the diagnosis is recorded as free text that no claim can carry.",Cross-Module,hospital_admin (Hospital A),the ICD code set → N18.5 is offered in the clinical diagnosis picker,e2e/phase-02-settings/P2G.clinical.masters.spec.ts,
TC-P2G-101,2G Clinical Masters & Alerts,P1,Hospital A's ICD settings are invisible to Hospital B,1) Sign in as the Hospital B administrator 2) Open /settings/icd-codes as Hospital B 3) Query hospital_icd_settings through the API with no hospital filter,No Hospital A ICD settings row is returned.,,MOCK_DATA_BOOK Hospitals — Hospital A (Aarogya) and Hospital B (Sanjeevani),"Multi-tenancy, MRD",Both QA tenants seeded,,,,,P2-Setup,A hospital's active code set reveals its clinical case mix. It is also a configuration one tenant must never be able to change for another.,Cross-Module,hospital_admin (Hospital B),hospital_icd_settings queried as the Hospital B admin → zero rows with hospital_id = A,e2e/phase-02-settings/P2G.clinical.masters.spec.ts,
TC-P2G-102,2G Clinical Masters & Alerts,P2,The ICD-10 screen loads with no red console errors,1) Open DevTools → Console 2) Open /settings/icd-codes 3) Add a code and search 4) Read the console,No red console text from the read or write.,,MOCK_DATA_BOOK Phase 2 additions — ICD-10 N18.5,MRD,"Tier 0 complete (profile, departments, staff, roles, plan)",,,,,P2-Setup,"A failed write that appears only in the console leaves the coder believing a code is available when it is not, and they find out with a patient chart open.",Positive,hospital_admin (Hospital A),None — console observation,e2e/phase-02-settings/P2G.clinical.masters.spec.ts,
TC-P2G-103,2G Clinical Masters & Alerts,P2,Consent Forms screen loads,1) Open /settings/consent-forms 2) Read the form list,The screen renders with an Add Consent Form action. No red console errors.,,MOCK_DATA_BOOK Phase 2 additions — Haemodialysis Consent,"OT, IPD, Day Care, Anaesthesia, Quality","Tier 0 complete (profile, departments, staff, roles, plan)",,,,,P2-Setup,SETTINGS_PREREQ_MATRIX lists consent form templates as an Emergency and OT prerequisite. A procedure performed without a signed consent is a medico-legal exposure with no defence.,Positive,hospital_admin (Hospital A),consent_form_templates where hospital_id = A → matches the list displayed,e2e/phase-02-settings/P2G.clinical.masters.spec.ts,
TC-P2G-104,2G Clinical Masters & Alerts,P1,A consent form saves with its body text,"1) Open /settings/consent-forms 2) Add ""Haemodialysis Consent"" with its consent text 3) Save",A consent_form_templates row exists with the name and the full body text.,,MOCK_DATA_BOOK Phase 2 additions — Haemodialysis Consent with its body text,"OT, IPD, Dialysis, Quality","Tier 0 complete (profile, departments, staff, roles, plan)",,,,,P2-Setup,"The body text is what the patient signs. Truncated or lost, the hospital holds a signature against a document that does not say what it was supposed to say.",Positive,hospital_admin (Hospital A),consent_form_templates where hospital_id = A and name = 'Haemodialysis Consent' → body text stored in full,e2e/phase-02-settings/P2G.clinical.masters.spec.ts,
TC-P2G-105,2G Clinical Masters & Alerts,P2,A consent form cannot be saved without a name,1) Open /settings/consent-forms 2) Add a form with body text but no Form Name 3) Save,The save is refused and no row is written.,,None — deliberately omits the required Form Name,"OT, IPD","Tier 0 complete (profile, departments, staff, roles, plan)",,,,,P2-Setup,"An unnamed consent renders as a blank option in the procedure consent picker, so the wrong form is printed for a patient about to sign it.",Negative,hospital_admin (Hospital A),consent_form_templates where hospital_id = A and (name is null or name = '') → 0 rows,e2e/phase-02-settings/P2G.clinical.masters.spec.ts,
TC-P2G-106,2G Clinical Masters & Alerts,P1,A consent form cannot be saved with empty content,1) Open /settings/consent-forms 2) Add a form with a name but no Content 3) Save,"The save is refused, or the empty form is visibly flagged as not usable.",,None — deliberately omits the Content,"OT, IPD, Quality","Tier 0 complete (profile, departments, staff, roles, plan)",,,,,P2-Setup,"A blank consent form is printed, signed and filed. The hospital then holds a signature on an empty page, which is worse than having no consent at all because it looks like the process was followed.",Negative,hospital_admin (Hospital A),consent_form_templates where hospital_id = A → no row with empty content,e2e/phase-02-settings/P2G.clinical.masters.spec.ts,
TC-P2G-107,2G Clinical Masters & Alerts,P2,The consent type saves,1) Open /settings/consent-forms 2) Set a Consent Type on a form 3) Save 4) Reload,The consent type persists after the reload.,,The Consent Type options on SettingsConsentFormsPage,"OT, IPD, Anaesthesia","Tier 0 complete (profile, departments, staff, roles, plan)",,,,,P2-Setup,"Consent type decides where the form is offered — surgical consent must appear at OT booking, not at outpatient registration. Untyped forms appear everywhere or nowhere.",Positive,hospital_admin (Hospital A),consent_form_templates where hospital_id = A → consent type recorded,e2e/phase-02-settings/P2G.clinical.masters.spec.ts,
TC-P2G-108,2G Clinical Masters & Alerts,P1,A new consent form appears in the procedure consent picker,1) Add Haemodialysis Consent under /settings/consent-forms 2) Open a procedure that requires consent 3) Open the consent picker,The new form is offered.,,MOCK_DATA_BOOK Phase 2 additions — Haemodialysis Consent must appear in the procedure consent picker,"OT, IPD, Dialysis","Tier 0 complete (profile, departments, staff, roles, plan)",,,,,P2-Setup,"MOCK_DATA_BOOK states this downstream requirement explicitly. A form configured here and absent from the picker means the procedure goes ahead on a generic consent, or on none.",Cross-Module,hospital_admin (Hospital A),consent_form_templates → the form is offered in the procedure consent picker,e2e/phase-02-settings/P2G.clinical.masters.spec.ts,
TC-P2G-109,2G Clinical Masters & Alerts,P1,Hospital A's consent forms are invisible to Hospital B,1) Sign in as the Hospital B administrator 2) Open /settings/consent-forms as Hospital B 3) Query consent_form_templates through the API with no hospital filter,Not one Hospital A consent form is returned.,,MOCK_DATA_BOOK Hospitals — Hospital A (Aarogya) and Hospital B (Sanjeevani),"Multi-tenancy, OT, Quality",Both QA tenants seeded,,,,,P2-Setup,"A consent form names the hospital and carries its own legal wording, reviewed by its own advisers. One hospital printing another's consent text puts an unreviewed legal document in front of a patient.",Cross-Module,hospital_admin (Hospital B),consent_form_templates queried as the Hospital B admin → zero rows with hospital_id = A,e2e/phase-02-settings/P2G.clinical.masters.spec.ts,
TC-P2G-110,2G Clinical Masters & Alerts,P2,A saved consent form survives a hard reload,1) Open /settings/consent-forms 2) Create Haemodialysis Consent 3) Hard-reload 4) Locate the form,The form is still listed with its body text intact.,,MOCK_DATA_BOOK Phase 2 additions — Haemodialysis Consent,"OT, IPD","Tier 0 complete (profile, departments, staff, roles, plan)",,,,,P2-Setup,"A false save means the consent is missing at the moment a procedure is being booked, and the ward improvises with a handwritten form that nobody has reviewed.",Positive,hospital_admin (Hospital A),consent_form_templates where hospital_id = A and name = 'Haemodialysis Consent' → 1 row,e2e/phase-02-settings/P2G.clinical.masters.spec.ts,
TC-P2G-111,2G Clinical Masters & Alerts,P2,OT Checklist screen loads with the WHO surgical safety structure,1) Open /settings/ot-checklist 2) Read the checklist,"The WHO surgical safety checklist structure renders — sign in, time out and sign out. No red console errors.",,The WHO surgical safety checklist rendered by SettingsOTChecklistPage,"OT, Anaesthesia, Quality","Tier 0 complete (profile, departments, staff, roles, plan)",,,,,P2-Setup,The WHO checklist is a NABH requirement and the single most evidenced patient-safety intervention in surgery. It has to be present before the first case is booked.,Positive,hospital_admin (Hospital A),ot_checklist_custom_items where hospital_id = A → custom items match what is displayed,e2e/phase-02-settings/P2G.clinical.masters.spec.ts,
TC-P2G-112,2G Clinical Masters & Alerts,P1,A custom checklist item saves,"1) Open /settings/ot-checklist 2) Add ""Confirm dialysis access site is marked"" 3) Save",An ot_checklist_custom_items row exists with that text.,,"phase2.entry./settings/ot-checklist — ""Confirm dialysis access site is marked""","OT, Quality","Tier 0 complete (profile, departments, staff, roles, plan)",,,,,P2-Setup,"Site marking is the control against wrong-site surgery. A custom item that does not save means the check is never presented to the team, and the hospital believes its checklist covers it.",Positive,hospital_admin (Hospital A),ot_checklist_custom_items where hospital_id = A → the item text is stored,e2e/phase-02-settings/P2G.clinical.masters.spec.ts,
TC-P2G-113,2G Clinical Masters & Alerts,P2,An empty checklist item is refused,1) Open /settings/ot-checklist 2) Attempt to add a blank item 3) Save,The save is refused and no row is written.,,None — deliberately submits a blank checklist item,OT,"Tier 0 complete (profile, departments, staff, roles, plan)",,,,,P2-Setup,A blank item renders as an unlabelled checkbox the team must tick without knowing what they are confirming. That converts a safety checklist into a box-ticking ritual.,Negative,hospital_admin (Hospital A),ot_checklist_custom_items where hospital_id = A → no row with empty text,e2e/phase-02-settings/P2G.clinical.masters.spec.ts,
TC-P2G-114,2G Clinical Masters & Alerts,P2,A custom checklist item can be removed,1) Open /settings/ot-checklist 2) Delete a custom item 3) Reload,The item is gone and does not return after the reload.,,phase2.entry./settings/ot-checklist — the custom dialysis item,OT,"Tier 0 complete (profile, departments, staff, roles, plan)",,,,,P2-Setup,"A checklist that only grows becomes too long to complete honestly, and a team that cannot finish it starts ticking without reading. Removing obsolete items is a safety act, not tidying.",Positive,hospital_admin (Hospital A),ot_checklist_custom_items → the row is deleted and stays deleted,e2e/phase-02-settings/P2G.clinical.masters.spec.ts,
TC-P2G-115,2G Clinical Masters & Alerts,P2,Custom checklist items survive a hard reload,1) Open /settings/ot-checklist 2) Add a custom item 3) Hard-reload 4) Look for the item,The item is still listed after the reload.,,"phase2.entry./settings/ot-checklist — ""Confirm dialysis access site is marked""","OT, Quality","Tier 0 complete (profile, departments, staff, roles, plan)",,,,,P2-Setup,A false save here means a safety check the hospital deliberately added is silently absent from every subsequent operation.,Positive,hospital_admin (Hospital A),ot_checklist_custom_items where hospital_id = A → the item persists,e2e/phase-02-settings/P2G.clinical.masters.spec.ts,
TC-P2G-116,2G Clinical Masters & Alerts,P1,A custom checklist item appears in the OT workflow,1) Add a custom item under /settings/ot-checklist 2) Open an OT case 3) Open the surgical safety checklist,The custom item is presented alongside the standard WHO items.,,phase2.entry./settings/ot-checklist — the custom dialysis item,"OT, Anaesthesia","Tier 0 complete (profile, departments, staff, roles, plan)",,,,,P2-Setup,A checklist item configured but never presented is worse than not adding it — the hospital documents the control in its quality manual and the theatre never performs it.,Cross-Module,hospital_admin (Hospital A),ot_checklist_custom_items → the item is presented in the OT case checklist,e2e/phase-02-settings/P2G.clinical.masters.spec.ts,
TC-P2G-117,2G Clinical Masters & Alerts,P1,Hospital A's OT checklist items are invisible to Hospital B,1) Sign in as the Hospital B administrator 2) Open /settings/ot-checklist as Hospital B 3) Query ot_checklist_custom_items through the API with no hospital filter,Not one Hospital A checklist item is returned.,,MOCK_DATA_BOOK Hospitals — Hospital A (Aarogya) and Hospital B (Sanjeevani),"Multi-tenancy, OT",Both QA tenants seeded,,,,,P2-Setup,A surgical checklist is specific to a hospital's own procedures and equipment. Inheriting another's would present a theatre team with checks that do not apply and omit the ones that do.,Cross-Module,hospital_admin (Hospital B),ot_checklist_custom_items queried as the Hospital B admin → zero rows with hospital_id = A,e2e/phase-02-settings/P2G.clinical.masters.spec.ts,
TC-P2G-118,2G Clinical Masters & Alerts,P2,The OT Checklist screen loads with no red console errors,1) Open DevTools → Console 2) Open /settings/ot-checklist 3) Add and remove an item 4) Read the console,No red console text.,,phase2.entry./settings/ot-checklist — the custom dialysis item,OT,"Tier 0 complete (profile, departments, staff, roles, plan)",,,,,P2-Setup,A failed write that appears only in the console leaves the quality manager believing a safety check is in place across every theatre.,Positive,hospital_admin (Hospital A),None — console observation,e2e/phase-02-settings/P2G.clinical.masters.spec.ts,
TC-P2G-119,2G Clinical Masters & Alerts,P2,Clinical Protocols loads its rows from clinical_protocols rather than a hardcoded list,1) Open /settings/protocols 2) Read the protocol table,"The table reflects the clinical_protocols rows for Hospital A. If none exist it shows an empty state, NOT the five placeholder protocols.",,phase2.entry./settings/protocols — Acute Kidney Injury Bundle,"IPD, Nursing, Emergency, Quality, IPC","Tier 0 complete (profile, departments, staff, roles, plan)",,,,,P2-Setup,"REGRESSION LOCK for BUG-P2-005. This screen rendered five hardcoded protocols and never queried the database, so every hospital saw the same fake Sepsis Bundle and Code Blue while its own protocols existed nowhere.",Positive,hospital_admin (Hospital A),clinical_protocols where hospital_id = A → matches the rows displayed,e2e/phase-02-settings/P2G.clinical.masters.spec.ts,
TC-P2G-120,2G Clinical Masters & Alerts,P1,A new protocol saves to clinical_protocols,"1) Open /settings/protocols 2) Add ""Acute Kidney Injury Bundle"" in category Critical Care with five steps 3) Click ""Save Protocol""","A clinical_protocols row exists with the name, category, description and all five steps.",,phase2.entry./settings/protocols — Acute Kidney Injury Bundle with its five steps,"IPD, Nursing, Quality","Tier 0 complete (profile, departments, staff, roles, plan)",,,,,P2-Setup,"REGRESSION LOCK for BUG-P2-005. Saving showed a green toast and issued zero Supabase calls, so a protocol a hospital wrote vanished on reload. A protocol nobody can retrieve is a protocol nobody follows.",Positive,hospital_admin (Hospital A),clinical_protocols where hospital_id = A and protocol_name = 'Acute Kidney Injury Bundle' → 1 row with 5 steps,e2e/phase-02-settings/P2G.clinical.masters.spec.ts,
TC-P2G-121,2G Clinical Masters & Alerts,P1,Protocol steps save in order as a list,1) Open /settings/protocols 2) Create a protocol with five ordered steps 3) Save 4) Reload and re-open it,"All five steps are present, in the order they were entered.",,phase2.entry./settings/protocols — the five AKI bundle steps in order,"IPD, Nursing, Emergency","Tier 0 complete (profile, departments, staff, roles, plan)",,,,,P2-Setup,"A protocol is a sequence. ""Stop nephrotoxics"" before ""assess volume status"" is the clinical order that matters, and steps reordered on save turn a bundle into a list of unrelated actions.",Positive,hospital_admin (Hospital A),clinical_protocols where hospital_id = A and protocol_name = 'Acute Kidney Injury Bundle' → steps in entry order,e2e/phase-02-settings/P2G.clinical.masters.spec.ts,
TC-P2G-122,2G Clinical Masters & Alerts,P2,A protocol cannot be saved without a name,"1) Open /settings/protocols 2) Add a protocol with steps but no Name 3) Click ""Save Protocol""","A destructive toast reads ""Protocol name is required"" and no row is written.",,None — deliberately omits the required protocol Name,"IPD, Quality","Tier 0 complete (profile, departments, staff, roles, plan)",,,,,P2-Setup,"An unnamed protocol cannot be found when a nurse needs it at the bedside, and it renders as a blank row in the protocol list.",Negative,hospital_admin (Hospital A),clinical_protocols where hospital_id = A and (protocol_name is null or protocol_name = '') → 0 rows,e2e/phase-02-settings/P2G.clinical.masters.spec.ts,
TC-P2G-123,2G Clinical Masters & Alerts,P1,A protocol cannot be saved with no steps,"1) Open /settings/protocols 2) Add a protocol with a name but every step blank 3) Click ""Save Protocol""","A destructive toast explains that at least one step is required, and no row is written.",,None — deliberately leaves every step blank,"IPD, Nursing","Tier 0 complete (profile, departments, staff, roles, plan)",,,,,P2-Setup,"A protocol with no steps tells the ward nothing. It appears in the protocol list, a nurse opens it during an emergency, and it is empty.",Negative,hospital_admin (Hospital A),clinical_protocols where hospital_id = A → every row has at least one step,e2e/phase-02-settings/P2G.clinical.masters.spec.ts,
TC-P2G-124,2G Clinical Masters & Alerts,P2,A protocol can be edited and the change persists,1) Open /settings/protocols 2) Open an existing protocol 3) Add a step 4) Save 5) Reload,The added step is present after the reload.,,phase2.entry./settings/protocols — Acute Kidney Injury Bundle,"IPD, Nursing, Quality","Tier 0 complete (profile, departments, staff, roles, plan)",,,,,P2-Setup,Protocols are revised as guidelines change. An edit that toasts success without persisting means the ward keeps following the superseded version while the quality manual says otherwise.,Positive,hospital_admin (Hospital A),clinical_protocols → the edited steps persist,e2e/phase-02-settings/P2G.clinical.masters.spec.ts,
TC-P2G-125,2G Clinical Masters & Alerts,P2,A protocol can be deactivated and reactivated,1) Open /settings/protocols 2) Switch a protocol inactive 3) Reload 4) Switch it back,clinical_protocols.is_active follows the toggle in both directions and survives the reload.,,phase2.entry./settings/protocols — Acute Kidney Injury Bundle,"IPD, Quality","Tier 0 complete (profile, departments, staff, roles, plan)",,,,,P2-Setup,A superseded protocol must stop being offered while the record of what was in force at the time of an incident stays intact. Deleting would destroy the evidence a review depends on.,Positive,hospital_admin (Hospital A),clinical_protocols → is_active toggles both ways and persists,e2e/phase-02-settings/P2G.clinical.masters.spec.ts,
TC-P2G-126,2G Clinical Masters & Alerts,P2,The protocol category saves,1) Open /settings/protocols 2) Set Category to Critical Care 3) Save 4) Reload,The category persists after the reload.,,phase2.entry./settings/protocols — category Critical Care,"IPD, Emergency, Quality","Tier 0 complete (profile, departments, staff, roles, plan)",,,,,P2-Setup,Category is how a nurse finds the right protocol under pressure. Uncategorised protocols sit in one undifferentiated list that nobody scrolls during an emergency.,Positive,hospital_admin (Hospital A),clinical_protocols where hospital_id = A → category = 'Critical Care' on the AKI bundle,e2e/phase-02-settings/P2G.clinical.masters.spec.ts,
TC-P2G-127,2G Clinical Masters & Alerts,P1,A saved protocol survives a hard reload,1) Open /settings/protocols 2) Create the AKI bundle 3) Hard-reload 4) Locate the protocol,The protocol is still listed with its steps intact.,,phase2.entry./settings/protocols — Acute Kidney Injury Bundle,"IPD, Nursing","Tier 0 complete (profile, departments, staff, roles, plan)",,,,,P2-Setup,"REGRESSION LOCK for BUG-P2-005. Before the fix everything lived in component state, so a reload wiped it and clinical_protocols stayed empty while the UI looked healthy.",Positive,hospital_admin (Hospital A),clinical_protocols where hospital_id = A and protocol_name = 'Acute Kidney Injury Bundle' → 1 row,e2e/phase-02-settings/P2G.clinical.masters.spec.ts,
TC-P2G-128,2G Clinical Masters & Alerts,P1,Hospital A's protocols are invisible to Hospital B,1) Sign in as the Hospital B administrator 2) Open /settings/protocols as Hospital B 3) Query clinical_protocols through the API with no hospital filter,Not one Hospital A protocol is returned.,,MOCK_DATA_BOOK Hospitals — Hospital A (Aarogya) and Hospital B (Sanjeevani),"Multi-tenancy, IPD, Quality",Both QA tenants seeded,,,,,P2-Setup,"A treatment protocol is specific to a hospital's own drug formulary, equipment and staffing. Before the fix this table was never queried at all, so its RLS has never been exercised — this is the first case that proves it works.",Cross-Module,hospital_admin (Hospital B),clinical_protocols queried as the Hospital B admin → zero rows with hospital_id = A,e2e/phase-02-settings/P2G.clinical.masters.spec.ts,
TC-P2G-129,2G Clinical Masters & Alerts,P1,A receptionist cannot edit clinical protocols,1) Log in as receptionist (Hospital A) 2) Navigate directly to /settings/protocols,"The route is blocked — redirected away, or an explicit access-denied message.",,"MOCK_DATA_BOOK Staff logins — receptionist (Hospital A), Ms. Divya Sharma","IPD, Quality",Tier 0 roles configured (Phase 1 §1E),,,,,P2-Setup,"A clinical protocol is a standing medical order the ward follows. Editing one is a clinical governance act, not an administrative one.",RBAC,receptionist (Hospital A),None — route guard behaviour,e2e/phase-02-settings/P2G.clinical.masters.spec.ts,
TC-P2G-130,2G Clinical Masters & Alerts,P2,The Clinical Protocols screen loads with no red console errors,1) Open DevTools → Console 2) Open /settings/protocols 3) Create and edit a protocol 4) Read the console,"No red console text, and specifically no PostgREST error from a clinical_protocols column the query names and the schema lacks.",,phase2.entry./settings/protocols — Acute Kidney Injury Bundle,"IPD, Quality","Tier 0 complete (profile, departments, staff, roles, plan)",,,,,P2-Setup,This screen was rewired to a table it had never touched. A column-name mismatch on the jsonb steps column would surface only here while the UI carried on looking healthy.,Positive,hospital_admin (Hospital A),None — console observation,e2e/phase-02-settings/P2G.clinical.masters.spec.ts,
TC-P2G-131,2G Clinical Masters & Alerts,P2,Alert Thresholds screen loads,1) Open /settings/clinical-thresholds 2) Read the threshold list,Vitals and lab critical-value thresholds render. No red console errors.,,MOCK_DATA_BOOK Phase 2 additions — Clinical Thresholds: Serum Potassium critical high 6.0,"IPD, Nursing, Lab, Emergency","Tier 0 complete (profile, departments, staff, roles, plan)",,,,,P2-Setup,"SETTINGS_PREREQ_MATRIX lists clinical thresholds as an Emergency prerequisite. They decide when an alert fires, so an unconfigured threshold means either silence or constant noise.",Positive,hospital_admin (Hospital A),hospital_settings where hospital_id = A → the thresholds key matches what is displayed,e2e/phase-02-settings/P2G.clinical.masters.spec.ts,
TC-P2G-132,2G Clinical Masters & Alerts,P1,A critical high threshold saves,1) Open /settings/clinical-thresholds 2) Set Serum Potassium critical high to 6.0 3) Save 4) Reload,The threshold persists at 6.0 after the reload.,,phase2.entry./settings/clinical-thresholds — criticalHigh 6.0,"Lab, IPD, Nursing","Tier 0 complete (profile, departments, staff, roles, plan)",,,,,P2-Setup,"MOCK_DATA_BOOK sets this deliberately as a LOWER critical bar than the seeded default — the hospital is choosing to be paged earlier. If it does not save, the hospital believes it has tightened the threshold and it has not.",Positive,hospital_admin (Hospital A),hospital_settings thresholds → Serum Potassium critical high = 6.0,e2e/phase-02-settings/P2G.clinical.masters.spec.ts,
TC-P2G-133,2G Clinical Masters & Alerts,P1,A critical high below the normal maximum is refused or warned,1) Open /settings/clinical-thresholds 2) Set a critical high below that analyte's normal maximum 3) Save,The screen refuses it or warns clearly. A critical value inside the normal range would fire on healthy patients.,,MOCK_DATA_BOOK Lab test master — Serum Potassium normal 3.5–5.1,"Lab, IPD, Nursing","Tier 0 complete (profile, departments, staff, roles, plan)",,,,,P2-Setup,"A critical high of 4.0 against a normal range topping out at 5.1 would page a doctor for every healthy patient. Within a day the ward mutes the alert, and the genuine 7.2 goes unseen — alert fatigue caused by configuration.",Boundary,hospital_admin (Hospital A),hospital_settings thresholds → no critical high below the analyte normal maximum,e2e/phase-02-settings/P2G.clinical.masters.spec.ts,
TC-P2G-134,2G Clinical Masters & Alerts,P1,A critical low above the normal minimum is refused or warned,1) Open /settings/clinical-thresholds 2) Set a critical low above that analyte's normal minimum 3) Save,The screen refuses it or warns clearly.,,MOCK_DATA_BOOK Lab test master — Serum Potassium normal 3.5–5.1,"Lab, IPD, Nursing","Tier 0 complete (profile, departments, staff, roles, plan)",,,,,P2-Setup,The mirror of the previous case. A critical low inside the normal range fires on every healthy result and trains staff to dismiss the alert channel entirely.,Boundary,hospital_admin (Hospital A),hospital_settings thresholds → no critical low above the analyte normal minimum,e2e/phase-02-settings/P2G.clinical.masters.spec.ts,
TC-P2G-135,2G Clinical Masters & Alerts,P2,A vitals threshold saves,1) Open /settings/clinical-thresholds 2) Set a vitals threshold such as SpO₂ low 3) Save 4) Reload,The vitals threshold persists after the reload.,,MOCK_DATA_BOOK Values used across many tests — abnormal vitals SpO₂ 89%,"Nursing, IPD, Emergency","Tier 0 complete (profile, departments, staff, roles, plan)",,,,,P2-Setup,"Vitals thresholds drive NEWS2 scoring and the deteriorating-patient alert. The seeded sepsis vitals — SpO₂ 89%, RR 28, BP 86/54 — exist to prove the escalation fires.",Positive,hospital_admin (Hospital A),hospital_settings thresholds → the vitals threshold persists,e2e/phase-02-settings/P2G.clinical.masters.spec.ts,
TC-P2G-136,2G Clinical Masters & Alerts,P2,A non-numeric threshold is refused,1) Open /settings/clinical-thresholds 2) Enter a non-numeric threshold value 3) Save,The save is refused.,,phase2.invalid.feeNonNumeric (abc),"Lab, Nursing","Tier 0 complete (profile, departments, staff, roles, plan)",,,,,P2-Setup,"A threshold that parses to NaN compares false against every result, so the alert never fires and the screen still shows a configured threshold.",Negative,hospital_admin (Hospital A),hospital_settings thresholds → every stored threshold is numeric,e2e/phase-02-settings/P2G.clinical.masters.spec.ts,
TC-P2G-137,2G Clinical Masters & Alerts,P1,A tightened threshold overrides the seeded default,1) Open /settings/clinical-thresholds and note the default critical potassium threshold 2) Set it to 6.0 3) Open /lab and enter a potassium result of 6.5 4) Observe the alert,"The 6.5 result fires a critical alert against the configured 6.0, not against the higher default.",,"MOCK_DATA_BOOK Phase 2 additions — Serum Potassium critical high 6.0, a lower bar than the seeded one","Lab, IPD, Nursing","Tier 0 complete (profile, departments, staff, roles, plan)",,,,,P2-Setup,"MOCK_DATA_BOOK describes this row as overriding the default with a lower critical bar. If the override is stored but not read, the hospital has explicitly asked to be paged earlier and is not.",Cross-Module,hospital_admin (Hospital A),hospital_settings thresholds → the configured 6.0 is used in preference to the default,e2e/phase-02-settings/P2G.clinical.masters.spec.ts,
TC-P2G-138,2G Clinical Masters & Alerts,P2,Thresholds survive a hard reload,1) Open /settings/clinical-thresholds 2) Set a threshold 3) Hard-reload 4) Re-read it,The threshold is still set after the reload.,,phase2.entry./settings/clinical-thresholds — criticalHigh 6.0,"Lab, Nursing","Tier 0 complete (profile, departments, staff, roles, plan)",,,,,P2-Setup,"A false save leaves the hospital on defaults it did not choose, and it will only discover that when an alert it expected does not arrive.",Positive,hospital_admin (Hospital A),hospital_settings thresholds → the value persists,e2e/phase-02-settings/P2G.clinical.masters.spec.ts,
TC-P2G-139,2G Clinical Masters & Alerts,P1,Hospital A's thresholds are invisible to Hospital B,1) Sign in as the Hospital B administrator 2) Open /settings/clinical-thresholds as Hospital B 3) Query hospital_settings through the API with no hospital filter,No Hospital A thresholds row is returned.,,MOCK_DATA_BOOK Hospitals — Hospital A (Aarogya) and Hospital B (Sanjeevani),"Multi-tenancy, Lab, Nursing",Both QA tenants seeded,,,,,P2-Setup,"Thresholds are a clinical safety parameter. One hospital tightening a critical value must never loosen it at another, and hospital_settings has no per-role RLS to fall back on.",Cross-Module,hospital_admin (Hospital B),hospital_settings queried as the Hospital B admin → zero rows with hospital_id = A,e2e/phase-02-settings/P2G.clinical.masters.spec.ts,
TC-P2G-140,2G Clinical Masters & Alerts,P1,A receptionist cannot change clinical thresholds,1) Log in as receptionist (Hospital A) 2) Navigate directly to /settings/clinical-thresholds,"The route is blocked — redirected away, or an explicit access-denied message.",,"MOCK_DATA_BOOK Staff logins — receptionist (Hospital A), Ms. Divya Sharma","Lab, Nursing, Emergency",Tier 0 roles configured (Phase 1 §1E),,,,,P2-Setup,Widening a critical threshold suppresses the alert that would otherwise page a doctor. That is a clinical decision with a direct patient-safety consequence.,RBAC,receptionist (Hospital A),None — route guard behaviour,e2e/phase-02-settings/P2G.clinical.masters.spec.ts,
TC-P2G-141,2G Clinical Masters & Alerts,P2,A threshold change is written to the config change log,1) Open /settings/clinical-thresholds 2) Change a threshold 3) Save 4) Open /settings/change-log,A config_change_logs entry records the change.,,phase2.entry./settings/clinical-thresholds — criticalHigh 6.0,"Quality, Audit, Lab","Tier 0 complete (profile, departments, staff, roles, plan)",,,,,P2-Setup,"If an alert failed to fire during an incident, the review has to establish what the threshold was at the time. An unlogged change makes that unanswerable.",Positive,hospital_admin (Hospital A),config_change_logs where hospital_id = A → an entry exists for the threshold change,e2e/phase-02-settings/P2G.clinical.masters.spec.ts,
TC-P2G-142,2G Clinical Masters & Alerts,P2,The Alert Thresholds screen loads with no red console errors,1) Open DevTools → Console 2) Open /settings/clinical-thresholds 3) Save a threshold 4) Read the console,No red console text from the hospital_settings upsert.,,phase2.entry./settings/clinical-thresholds — criticalHigh 6.0,"Lab, Nursing","Tier 0 complete (profile, departments, staff, roles, plan)",,,,,P2-Setup,Thresholds are stored as a JSON blob under a hospital_settings key. A malformed blob rejected by Postgres would surface only here while the UI reports the threshold saved.,Positive,hospital_admin (Hospital A),None — console observation,e2e/phase-02-settings/P2G.clinical.masters.spec.ts,
TC-P2G-143,2G Clinical Masters & Alerts,P2,Day Care Procedures screen loads,1) Open /settings/day-care-procedures 2) Read the procedure list,The screen renders with an Add Procedure action. No red console errors.,,"MOCK_DATA_BOOK Phase 2 additions — Haemodialysis Session (Day Care) ₹2,200","Day Care, IPD, Billing","Tier 0 complete (profile, departments, staff, roles, plan)",,,,,P2-Setup,"SETTINGS_PREREQ_MATRIX warns that without day_care_procedures the day-care procedure picker is empty, so a same-day case cannot be booked against anything billable.",Positive,hospital_admin (Hospital A),day_care_procedures where hospital_id = A → matches the list displayed,e2e/phase-02-settings/P2G.clinical.masters.spec.ts,
TC-P2G-144,2G Clinical Masters & Alerts,P1,A day care procedure saves with its standard rate,"1) Open /settings/day-care-procedures 2) Add ""Haemodialysis Session (Day Care)"" at ₹2,200 3) Save",A day_care_procedures row exists with rate 2200.,,"MOCK_DATA_BOOK Phase 2 additions — Haemodialysis Session (Day Care) ₹2,200","Day Care, Billing, Dialysis","Tier 0 complete (profile, departments, staff, roles, plan)",,,,,P2-Setup,"The standard rate is what the day-care case bills. Without it the procedure is performed and charged at zero, and a dialysis unit running three sessions a week per patient loses a great deal quickly.",Positive,hospital_admin (Hospital A),day_care_procedures where hospital_id = A and name = 'Haemodialysis Session (Day Care)' → rate = 2200,e2e/phase-02-settings/P2G.clinical.masters.spec.ts,
TC-P2G-145,2G Clinical Masters & Alerts,P2,A day care procedure cannot be saved without a name or rate,"1) Open /settings/day-care-procedures 2) Attempt to save a procedure missing the Name, then one missing the Standard Rate 3) Observe both",Both saves are refused and no rows are written.,,None — deliberately omits the required Procedure Name and Standard Rate,"Day Care, Billing","Tier 0 complete (profile, departments, staff, roles, plan)",,,,,P2-Setup,"Both fields are marked required on the form. An unnamed procedure is unbookable and an unpriced one is unbillable, and neither failure is visible until a patient is already in the chair.",Negative,hospital_admin (Hospital A),day_care_procedures where hospital_id = A → name and rate set on every row,e2e/phase-02-settings/P2G.clinical.masters.spec.ts,
TC-P2G-146,2G Clinical Masters & Alerts,P2,The PMJAY code saves against a day care procedure,1) Open /settings/day-care-procedures 2) Enter a PMJAY Code 3) Save 4) Reload,The PMJAY code persists after the reload.,,Literal PMJAY code P-001 (the placeholder the field itself suggests),"Day Care, PMJAY, Insurance","Tier 0 complete (profile, departments, staff, roles, plan)",,,,,P2-Setup,A PMJAY claim is adjudicated against the package code. Without it a scheme patient's day-care procedure cannot be claimed and the hospital absorbs the cost.,Positive,hospital_admin (Hospital A),day_care_procedures where hospital_id = A → PMJAY code recorded,e2e/phase-02-settings/P2G.clinical.masters.spec.ts,
TC-P2G-147,2G Clinical Masters & Alerts,P2,The deposit percentage saves,"1) Open /settings/day-care-procedures 2) Set ""Deposit required (% of procedure rate)"" 3) Save 4) Reload",The deposit percentage persists after the reload.,,The deposit percentage field on SettingsDayCareProceduresPage,"Day Care, Billing, Payments","Tier 0 complete (profile, departments, staff, roles, plan)",,,,,P2-Setup,"The deposit is collected before the procedure starts. Unset, the case proceeds with nothing paid and the hospital chases the money after the patient has gone home.",Positive,hospital_admin (Hospital A),hospital_settings or day_care_procedures → the deposit percentage persists,e2e/phase-02-settings/P2G.clinical.masters.spec.ts,
TC-P2G-148,2G Clinical Masters & Alerts,P2,The insurance pre-authorisation flag saves,"1) Open /settings/day-care-procedures 2) Toggle ""Insurance Pre-Authorisation Required"" 3) Save 4) Reload",The flag persists after the reload.,,The Insurance Pre-Authorisation Required toggle on SettingsDayCareProceduresPage,"Day Care, Insurance","Tier 0 complete (profile, departments, staff, roles, plan)",,,,,P2-Setup,A procedure performed without a required pre-authorisation is a claim the insurer will decline outright. The flag is what makes the desk stop and obtain approval first.,Positive,hospital_admin (Hospital A),day_care_procedures where hospital_id = A → the pre-auth flag persists,e2e/phase-02-settings/P2G.clinical.masters.spec.ts,
TC-P2G-149,2G Clinical Masters & Alerts,P1,A new day care procedure appears in the day-care procedure picker,1) Add Haemodialysis Session (Day Care) under /settings/day-care-procedures 2) Open the day care module 3) Open the procedure picker,The new procedure is offered.,,MOCK_DATA_BOOK Phase 2 additions — Haemodialysis Session (Day Care) must appear in the day-care procedure picker,"Day Care, Dialysis, Billing","Tier 0 complete (profile, departments, staff, roles, plan)",,,,,P2-Setup,"MOCK_DATA_BOOK states this downstream requirement explicitly. A procedure configured here and missing from the picker means the day-care case is booked as something else, or not booked at all.",Cross-Module,hospital_admin (Hospital A),day_care_procedures → the procedure is offered in the day-care picker,e2e/phase-02-settings/P2G.clinical.masters.spec.ts,
TC-P2G-150,2G Clinical Masters & Alerts,P1,Hospital A's day care procedures are invisible to Hospital B,1) Sign in as the Hospital B administrator 2) Open /settings/day-care-procedures as Hospital B 3) Query day_care_procedures through the API with no hospital filter,Not one Hospital A procedure is returned.,,MOCK_DATA_BOOK Hospitals — Hospital A (Aarogya) and Hospital B (Sanjeevani),"Multi-tenancy, Day Care",Both QA tenants seeded,,,,,P2-Setup,Day-care rates and PMJAY package codes are commercial and scheme-specific. One hospital reading another's exposes both its pricing and its scheme empanelment.,Cross-Module,hospital_admin (Hospital B),day_care_procedures queried as the Hospital B admin → zero rows with hospital_id = A,e2e/phase-02-settings/P2G.clinical.masters.spec.ts,
TC-P2G-151,2G Clinical Masters & Alerts,P2,EMR Templates screen loads,1) Open /settings/templates 2) Read the template list,The screen renders with a template list and a create action. No red console errors.,,phase2.entry./settings/templates — Nephrology OPD Note,"OPD, IPD, ANC, Neonatal, Dental, all EMR modules","Tier 0 complete (profile, departments, staff, roles, plan)",,,,,P2-Setup,"Templates are how a specialist records a consultation in the fields their specialty needs. Without them every note is free text, which cannot be reported on or coded.",Positive,hospital_admin (Hospital A),emr_template_definitions where hospital_id = A → matches the list displayed,e2e/phase-02-settings/P2G.clinical.masters.spec.ts,
TC-P2G-152,2G Clinical Masters & Alerts,P1,An EMR template saves with its title and specialty,"1) Open /settings/templates 2) Create ""Nephrology OPD Note"" with a specialty and description 3) Save",An emr_template_definitions row exists with that title and specialty.,,phase2.entry./settings/templates — Nephrology OPD Note,"OPD, IPD, MRD","Tier 0 complete (profile, departments, staff, roles, plan)",,,,,P2-Setup,"The specialty decides which consultations the template is offered on. A template with none is either offered everywhere or nowhere, and a nephrology note appearing in a paediatric clinic is worse than no template.",Positive,hospital_admin (Hospital A),emr_template_definitions where hospital_id = A and title = 'Nephrology OPD Note' → 1 row,e2e/phase-02-settings/P2G.clinical.masters.spec.ts,
TC-P2G-153,2G Clinical Masters & Alerts,P2,A template cannot be saved without a title,1) Open /settings/templates 2) Create a template with no Title 3) Save,The save is refused and no row is written.,,None — deliberately omits the required Title,"OPD, MRD","Tier 0 complete (profile, departments, staff, roles, plan)",,,,,P2-Setup,"An untitled template renders as a blank option in the template picker, so a doctor selects it by accident mid-consultation and the note structure is wrong.",Negative,hospital_admin (Hospital A),emr_template_definitions where hospital_id = A and (title is null or title = '') → 0 rows,e2e/phase-02-settings/P2G.clinical.masters.spec.ts,
TC-P2G-154,2G Clinical Masters & Alerts,P2,A template can be edited and the change persists,1) Open /settings/templates 2) Edit a template description 3) Save 4) Reload,The edited description shows after the reload.,,phase2.entry./settings/templates — Nephrology OPD Note,"OPD, MRD","Tier 0 complete (profile, departments, staff, roles, plan)",,,,,P2-Setup,Templates are refined as clinicians use them. An edit that does not persist means the same awkward field ordering is imposed on every consultation indefinitely.,Positive,hospital_admin (Hospital A),emr_template_definitions → the edited description persists,e2e/phase-02-settings/P2G.clinical.masters.spec.ts,
TC-P2G-155,2G Clinical Masters & Alerts,P1,A new template is offered in the consultation workspace,1) Open /settings/templates and create the Nephrology OPD Note template 2) Open the /opd consultation workspace 3) Open the template picker,The new template is offered for the matching specialty.,,phase2.entry./settings/templates — Nephrology OPD Note,"OPD, IPD","Tier 0 complete (profile, departments, staff, roles, plan)",,,,,P2-Setup,A template configured but never offered means the specialist writes free text instead. Free text cannot be coded for a claim or aggregated for a clinical audit.,Cross-Module,hospital_admin (Hospital A),emr_template_definitions → the template is offered in the consultation workspace,e2e/phase-02-settings/P2G.clinical.masters.spec.ts,
TC-P2G-156,2G Clinical Masters & Alerts,P2,A saved template survives a hard reload,1) Open /settings/templates 2) Create a template 3) Hard-reload 4) Locate it,The template is still listed after the reload.,,phase2.entry./settings/templates — Nephrology OPD Note,OPD,"Tier 0 complete (profile, departments, staff, roles, plan)",,,,,P2-Setup,"A false save means the specialist builds a template, is told it saved, and finds it gone the next time they open a clinic.",Positive,hospital_admin (Hospital A),emr_template_definitions where hospital_id = A and title = 'Nephrology OPD Note' → 1 row,e2e/phase-02-settings/P2G.clinical.masters.spec.ts,
TC-P2G-157,2G Clinical Masters & Alerts,P1,Hospital A's EMR templates are invisible to Hospital B,1) Sign in as the Hospital B administrator 2) Open /settings/templates as Hospital B 3) Query emr_template_definitions through the API with no hospital filter,Not one Hospital A template is returned.,,MOCK_DATA_BOOK Hospitals — Hospital A (Aarogya) and Hospital B (Sanjeevani),"Multi-tenancy, OPD, MRD",Both QA tenants seeded,,,,,P2-Setup,"A template encodes how a hospital's clinicians document care, which is intellectual property and clinically specific to their own protocols.",Cross-Module,hospital_admin (Hospital B),emr_template_definitions queried as the Hospital B admin → zero rows with hospital_id = A,e2e/phase-02-settings/P2G.clinical.masters.spec.ts,
TC-P2G-158,2G Clinical Masters & Alerts,P2,The EMR Templates screen loads with no red console errors,1) Open DevTools → Console 2) Open /settings/templates 3) Create and edit a template 4) Read the console,No red console text from the emr_template_definitions read or write.,,phase2.entry./settings/templates — Nephrology OPD Note,"OPD, MRD","Tier 0 complete (profile, departments, staff, roles, plan)",,,,,P2-Setup,Template definitions are stored as structured JSON. A malformed definition rejected by Postgres would surface only here while the builder reports the template saved.,Positive,hospital_admin (Hospital A),None — console observation,e2e/phase-02-settings/P2G.clinical.masters.spec.ts,
TC-P2H-001,2H Workflows & Communications,P2,OPD Queue Config screen loads,1) Log in as hospital_admin (Hospital A) 2) Open /settings/opd-workflow 3) Read the form,"Token Prefix, Starting Number and Patient Name Format all render. No red console errors.",,phase2.entry./settings/opd-workflow — tokenPrefix OPD,"OPD, TV Display, Telemedicine","Tier 0 complete (profile, departments, staff, roles, plan)",,,,,P2-Setup,SETTINGS_PREREQ_MATRIX notes that without OPD workflow config the defaults simply apply. A hospital that never sees this screen inherits a token scheme it did not choose and cannot explain to its own staff.,Positive,hospital_admin (Hospital A),hospital_settings where hospital_id = A → the OPD config key matches what is displayed,e2e/phase-02-settings/P2H.workflows.spec.ts,
TC-P2H-002,2H Workflows & Communications,P1,The token prefix saves,"1) Open /settings/opd-workflow 2) Set Prefix to ""OPD"" 3) Save 4) Reload",The prefix persists after the reload.,,phase2.entry./settings/opd-workflow — tokenPrefix OPD,"OPD, TV Display","Tier 0 complete (profile, departments, staff, roles, plan)",,,,,P2-Setup,The token prefix is called out on the waiting-room display and printed on the slip a patient holds. A prefix that reverts means the number announced does not match the number in the patient's hand.,Positive,hospital_admin (Hospital A),hospital_settings OPD config → token prefix = OPD,e2e/phase-02-settings/P2H.workflows.spec.ts,
TC-P2H-003,2H Workflows & Communications,P1,The token starting number saves,1) Open /settings/opd-workflow 2) Set Starting Number 3) Save 4) Reload,The starting number persists after the reload.,,phase2.entry./settings/opd-workflow — the token starting number,OPD,"Tier 0 complete (profile, departments, staff, roles, plan)",,,,,P2-Setup,"Hospitals resume their existing token series when they migrate. Starting at 1 while the paper register is at 4,000 produces duplicate token numbers on the same day.",Positive,hospital_admin (Hospital A),hospital_settings OPD config → starting number persists,e2e/phase-02-settings/P2H.workflows.spec.ts,
TC-P2H-004,2H Workflows & Communications,P2,A negative token starting number is refused,1) Open /settings/opd-workflow 2) Set Starting Number to -5 3) Save,"The save is refused, or the value is not stored as negative.",,phase2.invalid.ratePerDayNegative (-100) applied to the token start,OPD,"Tier 0 complete (profile, departments, staff, roles, plan)",,,,,P2-Setup,"A negative token number is not a number anyone can call out, and it breaks the sort order on the queue display so the wrong patient is called next.",Boundary,hospital_admin (Hospital A),hospital_settings OPD config → starting number >= 0,e2e/phase-02-settings/P2H.workflows.spec.ts,
TC-P2H-005,2H Workflows & Communications,P2,The patient name format saves,1) Open /settings/opd-workflow 2) Change Patient Name Format 3) Save 4) Reload,The chosen format persists after the reload.,,The Patient Name Format options on SettingsOPDWorkflowPage,"OPD, TV Display, Patient Portal","Tier 0 complete (profile, departments, staff, roles, plan)",,,,,P2-Setup,"The waiting room is a public space. Whether a full name or an initial is displayed on the queue board is a privacy decision under the DPDP Act, not a cosmetic preference.",Positive,hospital_admin (Hospital A),hospital_settings OPD config → patient name format persists,e2e/phase-02-settings/P2H.workflows.spec.ts,
TC-P2H-006,2H Workflows & Communications,P1,The configured prefix appears on a newly created token,1) Set the token prefix to OPD under /settings/opd-workflow 2) Open /opd and create a token 3) Read the token number,The token carries the configured prefix.,,phase2.entry./settings/opd-workflow — tokenPrefix OPD,"OPD, TV Display","Tier 0 complete (profile, departments, staff, roles, plan)",,,,,P2-Setup,"A prefix stored but not read means the setting is decorative. The receptionist changes it, sees it saved, and the tokens keep coming out with the old scheme.",Cross-Module,hospital_admin (Hospital A),the OPD token → carries the configured prefix,e2e/phase-02-settings/P2H.workflows.spec.ts,
TC-P2H-007,2H Workflows & Communications,P2,The follow-up charging mode saves,"1) Open /settings/opd-workflow 2) Set the follow-up charging mode to free, percent or fixed 3) Save 4) Reload",The chosen mode persists after the reload.,,"The follow-up mode options on SettingsOPDWorkflowPage — free, percent, fixed","OPD, Billing","Tier 0 complete (profile, departments, staff, roles, plan)",,,,,P2-Setup,"The mode decides whether a return visit inside the validity window is free, a percentage of the consultation, or a flat fee. Wrong, and the hospital either gives away revenue or charges a patient it promised would not pay.",Positive,hospital_admin (Hospital A),hospital_settings OPD config → follow-up mode persists,e2e/phase-02-settings/P2H.workflows.spec.ts,
TC-P2H-008,2H Workflows & Communications,P2,OPD config survives a hard reload,1) Open /settings/opd-workflow 2) Set the prefix and starting number 3) Save 4) Hard-reload 5) Re-read both,Both values are still shown after the reload.,,phase2.entry./settings/opd-workflow — tokenPrefix OPD,OPD,"Tier 0 complete (profile, departments, staff, roles, plan)",,,,,P2-Setup,Four screens in this phase showed a green toast and wrote nothing. On the token scheme a false save means every token issued that day uses a configuration nobody chose.,Positive,hospital_admin (Hospital A),hospital_settings where hospital_id = A → the OPD config key persists,e2e/phase-02-settings/P2H.workflows.spec.ts,
TC-P2H-009,2H Workflows & Communications,P2,A saved OPD config shows a success confirmation,1) Open /settings/opd-workflow 2) Change a value 3) Save 4) Read the toast,"A ""OPD config saved"" confirmation appears and a hospital_settings row exists.",,phase2.entry./settings/opd-workflow — tokenPrefix OPD,OPD,"Tier 0 complete (profile, departments, staff, roles, plan)",,,,,P2-Setup,"The toast is the only feedback the screen gives. It must appear only when the write succeeded, because a success message over a failed write is what four other screens in this phase were doing.",Positive,hospital_admin (Hospital A),hospital_settings where hospital_id = A → the OPD config row exists after the toast,e2e/phase-02-settings/P2H.workflows.spec.ts,
TC-P2H-010,2H Workflows & Communications,P1,Hospital A's OPD config is invisible to Hospital B,1) Sign in as the Hospital B administrator 2) Open /settings/opd-workflow as Hospital B 3) Query hospital_settings through the API with no hospital filter,No Hospital A OPD config row is returned.,,MOCK_DATA_BOOK Hospitals — Hospital A (Aarogya) and Hospital B (Sanjeevani),"Multi-tenancy, OPD",Both QA tenants seeded,,,,,P2-Setup,"hospital_settings has no per-role RLS, so tenant isolation is the only protection this table has. Two hospitals sharing a token series would call the same number in two buildings.",Cross-Module,hospital_admin (Hospital B),hospital_settings queried as the Hospital B admin → zero rows with hospital_id = A,e2e/phase-02-settings/P2H.workflows.spec.ts,
TC-P2H-011,2H Workflows & Communications,P2,A receptionist cannot change the OPD queue configuration,1) Log in as receptionist (Hospital A) 2) Navigate directly to /settings/opd-workflow,"The route is blocked — redirected away, or an explicit access-denied message.",,"MOCK_DATA_BOOK Staff logins — receptionist (Hospital A), Ms. Divya Sharma","OPD, Billing",Tier 0 roles configured (Phase 1 §1E),,,,,P2-Setup,"Reception issues tokens but must not change the scheme mid-day, and the follow-up charging mode on this screen decides what a return visit costs.",RBAC,receptionist (Hospital A),None — route guard behaviour,e2e/phase-02-settings/P2H.workflows.spec.ts,
TC-P2H-012,2H Workflows & Communications,P2,The OPD Queue Config screen loads with no red console errors,1) Open DevTools → Console 2) Open /settings/opd-workflow 3) Save a change 4) Read the console,No red console text from the hospital_settings upsert.,,phase2.entry./settings/opd-workflow — tokenPrefix OPD,OPD,"Tier 0 complete (profile, departments, staff, roles, plan)",,,,,P2-Setup,The config is stored as a JSON blob under a hospital_settings key. A malformed blob rejected by Postgres would surface only here while the UI reports the config saved.,Positive,hospital_admin (Hospital A),None — console observation,e2e/phase-02-settings/P2H.workflows.spec.ts,
TC-P2H-013,2H Workflows & Communications,P2,Discharge Workflow screen loads,1) Open /settings/discharge-workflow 2) Read the workflow,The discharge clearance steps render with an action to add a step. No red console errors.,,"phase2.entry./settings/discharge-workflow — step ""Pharmacy returns reconciled""","IPD, Billing, Pharmacy, MRD","Tier 0 complete (profile, departments, staff, roles, plan)",,,,,P2-Setup,SETTINGS_PREREQ_MATRIX notes that without hospitals.discharge_workflow the default clearance list applies. A hospital that never configures it discharges patients without the clearances it thinks it requires.,Positive,hospital_admin (Hospital A),hospitals where id = A → discharge_workflow matches what is displayed,e2e/phase-02-settings/P2H.workflows.spec.ts,
TC-P2H-014,2H Workflows & Communications,P1,A discharge step saves,"1) Open /settings/discharge-workflow 2) Add the step ""Pharmacy returns reconciled"" 3) Save 4) Reload",The step persists in hospitals.discharge_workflow after the reload.,,"phase2.entry./settings/discharge-workflow — ""Pharmacy returns reconciled""","IPD, Pharmacy, Billing","Tier 0 complete (profile, departments, staff, roles, plan)",,,,,P2-Setup,Unreturned ward stock is a real leak — drugs issued to a patient who went home without them are written off. A clearance step that does not save means nobody is ever prompted to reconcile.,Positive,hospital_admin (Hospital A),hospitals where id = A → discharge_workflow contains 'Pharmacy returns reconciled',e2e/phase-02-settings/P2H.workflows.spec.ts,
TC-P2H-015,2H Workflows & Communications,P2,Discharge steps save in order,1) Open /settings/discharge-workflow 2) Add three steps in a specific order 3) Save 4) Reload and read the order,The steps are listed in the order they were entered.,,phase2.entry./settings/discharge-workflow — ordered clearance steps,"IPD, Billing","Tier 0 complete (profile, departments, staff, roles, plan)",,,,,P2-Setup,"Discharge clearance is a sequence: pharmacy returns before final billing, billing before the gate pass. Steps reordered on save let a patient leave before the bill is settled.",Positive,hospital_admin (Hospital A),hospitals where id = A → discharge_workflow steps in entry order,e2e/phase-02-settings/P2H.workflows.spec.ts,
TC-P2H-016,2H Workflows & Communications,P2,An empty discharge step is refused,1) Open /settings/discharge-workflow 2) Add a step with no name 3) Save,The save is refused and no blank step is stored.,,None — deliberately submits a blank step name,IPD,"Tier 0 complete (profile, departments, staff, roles, plan)",,,,,P2-Setup,"A blank clearance step renders as an unlabelled checkbox the ward clerk must tick without knowing what they are confirming, which turns the clearance into a formality.",Negative,hospital_admin (Hospital A),hospitals where id = A → discharge_workflow contains no blank steps,e2e/phase-02-settings/P2H.workflows.spec.ts,
TC-P2H-017,2H Workflows & Communications,P2,A discharge step can be removed,1) Open /settings/discharge-workflow 2) Remove a step 3) Save 4) Reload,The step is gone and does not return after the reload.,,"phase2.entry./settings/discharge-workflow — ""Pharmacy returns reconciled""",IPD,"Tier 0 complete (profile, departments, staff, roles, plan)",,,,,P2-Setup,A clearance list that only grows becomes a ritual nobody reads. Removing a step that no longer applies is what keeps the remaining ones meaningful.,Positive,hospital_admin (Hospital A),hospitals where id = A → the removed step is absent after reload,e2e/phase-02-settings/P2H.workflows.spec.ts,
TC-P2H-018,2H Workflows & Communications,P2,A named discharge workflow can be created,1) Open /settings/discharge-workflow 2) Create a workflow with a name 3) Save,"A ""Workflow saved"" confirmation appears and the named workflow persists.",,Literal workflow name QA Standard Discharge,"IPD, Day Care","Tier 0 complete (profile, departments, staff, roles, plan)",,,,,P2-Setup,"A day-care discharge and a post-surgical discharge need different clearance lists. One undifferentiated workflow forces the ward to skip steps that do not apply, which trains staff to skip the ones that do.",Positive,hospital_admin (Hospital A),hospitals where id = A → the named workflow persists,e2e/phase-02-settings/P2H.workflows.spec.ts,
TC-P2H-019,2H Workflows & Communications,P1,The configured steps appear on the discharge clearance screen,1) Add a step under /settings/discharge-workflow 2) Open a discharge in the IPD module 3) Read the clearance list,The configured step is presented as a clearance item.,,"phase2.entry./settings/discharge-workflow — ""Pharmacy returns reconciled""","IPD, Pharmacy, Billing","Tier 0 complete (profile, departments, staff, roles, plan)",,,,,P2-Setup,"A step configured but never presented means the hospital documents a control in its quality manual and the ward never performs it. That is worse than not configuring it, because the audit looks clean.",Cross-Module,hospital_admin (Hospital A),hospitals discharge_workflow → the step is presented in the IPD discharge clearance,e2e/phase-02-settings/P2H.workflows.spec.ts,
TC-P2H-020,2H Workflows & Communications,P2,The discharge workflow survives a hard reload,1) Open /settings/discharge-workflow 2) Add a step 3) Hard-reload 4) Look for the step,The step is still listed after the reload.,,"phase2.entry./settings/discharge-workflow — ""Pharmacy returns reconciled""",IPD,"Tier 0 complete (profile, departments, staff, roles, plan)",,,,,P2-Setup,"A false save leaves the hospital on the default clearance list while believing it has added its own steps, and the gap only shows when a patient leaves without a clearance the hospital thought it required.",Positive,hospital_admin (Hospital A),hospitals where id = A → discharge_workflow persists,e2e/phase-02-settings/P2H.workflows.spec.ts,
TC-P2H-021,2H Workflows & Communications,P1,Hospital A's discharge workflow is invisible to Hospital B,1) Sign in as the Hospital B administrator 2) Open /settings/discharge-workflow as Hospital B 3) Read the steps,Hospital B sees only its own workflow.,,MOCK_DATA_BOOK Hospitals — Hospital A (Aarogya) and Hospital B (Sanjeevani),"Multi-tenancy, IPD",Both QA tenants seeded,,,,,P2-Setup,A clearance list encodes how a hospital controls patients leaving with unpaid bills or unreturned drugs. Inheriting another's would impose steps its own wards cannot complete.,Cross-Module,hospital_admin (Hospital B),hospitals queried as the Hospital B admin → zero rows for Hospital A,e2e/phase-02-settings/P2H.workflows.spec.ts,
TC-P2H-022,2H Workflows & Communications,P2,A nurse cannot change the discharge workflow,1) Log in as nurse (Hospital A) 2) Navigate directly to /settings/discharge-workflow,"The route is blocked — redirected away, or an explicit access-denied message.",,"MOCK_DATA_BOOK Staff logins — nurse (Hospital A), Sr. Mary Thomas","IPD, Billing",Tier 0 roles configured (Phase 1 §1E),,,,,P2-Setup,A nurse able to remove the billing clearance step could discharge a patient past the counter. The clearance list is a financial control as much as a clinical one.,RBAC,nurse (Hospital A),None — route guard behaviour,e2e/phase-02-settings/P2H.workflows.spec.ts,
TC-P2H-023,2H Workflows & Communications,P2,A discharge workflow with no steps is handled explicitly,1) Open /settings/discharge-workflow 2) Remove every step 3) Save 4) Open a discharge in IPD,"Either the empty list is refused, or the default clearance list applies and the screen says so.",,None — deliberately empties the clearance list,"IPD, Billing","Tier 0 complete (profile, departments, staff, roles, plan)",,,,,P2-Setup,"An empty clearance list means a patient can be discharged with one click and no checks at all. If the default is meant to apply, the administrator has to be told that rather than left assuming nothing happens.",Boundary,hospital_admin (Hospital A),hospitals where id = A → an empty discharge_workflow falls back to the documented default,e2e/phase-02-settings/P2H.workflows.spec.ts,
TC-P2H-024,2H Workflows & Communications,P2,The Discharge Workflow screen loads with no red console errors,1) Open DevTools → Console 2) Open /settings/discharge-workflow 3) Add a step and save 4) Read the console,No red console text from the hospitals update.,,"phase2.entry./settings/discharge-workflow — ""Pharmacy returns reconciled""",IPD,"Tier 0 complete (profile, departments, staff, roles, plan)",,,,,P2-Setup,The workflow is written into a JSON column on hospitals. A malformed structure rejected by Postgres would surface only here while the UI reports the workflow saved.,Positive,hospital_admin (Hospital A),None — console observation,e2e/phase-02-settings/P2H.workflows.spec.ts,
TC-P2H-025,2H Workflows & Communications,P2,IPD Ancillary Payment screen loads,1) Open /settings/ipd-ancillary-payment 2) Read the form,The pre-paid versus post-paid policy control renders with its override and urgency settings. No red console errors.,,MOCK_DATA_BOOK IPD ancillary payment — default post_paid,"IPD, Pharmacy, Lab, Radiology, Billing","Tier 0 complete (profile, departments, staff, roles, plan)",,,,,P2-Setup,SETTINGS_PREREQ_MATRIX flags this in red: the setting changes whether pharmacy stock decrements at dispense AT ALL. Both values need a full test run because they are genuinely different code paths.,Positive,hospital_admin (Hospital A),hospital_settings where hospital_id = A → the IPD ancillary policy key matches what is displayed,e2e/phase-02-settings/P2H.workflows.spec.ts,
TC-P2H-026,2H Workflows & Communications,P1,The post-paid policy saves,1) Open /settings/ipd-ancillary-payment 2) Select post-paid 3) Save 4) Reload,The policy reads post-paid after the reload.,,MOCK_DATA_BOOK IPD ancillary payment — post_paid is the default for testing,"IPD, Pharmacy, Billing","Tier 0 complete (profile, departments, staff, roles, plan)",,,,,P2-Setup,"Post-paid means ancillary orders accrue to the discharge bill, which is how most Indian hospitals run inpatients. It is the documented default, and a hospital that cannot hold it is forced into pre-paid without choosing it.",Positive,hospital_admin (Hospital A),hospital_settings IPD ancillary policy → post_paid,e2e/phase-02-settings/P2H.workflows.spec.ts,
TC-P2H-027,2H Workflows & Communications,P1,The pre-paid policy saves,1) Open /settings/ipd-ancillary-payment 2) Select pre-paid 3) Save 4) Reload,The policy reads pre-paid after the reload.,,phase2.entry./settings/ipd-ancillary-payment — mode Pre-Paid,"IPD, Pharmacy, Lab, Radiology, Billing","Tier 0 complete (profile, departments, staff, roles, plan)",,,,,P2-Setup,"MOCK_DATA_BOOK names scenarios P6-S03, P7-S12 and P5-S03 as switching to pre_paid and re-running, because they are genuinely different code paths — including whether stock decrements at all.",Positive,hospital_admin (Hospital A),hospital_settings IPD ancillary policy → pre_paid,e2e/phase-02-settings/P2H.workflows.spec.ts,
TC-P2H-028,2H Workflows & Communications,P1,"Under post-paid, an ancillary order accrues to the bill without payment",1) Open /settings/ipd-ancillary-payment and set the policy to post-paid 2) Open /pharmacy and raise an order for an admitted patient 3) Observe whether payment is demanded,The order proceeds and the charge accrues to the discharge bill.,,MOCK_DATA_BOOK IPD ancillary payment — post_paid,"IPD, Pharmacy, Billing",Tier 0 complete; an admission exists,,,,,P2-Setup,"Blocking an inpatient drug order on payment would stop a ward round. Post-paid must let the order through, or the setting is not doing what the hospital selected.",Cross-Module,hospital_admin (Hospital A),the ancillary charge → accrues to the admission bill with no payment gate,e2e/phase-02-settings/P2H.workflows.spec.ts,
TC-P2H-029,2H Workflows & Communications,P1,"Under pre-paid, an ancillary order is gated on payment",1) Open /settings/ipd-ancillary-payment and set the policy to pre-paid 2) Open /pharmacy and raise an order for an admitted patient 3) Observe the gate,The order is blocked until the counter records payment.,,phase2.entry./settings/ipd-ancillary-payment — mode Pre-Paid,"IPD, Pharmacy, Lab, Radiology, Billing",Tier 0 complete; an admission exists,,,,,P2-Setup,"Pre-paid is what a hospital chooses when it cannot carry inpatient credit. If the gate does not fire, the hospital believes it is collecting up front and is not — and it finds out at discharge with an unpayable bill.",Cross-Module,hospital_admin (Hospital A),the ancillary order → blocked until payment is recorded,e2e/phase-02-settings/P2H.workflows.spec.ts,
TC-P2H-030,2H Workflows & Communications,P1,Stock decrement behaviour differs between the two modes,"1) Open /pharmacy and dispense a drug to an inpatient under post-paid, checking the batch quantity 2) Switch to pre-paid under /settings/ipd-ancillary-payment 3) Dispense again and check the batch quantity","Stock decrements correctly under whichever mode is active, and the difference between the two is deliberate and documented.",,MOCK_DATA_BOOK Drug batches — QA-DOLO-A quantity 500,"Pharmacy, IPD, Inventory",Tier 0 complete; a drug with a batch exists,,,,,P2-Setup,SETTINGS_PREREQ_MATRIX states this setting changes whether stock decrements at dispense at all. A mode where the drug leaves the shelf and the system still shows it in stock produces a physical count that never reconciles.,Cross-Module,hospital_admin (Hospital A),drug_batches → quantity_available decrements as documented for the active mode,e2e/phase-02-settings/P2H.workflows.spec.ts,
TC-P2H-031,2H Workflows & Communications,P2,The override roles list saves,1) Open /settings/ipd-ancillary-payment 2) Enter comma-separated roles allowed to override 3) Save 4) Reload,The role list persists after the reload.,,"The ""Roles allowed to override"" field on SettingsIPDAncillaryPaymentPage","IPD, Pharmacy, RBAC","Tier 0 complete (profile, departments, staff, roles, plan)",,,,,P2-Setup,Someone has to be able to release an urgent drug for a patient who cannot pay at 2am. Without an override role the pre-paid gate becomes a clinical obstruction rather than a financial control.,Positive,hospital_admin (Hospital A),hospital_settings IPD ancillary policy → the override roles list persists,e2e/phase-02-settings/P2H.workflows.spec.ts,
TC-P2H-032,2H Workflows & Communications,P1,The urgent priorities list saves,1) Open /settings/ipd-ancillary-payment 2) Enter the priorities treated as urgent 3) Save 4) Reload,The list persists after the reload.,,"The ""Priorities treated as urgent"" field on SettingsIPDAncillaryPaymentPage","IPD, Pharmacy, Emergency","Tier 0 complete (profile, departments, staff, roles, plan)",,,,,P2-Setup,"A STAT order for a deteriorating patient must bypass the payment gate. If the urgent list does not save, an emergency drug waits at the counter while somebody finds a card.",Positive,hospital_admin (Hospital A),hospital_settings IPD ancillary policy → the urgent priorities list persists,e2e/phase-02-settings/P2H.workflows.spec.ts,
TC-P2H-033,2H Workflows & Communications,P1,An urgent-priority order bypasses the pre-paid gate,1) Open /settings/ipd-ancillary-payment and set the policy to pre-paid with STAT listed as urgent 2) Open /pharmacy and raise a STAT order for an admitted patient 3) Observe the gate,The urgent order proceeds without payment.,,MOCK_DATA_BOOK Config values — drug frequency STAT (immediately),"IPD, Pharmacy, Emergency",Tier 0 complete; pre-paid policy active,,,,,P2-Setup,"This is the safety valve on a financial control. Without it, pre-paid mode delays a STAT drug for a patient who is deteriorating, and no billing policy is worth that.",Cross-Module,hospital_admin (Hospital A),the urgent ancillary order → proceeds without a payment gate under pre-paid,e2e/phase-02-settings/P2H.workflows.spec.ts,
TC-P2H-034,2H Workflows & Communications,P2,The IPD ancillary policy survives a hard reload,1) Open /settings/ipd-ancillary-payment 2) Set the policy to pre-paid 3) Hard-reload 4) Re-read the policy,The policy still reads pre-paid after the reload.,,phase2.entry./settings/ipd-ancillary-payment — mode Pre-Paid,"IPD, Pharmacy, Billing","Tier 0 complete (profile, departments, staff, roles, plan)",,,,,P2-Setup,"A false save silently reverts the hospital to post-paid, so it extends inpatient credit it deliberately decided not to extend and discovers the exposure only at discharge.",Positive,hospital_admin (Hospital A),hospital_settings where hospital_id = A → the IPD ancillary policy persists,e2e/phase-02-settings/P2H.workflows.spec.ts,
TC-P2H-035,2H Workflows & Communications,P1,"hospital_settings has no per-role RLS, so the route guard is the only control",1) Confirm /settings/ipd-ancillary-payment is blocked for the nurse 2) Sign in through the API as nurse (Hospital A) 3) Attempt to write the ancillary policy key directly to hospital_settings via PostgREST,"Record the outcome. If the write succeeds, the route guard is the only protection and that must be documented as a known risk.",,"MOCK_DATA_BOOK Staff logins — nurse (Hospital A), Sr. Mary Thomas","IPD, Pharmacy, Security",Both QA tenants seeded,,,,,P2-Setup,The page itself carries a security note saying hospital_settings has no per-role RLS — any authenticated user of the hospital can write any key via PostgREST. This case makes that stated risk a tested fact rather than a comment nobody re-checks.,Negative,nurse (Hospital A),hospital_settings written as a nurse → record whether the write is refused,e2e/phase-02-settings/P2H.workflows.spec.ts,
TC-P2H-036,2H Workflows & Communications,P1,Hospital A's ancillary policy is invisible to Hospital B,1) Sign in as the Hospital B administrator 2) Open /settings/ipd-ancillary-payment as Hospital B 3) Query hospital_settings through the API with no hospital filter,No Hospital A policy row is returned.,,MOCK_DATA_BOOK Hospitals — Hospital A (Aarogya) and Hospital B (Sanjeevani),"Multi-tenancy, IPD, Pharmacy",Both QA tenants seeded,,,,,P2-Setup,"One hospital switching to pre-paid must never gate another hospital's inpatient drugs. With no per-role RLS on this table, tenant isolation is the only thing standing between them.",Cross-Module,hospital_admin (Hospital B),hospital_settings queried as the Hospital B admin → zero rows with hospital_id = A,e2e/phase-02-settings/P2H.workflows.spec.ts,
TC-P2H-037,2H Workflows & Communications,P1,A nurse cannot change the IPD ancillary payment policy,1) Log in as nurse (Hospital A) 2) Navigate directly to /settings/ipd-ancillary-payment,"The route is blocked — redirected away, or an explicit access-denied message.",,"MOCK_DATA_BOOK Staff logins — nurse (Hospital A), Sr. Mary Thomas","IPD, Pharmacy, Billing",Tier 0 roles configured (Phase 1 §1E),,,,,P2-Setup,"Switching to post-paid removes the payment gate on every inpatient drug, lab and scan. The route guard is the only control on this page, which makes it the whole control.",RBAC,nurse (Hospital A),None — route guard behaviour,e2e/phase-02-settings/P2H.workflows.spec.ts,
TC-P2H-038,2H Workflows & Communications,P2,The IPD Ancillary Payment screen loads with no red console errors,1) Open DevTools → Console 2) Open /settings/ipd-ancillary-payment 3) Switch the mode and save 4) Read the console,No red console text from the hospital_settings upsert.,,phase2.entry./settings/ipd-ancillary-payment — mode Pre-Paid,"IPD, Pharmacy","Tier 0 complete (profile, departments, staff, roles, plan)",,,,,P2-Setup,A failed write that appears only here leaves the hospital believing it switched mode. Every inpatient order afterwards then follows the old policy while the screen shows the new one.,Positive,hospital_admin (Hospital A),None — console observation,e2e/phase-02-settings/P2H.workflows.spec.ts,
TC-P2H-039,2H Workflows & Communications,P2,WhatsApp settings screen loads,1) Open /settings/whatsapp 2) Read the form,"The WATI and Meta credential fields, template controls and test-send panel all render. No red console errors.",,phase2.entry./settings/whatsapp — template qa_appointment_reminder,"CRM, OPD, Billing, Patient Portal","Tier 0 complete (profile, departments, staff, roles, plan)",,,,,P2-Setup,"SETTINGS_PREREQ_MATRIX flags this in red: without WhatsApp config ALL notifications silently no-op. Nothing fails and nothing sends, so the hospital believes reminders are going out and patients simply stop turning up.",Positive,hospital_admin (Hospital A),hospitals where id = A → WhatsApp config matches what is displayed,e2e/phase-02-settings/P2H.communications.spec.ts,
TC-P2H-040,2H Workflows & Communications,P1,The WATI endpoint and API key save,1) Open /settings/whatsapp 2) Enter the WATI API Endpoint and API Key 3) Save 4) Reload,The endpoint persists and the key is stored but rendered masked.,,Literal WATI sandbox endpoint and key — no production credential is used,"CRM, OPD","Tier 0 complete (profile, departments, staff, roles, plan)",,,,,P2-Setup,"Without both values no message can be sent at all, and the failure is silent. The key must also not be re-displayed, because it authorises sending under the hospital's WhatsApp number.",Positive,hospital_admin (Hospital A),"hospitals where id = A → WATI endpoint stored, key masked in the UI",e2e/phase-02-settings/P2H.communications.spec.ts,
TC-P2H-041,2H Workflows & Communications,P1,The WhatsApp API key is never rendered in plain text,1) Open /settings/whatsapp 2) Save an API key 3) Reload 4) Inspect the field and the DOM,The key renders masked and the plain value is not present in the DOM.,,Literal WATI sandbox API key,"CRM, Security","Tier 0 complete (profile, departments, staff, roles, plan)",,,,,P2-Setup,"The key lets anyone send WhatsApp messages as the hospital. Rendered in plain text on a settings screen, it can be copied by anyone who walks past a logged-in terminal and used to message patients.",Negative,hospital_admin (Hospital A),None — inspects the rendered field type and DOM content,e2e/phase-02-settings/P2H.communications.spec.ts,
TC-P2H-042,2H Workflows & Communications,P2,Testing the connection with no credentials is refused,1) Open /settings/whatsapp 2) Clear the endpoint and key 3) Click the connection test,"A message reads ""Please enter both endpoint and API key"" and no request is attempted.",,None — deliberately clears both credentials before testing,CRM,"Tier 0 complete (profile, departments, staff, roles, plan)",,,,,P2-Setup,"A test that silently does nothing when credentials are missing teaches the administrator that the integration is broken, when in fact they simply have not filled the form in.",Negative,hospital_admin (Hospital A),None — reads the validation message,e2e/phase-02-settings/P2H.communications.spec.ts,
TC-P2H-043,2H Workflows & Communications,P1,The connection test reports success or failure explicitly,1) Open /settings/whatsapp 2) Enter credentials 3) Run the connection test 4) Read the result,"The screen states clearly whether the connection succeeded, failed, or the endpoint was unreachable.",,Literal WATI sandbox endpoint and key,CRM,"Tier 0 complete (profile, departments, staff, roles, plan)",,,,,P2-Setup,"This is the only way to find out the integration works BEFORE relying on it. Given that a broken WhatsApp config fails silently everywhere else, an explicit test result is the hospital's only early warning.",Positive,hospital_admin (Hospital A),None — reads the connection test outcome,e2e/phase-02-settings/P2H.communications.spec.ts,
TC-P2H-044,2H Workflows & Communications,P1,A WhatsApp template saves,"1) Open /settings/whatsapp 2) Add template ""qa_appointment_reminder"" with its body 3) Save",A whatsapp_templates row exists with that name and body.,,phase2.entry./settings/whatsapp — qa_appointment_reminder with its body text,"CRM, OPD, Patient Portal","Tier 0 complete (profile, departments, staff, roles, plan)",,,,,P2-Setup,"Meta requires pre-approved templates for business-initiated messages. A template that does not save means the reminder cannot be sent at all, and the send fails silently.",Positive,hospital_admin (Hospital A),whatsapp_templates where hospital_id = A and name = 'qa_appointment_reminder' → 1 row,e2e/phase-02-settings/P2H.communications.spec.ts,
TC-P2H-045,2H Workflows & Communications,P2,Template placeholders are preserved exactly,1) Open /settings/whatsapp 2) Save a template body containing {{hospital}} and {{date}} 3) Reload and re-read the body,"Both placeholders survive exactly as typed, braces intact.",,"phase2.entry./settings/whatsapp — ""Reminder: your appointment at {{hospital}} is on {{date}}.""","CRM, OPD","Tier 0 complete (profile, departments, staff, roles, plan)",,,,,P2-Setup,Meta matches the approved template by its exact placeholder structure. A mangled brace makes the send fail at the API with a template-mismatch error the hospital cannot interpret.,Positive,hospital_admin (Hospital A),whatsapp_templates where hospital_id = A → body contains {{hospital}} and {{date}},e2e/phase-02-settings/P2H.communications.spec.ts,
TC-P2H-046,2H Workflows & Communications,P2,A template cannot be saved without a name,1) Open /settings/whatsapp 2) Add a template with a body but no name 3) Save,The save is refused and no whatsapp_templates row is written.,,None — deliberately omits the template name,CRM,"Tier 0 complete (profile, departments, staff, roles, plan)",,,,,P2-Setup,"The template name is the key Meta matches on. Without it the message cannot be sent, and the row sits in the list looking configured.",Negative,hospital_admin (Hospital A),whatsapp_templates where hospital_id = A and (name is null or name = '') → 0 rows,e2e/phase-02-settings/P2H.communications.spec.ts,
TC-P2H-047,2H Workflows & Communications,P2,The Meta template language saves,1) Open /settings/whatsapp 2) Set the Meta Template Language 3) Save 4) Reload,The language persists after the reload.,,Literal template language en (the placeholder the field itself suggests),"CRM, Patient Portal","Tier 0 complete (profile, departments, staff, roles, plan)",,,,,P2-Setup,"Meta approves a template per language. Sending against the wrong language code returns a template-not-found error, and the patient simply never receives the message.",Positive,hospital_admin (Hospital A),whatsapp_templates or hospitals → the template language persists,e2e/phase-02-settings/P2H.communications.spec.ts,
TC-P2H-048,2H Workflows & Communications,P2,The fallback message template saves,1) Open /settings/whatsapp 2) Enter a Fallback Message Template 3) Save 4) Reload,The fallback persists after the reload.,,The Fallback Message Template field on SettingsWhatsAppPage,"CRM, OPD","Tier 0 complete (profile, departments, staff, roles, plan)",,,,,P2-Setup,"The fallback is what a wa.me link carries when the API route is unavailable. Without it, a hospital with no WATI subscription has no way to message a patient at all.",Positive,hospital_admin (Hospital A),hospitals where id = A → the fallback template persists,e2e/phase-02-settings/P2H.communications.spec.ts,
TC-P2H-049,2H Workflows & Communications,P2,A malformed recipient phone number is rejected on the test send,1) Open /settings/whatsapp 2) Enter a 9-digit Recipient Phone Number 3) Attempt a test send,The send is refused with a message naming the format.,,phase2.invalid.phoneTooShort (987650000),CRM,"Tier 0 complete (profile, departments, staff, roles, plan)",,,,,P2-Setup,"A malformed number is accepted by the form and rejected by the gateway, so the test reports a connection failure when the real problem is the number. That sends the administrator debugging the wrong thing.",Negative,hospital_admin (Hospital A),None — reads the validation message on the test send,e2e/phase-02-settings/P2H.communications.spec.ts,
TC-P2H-050,2H Workflows & Communications,P2,The send delay saves,1) Open /settings/whatsapp 2) Set the send delay 3) Save 4) Reload,The delay persists after the reload.,,The Send delay control on SettingsWhatsAppPage,CRM,"Tier 0 complete (profile, departments, staff, roles, plan)",,,,,P2-Setup,WhatsApp rate-limits business sends. A delay that does not persist means a bulk reminder run trips the limit and the remaining messages are dropped without notice.,Positive,hospital_admin (Hospital A),hospitals where id = A → the send delay persists,e2e/phase-02-settings/P2H.communications.spec.ts,
TC-P2H-051,2H Workflows & Communications,P1,"With WhatsApp unconfigured, notifications are visibly inert rather than silently dropped",1) Open /settings/whatsapp and clear the configuration 2) Trigger an action that would send a notification 3) Observe what the system reports,The system indicates the notification could not be sent. It must not report success.,,None — deliberately clears the WhatsApp configuration,"CRM, OPD, Billing, Nursing","Tier 0 complete (profile, departments, staff, roles, plan)",,,,,P2-Setup,"SETTINGS_PREREQ_MATRIX flags exactly this: all notifications SILENTLY no-op — nothing fails, nothing sends. A hospital relying on appointment reminders finds out through empty clinics, weeks later.",Cross-Module,hospital_admin (Hospital A),whatsapp_notifications → no silent success recorded when the config is absent,e2e/phase-02-settings/P2H.communications.spec.ts,
TC-P2H-052,2H Workflows & Communications,P2,WhatsApp settings survive a hard reload,1) Open /settings/whatsapp 2) Save the endpoint and a template 3) Hard-reload 4) Re-read both,Both are still present after the reload.,,phase2.entry./settings/whatsapp — qa_appointment_reminder,CRM,"Tier 0 complete (profile, departments, staff, roles, plan)",,,,,P2-Setup,A false save here is invisible in the worst way: the configuration screen looks correct and every message quietly fails to send.,Positive,hospital_admin (Hospital A),whatsapp_templates and hospitals → the WhatsApp configuration persists,e2e/phase-02-settings/P2H.communications.spec.ts,
TC-P2H-053,2H Workflows & Communications,P1,Hospital A's WhatsApp credentials are invisible to Hospital B,1) Sign in as the Hospital B administrator 2) Open /settings/whatsapp as Hospital B 3) Query whatsapp_templates through the API with no hospital filter,No Hospital A credential or template is returned.,,MOCK_DATA_BOOK Hospitals — Hospital A (Aarogya) and Hospital B (Sanjeevani),"Multi-tenancy, CRM, Security",Both QA tenants seeded,,,,,P2-Setup,A WhatsApp API key lets the holder message patients as that hospital. Leaking one across tenants enables impersonation of a healthcare provider to its own patients.,Cross-Module,hospital_admin (Hospital B),whatsapp_templates queried as the Hospital B admin → zero rows with hospital_id = A,e2e/phase-02-settings/P2H.communications.spec.ts,
TC-P2H-054,2H Workflows & Communications,P2,The WhatsApp screen loads with no red console errors,1) Open DevTools → Console 2) Open /settings/whatsapp 3) Save a template 4) Read the console,"No red console text, and no API key echoed into a console message.",,Literal WATI sandbox credentials,"CRM, Security","Tier 0 complete (profile, departments, staff, roles, plan)",,,,,P2-Setup,No credential must ever appear in console output. A WhatsApp key logged to the console is captured by any browser extension the hospital has installed.,Positive,hospital_admin (Hospital A),None — console observation,e2e/phase-02-settings/P2H.communications.spec.ts,
TC-P2H-055,2H Workflows & Communications,P2,Scheduled Reports screen loads,1) Open /settings/report-schedules 2) Read the form and the schedule list,"Report Name, Report Type, Frequency, Send Time, Recipient Emails and Format all render. No red console errors.",,phase2.entry./settings/report-schedules — Nephrology Daily Collections,"Analytics, Accounts, Billing, Quality","Tier 0 complete (profile, departments, staff, roles, plan)",,,,,P2-Setup,Scheduled reports are how the owner and CFO see the hospital without logging in. A screen that will not load means the management reporting nobody asked for explicitly but everybody depends on simply never starts.,Positive,hospital_admin (Hospital A),report_schedules where hospital_id = A → matches the list displayed,e2e/phase-02-settings/P2H.communications.spec.ts,
TC-P2H-056,2H Workflows & Communications,P1,A report schedule saves with all its fields,"1) Open /settings/report-schedules 2) Add ""Nephrology Daily Collections"", Daily Collection Summary, Daily, 08:30, the QA recipient, PDF 3) Save",A report_schedules row exists with all six values.,,phase2.entry./settings/report-schedules — the full schedule definition,"Analytics, Accounts","Tier 0 complete (profile, departments, staff, roles, plan)",,,,,P2-Setup,"Every field drives a different part of the delivery: type selects the query, frequency and time drive the cron, recipients drive the send, format drives the attachment. A partial save produces a schedule that fires and delivers nothing usable.",Positive,hospital_admin (Hospital A),report_schedules where hospital_id = A and report_name = 'Nephrology Daily Collections' → 1 row,e2e/phase-02-settings/P2H.communications.spec.ts,
TC-P2H-057,2H Workflows & Communications,P2,A report schedule cannot be saved without a name,1) Open /settings/report-schedules 2) Leave Report Name blank 3) Save,"A destructive toast reads ""Report name is required"" and no row is written.",,None — deliberately omits the required Report Name,Analytics,"Tier 0 complete (profile, departments, staff, roles, plan)",,,,,P2-Setup,"An unnamed schedule cannot be identified in the list, so nobody can tell which report to stop when the recipient changes role or leaves.",Negative,hospital_admin (Hospital A),report_schedules where hospital_id = A and (report_name is null or report_name = '') → 0 rows,e2e/phase-02-settings/P2H.communications.spec.ts,
TC-P2H-058,2H Workflows & Communications,P2,A report schedule cannot be saved without a recipient,1) Open /settings/report-schedules 2) Leave Recipient Emails blank 3) Save,"The save is refused, or the schedule is visibly flagged as undeliverable.",,None — deliberately omits the Recipient Emails,Analytics,"Tier 0 complete (profile, departments, staff, roles, plan)",,,,,P2-Setup,"A schedule with no recipient runs on time, generates the report, and sends it nowhere. It appears healthy in the list while nobody ever receives anything.",Negative,hospital_admin (Hospital A),report_schedules where hospital_id = A → recipient_emails set on every row,e2e/phase-02-settings/P2H.communications.spec.ts,
TC-P2H-059,2H Workflows & Communications,P2,A malformed recipient email is rejected,"1) Open /settings/report-schedules 2) Enter ""rakesh.iyer@"" as the recipient 3) Save",The save is refused with a message naming the email format.,,phase2.invalid.emailMalformed (rakesh.iyer@),Analytics,"Tier 0 complete (profile, departments, staff, roles, plan)",,,,,P2-Setup,A malformed address bounces silently at the mail gateway. The schedule reports as sent and the CFO never receives the month-end figures.,Negative,hospital_admin (Hospital A),report_schedules where hospital_id = A → no row with recipient 'rakesh.iyer@',e2e/phase-02-settings/P2H.communications.spec.ts,
TC-P2H-060,2H Workflows & Communications,P2,Multiple comma-separated recipients are accepted,1) Open /settings/report-schedules 2) Enter two comma-separated recipient addresses 3) Save 4) Reload,Both addresses persist.,,"phase2.entry./settings/report-schedules — the QA reports mailbox, plus a second address","Analytics, Accounts","Tier 0 complete (profile, departments, staff, roles, plan)",,,,,P2-Setup,"A month-end report goes to the owner, the CFO and the accountant at once. If only the first address survives, the others quietly stop receiving it and assume the report was discontinued.",Boundary,hospital_admin (Hospital A),report_schedules where hospital_id = A → recipient_emails holds both addresses,e2e/phase-02-settings/P2H.communications.spec.ts,
TC-P2H-061,2H Workflows & Communications,P2,"Report type ""Daily Executive Summary"" saves","1) Open /settings/report-schedules 2) Create a schedule with Report Type ""Daily Executive Summary"" 3) Save 4) Reload and re-read the type","report_schedules.report_type = 'daily_summary' and the dropdown still shows ""Daily Executive Summary"" after the reload.",,"phase2.dropdowns.reportType — ""daily_summary""","Analytics, Accounts, Billing, Quality","Tier 0 complete (profile, departments, staff, roles, plan)",,,,,P2-Setup,"Report type selects which query runs, so a mis-stored type delivers the wrong report to a recipient who will read it as though it were the right one. This one covers the owner's morning read on yesterday.",Positive,hospital_admin (Hospital A),report_schedules where hospital_id = A → report_type = 'daily_summary',e2e/phase-02-settings/P2H.communications.spec.ts,
TC-P2H-062,2H Workflows & Communications,P2,"Report type ""Daily Collection Summary"" saves","1) Open /settings/report-schedules 2) Create a schedule with Report Type ""Daily Collection Summary"" 3) Save 4) Reload and re-read the type","report_schedules.report_type = 'daily_collection' and the dropdown still shows ""Daily Collection Summary"" after the reload.",,"phase2.dropdowns.reportType — ""daily_collection""","Analytics, Accounts, Billing, Quality","Tier 0 complete (profile, departments, staff, roles, plan)",,,,,P2-Setup,"Report type selects which query runs, so a mis-stored type delivers the wrong report to a recipient who will read it as though it were the right one. This one covers what was actually banked, checked against day closure.",Positive,hospital_admin (Hospital A),report_schedules where hospital_id = A → report_type = 'daily_collection',e2e/phase-02-settings/P2H.communications.spec.ts,
TC-P2H-063,2H Workflows & Communications,P2,"Report type ""Weekly OPD Report"" saves","1) Open /settings/report-schedules 2) Create a schedule with Report Type ""Weekly OPD Report"" 3) Save 4) Reload and re-read the type","report_schedules.report_type = 'weekly_opd' and the dropdown still shows ""Weekly OPD Report"" after the reload.",,"phase2.dropdowns.reportType — ""weekly_opd""","Analytics, Accounts, Billing, Quality","Tier 0 complete (profile, departments, staff, roles, plan)",,,,,P2-Setup,"Report type selects which query runs, so a mis-stored type delivers the wrong report to a recipient who will read it as though it were the right one. This one covers outpatient volume by department and doctor.",Positive,hospital_admin (Hospital A),report_schedules where hospital_id = A → report_type = 'weekly_opd',e2e/phase-02-settings/P2H.communications.spec.ts,
TC-P2H-064,2H Workflows & Communications,P2,"Report type ""Weekly Outstanding Receivables"" saves","1) Open /settings/report-schedules 2) Create a schedule with Report Type ""Weekly Outstanding Receivables"" 3) Save 4) Reload and re-read the type","report_schedules.report_type = 'weekly_outstanding' and the dropdown still shows ""Weekly Outstanding Receivables"" after the reload.",,"phase2.dropdowns.reportType — ""weekly_outstanding""","Analytics, Accounts, Billing, Quality","Tier 0 complete (profile, departments, staff, roles, plan)",,,,,P2-Setup,"Report type selects which query runs, so a mis-stored type delivers the wrong report to a recipient who will read it as though it were the right one. This one covers the ageing that drives the collections call list.",Positive,hospital_admin (Hospital A),report_schedules where hospital_id = A → report_type = 'weekly_outstanding',e2e/phase-02-settings/P2H.communications.spec.ts,
TC-P2H-065,2H Workflows & Communications,P2,"Report type ""Monthly Revenue Report"" saves","1) Open /settings/report-schedules 2) Create a schedule with Report Type ""Monthly Revenue Report"" 3) Save 4) Reload and re-read the type","report_schedules.report_type = 'monthly_revenue' and the dropdown still shows ""Monthly Revenue Report"" after the reload.",,"phase2.dropdowns.reportType — ""monthly_revenue""","Analytics, Accounts, Billing, Quality","Tier 0 complete (profile, departments, staff, roles, plan)",,,,,P2-Setup,"Report type selects which query runs, so a mis-stored type delivers the wrong report to a recipient who will read it as though it were the right one. This one covers the figure the board sees.",Positive,hospital_admin (Hospital A),report_schedules where hospital_id = A → report_type = 'monthly_revenue',e2e/phase-02-settings/P2H.communications.spec.ts,
TC-P2H-066,2H Workflows & Communications,P2,"Report type ""Monthly Revenue by Department"" saves","1) Open /settings/report-schedules 2) Create a schedule with Report Type ""Monthly Revenue by Department"" 3) Save 4) Reload and re-read the type","report_schedules.report_type = 'monthly_revenue_dept' and the dropdown still shows ""Monthly Revenue by Department"" after the reload.",,"phase2.dropdowns.reportType — ""monthly_revenue_dept""","Analytics, Accounts, Billing, Quality","Tier 0 complete (profile, departments, staff, roles, plan)",,,,,P2-Setup,"Report type selects which query runs, so a mis-stored type delivers the wrong report to a recipient who will read it as though it were the right one. This one covers which units carry the hospital and which do not.",Positive,hospital_admin (Hospital A),report_schedules where hospital_id = A → report_type = 'monthly_revenue_dept',e2e/phase-02-settings/P2H.communications.spec.ts,
TC-P2H-067,2H Workflows & Communications,P2,"Report type ""Monthly NABH Quality Report"" saves","1) Open /settings/report-schedules 2) Create a schedule with Report Type ""Monthly NABH Quality Report"" 3) Save 4) Reload and re-read the type","report_schedules.report_type = 'monthly_quality' and the dropdown still shows ""Monthly NABH Quality Report"" after the reload.",,"phase2.dropdowns.reportType — ""monthly_quality""","Analytics, Accounts, Billing, Quality","Tier 0 complete (profile, departments, staff, roles, plan)",,,,,P2-Setup,"Report type selects which query runs, so a mis-stored type delivers the wrong report to a recipient who will read it as though it were the right one. This one covers the evidence pack an assessor asks for.",Positive,hospital_admin (Hospital A),report_schedules where hospital_id = A → report_type = 'monthly_quality',e2e/phase-02-settings/P2H.communications.spec.ts,
TC-P2H-068,2H Workflows & Communications,P2,"Report type ""Custom Report"" saves","1) Open /settings/report-schedules 2) Create a schedule with Report Type ""Custom Report"" 3) Save 4) Reload and re-read the type","report_schedules.report_type = 'custom' and the dropdown still shows ""Custom Report"" after the reload.",,"phase2.dropdowns.reportType — ""custom""","Analytics, Accounts, Billing, Quality","Tier 0 complete (profile, departments, staff, roles, plan)",,,,,P2-Setup,"Report type selects which query runs, so a mis-stored type delivers the wrong report to a recipient who will read it as though it were the right one. This one covers anything the hospital defines for itself.",Positive,hospital_admin (Hospital A),report_schedules where hospital_id = A → report_type = 'custom',e2e/phase-02-settings/P2H.communications.spec.ts,
TC-P2H-069,2H Workflows & Communications,P2,"Report frequency ""Daily"" saves","1) Open /settings/report-schedules 2) Create a schedule with Frequency ""Daily"" 3) Save 4) Reload",report_schedules.frequency = 'daily' after the reload.,,"phase2.dropdowns.reportFrequency — ""daily""",Analytics,"Tier 0 complete (profile, departments, staff, roles, plan)",,,,,P2-Setup,"Frequency drives the cron expression. A mis-stored value either fires far too often or never at all, and sent every morning; the send time matters most here.",Positive,hospital_admin (Hospital A),report_schedules where hospital_id = A → frequency = 'daily',e2e/phase-02-settings/P2H.communications.spec.ts,
TC-P2H-070,2H Workflows & Communications,P2,"Report frequency ""Weekly"" saves","1) Open /settings/report-schedules 2) Create a schedule with Frequency ""Weekly"" 3) Save 4) Reload",report_schedules.frequency = 'weekly' after the reload.,,"phase2.dropdowns.reportFrequency — ""weekly""",Analytics,"Tier 0 complete (profile, departments, staff, roles, plan)",,,,,P2-Setup,"Frequency drives the cron expression. A mis-stored value either fires far too often or never at all, and needs a day of week, or it never fires.",Positive,hospital_admin (Hospital A),report_schedules where hospital_id = A → frequency = 'weekly',e2e/phase-02-settings/P2H.communications.spec.ts,
TC-P2H-071,2H Workflows & Communications,P2,"Report frequency ""Monthly"" saves","1) Open /settings/report-schedules 2) Create a schedule with Frequency ""Monthly"" 3) Save 4) Reload",report_schedules.frequency = 'monthly' after the reload.,,"phase2.dropdowns.reportFrequency — ""monthly""",Analytics,"Tier 0 complete (profile, departments, staff, roles, plan)",,,,,P2-Setup,"Frequency drives the cron expression. A mis-stored value either fires far too often or never at all, and needs a day of month capped at 28 so February still works.",Positive,hospital_admin (Hospital A),report_schedules where hospital_id = A → frequency = 'monthly',e2e/phase-02-settings/P2H.communications.spec.ts,
TC-P2H-072,2H Workflows & Communications,P3,"Report format ""PDF"" saves","1) Open /settings/report-schedules 2) Create a schedule with Format ""PDF"" 3) Save 4) Reload",report_schedules.format = 'pdf' after the reload.,,"phase2.dropdowns.reportFormat — ""pdf""","Analytics, Accounts","Tier 0 complete (profile, departments, staff, roles, plan)",,,,,P2-Setup,"Format decides what the recipient can actually do with the report — what gets printed and filed. Each value is stored separately, so one can fail while the others save.",Positive,hospital_admin (Hospital A),report_schedules where hospital_id = A → format = 'pdf',e2e/phase-02-settings/P2H.communications.spec.ts,
TC-P2H-073,2H Workflows & Communications,P3,"Report format ""Excel"" saves","1) Open /settings/report-schedules 2) Create a schedule with Format ""Excel"" 3) Save 4) Reload",report_schedules.format = 'excel' after the reload.,,"phase2.dropdowns.reportFormat — ""excel""","Analytics, Accounts","Tier 0 complete (profile, departments, staff, roles, plan)",,,,,P2-Setup,"Format decides what the recipient can actually do with the report — what the accountant actually works in. Each value is stored separately, so one can fail while the others save.",Positive,hospital_admin (Hospital A),report_schedules where hospital_id = A → format = 'excel',e2e/phase-02-settings/P2H.communications.spec.ts,
TC-P2H-074,2H Workflows & Communications,P3,"Report format ""Both"" saves","1) Open /settings/report-schedules 2) Create a schedule with Format ""Both"" 3) Save 4) Reload",report_schedules.format = 'both' after the reload.,,"phase2.dropdowns.reportFormat — ""both""","Analytics, Accounts","Tier 0 complete (profile, departments, staff, roles, plan)",,,,,P2-Setup,"Format decides what the recipient can actually do with the report — the belt-and-braces option for month-end. Each value is stored separately, so one can fail while the others save.",Positive,hospital_admin (Hospital A),report_schedules where hospital_id = A → format = 'both',e2e/phase-02-settings/P2H.communications.spec.ts,
TC-P2H-075,2H Workflows & Communications,P3,"Report format ""HTML (in email)"" saves","1) Open /settings/report-schedules 2) Create a schedule with Format ""HTML (in email)"" 3) Save 4) Reload",report_schedules.format = 'html' after the reload.,,"phase2.dropdowns.reportFormat — ""html""","Analytics, Accounts","Tier 0 complete (profile, departments, staff, roles, plan)",,,,,P2-Setup,"Format decides what the recipient can actually do with the report — readable on a phone without opening an attachment. Each value is stored separately, so one can fail while the others save.",Positive,hospital_admin (Hospital A),report_schedules where hospital_id = A → format = 'html',e2e/phase-02-settings/P2H.communications.spec.ts,
TC-P2H-076,2H Workflows & Communications,P2,A weekly schedule requires a day of week,1) Open /settings/report-schedules 2) Set Frequency to Weekly 3) Leave Day of Week blank 4) Save,"The save is refused, or a day of week is required before the schedule can be created.",,The Day of Week field on SettingsReportSchedulesPage (0=Sun … 6=Sat),Analytics,"Tier 0 complete (profile, departments, staff, roles, plan)",,,,,P2-Setup,"A weekly schedule with no day has no valid cron expression. It either never fires or fires every day, and both look like the schedule was never set up.",Boundary,hospital_admin (Hospital A),report_schedules where frequency = 'weekly' → day_of_week is set,e2e/phase-02-settings/P2H.communications.spec.ts,
TC-P2H-077,2H Workflows & Communications,P1,A monthly schedule caps the day of month at 28,1) Open /settings/report-schedules 2) Set Frequency to Monthly 3) Attempt to set Day of Month to 31 4) Save,"The field caps at 28, matching its own label.",,The Day of Month field on SettingsReportSchedulesPage (1–28),"Analytics, Accounts","Tier 0 complete (profile, departments, staff, roles, plan)",,,,,P2-Setup,"A schedule set to the 31st never fires in February, April, June, September or November. Capping at 28 is why the label says 1–28 — the month-end report has to arrive every month, not seven times a year.",Boundary,hospital_admin (Hospital A),report_schedules where frequency = 'monthly' → day_of_month between 1 and 28,e2e/phase-02-settings/P2H.communications.spec.ts,
TC-P2H-078,2H Workflows & Communications,P2,The send time saves,1) Open /settings/report-schedules 2) Set Send Time to 08:30 3) Save 4) Reload,The send time persists at 08:30 after the reload.,,phase2.entry./settings/report-schedules — send_time 08:30,Analytics,"Tier 0 complete (profile, departments, staff, roles, plan)",,,,,P2-Setup,A daily collection summary is useful at 08:30 and useless at 23:00. The time is the whole point of scheduling it rather than running it by hand.,Positive,hospital_admin (Hospital A),report_schedules where hospital_id = A → send_time = '08:30',e2e/phase-02-settings/P2H.communications.spec.ts,
TC-P2H-079,2H Workflows & Communications,P2,A schedule can be edited and deleted,1) Open /settings/report-schedules 2) Edit a schedule and save 3) Delete it 4) Reload,"The edit persists, and after deletion the schedule does not return on reload.",,phase2.entry./settings/report-schedules — Nephrology Daily Collections,Analytics,"Tier 0 complete (profile, departments, staff, roles, plan)",,,,,P2-Setup,When a recipient leaves the hospital their schedule has to be stopped or redirected. A delete that only clears local state means the report keeps arriving at a former employee's mailbox — a DPDP exposure.,Positive,hospital_admin (Hospital A),report_schedules → the edit persists and the deleted row stays deleted,e2e/phase-02-settings/P2H.communications.spec.ts,
TC-P2H-080,2H Workflows & Communications,P1,Hospital A's report schedules are invisible to Hospital B,1) Sign in as the Hospital B administrator 2) Open /settings/report-schedules as Hospital B 3) Query report_schedules through the API with no hospital filter,Not one Hospital A schedule is returned.,,MOCK_DATA_BOOK Hospitals — Hospital A (Aarogya) and Hospital B (Sanjeevani),"Multi-tenancy, Analytics, Accounts",Both QA tenants seeded,,,,,P2-Setup,A schedule row carries recipient email addresses and names a revenue report. A leak would let one hospital add itself as a recipient of another's financial reporting.,Cross-Module,hospital_admin (Hospital B),report_schedules queried as the Hospital B admin → zero rows with hospital_id = A,e2e/phase-02-settings/P2H.communications.spec.ts,
TC-P2H-081,2H Workflows & Communications,P2,TV Display screen loads,1) Open /settings/tv-display 2) Read the form,"Announcement Language, Call Format Template and Slide Interval all render. No red console errors.",,"phase2.entry./settings/tv-display — ""Token {number}, please proceed to {doctor}""","TV Display, OPD, CRM","Tier 0 complete (profile, departments, staff, roles, plan)",,,,,P2-Setup,"The waiting-room screen is the only interface most outpatients ever see. If it cannot be configured, the hospital falls back to calling names aloud across a crowded hall.",Positive,hospital_admin (Hospital A),tv_display_settings where hospital_id = A → matches what is displayed,e2e/phase-02-settings/P2H.communications.spec.ts,
TC-P2H-082,2H Workflows & Communications,P1,The call format template saves with its placeholders,"1) Open /settings/tv-display 2) Set the Call Format Template to ""Token {number}, please proceed to {doctor}"" 3) Save 4) Reload",The template persists with both placeholders intact.,,"phase2.entry./settings/tv-display — ""Token {number}, please proceed to {doctor}""","TV Display, OPD","Tier 0 complete (profile, departments, staff, roles, plan)",,,,,P2-Setup,"The template is what the speech synthesiser reads aloud. A mangled placeholder makes the announcement say the literal word ""number"" instead of the token, and patients stop responding to it.",Positive,hospital_admin (Hospital A),tv_display_settings where hospital_id = A → call format contains {number} and {doctor},e2e/phase-02-settings/P2H.communications.spec.ts,
TC-P2H-083,2H Workflows & Communications,P2,The announcement language saves,1) Open /settings/tv-display 2) Set the Announcement Language 3) Save 4) Reload,The language persists after the reload.,,MOCK_DATA_BOOK Preferred Patient Languages — Telugu for Hospital A in Hyderabad,"TV Display, OPD, Patient Portal","Tier 0 complete (profile, departments, staff, roles, plan)",,,,,P2-Setup,A token announced in English in a Telugu-speaking waiting room is not heard. The announcement language is an access issue for patients with limited English.,Positive,hospital_admin (Hospital A),tv_display_settings where hospital_id = A → announcement language persists,e2e/phase-02-settings/P2H.communications.spec.ts,
TC-P2H-084,2H Workflows & Communications,P2,The slide interval saves,1) Open /settings/tv-display 2) Set the Slide Interval in seconds 3) Save 4) Reload,The interval persists after the reload.,,The Slide Interval (seconds) field on SettingsTVDisplayPage,"TV Display, CRM","Tier 0 complete (profile, departments, staff, roles, plan)",,,,,P2-Setup,The interval controls how long a health tip or banner stays on screen between token calls. Too short and nothing is readable; unsaved and the hospital gets a default it never chose.,Positive,hospital_admin (Hospital A),tv_display_settings where hospital_id = A → slide interval persists,e2e/phase-02-settings/P2H.communications.spec.ts,
TC-P2H-085,2H Workflows & Communications,P2,A zero or negative slide interval is refused,"1) Open /settings/tv-display 2) Set the Slide Interval to 0, then to -5 3) Save each time","Both are refused, or the interval is clamped to a sensible minimum.",,phase2.invalid.ratePerDayZero (0) and ratePerDayNegative (-100) applied to the interval,TV Display,"Tier 0 complete (profile, departments, staff, roles, plan)",,,,,P2-Setup,"A zero interval makes the display cycle continuously, which is unreadable and can trigger discomfort in a waiting room full of people who cannot look away.",Boundary,hospital_admin (Hospital A),tv_display_settings where hospital_id = A → slide interval > 0,e2e/phase-02-settings/P2H.communications.spec.ts,
TC-P2H-086,2H Workflows & Communications,P3,A marketing banner can be added,1) Open /settings/tv-display 2) Add a banner image URL and a health tip 3) Save 4) Reload,Both persist after the reload.,,Literal banner URL https://example.com/banner.jpg (the placeholder the field suggests),"TV Display, CRM","Tier 0 complete (profile, departments, staff, roles, plan)",,,,,P2-Setup,The waiting-room screen is the hospital's own advertising space between token calls. Content that does not persist leaves it showing an empty frame.,Positive,hospital_admin (Hospital A),tv_display_settings where hospital_id = A → banner and health tip persist,e2e/phase-02-settings/P2H.communications.spec.ts,
TC-P2H-087,2H Workflows & Communications,P1,The patient name format from OPD config is respected on the display,1) Set the patient name format under /settings/opd-workflow 2) Open the TV display 3) Read how a called patient is identified,The display follows the configured name format.,,The Patient Name Format options on SettingsOPDWorkflowPage,"TV Display, OPD, Patient Portal","Tier 0 complete (profile, departments, staff, roles, plan)",,,,,P2-Setup,"The waiting room is public. Showing a full name where the hospital chose an initial is a DPDP disclosure to everyone sitting in the hall, and it happens dozens of times an hour.",Cross-Module,hospital_admin (Hospital A),tv_display_settings and the OPD config → the display honours the configured name format,e2e/phase-02-settings/P2H.communications.spec.ts,
TC-P2H-088,2H Workflows & Communications,P2,TV display settings survive a hard reload,1) Open /settings/tv-display 2) Save the call template and interval 3) Hard-reload 4) Re-read both,Both are still set after the reload.,,"phase2.entry./settings/tv-display — ""Token {number}, please proceed to {doctor}""",TV Display,"Tier 0 complete (profile, departments, staff, roles, plan)",,,,,P2-Setup,"A false save leaves the waiting-room screen on defaults. Nobody notices from the settings page, because the screen it controls is in another room.",Positive,hospital_admin (Hospital A),tv_display_settings where hospital_id = A → the configuration persists,e2e/phase-02-settings/P2H.communications.spec.ts,
TC-P2H-089,2H Workflows & Communications,P1,Hospital A's TV display settings are invisible to Hospital B,1) Sign in as the Hospital B administrator 2) Open /settings/tv-display as Hospital B 3) Query tv_display_settings through the API with no hospital filter,No Hospital A settings row is returned.,,MOCK_DATA_BOOK Hospitals — Hospital A (Aarogya) and Hospital B (Sanjeevani),"Multi-tenancy, TV Display",Both QA tenants seeded,,,,,P2-Setup,The display config carries the hospital's own banners and announcement wording. One tenant's marketing appearing in another's waiting room is the most publicly visible leak possible.,Cross-Module,hospital_admin (Hospital B),tv_display_settings queried as the Hospital B admin → zero rows with hospital_id = A,e2e/phase-02-settings/P2H.communications.spec.ts,
TC-P2H-090,2H Workflows & Communications,P2,The TV Display screen loads with no red console errors,1) Open DevTools → Console 2) Open /settings/tv-display 3) Save the configuration 4) Read the console,"No red console text, and the speech-synthesis capability check does not error.",,phase2.entry./settings/tv-display — the call format template,TV Display,"Tier 0 complete (profile, departments, staff, roles, plan)",,,,,P2-Setup,The screen probes SpeechSynthesis support. An unhandled failure there would stop the announcement feature with no visible explanation on the display device itself.,Positive,hospital_admin (Hospital A),None — console observation,e2e/phase-02-settings/P2H.communications.spec.ts,
TC-P2H-091,2H Workflows & Communications,P2,Store Locations screen loads,1) Open /settings/inventory 2) Read the store list,The store locations render with an action to add one. No red console errors.,,MOCK_DATA_BOOK Phase 2 additions — Nephrology Sub-Store,"Inventory, Pharmacy, OT, CSSD, Nursing","Tier 0 complete (profile, departments, staff, roles, plan)",,,,,P2-Setup,"SETTINGS_PREREQ_MATRIX warns that without store_locations there are no store transfers. Ward stock cannot be issued from the central store, so every indent has to be handled on paper.",Positive,hospital_admin (Hospital A),store_locations where hospital_id = A → matches the list displayed,e2e/phase-02-settings/P2H.communications.spec.ts,
TC-P2H-092,2H Workflows & Communications,P1,A store location saves,"1) Open /settings/inventory 2) Add ""Nephrology Sub-Store"" 3) Save",A store_locations row exists with that name.,,MOCK_DATA_BOOK Phase 2 additions — Nephrology Sub-Store,"Inventory, Pharmacy","Tier 0 complete (profile, departments, staff, roles, plan)",,,,,P2-Setup,"MOCK_DATA_BOOK requires this store to appear as a transfer destination. Without it, ward stock has nowhere to be issued to and the sub-store runs on an informal cupboard nobody counts.",Positive,hospital_admin (Hospital A),store_locations where hospital_id = A and name = 'Nephrology Sub-Store' → 1 row,e2e/phase-02-settings/P2H.communications.spec.ts,
TC-P2H-093,2H Workflows & Communications,P2,A store cannot be saved without a name,1) Open /settings/inventory 2) Add a store with a blank Store Name 3) Save,The save is refused and no store_locations row is written.,,None — deliberately omits the required Store Name,Inventory,"Tier 0 complete (profile, departments, staff, roles, plan)",,,,,P2-Setup,"An unnamed store appears as a blank transfer destination, so stock is issued to nowhere identifiable and the physical count never reconciles.",Negative,hospital_admin (Hospital A),store_locations where hospital_id = A and (name is null or name = '') → 0 rows,e2e/phase-02-settings/P2H.communications.spec.ts,
TC-P2H-094,2H Workflows & Communications,P2,A store can be linked to a ward,1) Open /settings/inventory 2) Create a store and set Linked Ward to Nephrology Ward 3) Save 4) Reload,The ward link persists after the reload.,,MOCK_DATA_BOOK Phase 2 additions — Nephrology Ward and Nephrology Sub-Store,"Inventory, IPD, Nursing",Tier 0 complete; the ward exists,,,,,P2-Setup,"The ward link is how consumption is attributed to a cost centre. Unlinked, the sub-store's usage cannot be charged back to the ward that used it.",Positive,hospital_admin (Hospital A),store_locations where hospital_id = A and name = 'Nephrology Sub-Store' → linked ward set,e2e/phase-02-settings/P2H.communications.spec.ts,
TC-P2H-095,2H Workflows & Communications,P1,A store with linked indents cannot be deleted,"1) Open /settings/inventory, create a store and raise an indent against it 2) Attempt to delete the store","A destructive toast reads ""Cannot delete — store has linked indents"" and the store remains.",,MOCK_DATA_BOOK Phase 2 additions — Nephrology Sub-Store with a linked indent,"Inventory, Pharmacy",Tier 0 complete; an indent exists against the store,,,,,P2-Setup,"Deleting a store with indents against it orphans the stock movement history, so the physical count and the system diverge with no audit trail explaining why.",Negative,hospital_admin (Hospital A),store_locations → the store still exists when indents reference it,e2e/phase-02-settings/P2H.communications.spec.ts,
TC-P2H-096,2H Workflows & Communications,P1,Hospital A's store locations are invisible to Hospital B,1) Sign in as the Hospital B administrator 2) Open /settings/inventory as Hospital B 3) Query store_locations through the API with no hospital filter,Not one Hospital A store is returned.,,MOCK_DATA_BOOK Hospitals — Hospital A (Aarogya) and Hospital B (Sanjeevani),"Multi-tenancy, Inventory",Both QA tenants seeded,,,,,P2-Setup,"A store appearing as a transfer destination in another hospital would let stock be issued across tenants, which no physical count could ever reconcile.",Cross-Module,hospital_admin (Hospital B),store_locations queried as the Hospital B admin → zero rows with hospital_id = A,e2e/phase-02-settings/P2H.communications.spec.ts,
TC-P2I-001,"2I Integrations, Data & API",P2,Integrations Console loads,1) Log in as hospital_admin (Hospital A) 2) Open /settings/integrations 3) Read the console,"The lab analyser, PACS, WhatsApp and Tally sections render. No red console errors.",,phase2.entry./settings/integrations — connector QA Lab Analyser at 192.168.1.77,"Lab, Radiology, Accounts, CRM, Biomedical","Tier 0 complete (profile, departments, staff, roles, plan)",,,,,P2-Setup,"SETTINGS_PREREQ_MATRIX warns that without HL7 and analyser connectors, analyser results simply do not arrive. The lab runs the sample, the machine produces a result, and nothing reaches the patient chart.",Positive,hospital_admin (Hospital A),lab_device_connectors where hospital_id = A → matches what is displayed,e2e/phase-02-settings/P2I.integrations.spec.ts,
TC-P2I-002,"2I Integrations, Data & API",P1,A lab analyser connector saves,"1) Open /settings/integrations 2) Add connector ""QA Lab Analyser"" with host 192.168.1.77 3) Save",A lab_device_connectors row exists with that name and host.,,"phase2.entry./settings/integrations — QA Lab Analyser, endpoint 192.168.1.77","Lab, Biomedical","Tier 0 complete (profile, departments, staff, roles, plan)",,,,,P2-Setup,"The connector is what pulls results off the analyser. Without it a technician retypes every value by hand, which is both slow and the commonest source of transcription error in a lab.",Positive,hospital_admin (Hospital A),lab_device_connectors where hospital_id = A and name = 'QA Lab Analyser' → 1 row,e2e/phase-02-settings/P2I.integrations.spec.ts,
TC-P2I-003,"2I Integrations, Data & API",P2,A connector cannot be saved without a name,1) Open /settings/integrations 2) Add a connector with a blank Name 3) Save,"A destructive toast reads ""Name is required"" and no row is written.",,None — deliberately omits the required connector Name,Lab,"Tier 0 complete (profile, departments, staff, roles, plan)",,,,,P2-Setup,"An unnamed connector cannot be identified in the list, so when results stop arriving nobody can tell which machine has gone offline.",Negative,hospital_admin (Hospital A),lab_device_connectors where hospital_id = A and (name is null or name = '') → 0 rows,e2e/phase-02-settings/P2I.integrations.spec.ts,
TC-P2I-004,"2I Integrations, Data & API",P2,The connector protocol and connection type save,"1) Open /settings/integrations 2) Set Device Type, Protocol and Connection Type on a connector 3) Save 4) Reload",All three persist after the reload.,,"The Device Type, Protocol and Connection Type controls on IntegrationsHubPage","Lab, Biomedical","Tier 0 complete (profile, departments, staff, roles, plan)",,,,,P2-Setup,A Sysmex on serial and a Sysmex on TCP need entirely different handling. The wrong protocol produces a connector that appears configured and never receives a byte.,Positive,hospital_admin (Hospital A),lab_device_connectors where hospital_id = A → protocol and connection type persist,e2e/phase-02-settings/P2I.integrations.spec.ts,
TC-P2I-005,"2I Integrations, Data & API",P2,A serial connector stores its port and a network connector stores host and port,1) Open /settings/integrations 2) Configure one serial connector and one network connector 3) Save both 4) Reload,The serial connector holds a serial port and the network connector holds a host and port. Neither loses its own field.,,"IntegrationsHubPage placeholders — COM3 or /dev/ttyUSB0 for serial, 192.168.1.50:6000 for network","Lab, Biomedical","Tier 0 complete (profile, departments, staff, roles, plan)",,,,,P2-Setup,"The two connection types use different fields. A form that stores only one set silently discards whichever the other kind of analyser needs, and that machine never connects.",Boundary,hospital_admin (Hospital A),lab_device_connectors where hospital_id = A → serial and network connectors each retain their own fields,e2e/phase-02-settings/P2I.integrations.spec.ts,
TC-P2I-006,"2I Integrations, Data & API",P2,A file-drop connector stores its folder path,1) Open /settings/integrations 2) Configure a file-drop connector with a folder path 3) Save 4) Reload,"The folder path persists exactly, backslashes intact.",,IntegrationsHubPage placeholder — C:\LabResults\incoming,Lab,"Tier 0 complete (profile, departments, staff, roles, plan)",,,,,P2-Setup,Windows paths contain backslashes that are easy to mangle in transit. A corrupted path means the watcher polls a folder that does not exist and no results are ever picked up.,Positive,hospital_admin (Hospital A),lab_device_connectors where hospital_id = A → the file drop path persists with its separators,e2e/phase-02-settings/P2I.integrations.spec.ts,
TC-P2I-007,"2I Integrations, Data & API",P2,A connector can be removed,1) Open /settings/integrations 2) Remove a connector 3) Reload,"A ""Connector removed"" confirmation appears and the connector does not return after the reload.",,phase2.entry./settings/integrations — QA Lab Analyser,"Lab, Biomedical","Tier 0 complete (profile, departments, staff, roles, plan)",,,,,P2-Setup,"A decommissioned analyser left configured keeps its connector polling a dead IP, which fills the error log and masks a genuine failure on a machine that is still in use.",Positive,hospital_admin (Hospital A),lab_device_connectors where hospital_id = A and name = 'QA Lab Analyser' → 0 rows,e2e/phase-02-settings/P2I.integrations.spec.ts,
TC-P2I-008,"2I Integrations, Data & API",P1,A PACS connector saves,"1) Open /settings/integrations 2) Enter a PACS Vendor name, Base URL, AE Title and DICOM Port 3) Save","A ""PACS configuration saved"" confirmation appears and a pacs_connectors row exists.",,"IntegrationsHubPage placeholders — Orthanc, AUMRTI_SCU, port 4242","Radiology, PACS","Tier 0 complete (profile, departments, staff, roles, plan)",,,,,P2-Setup,SETTINGS_PREREQ_MATRIX warns that without hospital_pacs_config the DICOM and PACS features are inert. The radiologist opens a study and there are no images attached to it.,Positive,hospital_admin (Hospital A),pacs_connectors where hospital_id = A → 1 row with the AE title and port,e2e/phase-02-settings/P2I.integrations.spec.ts,
TC-P2I-009,"2I Integrations, Data & API",P2,A PACS connector cannot be saved without a vendor name,1) Open /settings/integrations 2) Attempt to save a PACS connector with a blank vendor name 3) Save,"A destructive toast reads ""Vendor name is required"" and no row is written.",,None — deliberately omits the required PACS vendor name,"Radiology, PACS","Tier 0 complete (profile, departments, staff, roles, plan)",,,,,P2-Setup,A hospital may run more than one PACS. An unnamed one cannot be told apart when images stop arriving from one of them.,Negative,hospital_admin (Hospital A),pacs_connectors where hospital_id = A and (vendor is null or vendor = '') → 0 rows,e2e/phase-02-settings/P2I.integrations.spec.ts,
TC-P2I-010,"2I Integrations, Data & API",P2,Testing a PACS endpoint with no base URL is refused,1) Open /settings/integrations 2) Clear the PACS Base URL 3) Click the test action,"A message reads ""Enter base URL to test"" and no request is attempted.",,None — deliberately clears the PACS base URL before testing,"Radiology, PACS","Tier 0 complete (profile, departments, staff, roles, plan)",,,,,P2-Setup,"A test that silently does nothing teaches the administrator the PACS is unreachable, when in fact they have not entered the address yet.",Negative,hospital_admin (Hospital A),None — reads the validation message,e2e/phase-02-settings/P2I.integrations.spec.ts,
TC-P2I-011,"2I Integrations, Data & API",P1,The PACS reachability test reports its outcome,1) Open /settings/integrations 2) Enter a PACS Base URL 3) Run the test 4) Read the result,The screen states clearly whether the endpoint was reachable or not.,,IntegrationsHubPage placeholder — https://pacs.yourhospital.com/wado,"Radiology, PACS","Tier 0 complete (profile, departments, staff, roles, plan)",,,,,P2-Setup,"This is the only way to confirm the PACS link works before a radiologist depends on it. Without an explicit result the failure surfaces mid-report, with a patient waiting on the finding.",Positive,hospital_admin (Hospital A),None — reads the reachability test outcome,e2e/phase-02-settings/P2I.integrations.spec.ts,
TC-P2I-012,"2I Integrations, Data & API",P2,A WhatsApp connector saves with its sender number,1) Open /settings/integrations 2) Enter a WhatsApp API Key and Sender Number 3) Save 4) Reload,A whatsapp_connectors row exists and the API key is rendered masked.,,IntegrationsHubPage placeholder — +91 98765 43210,"CRM, OPD, Billing","Tier 0 complete (profile, departments, staff, roles, plan)",,,,,P2-Setup,The sender number is what a patient sees the message arrive from. A wrong or missing number means reminders come from an unrecognised sender and are ignored or reported as spam.,Positive,hospital_admin (Hospital A),whatsapp_connectors where hospital_id = A → 1 row with the sender number,e2e/phase-02-settings/P2I.integrations.spec.ts,
TC-P2I-013,"2I Integrations, Data & API",P2,Tally ledger mapping saves,1) Open /settings/integrations 2) Map a ledger to a Tally account 3) Save 4) Reload,A tally_ledger_mapping row exists and persists after the reload.,,The Tally ledger mapping section on IntegrationsHubPage,Accounts,"Tier 0 complete (profile, departments, staff, roles, plan)",,,,,P2-Setup,Most Indian hospitals still keep statutory books in Tally. An unmapped ledger means the export lands in a suspense account and the accountant reallocates every line by hand.,Positive,hospital_admin (Hospital A),tally_ledger_mapping where hospital_id = A → the mapping persists,e2e/phase-02-settings/P2I.integrations.spec.ts,
TC-P2I-014,"2I Integrations, Data & API",P1,Hospital A's connectors are invisible to Hospital B,1) Sign in as the Hospital B administrator 2) Open /settings/integrations as Hospital B 3) Query lab_device_connectors through the API with no hospital filter,Not one Hospital A connector is returned.,,MOCK_DATA_BOOK Hospitals — Hospital A (Aarogya) and Hospital B (Sanjeevani),"Multi-tenancy, Lab, Radiology",Both QA tenants seeded,,,,,P2-Setup,A connector row carries internal IP addresses and API credentials. Leaking them across tenants hands one hospital a map of another's internal network.,Cross-Module,hospital_admin (Hospital B),lab_device_connectors queried as the Hospital B admin → zero rows with hospital_id = A,e2e/phase-02-settings/P2I.integrations.spec.ts,
TC-P2I-015,"2I Integrations, Data & API",P1,A lab technician cannot edit the Integrations Console,1) Log in as lab_technician (Hospital A) 2) Navigate directly to /settings/integrations,"The route is blocked — redirected away, or an explicit access-denied message.",,"MOCK_DATA_BOOK Staff logins — lab_technician (Hospital A), Mr. Naveen Kumar","Lab, Security",Tier 0 roles configured (Phase 1 §1E),,,,,P2-Setup,The console holds internal IP addresses and integration credentials. A technician repointing an analyser connector could redirect result traffic without anyone noticing.,RBAC,lab_technician (Hospital A),None — route guard behaviour,e2e/phase-02-settings/P2I.integrations.spec.ts,
TC-P2I-016,"2I Integrations, Data & API",P2,The Integrations Console loads with no red console errors,1) Open DevTools → Console 2) Open /settings/integrations 3) Save a connector 4) Read the console,No red console text from any of the four connector tables.,,phase2.entry./settings/integrations — QA Lab Analyser,"Lab, Radiology, Accounts","Tier 0 complete (profile, departments, staff, roles, plan)",,,,,P2-Setup,This screen writes to four separate tables. A failure on one leaves the console looking correct while one entire integration is silently unconfigured.,Positive,hospital_admin (Hospital A),None — console observation,e2e/phase-02-settings/P2I.integrations.spec.ts,
TC-P2I-017,"2I Integrations, Data & API",P2,"Payment gateway ""Razorpay"" can be selected and saves","1) Open /settings/integrations 2) Select payment gateway ""Razorpay"" 3) Save 4) Reload and re-read the selection",The gateway persists as 'razorpay' after the reload.,,"phase2.dropdowns.paymentGateway — ""razorpay""","Payments, Billing","Tier 0 complete (profile, departments, staff, roles, plan)",,,,,P2-Setup,"The gateway decides where a patient's payment settles. Each value is stored separately, so one failing to persist silently reverts the hospital to a provider it does not hold a merchant account with. This one covers the default, and the one the Razorpay settings screen configures separately.",Positive,hospital_admin (Hospital A),the integrations config → payment gateway = 'razorpay',e2e/phase-02-settings/P2I.integrations.spec.ts,
TC-P2I-018,"2I Integrations, Data & API",P2,"Payment gateway ""PayU"" can be selected and saves","1) Open /settings/integrations 2) Select payment gateway ""PayU"" 3) Save 4) Reload and re-read the selection",The gateway persists as 'payu' after the reload.,,"phase2.dropdowns.paymentGateway — ""payu""","Payments, Billing","Tier 0 complete (profile, departments, staff, roles, plan)",,,,,P2-Setup,"The gateway decides where a patient's payment settles. Each value is stored separately, so one failing to persist silently reverts the hospital to a provider it does not hold a merchant account with. This one covers common where a hospital already has a PayU merchant relationship.",Positive,hospital_admin (Hospital A),the integrations config → payment gateway = 'payu',e2e/phase-02-settings/P2I.integrations.spec.ts,
TC-P2I-019,"2I Integrations, Data & API",P2,"Payment gateway ""PhonePe for Business"" can be selected and saves","1) Open /settings/integrations 2) Select payment gateway ""PhonePe for Business"" 3) Save 4) Reload and re-read the selection",The gateway persists as 'phonepe' after the reload.,,"phase2.dropdowns.paymentGateway — ""phonepe""","Payments, Billing","Tier 0 complete (profile, departments, staff, roles, plan)",,,,,P2-Setup,"The gateway decides where a patient's payment settles. Each value is stored separately, so one failing to persist silently reverts the hospital to a provider it does not hold a merchant account with. This one covers UPI-first, which is how most Indian outpatients pay.",Positive,hospital_admin (Hospital A),the integrations config → payment gateway = 'phonepe',e2e/phase-02-settings/P2I.integrations.spec.ts,
TC-P2I-020,"2I Integrations, Data & API",P2,"Payment gateway ""CCAvenue"" can be selected and saves","1) Open /settings/integrations 2) Select payment gateway ""CCAvenue"" 3) Save 4) Reload and re-read the selection",The gateway persists as 'ccavenue' after the reload.,,"phase2.dropdowns.paymentGateway — ""ccavenue""","Payments, Billing","Tier 0 complete (profile, departments, staff, roles, plan)",,,,,P2-Setup,"The gateway decides where a patient's payment settles. Each value is stored separately, so one failing to persist silently reverts the hospital to a provider it does not hold a merchant account with. This one covers the long-standing choice for hospitals with legacy card terminals.",Positive,hospital_admin (Hospital A),the integrations config → payment gateway = 'ccavenue',e2e/phase-02-settings/P2I.integrations.spec.ts,
TC-P2I-021,"2I Integrations, Data & API",P2,HL7 / FHIR screen loads,1) Open /settings/hl7 2) Read the form,"Mirth host, port, channel, sending and receiving facility fields all render. No red console errors.",,"phase2.entry./settings/hl7 — endpoint 192.168.1.100, port 2575","Lab, Radiology, ABDM, MRD","Tier 0 complete (profile, departments, staff, roles, plan)",,,,,P2-Setup,"HL7 is how results arrive from a LIS or RIS. SETTINGS_PREREQ_MATRIX warns that without the connector configured, analyser results do not arrive at all — and nothing about the lab screen says why.",Positive,hospital_admin (Hospital A),config_values where hospital_id = A → the HL7 configuration matches what is displayed,e2e/phase-02-settings/P2I.integrations.spec.ts,
TC-P2I-022,"2I Integrations, Data & API",P1,The Mirth host and port save,1) Open /settings/hl7 2) Enter Mirth Host 192.168.1.100 and Port 2575 3) Save 4) Reload,Both persist after the reload.,,"phase2.entry./settings/hl7 — endpoint 192.168.1.100, port 2575","Lab, Radiology","Tier 0 complete (profile, departments, staff, roles, plan)",,,,,P2-Setup,Port 2575 is the conventional HL7 MLLP port. A wrong host or port means the integration engine is never reached and every result stays on the analyser.,Positive,hospital_admin (Hospital A),"config_values where hospital_id = A → Mirth host = 192.168.1.100, port = 2575",e2e/phase-02-settings/P2I.integrations.spec.ts,
TC-P2I-023,"2I Integrations, Data & API",P2,A non-numeric HL7 port is refused,1) Open /settings/hl7 2) Enter a non-numeric Port 3) Save,"The save is refused, or the port is not stored as a non-numeric value.",,phase2.invalid.feeNonNumeric (abc) applied to the HL7 port,"Lab, Radiology","Tier 0 complete (profile, departments, staff, roles, plan)",,,,,P2-Setup,A non-numeric port cannot open a socket. The connection fails with a low-level error that looks like a network problem rather than a typo on this screen.,Negative,hospital_admin (Hospital A),config_values where hospital_id = A → the HL7 port is numeric,e2e/phase-02-settings/P2I.integrations.spec.ts,
TC-P2I-024,"2I Integrations, Data & API",P2,An HL7 port outside the valid range is refused,1) Open /settings/hl7 2) Enter Port 70000 3) Save,The save is refused. TCP ports run from 1 to 65535.,,Literal out-of-range port 70000,"Lab, Radiology","Tier 0 complete (profile, departments, staff, roles, plan)",,,,,P2-Setup,"A port above 65535 cannot be bound. The failure appears at connection time as an obscure system error, days after the value was entered.",Boundary,hospital_admin (Hospital A),config_values where hospital_id = A → the HL7 port is between 1 and 65535,e2e/phase-02-settings/P2I.integrations.spec.ts,
TC-P2I-025,"2I Integrations, Data & API",P2,The sending and receiving facility identifiers save,"1) Open /settings/hl7 2) Enter Sending Facility, Sending Application, Receiving Facility and Receiving Application 3) Save 4) Reload",All four persist after the reload.,,SettingsHL7Page placeholder — LIS / RIS facility name,"Lab, Radiology, MRD","Tier 0 complete (profile, departments, staff, roles, plan)",,,,,P2-Setup,"These four values populate the MSH segment of every HL7 message. A mismatch makes the receiving system reject the message outright, and the rejection is logged at the far end where the hospital cannot see it.",Positive,hospital_admin (Hospital A),config_values where hospital_id = A → all four MSH identifiers persist,e2e/phase-02-settings/P2I.integrations.spec.ts,
TC-P2I-026,"2I Integrations, Data & API",P2,The Mirth channel ID saves,1) Open /settings/hl7 2) Enter a Channel ID 3) Save 4) Reload,The channel ID persists after the reload.,,SettingsHL7Page placeholder — Mirth channel UUID,"Lab, Radiology","Tier 0 complete (profile, departments, staff, roles, plan)",,,,,P2-Setup,"The channel ID routes the message to the right Mirth pipeline. Wrong, and lab results are processed by the radiology channel, which drops them as unparseable.",Positive,hospital_admin (Hospital A),config_values where hospital_id = A → the Mirth channel ID persists,e2e/phase-02-settings/P2I.integrations.spec.ts,
TC-P2I-027,"2I Integrations, Data & API",P1,Testing the Mirth connection with no host is refused,1) Open /settings/hl7 2) Clear the Mirth Host 3) Run the connection test,"A message reads ""Connection failed — no host configured"" rather than a generic failure.",,None — deliberately clears the Mirth host before testing,"Lab, Radiology","Tier 0 complete (profile, departments, staff, roles, plan)",,,,,P2-Setup,"A generic ""connection failed"" sends the hospital IT team investigating the network. Naming the missing field turns a half-day of debugging into a ten-second fix.",Negative,hospital_admin (Hospital A),None — reads the validation message,e2e/phase-02-settings/P2I.integrations.spec.ts,
TC-P2I-028,"2I Integrations, Data & API",P1,The Mirth connection test reports reachability explicitly,1) Open /settings/hl7 2) Enter a host and port 3) Run the connection test 4) Read the result,The screen states whether Mirth Connect was reachable.,,"phase2.entry./settings/hl7 — endpoint 192.168.1.100, port 2575","Lab, Radiology","Tier 0 complete (profile, departments, staff, roles, plan)",,,,,P2-Setup,Without an explicit reachability result the hospital discovers the integration is down when a clinician asks why a result from three hours ago has not appeared.,Positive,hospital_admin (Hospital A),None — reads the connection test outcome,e2e/phase-02-settings/P2I.integrations.spec.ts,
TC-P2I-029,"2I Integrations, Data & API",P2,"Vitals monitor vendor ""Mindray (BeneVision)"" can be selected and saves","1) Open /settings/hl7 2) Enable ""Auto-populate ICU Flowsheet from Bedside Monitors"" 3) Select Device Manufacturer ""Mindray (BeneVision)"" 4) Save 5) Reload",The vendor persists as 'mindray' after the reload.,,"phase2.dropdowns.vitalsMonitorVendor — ""Mindray (BeneVision)""","IPD, Nursing, ICU",Tier 0 complete; the bedside monitor toggle is enabled,,,,,P2-Setup,"Each vendor speaks a different dialect of HL7 for vitals. A mis-stored vendor means the ICU flowsheet is populated with the wrong parameters or nothing at all, and the nurse charts by hand while believing it is automatic. This one covers the commonest bedside monitor in Indian ICUs.",Positive,hospital_admin (Hospital A),config_values where hospital_id = A → vitals monitor vendor = 'mindray',e2e/phase-02-settings/P2I.integrations.spec.ts,
TC-P2I-030,"2I Integrations, Data & API",P2,"Vitals monitor vendor ""Philips IntelliVue"" can be selected and saves","1) Open /settings/hl7 2) Enable ""Auto-populate ICU Flowsheet from Bedside Monitors"" 3) Select Device Manufacturer ""Philips IntelliVue"" 4) Save 5) Reload",The vendor persists as 'philips' after the reload.,,"phase2.dropdowns.vitalsMonitorVendor — ""Philips IntelliVue""","IPD, Nursing, ICU",Tier 0 complete; the bedside monitor toggle is enabled,,,,,P2-Setup,"Each vendor speaks a different dialect of HL7 for vitals. A mis-stored vendor means the ICU flowsheet is populated with the wrong parameters or nothing at all, and the nurse charts by hand while believing it is automatic. This one covers the tertiary-care standard, usually in the older ICU block.",Positive,hospital_admin (Hospital A),config_values where hospital_id = A → vitals monitor vendor = 'philips',e2e/phase-02-settings/P2I.integrations.spec.ts,
TC-P2I-031,"2I Integrations, Data & API",P2,"Vitals monitor vendor ""GE Healthcare"" can be selected and saves","1) Open /settings/hl7 2) Enable ""Auto-populate ICU Flowsheet from Bedside Monitors"" 3) Select Device Manufacturer ""GE Healthcare"" 4) Save 5) Reload",The vendor persists as 'ge' after the reload.,,"phase2.dropdowns.vitalsMonitorVendor — ""GE Healthcare""","IPD, Nursing, ICU",Tier 0 complete; the bedside monitor toggle is enabled,,,,,P2-Setup,"Each vendor speaks a different dialect of HL7 for vitals. A mis-stored vendor means the ICU flowsheet is populated with the wrong parameters or nothing at all, and the nurse charts by hand while believing it is automatic. This one covers frequently paired with GE anaesthesia machines in theatre.",Positive,hospital_admin (Hospital A),config_values where hospital_id = A → vitals monitor vendor = 'ge',e2e/phase-02-settings/P2I.integrations.spec.ts,
TC-P2I-032,"2I Integrations, Data & API",P2,"Vitals monitor vendor ""Dräger"" can be selected and saves","1) Open /settings/hl7 2) Enable ""Auto-populate ICU Flowsheet from Bedside Monitors"" 3) Select Device Manufacturer ""Dräger"" 4) Save 5) Reload",The vendor persists as 'drager' after the reload.,,"phase2.dropdowns.vitalsMonitorVendor — ""Dräger""","IPD, Nursing, ICU",Tier 0 complete; the bedside monitor toggle is enabled,,,,,P2-Setup,"Each vendor speaks a different dialect of HL7 for vitals. A mis-stored vendor means the ICU flowsheet is populated with the wrong parameters or nothing at all, and the nurse charts by hand while believing it is automatic. This one covers ventilator-integrated, so its feed carries respiratory parameters too.",Positive,hospital_admin (Hospital A),config_values where hospital_id = A → vitals monitor vendor = 'drager',e2e/phase-02-settings/P2I.integrations.spec.ts,
TC-P2I-033,"2I Integrations, Data & API",P2,"Vitals monitor vendor ""Nihon Kohden"" can be selected and saves","1) Open /settings/hl7 2) Enable ""Auto-populate ICU Flowsheet from Bedside Monitors"" 3) Select Device Manufacturer ""Nihon Kohden"" 4) Save 5) Reload",The vendor persists as 'nihon_kohden' after the reload.,,"phase2.dropdowns.vitalsMonitorVendor — ""Nihon Kohden""","IPD, Nursing, ICU",Tier 0 complete; the bedside monitor toggle is enabled,,,,,P2-Setup,"Each vendor speaks a different dialect of HL7 for vitals. A mis-stored vendor means the ICU flowsheet is populated with the wrong parameters or nothing at all, and the nurse charts by hand while believing it is automatic. This one covers common in neonatal units where the alarm limits differ.",Positive,hospital_admin (Hospital A),config_values where hospital_id = A → vitals monitor vendor = 'nihon_kohden',e2e/phase-02-settings/P2I.integrations.spec.ts,
TC-P2I-034,"2I Integrations, Data & API",P1,The vitals vendor selector appears only once bedside monitoring is enabled,1) Open /settings/hl7 with the bedside monitor toggle off 2) Look for the Device Manufacturer control 3) Enable the toggle 4) Look again,The vendor selector is hidden while the toggle is off and appears once it is on.,,MOCK_DATA_BOOK Vitals Monitor Vendor — only visible once the ICU flowsheet toggle is on,"IPD, Nursing","Tier 0 complete (profile, departments, staff, roles, plan)",,,,,P2-Setup,"MOCK_DATA_BOOK records this conditional deliberately. A vendor selected while the feature is off stores a setting that does nothing, and the administrator believes bedside integration is configured.",Boundary,hospital_admin (Hospital A),None — asserts the conditional visibility of the vendor selector,e2e/phase-02-settings/P2I.integrations.spec.ts,
TC-P2I-035,"2I Integrations, Data & API",P2,HL7 settings survive a hard reload,"1) Open /settings/hl7 2) Save the host, port and facilities 3) Hard-reload 4) Re-read them",All values are still present after the reload.,,"phase2.entry./settings/hl7 — endpoint 192.168.1.100, port 2575","Lab, Radiology","Tier 0 complete (profile, departments, staff, roles, plan)",,,,,P2-Setup,A false save leaves the integration unconfigured while the screen shows it set up. Results stop arriving and the lab assumes the analyser has failed.,Positive,hospital_admin (Hospital A),config_values where hospital_id = A → the HL7 configuration persists,e2e/phase-02-settings/P2I.integrations.spec.ts,
TC-P2I-036,"2I Integrations, Data & API",P1,A lab technician cannot change the HL7 configuration,1) Log in as lab_technician (Hospital A) 2) Navigate directly to /settings/hl7,"The route is blocked — redirected away, or an explicit access-denied message.",,"MOCK_DATA_BOOK Staff logins — lab_technician (Hospital A), Mr. Naveen Kumar","Lab, Security",Tier 0 roles configured (Phase 1 §1E),,,,,P2-Setup,Repointing the HL7 receiving facility would divert result messages to another system. That is a clinical data-routing change and belongs to whoever owns the integration.,RBAC,lab_technician (Hospital A),None — route guard behaviour,e2e/phase-02-settings/P2I.integrations.spec.ts,
TC-P2I-037,"2I Integrations, Data & API",P2,ABDM screen loads,1) Open /settings/abdm 2) Read the form,"HFR ID, Facility Name, Bridge URL, ABDM Base URL and the Production Mode toggle all render. No red console errors.",,"phase2.entry./settings/abdm — hipId QA-HIP-001, hipName Aarogya Multispecialty Hospital","ABDM, Patient Portal, MRD","Tier 0 complete (profile, departments, staff, roles, plan)",,,,,P2-Setup,SETTINGS_PREREQ_MATRIX warns that without hospital_abdm_config the ABDM edge functions fail quietly. ABHA linkage appears to work and no record ever reaches the national exchange.,Positive,hospital_admin (Hospital A),hospital_abdm_config where hospital_id = A → matches what is displayed,e2e/phase-02-settings/P2I.integrations.spec.ts,
TC-P2I-038,"2I Integrations, Data & API",P1,The HFR ID and facility name save,1) Open /settings/abdm 2) Enter the HFR ID and Facility Name 3) Save 4) Reload,Both persist after the reload.,,"phase2.entry./settings/abdm — hipId QA-HIP-001, hipName Aarogya Multispecialty Hospital","ABDM, MRD","Tier 0 complete (profile, departments, staff, roles, plan)",,,,,P2-Setup,"The HFR ID is the hospital's registered identity in the national Health Facility Registry. A wrong one means records are published under another facility, which is a data-integrity problem at national scale.",Positive,hospital_admin (Hospital A),hospital_abdm_config where hospital_id = A → HFR ID = 'QA-HIP-001',e2e/phase-02-settings/P2I.integrations.spec.ts,
TC-P2I-039,"2I Integrations, Data & API",P1,The ABDM facility name matches the registered hospital name,1) Open /settings/abdm 2) Compare the Facility Name against the hospital name on /settings/profile,"They match, or the screen states that the ABDM name must be exactly as registered with HFR.",,MOCK_DATA_BOOK Hospital A — Aarogya Multispecialty Hospital,"ABDM, MRD","Tier 0 complete (profile, departments, staff, roles, plan)",,,,,P2-Setup,ABDM validates the facility name against the HFR record. A mismatch is rejected at the gateway with an error the hospital sees only in an edge-function log it never reads.,Boundary,hospital_admin (Hospital A),hospital_abdm_config facility name matches hospitals.name,e2e/phase-02-settings/P2I.integrations.spec.ts,
TC-P2I-040,"2I Integrations, Data & API",P2,The bridge callback URL saves,1) Open /settings/abdm 2) Enter the Bridge URL 3) Save 4) Reload,The callback URL persists after the reload.,,The Bridge URL (Callback URL) field on SettingsABDMPage,ABDM,"Tier 0 complete (profile, departments, staff, roles, plan)",,,,,P2-Setup,"ABDM calls back to this URL with consent artefacts. A wrong address means consent requests are issued and the response never arrives, so the linkage hangs forever in a pending state.",Positive,hospital_admin (Hospital A),hospital_abdm_config where hospital_id = A → the bridge URL persists,e2e/phase-02-settings/P2I.integrations.spec.ts,
TC-P2I-041,"2I Integrations, Data & API",P1,ABDM credentials are stored securely and can be rotated,1) Open /settings/abdm 2) Save the ABDM credentials 3) Use the rotate action 4) Read the confirmation,"A ""Credentials saved securely"" confirmation appears, and rotation reports that the token cache was cleared.",,Literal sandbox ABDM credentials — no production secret is used,"ABDM, Security","Tier 0 complete (profile, departments, staff, roles, plan)",,,,,P2-Setup,"ABDM credentials authorise publishing patient records to the national exchange. They must be rotatable without a redeploy, and rotation must clear the cached token or the old credential keeps being used.",Positive,hospital_admin (Hospital A),"hospital_abdm_config where hospital_id = A → credentials stored, rotation clears the token cache",e2e/phase-02-settings/P2I.integrations.spec.ts,
TC-P2I-042,"2I Integrations, Data & API",P1,ABDM credentials are never rendered in plain text,1) Open /settings/abdm 2) Save a credential 3) Reload 4) Inspect the field and the DOM,The credential renders masked and the plain value is not present in the DOM.,,Literal sandbox ABDM credential,"ABDM, Security","Tier 0 complete (profile, departments, staff, roles, plan)",,,,,P2-Setup,An exposed ABDM credential lets the holder publish or retrieve patient health records under the hospital's national identity. That is the highest-value credential in the product.,Negative,hospital_admin (Hospital A),None — inspects the rendered field type and DOM content,e2e/phase-02-settings/P2I.integrations.spec.ts,
TC-P2I-043,"2I Integrations, Data & API",P1,Switching ABDM to Production Mode warns before it takes effect,1) Open /settings/abdm 2) Switch Production Mode on 3) Read the screen,A warning states that real patient records will be published to the national exchange.,,The Production Mode toggle on SettingsABDMPage,"ABDM, Security, MRD","Tier 0 complete (profile, departments, staff, roles, plan)",,,,,P2-Setup,A record published to the national exchange cannot be recalled. Flipping this during configuration would push real PHI into ABDM before the hospital has verified anything.,Boundary,hospital_admin (Hospital A),None — reads the production-mode warning,e2e/phase-02-settings/P2I.integrations.spec.ts,
TC-P2I-044,"2I Integrations, Data & API",P2,ABDM settings survive a hard reload,1) Open /settings/abdm 2) Save the HFR ID and base URL 3) Hard-reload 4) Re-read them,Both are still present after the reload.,,phase2.entry./settings/abdm — hipId QA-HIP-001,ABDM,"Tier 0 complete (profile, departments, staff, roles, plan)",,,,,P2-Setup,The ABDM edge functions fail quietly when unconfigured. A false save means ABHA linkage silently does nothing while the settings screen shows it as ready.,Positive,hospital_admin (Hospital A),hospital_abdm_config where hospital_id = A → the configuration persists,e2e/phase-02-settings/P2I.integrations.spec.ts,
TC-P2I-045,"2I Integrations, Data & API",P1,Hospital A's ABDM configuration is invisible to Hospital B,1) Sign in as the Hospital B administrator 2) Open /settings/abdm as Hospital B 3) Query hospital_abdm_config through the API with no hospital filter,No Hospital A ABDM row is returned.,,MOCK_DATA_BOOK Hospitals — Hospital A (Aarogya) and Hospital B (Sanjeevani),"Multi-tenancy, ABDM, Security",Both QA tenants seeded,,,,,P2-Setup,The HFR ID is a national registered identity. One hospital publishing records under another's HFR ID would attribute patient care to the wrong facility in the national health record.,Cross-Module,hospital_admin (Hospital B),hospital_abdm_config queried as the Hospital B admin → zero rows with hospital_id = A,e2e/phase-02-settings/P2I.integrations.spec.ts,
TC-P2I-046,"2I Integrations, Data & API",P1,An MRD officer cannot change the ABDM configuration,1) Log in as mrd_officer (Hospital A) 2) Navigate directly to /settings/abdm,"The route is blocked — redirected away, or an explicit access-denied message.",,"MOCK_DATA_BOOK Staff logins — mrd_officer (Hospital A), Mr. Sanjay Deshmukh","ABDM, MRD, Security",Tier 0 roles configured (Phase 1 §1E),,,,,P2-Setup,MRD publishes records through ABDM but must not hold the credentials that authorise publishing under the hospital's national identity.,RBAC,mrd_officer (Hospital A),None — route guard behaviour,e2e/phase-02-settings/P2I.integrations.spec.ts,
TC-P2I-047,"2I Integrations, Data & API",P2,HMIS Portal screen loads,1) Open /settings/hmis-portal 2) Read the form,"HIN Code, Facility Code, Portal Username, Portal Password and Portal Base URL all render. No red console errors.",,phase2.entry./settings/hmis-portal — facilityCode QA-HMIS-001,"HMIS, Quality, Analytics","Tier 0 complete (profile, departments, staff, roles, plan)",,,,,P2-Setup,HMIS submission to the MoHFW portal is a statutory monthly return for most Indian hospitals. Without credentials the return cannot be filed and the hospital falls out of compliance.,Positive,hospital_admin (Hospital A),api_configurations where hospital_id = A → the HMIS row matches what is displayed,e2e/phase-02-settings/P2I.integrations.spec.ts,
TC-P2I-048,"2I Integrations, Data & API",P1,The HIN and facility codes save,1) Open /settings/hmis-portal 2) Enter the HIN Code and Facility Code 3) Save 4) Reload,Both persist after the reload.,,phase2.entry./settings/hmis-portal — facilityCode QA-HMIS-001,"HMIS, Quality","Tier 0 complete (profile, departments, staff, roles, plan)",,,,,P2-Setup,"The HIN identifies the hospital on the National Health Portal. A wrong code files the hospital's monthly return against another facility, which is very hard to unwind once submitted.",Positive,hospital_admin (Hospital A),api_configurations where hospital_id = A → HMIS facility code = 'QA-HMIS-001',e2e/phase-02-settings/P2I.integrations.spec.ts,
TC-P2I-049,"2I Integrations, Data & API",P1,The HMIS portal password is never rendered in plain text,1) Open /settings/hmis-portal 2) Save a portal password 3) Reload 4) Inspect the field and the DOM,The password renders masked and the plain value is not present in the DOM.,,Literal sandbox portal password — no production credential is used,"HMIS, Security","Tier 0 complete (profile, departments, staff, roles, plan)",,,,,P2-Setup,These are government portal credentials tied to a named hospital. Exposure would let someone file or alter statutory returns in the hospital's name.,Negative,hospital_admin (Hospital A),None — inspects the rendered field type and DOM content,e2e/phase-02-settings/P2I.integrations.spec.ts,
TC-P2I-050,"2I Integrations, Data & API",P2,The portal base URL saves,1) Open /settings/hmis-portal 2) Enter the Portal Base URL 3) Save 4) Reload,The URL persists after the reload.,,SettingsHMISPage placeholder — https://ihip.nhp.gov.in,HMIS,"Tier 0 complete (profile, departments, staff, roles, plan)",,,,,P2-Setup,The IHIP portal address changes between state and central deployments. A wrong base URL means submissions post to an endpoint that accepts and discards them.,Positive,hospital_admin (Hospital A),api_configurations where hospital_id = A → the HMIS base URL persists,e2e/phase-02-settings/P2I.integrations.spec.ts,
TC-P2I-051,"2I Integrations, Data & API",P2,An insecure http portal URL is refused or warned,1) Open /settings/hmis-portal 2) Enter an http:// base URL 3) Save,"The save is refused, or the screen warns that credentials would be sent unencrypted.",,phase2.invalid.webhookInsecure (http://qa.example.invalid/webhook),"HMIS, Security","Tier 0 complete (profile, departments, staff, roles, plan)",,,,,P2-Setup,Posting government portal credentials over plain http exposes them to anyone on the hospital network. The warning is the only thing standing between a typo and a credential leak.,Negative,hospital_admin (Hospital A),api_configurations where hospital_id = A → the HMIS base URL uses https,e2e/phase-02-settings/P2I.integrations.spec.ts,
TC-P2I-052,"2I Integrations, Data & API",P2,HMIS settings survive a hard reload,1) Open /settings/hmis-portal 2) Save the codes and URL 3) Hard-reload 4) Re-read them,All values are still present after the reload.,,phase2.entry./settings/hmis-portal — facilityCode QA-HMIS-001,HMIS,"Tier 0 complete (profile, departments, staff, roles, plan)",,,,,P2-Setup,"A false save means the monthly statutory return cannot be filed, and the hospital only discovers it at the filing deadline.",Positive,hospital_admin (Hospital A),api_configurations where hospital_id = A → the HMIS configuration persists,e2e/phase-02-settings/P2I.integrations.spec.ts,
TC-P2I-053,"2I Integrations, Data & API",P1,Hospital A's HMIS credentials are invisible to Hospital B,1) Sign in as the Hospital B administrator 2) Open /settings/hmis-portal as Hospital B 3) Query api_configurations through the API with no hospital filter,No Hospital A HMIS row is returned.,,MOCK_DATA_BOOK Hospitals — Hospital A (Aarogya) and Hospital B (Sanjeevani),"Multi-tenancy, HMIS, Security",Both QA tenants seeded,,,,,P2-Setup,Government portal credentials in the wrong hands allow statutory returns to be filed in another hospital's name — a regulatory offence attributable to the hospital named on the submission.,Cross-Module,hospital_admin (Hospital B),api_configurations queried as the Hospital B admin → zero rows with hospital_id = A,e2e/phase-02-settings/P2I.integrations.spec.ts,
TC-P2I-054,"2I Integrations, Data & API",P2,The HMIS Portal screen loads with no red console errors,1) Open DevTools → Console 2) Open /settings/hmis-portal 3) Save the credentials 4) Read the console,"No red console text, and no credential echoed into a console message.",,phase2.entry./settings/hmis-portal — facilityCode QA-HMIS-001,"HMIS, Security","Tier 0 complete (profile, departments, staff, roles, plan)",,,,,P2-Setup,No credential must ever appear in console output. A government portal password logged there is captured by any browser extension the hospital has installed.,Positive,hospital_admin (Hospital A),None — console observation,e2e/phase-02-settings/P2I.integrations.spec.ts,
TC-P2I-055,"2I Integrations, Data & API",P2,API Keys screen loads,1) Open /settings/api-keys 2) Read the key list,The key list renders with a generate action. No red console errors.,,"phase2.entry./settings/api-keys — keyName ""QA Phase 2 key""","Platform, Security","Tier 0 complete (profile, departments, staff, roles, plan)",,,,,P2-Setup,"API keys grant programmatic access to hospital data. If the screen will not load, existing keys cannot be reviewed or revoked, which is the entire point of having a key management page.",Positive,hospital_admin (Hospital A),api_keys where hospital_id = A → matches the list displayed,e2e/phase-02-settings/P2I.integrations.spec.ts,
TC-P2I-056,"2I Integrations, Data & API",P1,An API key can be generated with a name,"1) Open /settings/api-keys 2) Enter Key Name ""QA Phase 2 key"" 3) Generate",An api_keys row exists with that name and the key value is shown once.,,"phase2.entry./settings/api-keys — keyName ""QA Phase 2 key""","Platform, Security","Tier 0 complete (profile, departments, staff, roles, plan)",,,,,P2-Setup,The name is how a key is identified for revocation later. An unnamed key cannot be safely revoked because nobody knows what would break.,Positive,hospital_admin (Hospital A),api_keys where hospital_id = A and name = 'QA Phase 2 key' → 1 row,e2e/phase-02-settings/P2I.integrations.spec.ts,
TC-P2I-057,"2I Integrations, Data & API",P1,The generated key value is shown once and never again,1) Open /settings/api-keys 2) Generate a key and note the value 3) Reload the page 4) Look for the key value,The full key is displayed at generation and is not retrievable afterwards — only a prefix or hash is shown.,,"phase2.entry./settings/api-keys — keyName ""QA Phase 2 key""","Platform, Security","Tier 0 complete (profile, departments, staff, roles, plan)",,,,,P2-Setup,"A key retrievable from the list is a key any settings-permitted user can copy at any time. Show-once is what makes revocation meaningful, because the stored value is a hash rather than the secret.",Boundary,hospital_admin (Hospital A),api_keys where hospital_id = A → the stored value is not the plain key,e2e/phase-02-settings/P2I.integrations.spec.ts,
TC-P2I-058,"2I Integrations, Data & API",P2,A key cannot be generated without a name,1) Open /settings/api-keys 2) Leave Key Name blank 3) Generate,The generation is refused and no api_keys row is written.,,None — deliberately omits the required Key Name,"Platform, Security","Tier 0 complete (profile, departments, staff, roles, plan)",,,,,P2-Setup,"An unnamed key in the list cannot be attributed to a system, so nobody dares revoke it and it lives forever.",Negative,hospital_admin (Hospital A),api_keys where hospital_id = A and (name is null or name = '') → 0 rows,e2e/phase-02-settings/P2I.integrations.spec.ts,
TC-P2I-059,"2I Integrations, Data & API",P1,An API key can be revoked,1) Open /settings/api-keys 2) Revoke a key 3) Reload,"An ""API key revoked"" confirmation appears and the key is marked revoked after the reload.",,"phase2.entry./settings/api-keys — keyName ""QA Phase 2 key""","Platform, Security","Tier 0 complete (profile, departments, staff, roles, plan)",,,,,P2-Setup,"Revocation is the only response to a leaked key. If it does not persist, the compromised key keeps working while the screen says it is revoked.",Positive,hospital_admin (Hospital A),api_keys where hospital_id = A and name = 'QA Phase 2 key' → revoked,e2e/phase-02-settings/P2I.integrations.spec.ts,
TC-P2I-060,"2I Integrations, Data & API",P1,A revoked key no longer authenticates,"1) Open /settings/api-keys, generate a key and confirm it authenticates 2) Revoke it 3) Attempt to use it again",The revoked key is rejected.,,"phase2.entry./settings/api-keys — keyName ""QA Phase 2 key""","Platform, Security","Tier 0 complete (profile, departments, staff, roles, plan)",,,,,P2-Setup,A revocation stored but not enforced is the worst possible security failure: the hospital believes it has responded to a leak and the attacker retains access.,Cross-Module,hospital_admin (Hospital A),api_keys → a revoked key is refused at authentication,e2e/phase-02-settings/P2I.integrations.spec.ts,
TC-P2I-061,"2I Integrations, Data & API",P2,The key value can be copied to the clipboard at generation,1) Open /settings/api-keys 2) Generate a key 3) Use the copy action,"An ""API key copied to clipboard"" confirmation appears.",,"phase2.entry./settings/api-keys — keyName ""QA Phase 2 key""",Platform,"Tier 0 complete (profile, departments, staff, roles, plan)",,,,,P2-Setup,"The key is shown once. Forcing the integrator to transcribe a long secret by hand guarantees a typo, and the key cannot be re-read to check.",Positive,hospital_admin (Hospital A),None — clipboard interaction,e2e/phase-02-settings/P2I.integrations.spec.ts,
TC-P2I-062,"2I Integrations, Data & API",P1,Hospital A's API keys are invisible to Hospital B,1) Sign in as the Hospital B administrator 2) Open /settings/api-keys as Hospital B 3) Query api_keys through the API with no hospital filter,Not one Hospital A key is returned.,,MOCK_DATA_BOOK Hospitals — Hospital A (Aarogya) and Hospital B (Sanjeevani),"Multi-tenancy, Platform, Security",Both QA tenants seeded,,,,,P2-Setup,An API key grants programmatic access to a hospital's patient data. Cross-tenant visibility here is the most direct possible path to a PHI breach under the DPDP Act.,Cross-Module,hospital_admin (Hospital B),api_keys queried as the Hospital B admin → zero rows with hospital_id = A,e2e/phase-02-settings/P2I.integrations.spec.ts,
TC-P2I-063,"2I Integrations, Data & API",P1,A receptionist cannot reach the API Keys screen,1) Log in as receptionist (Hospital A) 2) Navigate directly to /settings/api-keys,"The route is blocked — redirected away, or an explicit access-denied message.",,"MOCK_DATA_BOOK Staff logins — receptionist (Hospital A), Ms. Divya Sharma","Platform, Security",Tier 0 roles configured (Phase 1 §1E),,,,,P2-Setup,Generating an API key creates a credential with programmatic access to patient data that outlives the session and is not tied to a login.,RBAC,receptionist (Hospital A),None — route guard behaviour,e2e/phase-02-settings/P2I.integrations.spec.ts,
TC-P2I-064,"2I Integrations, Data & API",P2,The API Keys screen loads with no red console errors,1) Open DevTools → Console 2) Open /settings/api-keys 3) Generate and revoke a key 4) Read the console,"No red console text, and no key value echoed into a console message.",,"phase2.entry./settings/api-keys — keyName ""QA Phase 2 key""","Platform, Security","Tier 0 complete (profile, departments, staff, roles, plan)",,,,,P2-Setup,A generated key logged to the console defeats show-once entirely — the secret sits in the browser log where any extension can read it.,Positive,hospital_admin (Hospital A),None — console observation,e2e/phase-02-settings/P2I.integrations.spec.ts,
TC-P2I-065,"2I Integrations, Data & API",P2,API Portal screen loads,1) Open /settings/api-portal 2) Read the page,The key management and webhook endpoint sections render. No red console errors.,,phase2.entry./settings/api-portal — endpoint https://qa.example.invalid/webhook,"Platform, Security","Tier 0 complete (profile, departments, staff, roles, plan)",,,,,P2-Setup,The developer portal is how a hospital wires the HMS to its own systems. A broken portal blocks every partner integration the hospital has commissioned.,Positive,hospital_admin (Hospital A),api_keys and webhook_endpoints where hospital_id = A → match what is displayed,e2e/phase-02-settings/P2I.integrations.spec.ts,
TC-P2I-066,"2I Integrations, Data & API",P1,A webhook endpoint saves,1) Open /settings/api-portal 2) Enter Endpoint URL https://qa.example.invalid/webhook and an Event 3) Register,"A ""Webhook endpoint registered"" confirmation appears and a webhook_endpoints row exists.",,phase2.entry./settings/api-portal — endpoint https://qa.example.invalid/webhook,Platform,"Tier 0 complete (profile, departments, staff, roles, plan)",,,,,P2-Setup,A webhook is how the hospital's own systems learn that a bill was finalised or a patient admitted. An endpoint that does not save means those systems silently stop being told.,Positive,hospital_admin (Hospital A),webhook_endpoints where hospital_id = A and url = 'https://qa.example.invalid/webhook' → 1 row,e2e/phase-02-settings/P2I.integrations.spec.ts,
TC-P2I-067,"2I Integrations, Data & API",P1,An insecure http webhook URL is refused,"1) Open /settings/api-portal 2) Enter ""http://qa.example.invalid/webhook"" 3) Register",The save is refused with a message requiring https.,,phase2.invalid.webhookInsecure (http://qa.example.invalid/webhook),"Platform, Security","Tier 0 complete (profile, departments, staff, roles, plan)",,,,,P2-Setup,"A webhook payload carries patient and billing data. Delivered over plain http it is readable by anyone on the path, which is a DPDP Act breach the hospital caused by accepting a typo.",Negative,hospital_admin (Hospital A),webhook_endpoints where hospital_id = A → no row with an http:// URL,e2e/phase-02-settings/P2I.integrations.spec.ts,
TC-P2I-068,"2I Integrations, Data & API",P2,A webhook cannot be registered without a URL,1) Open /settings/api-portal 2) Leave Endpoint URL blank 3) Register,The registration is refused and no row is written.,,None — deliberately omits the required Endpoint URL,Platform,"Tier 0 complete (profile, departments, staff, roles, plan)",,,,,P2-Setup,An endpoint with no URL appears registered and delivers nowhere. The integrator waits for events that were never going to arrive.,Negative,hospital_admin (Hospital A),webhook_endpoints where hospital_id = A and (url is null or url = '') → 0 rows,e2e/phase-02-settings/P2I.integrations.spec.ts,
TC-P2I-069,"2I Integrations, Data & API",P2,API key scopes save,1) Open /settings/api-portal 2) Create a key with a restricted set of Scopes 3) Save 4) Reload,The scopes persist after the reload.,,The Scopes control on SettingsAPIPortalPage,"Platform, Security","Tier 0 complete (profile, departments, staff, roles, plan)",,,,,P2-Setup,"Scopes are what stop a billing integration reading clinical notes. A key whose scopes do not persist defaults to whatever the API grants by default, which is the opposite of least privilege.",Positive,hospital_admin (Hospital A),api_keys where hospital_id = A → the scope set persists,e2e/phase-02-settings/P2I.integrations.spec.ts,
TC-P2I-070,"2I Integrations, Data & API",P1,A newly created portal key is shown once with an explicit warning,1) Open /settings/api-portal 2) Create a key 3) Read the message shown with the key,The message states the key will not be shown again.,,phase2.entry./settings/api-portal — a new API key,"Platform, Security","Tier 0 complete (profile, departments, staff, roles, plan)",,,,,P2-Setup,"Without the warning an integrator closes the dialog assuming they can copy the key later, and the only recovery is to revoke and reissue — which breaks whatever was already wired up.",Boundary,hospital_admin (Hospital A),None — reads the show-once warning,e2e/phase-02-settings/P2I.integrations.spec.ts,
TC-P2I-071,"2I Integrations, Data & API",P1,Hospital A's webhook endpoints are invisible to Hospital B,1) Sign in as the Hospital B administrator 2) Open /settings/api-portal as Hospital B 3) Query webhook_endpoints through the API with no hospital filter,Not one Hospital A endpoint is returned.,,MOCK_DATA_BOOK Hospitals — Hospital A (Aarogya) and Hospital B (Sanjeevani),"Multi-tenancy, Platform, Security",Both QA tenants seeded,,,,,P2-Setup,A webhook URL is where patient and billing events are delivered. One tenant registering an endpoint visible to another could redirect another hospital's clinical event stream.,Cross-Module,hospital_admin (Hospital B),webhook_endpoints queried as the Hospital B admin → zero rows with hospital_id = A,e2e/phase-02-settings/P2I.integrations.spec.ts,
TC-P2I-072,"2I Integrations, Data & API",P2,The API Portal screen loads with no red console errors,1) Open DevTools → Console 2) Open /settings/api-portal 3) Create a key and register a webhook 4) Read the console,"No red console text, and no key value echoed into a console message.",,phase2.entry./settings/api-portal — endpoint https://qa.example.invalid/webhook,"Platform, Security","Tier 0 complete (profile, departments, staff, roles, plan)",,,,,P2-Setup,This screen writes to two tables and displays a secret once. A console-only failure on either write leaves the integrator holding a key that authorises nothing.,Positive,hospital_admin (Hospital A),None — console observation,e2e/phase-02-settings/P2I.integrations.spec.ts,
TC-P2I-073,"2I Integrations, Data & API",P2,Integration Keys hub loads,1) Open /settings/api-hub 2) Read the credential list,"The payment, WhatsApp and government API credential slots render. No red console errors.",,phase2.entry./settings/api-hub — label qa-ai-provider-key,"Payments, CRM, ABDM, HMIS","Tier 0 complete (profile, departments, staff, roles, plan)",,,,,P2-Setup,"This hub is where the credentials for several integrations live in one place. If it will not load, none of them can be rotated when one is compromised.",Positive,hospital_admin (Hospital A),api_configurations where hospital_id = A → matches the list displayed,e2e/phase-02-settings/P2I.integrations.spec.ts,
TC-P2I-074,"2I Integrations, Data & API",P1,An integration credential saves,1) Open /settings/api-hub 2) Enter an API Key and Endpoint URL for a service 3) Save,A confirmation names the service and an api_configurations row exists.,,phase2.entry./settings/api-hub — label qa-ai-provider-key,"Payments, CRM, ABDM","Tier 0 complete (profile, departments, staff, roles, plan)",,,,,P2-Setup,Every external call the product makes authenticates with a credential from this table. A save that does not persist leaves the integration dead with no error visible on the screen that owns it.,Positive,hospital_admin (Hospital A),api_configurations where hospital_id = A → the credential row exists,e2e/phase-02-settings/P2I.integrations.spec.ts,
TC-P2I-075,"2I Integrations, Data & API",P1,Integration secrets are never rendered in plain text,1) Open /settings/api-hub 2) Save a Key Secret 3) Reload 4) Inspect the field and the DOM,The secret renders masked and the plain value is not present in the DOM.,,Literal sandbox key secret,"Payments, Security","Tier 0 complete (profile, departments, staff, roles, plan)",,,,,P2-Setup,This hub holds payment and government credentials together. A single unmasked field here exposes more than any other screen in the product.,Negative,hospital_admin (Hospital A),None — inspects the rendered field type and DOM content,e2e/phase-02-settings/P2I.integrations.spec.ts,
TC-P2I-076,"2I Integrations, Data & API",P2,The credential mode saves,1) Open /settings/api-hub 2) Set the Mode for a credential 3) Save 4) Reload,The mode persists after the reload.,,The Mode control on APIConfigHubPage,"Payments, GST","Tier 0 complete (profile, departments, staff, roles, plan)",,,,,P2-Setup,"Mode decides whether a credential points at sandbox or production. A hospital stuck in sandbox takes payments that never settle, and one accidentally in production issues real tax documents while testing.",Positive,hospital_admin (Hospital A),api_configurations where hospital_id = A → the mode persists,e2e/phase-02-settings/P2I.integrations.spec.ts,
TC-P2I-077,"2I Integrations, Data & API",P2,An existing credential can be edited without clearing the others,1) Open /settings/api-hub 2) Edit one service credential 3) Save 4) Check the other credentials,Only the edited credential changes. The others are untouched.,,phase2.entry./settings/api-hub — label qa-ai-provider-key,"Payments, CRM, ABDM, HMIS","Tier 0 complete (profile, departments, staff, roles, plan)",,,,,P2-Setup,"Several integrations share this table. A save that sends a partial payload would silently null every other credential, taking down payments, WhatsApp and ABDM in one action.",Positive,hospital_admin (Hospital A),api_configurations where hospital_id = A → unrelated credential rows are unchanged,e2e/phase-02-settings/P2I.integrations.spec.ts,
TC-P2I-078,"2I Integrations, Data & API",P2,Integration credentials survive a hard reload,1) Open /settings/api-hub 2) Save a credential 3) Hard-reload 4) Confirm it is still listed,The credential is still present after the reload.,,phase2.entry./settings/api-hub — label qa-ai-provider-key,"Payments, CRM","Tier 0 complete (profile, departments, staff, roles, plan)",,,,,P2-Setup,A false save means the integration is dead and the settings screen says it is configured. The failure then surfaces at the far end of whatever workflow depends on it.,Positive,hospital_admin (Hospital A),api_configurations where hospital_id = A → the credential persists,e2e/phase-02-settings/P2I.integrations.spec.ts,
TC-P2I-079,"2I Integrations, Data & API",P1,Hospital A's integration credentials are invisible to Hospital B,1) Sign in as the Hospital B administrator 2) Open /settings/api-hub as Hospital B 3) Query api_configurations through the API with no hospital filter,Not one Hospital A credential is returned.,,MOCK_DATA_BOOK Hospitals — Hospital A (Aarogya) and Hospital B (Sanjeevani),"Multi-tenancy, Payments, Security",Both QA tenants seeded,,,,,P2-Setup,"This table holds payment gateway keys, WhatsApp keys and government portal credentials together. A cross-tenant leak here compromises money, patient communication and statutory filing at once.",Cross-Module,hospital_admin (Hospital B),api_configurations queried as the Hospital B admin → zero rows with hospital_id = A,e2e/phase-02-settings/P2I.integrations.spec.ts,
TC-P2I-080,"2I Integrations, Data & API",P1,An accountant cannot reach the Integration Keys hub,1) Log in as accountant (Hospital A) 2) Navigate directly to /settings/api-hub,"The route is blocked — redirected away, or an explicit access-denied message.",,"MOCK_DATA_BOOK Staff logins — accountant (Hospital A), Mr. Venkat Rao","Payments, Security",Tier 0 roles configured (Phase 1 §1E),,,,,P2-Setup,The accountant reconciles payments but must not hold the merchant credentials that authorise them. Separating the two is the basic control against redirected settlement.,RBAC,accountant (Hospital A),None — route guard behaviour,e2e/phase-02-settings/P2I.integrations.spec.ts,
TC-P2I-081,"2I Integrations, Data & API",P2,AI Language Packs screen loads,1) Open /settings/ai-languages 2) Read the language list,The supported AI languages render with per-language toggles. No red console errors.,,phase2.entry./settings/ai-languages — language Hindi,"AI Suite, OPD, IPD, TV Display, Patient Portal","Tier 0 complete (profile, departments, staff, roles, plan)",,,,,P2-Setup,SETTINGS_PREREQ_MATRIX warns that without ai_language_settings the AI output defaults to English only. A Voice Scribe that only understands English is unusable for a doctor dictating in Telugu.,Positive,hospital_admin (Hospital A),ai_language_settings where hospital_id = A → matches what is displayed,e2e/phase-02-settings/P2I.data-audit.spec.ts,
TC-P2I-082,"2I Integrations, Data & API",P1,A language pack can be enabled and saves,1) Open /settings/ai-languages 2) Enable Hindi 3) Save 4) Reload,An ai_language_settings row records Hindi as enabled after the reload.,,phase2.entry./settings/ai-languages — language Hindi,"AI Suite, OPD","Tier 0 complete (profile, departments, staff, roles, plan)",,,,,P2-Setup,The enabled set decides which languages Voice Scribe and the discharge summary generator will produce. A toggle that does not persist means the hospital believes it has enabled a language its clinicians cannot actually use.,Positive,hospital_admin (Hospital A),ai_language_settings where hospital_id = A → Hindi enabled,e2e/phase-02-settings/P2I.data-audit.spec.ts,
TC-P2I-083,"2I Integrations, Data & API",P2,A language pack can be disabled again,1) Open /settings/ai-languages 2) Disable a previously enabled language 3) Save 4) Reload,The language reads disabled after the reload.,,phase2.entry./settings/ai-languages — language Hindi,AI Suite,"Tier 0 complete (profile, departments, staff, roles, plan)",,,,,P2-Setup,A language pack the hospital has not validated for its own clinical vocabulary should be switchable off. A one-way toggle forces the hospital to keep an output it does not trust.,Positive,hospital_admin (Hospital A),ai_language_settings where hospital_id = A → the language reads disabled,e2e/phase-02-settings/P2I.data-audit.spec.ts,
TC-P2I-084,"2I Integrations, Data & API",P1,English remains available regardless of the other selections,1) Open /settings/ai-languages 2) Disable every language 3) Save 4) Read the resulting state,English remains available as the fallback.,,MOCK_DATA_BOOK Preferred Patient Languages — English is always included,"AI Suite, OPD","Tier 0 complete (profile, departments, staff, roles, plan)",,,,,P2-Setup,"English is the fallback every other language degrades to. With no language enabled at all, an AI feature would have no output language and would fail with an error the clinician cannot interpret.",Boundary,hospital_admin (Hospital A),ai_language_settings where hospital_id = A → English available even with all others disabled,e2e/phase-02-settings/P2I.data-audit.spec.ts,
TC-P2I-085,"2I Integrations, Data & API",P2,The enabled languages align with the hospital patient languages,1) Open /settings/profile and note the Preferred Patient Languages 2) Open /settings/ai-languages 3) Compare the two lists,"The screen makes the relationship clear, or flags a language the hospital serves that has no AI pack enabled.",,MOCK_DATA_BOOK Hospital A — Telugu among the preferred patient languages,"AI Suite, Patients, Patient Portal","Tier 0 complete (profile, departments, staff, roles, plan)",,,,,P2-Setup,A hospital serving Telugu patients with only English AI enabled produces discharge summaries the patient cannot read. The two settings describe the same population and should not silently diverge.,Cross-Module,hospital_admin (Hospital A),hospitals.patient_languages compared against ai_language_settings,e2e/phase-02-settings/P2I.data-audit.spec.ts,
TC-P2I-086,"2I Integrations, Data & API",P2,AI language settings survive a hard reload,1) Open /settings/ai-languages 2) Enable a language and save 3) Hard-reload 4) Re-read the toggle,The language is still enabled after the reload.,,phase2.entry./settings/ai-languages — language Hindi,AI Suite,"Tier 0 complete (profile, departments, staff, roles, plan)",,,,,P2-Setup,"A false save leaves AI output on English only while the screen shows the language enabled, so nobody investigates why the Telugu discharge summary never appears.",Positive,hospital_admin (Hospital A),ai_language_settings where hospital_id = A → the enabled set persists,e2e/phase-02-settings/P2I.data-audit.spec.ts,
TC-P2I-087,"2I Integrations, Data & API",P1,Hospital A's AI language settings are invisible to Hospital B,1) Sign in as the Hospital B administrator 2) Open /settings/ai-languages as Hospital B 3) Query ai_language_settings through the API with no hospital filter,No Hospital A row is returned.,,MOCK_DATA_BOOK Hospitals — Hospital A (Aarogya) and Hospital B (Sanjeevani),"Multi-tenancy, AI Suite",Both QA tenants seeded,,,,,P2-Setup,A Telangana hospital enables Telugu and a Maharashtra hospital enables Marathi. Crossed settings would generate clinical documents in a language the receiving patient does not read.,Cross-Module,hospital_admin (Hospital B),ai_language_settings queried as the Hospital B admin → zero rows with hospital_id = A,e2e/phase-02-settings/P2I.data-audit.spec.ts,
TC-P2I-088,"2I Integrations, Data & API",P2,A doctor cannot change the hospital AI language packs,1) Log in as doctor (Hospital A) 2) Navigate directly to /settings/ai-languages,"The route is blocked — redirected away, or an explicit access-denied message.",,"MOCK_DATA_BOOK Staff logins — doctor (Hospital A), Dr. Suresh Menon",AI Suite,Tier 0 roles configured (Phase 1 §1E),,,,,P2-Setup,"Enabling a language pack commits the hospital to clinical output in a language it may not have validated. That is a governance decision, not an individual preference.",RBAC,doctor (Hospital A),None — route guard behaviour,e2e/phase-02-settings/P2I.data-audit.spec.ts,
TC-P2I-089,"2I Integrations, Data & API",P2,The enabled-language count is shown,1) Open /settings/ai-languages 2) Read the summary of how many languages are on,The screen states how many packs are enabled.,,phase2.entry./settings/ai-languages — language Hindi,AI Suite,"Tier 0 complete (profile, departments, staff, roles, plan)",,,,,P2-Setup,Each enabled pack has a cost and a validation obligation. An at-a-glance count is how an administrator notices that ten languages are on when the hospital only serves two.,Positive,hospital_admin (Hospital A),None — reads the enabled count,e2e/phase-02-settings/P2I.data-audit.spec.ts,
TC-P2I-090,"2I Integrations, Data & API",P2,The AI Language Packs screen loads with no red console errors,1) Open DevTools → Console 2) Open /settings/ai-languages 3) Toggle a language and save 4) Read the console,No red console text from the ai_language_settings read or write.,,phase2.entry./settings/ai-languages — language Hindi,AI Suite,"Tier 0 complete (profile, departments, staff, roles, plan)",,,,,P2-Setup,A failed write appearing only in the console leaves the hospital believing a language is enabled while every AI output continues in English.,Positive,hospital_admin (Hospital A),None — console observation,e2e/phase-02-settings/P2I.data-audit.spec.ts,
TC-P2I-091,"2I Integrations, Data & API",P2,Backup & Export screen loads,1) Open /settings/backup 2) Read the page,The export actions and the data erasure request form render. No red console errors.,,"phase2.entry./settings/backup — scope ""QA export check""","MRD, Security, DPDP","Tier 0 complete (profile, departments, staff, roles, plan)",,,,,P2-Setup,DPDP Act 2023 gives a data principal the right to erasure and the hospital the obligation to honour it. This screen is where both the export and the erasure request live.,Positive,hospital_admin (Hospital A),data_erasure_requests where hospital_id = A → matches what is displayed,e2e/phase-02-settings/P2I.data-audit.spec.ts,
TC-P2I-092,"2I Integrations, Data & API",P1,An audit log export produces a file,1) Open /settings/backup 2) Export the audit log 3) Observe the result,"An ""Audit log exported"" confirmation appears, or a clear message explains there is no data.",,audit_log — the existing entries for Hospital A,"MRD, Quality, Security","Tier 0 complete (profile, departments, staff, roles, plan)",,,,,P2-Setup,The audit log is the evidence a NABH assessor or a DPDP investigation asks for. An export that fails silently means the hospital cannot produce it when required.,Positive,hospital_admin (Hospital A),audit_log where hospital_id = A → export succeeds or explains the empty state,e2e/phase-02-settings/P2I.data-audit.spec.ts,
TC-P2I-093,"2I Integrations, Data & API",P2,An export with no data explains itself rather than failing silently,1) Open /settings/backup 2) Export a dataset that is empty 3) Read the message,"A message such as ""No audit data to export"" appears. Nothing downloads silently.",,None — exports a dataset with no rows,MRD,"Tier 0 complete (profile, departments, staff, roles, plan)",,,,,P2-Setup,A download that produces nothing looks like a broken button. Saying the dataset is empty tells the administrator the system worked and there was simply nothing to send.,Negative,hospital_admin (Hospital A),None — reads the empty-export message,e2e/phase-02-settings/P2I.data-audit.spec.ts,
TC-P2I-094,"2I Integrations, Data & API",P1,A data erasure request can be submitted,1) Open /settings/backup 2) Submit an erasure request with a reason 3) Read the confirmation,"An ""Erasure request submitted"" confirmation appears and a data_erasure_requests row exists.",,"Literal erasure reason ""QA Phase 2 verification — safe to reject""","MRD, Security, DPDP","Tier 0 complete (profile, departments, staff, roles, plan)",,,,,P2-Setup,Under the DPDP Act a data principal can demand erasure and the hospital must record and act on the request. A request that is not stored means the obligation is missed and the clock keeps running.,Positive,hospital_admin (Hospital A),data_erasure_requests where hospital_id = A → 1 new row with the reason,e2e/phase-02-settings/P2I.data-audit.spec.ts,
TC-P2I-095,"2I Integrations, Data & API",P1,An erasure request is recorded rather than executed immediately,1) Open /settings/backup 2) Submit an erasure request 3) Check whether patient data was deleted,The request is recorded for review. No patient record is deleted at the moment of the request.,,"Literal erasure reason ""QA Phase 2 verification — safe to reject""","MRD, Security, DPDP","Tier 0 complete (profile, departments, staff, roles, plan)",,,,,P2-Setup,"Medical records carry statutory retention periods that override an erasure request — three years, and ten for MLC. Immediate deletion would breach retention law while satisfying a DPDP request, so it has to be a reviewed workflow.",Boundary,hospital_admin (Hospital A),patients where hospital_id = A → row count unchanged immediately after the request,e2e/phase-02-settings/P2I.data-audit.spec.ts,
TC-P2I-096,"2I Integrations, Data & API",P2,A patient data export is available,1) Open /settings/backup 2) Export patient data 3) Observe the result,"The export produces a file, or explains that there is no patient data.",,MOCK_DATA_BOOK Patients — the 40 seeded records,"MRD, DPDP","Tier 0 complete (profile, departments, staff, roles, plan)",,,,,P2-Setup,Data portability is the other half of the DPDP obligation. A hospital that cannot export a patient's own record on request is non-compliant.,Positive,hospital_admin (Hospital A),patients where hospital_id = A → export succeeds or explains the empty state,e2e/phase-02-settings/P2I.data-audit.spec.ts,
TC-P2I-097,"2I Integrations, Data & API",P1,An export never includes another tenant's data,1) Sign in as the Hospital A administrator 2) Open /settings/backup and export patient data 3) Inspect the export for Hospital B records,The export contains only Hospital A records.,,MOCK_DATA_BOOK Patients — PT-QA-0030 Rohan Kulkarni is HOSPITAL B ONLY,"Multi-tenancy, MRD, Security",Both QA tenants seeded,,,,,P2-Setup,"MOCK_DATA_BOOK seeds PT-QA-0030 in Hospital B specifically as the isolation control. An export that includes it is a bulk PHI breach of another hospital's patients, delivered as a downloadable file.",Negative,hospital_admin (Hospital A),the export → contains no patient with hospital_id = B,e2e/phase-02-settings/P2I.data-audit.spec.ts,
TC-P2I-098,"2I Integrations, Data & API",P1,A receptionist cannot reach the Backup & Export screen,1) Log in as receptionist (Hospital A) 2) Navigate directly to /settings/backup,"The route is blocked — redirected away, or an explicit access-denied message.",,"MOCK_DATA_BOOK Staff logins — receptionist (Hospital A), Ms. Divya Sharma","MRD, Security",Tier 0 roles configured (Phase 1 §1E),,,,,P2-Setup,This screen exports the entire patient database to a file. Anyone who can reach it can walk out with the hospital's PHI on a laptop.,RBAC,receptionist (Hospital A),None — route guard behaviour,e2e/phase-02-settings/P2I.data-audit.spec.ts,
TC-P2I-099,"2I Integrations, Data & API",P1,Hospital A's erasure requests are invisible to Hospital B,1) Sign in as the Hospital B administrator 2) Open /settings/backup as Hospital B 3) Query data_erasure_requests through the API with no hospital filter,No Hospital A erasure request is returned.,,MOCK_DATA_BOOK Hospitals — Hospital A (Aarogya) and Hospital B (Sanjeevani),"Multi-tenancy, Security, DPDP",Both QA tenants seeded,,,,,P2-Setup,An erasure request names a patient and states why they want their record removed. It is among the most sensitive rows the product holds.,Cross-Module,hospital_admin (Hospital B),data_erasure_requests queried as the Hospital B admin → zero rows with hospital_id = A,e2e/phase-02-settings/P2I.data-audit.spec.ts,
TC-P2I-100,"2I Integrations, Data & API",P2,The Backup & Export screen loads with no red console errors,1) Open DevTools → Console 2) Open /settings/backup 3) Run an export 4) Read the console,"No red console text, and no patient identifier written into a console message.",,MOCK_DATA_BOOK Patients — the seeded records,"MRD, Security","Tier 0 complete (profile, departments, staff, roles, plan)",,,,,P2-Setup,No PHI must ever appear in console output. A patient name or UHID logged during an export is a disclosure into the browser log.,Positive,hospital_admin (Hospital A),None — console observation,e2e/phase-02-settings/P2I.data-audit.spec.ts,
TC-P2I-101,"2I Integrations, Data & API",P2,Record Retention screen loads,1) Open /settings/record-retention 2) Read the policy list,Retention policies render per record type. No red console errors.,,"MOCK_DATA_BOOK — record_retention_policies default 3 years, 10 for MLC","MRD, Quality, Lab, Radiology, IPD","Tier 0 complete (profile, departments, staff, roles, plan)",,,,,P2-Setup,SETTINGS_PREREQ_MATRIX notes that without record_retention_policies the defaults are 3 years and 10 for MLC. A hospital that never sees this screen inherits retention periods it has not reviewed against its own state law.,Positive,hospital_admin (Hospital A),record_retention_policies where hospital_id = A → matches what is displayed,e2e/phase-02-settings/P2I.data-audit.spec.ts,
TC-P2I-102,"2I Integrations, Data & API",P1,A retention period saves per record type,1) Open /settings/record-retention 2) Set a retention period for a record type 3) Save 4) Reload,A confirmation names the record type and the period persists after the reload.,,"MOCK_DATA_BOOK — record retention defaults, 3 years and 10 for MLC","MRD, Quality","Tier 0 complete (profile, departments, staff, roles, plan)",,,,,P2-Setup,Retention drives when a record may be purged. Too short and the hospital destroys evidence it is legally required to hold; too long and it holds PHI beyond its lawful purpose under the DPDP Act.,Positive,hospital_admin (Hospital A),record_retention_policies where hospital_id = A → the period persists per record type,e2e/phase-02-settings/P2I.data-audit.spec.ts,
TC-P2I-103,"2I Integrations, Data & API",P1,The MLC retention period is longer than the general one,1) Open /settings/record-retention 2) Compare the MLC retention period against the general record period,MLC retention is longer — ten years against three by default.,,"MOCK_DATA_BOOK — 3 years general, 10 years for MLC","MRD, Quality, Emergency","Tier 0 complete (profile, departments, staff, roles, plan)",,,,,P2-Setup,"A medico-legal case record destroyed at three years is evidence lost in a matter that may still be before a court. The longer MLC period is a legal requirement, not a preference.",Boundary,hospital_admin (Hospital A),record_retention_policies where hospital_id = A → MLC period > general period,e2e/phase-02-settings/P2I.data-audit.spec.ts,
TC-P2I-104,"2I Integrations, Data & API",P1,A zero or negative retention period is refused,"1) Open /settings/record-retention 2) Set a retention period of 0, then -1 3) Save each time",Both are refused.,,phase2.invalid.ratePerDayZero (0) and ratePerDayNegative (-100) applied to the retention period,"MRD, Quality, Security","Tier 0 complete (profile, departments, staff, roles, plan)",,,,,P2-Setup,"A zero retention period makes every record immediately purgeable. If a scheduled purge ever ran against it, the hospital would destroy its entire medical record archive in one pass.",Boundary,hospital_admin (Hospital A),record_retention_policies where hospital_id = A → every period > 0,e2e/phase-02-settings/P2I.data-audit.spec.ts,
TC-P2I-105,"2I Integrations, Data & API",P2,The legal basis and notes save against a policy,1) Open /settings/record-retention 2) Enter a Legal basis and Notes 3) Save 4) Reload,Both persist after the reload.,,"SettingsRecordRetentionPage placeholders — Legal basis, Notes","MRD, Quality, Security","Tier 0 complete (profile, departments, staff, roles, plan)",,,,,P2-Setup,DPDP requires a documented purpose and lawful basis for holding personal data. The legal basis field is where the hospital records why it keeps each record type for as long as it does.,Positive,hospital_admin (Hospital A),record_retention_policies where hospital_id = A → legal basis and notes persist,e2e/phase-02-settings/P2I.data-audit.spec.ts,
TC-P2I-106,"2I Integrations, Data & API",P2,A retention scan reports its outcome,1) Open /settings/record-retention 2) Run the retention scan 3) Read the result,"A ""Retention scan complete"" confirmation appears with what it found.",,MOCK_DATA_BOOK — the seeded records under the default retention periods,"MRD, Quality","Tier 0 complete (profile, departments, staff, roles, plan)",,,,,P2-Setup,The scan is how the hospital learns which records are now beyond retention. A scan with no reported outcome cannot support the purge decision it exists to inform.,Positive,hospital_admin (Hospital A),None — reads the retention scan outcome,e2e/phase-02-settings/P2I.data-audit.spec.ts,
TC-P2I-107,"2I Integrations, Data & API",P1,Hospital A's retention policies are invisible to Hospital B,1) Sign in as the Hospital B administrator 2) Open /settings/record-retention as Hospital B 3) Query record_retention_policies through the API with no hospital filter,Not one Hospital A policy is returned.,,MOCK_DATA_BOOK Hospitals — Hospital A (Aarogya) and Hospital B (Sanjeevani),"Multi-tenancy, MRD, Quality",Both QA tenants seeded,,,,,P2-Setup,Retention periods differ by state law — Telangana and Maharashtra are not identical. One hospital inheriting another's policy could purge records it was legally required to keep.,Cross-Module,hospital_admin (Hospital B),record_retention_policies queried as the Hospital B admin → zero rows with hospital_id = A,e2e/phase-02-settings/P2I.data-audit.spec.ts,
TC-P2I-108,"2I Integrations, Data & API",P1,An MRD officer cannot shorten a retention period unilaterally,1) Log in as mrd_officer (Hospital A) 2) Navigate directly to /settings/record-retention 3) Attempt to shorten a period,"The route is blocked, or the change is refused and logged.",,"MOCK_DATA_BOOK Staff logins — mrd_officer (Hospital A), Mr. Sanjay Deshmukh","MRD, Quality, Security",Tier 0 roles configured (Phase 1 §1E),,,,,P2-Setup,"Shortening retention makes records purgeable earlier than the law allows. Whoever does it is making a legal determination on the hospital's behalf, so it needs authority and an audit trail.",RBAC,mrd_officer (Hospital A),None — route guard behaviour,e2e/phase-02-settings/P2I.data-audit.spec.ts,
TC-P2I-109,"2I Integrations, Data & API",P2,Config Change Log screen loads,1) Open /settings/change-log 2) Read the log,"The change log renders with From, To, Config Area and Changed By filters. No red console errors.",,phase2.entry./settings/change-log — search Nephrology,"Audit, Quality, Security, RBAC","Tier 0 complete (profile, departments, staff, roles, plan)",,,,,P2-Setup,"Controlled change management is a NABH expectation. Without a readable change log the hospital cannot answer who altered a clinical threshold or a permission, or when.",Positive,hospital_admin (Hospital A),config_change_logs where hospital_id = A → matches the entries displayed,e2e/phase-02-settings/P2I.data-audit.spec.ts,
TC-P2I-110,"2I Integrations, Data & API",P1,A settings change appears in the change log,1) Change a role permission under /settings/roles 2) Open /settings/change-log 3) Look for the entry,"The change is listed with its config area, the old and new values and who made it.",,role_permissions — a permission change made during Phase 2,"Audit, RBAC, Quality","Tier 0 complete (profile, departments, staff, roles, plan)",,,,,P2-Setup,"A log that does not receive entries is worse than no log, because the hospital believes it has an audit trail. Nobody discovers the gap until an incident review needs it.",Cross-Module,hospital_admin (Hospital A),config_change_logs where hospital_id = A and config_area = 'role_permissions' → the entry exists,e2e/phase-02-settings/P2I.data-audit.spec.ts,
TC-P2I-111,"2I Integrations, Data & API",P2,The change log records who made the change,1) Make a settings change as hospital_admin 2) Open /settings/change-log 3) Read the Changed By column,The entry names the user who made the change.,,"MOCK_DATA_BOOK Staff logins — hospital_admin (Hospital A), Dr. Ravi Shankar","Audit, Security","Tier 0 complete (profile, departments, staff, roles, plan)",,,,,P2-Setup,Attribution is the whole point of a change log. An entry with no user answers what changed but not who is accountable for it.,Positive,hospital_admin (Hospital A),config_change_logs where hospital_id = A → the changed_by user is recorded,e2e/phase-02-settings/P2I.data-audit.spec.ts,
TC-P2I-112,"2I Integrations, Data & API",P2,The date range filter works,1) Open /settings/change-log 2) Set a From and To date that exclude recent entries 3) Read the results,Only entries within the range are listed.,,The From and To date filters on ConfigChangeLogPage,"Audit, Quality","Tier 0 complete (profile, departments, staff, roles, plan)",,,,,P2-Setup,An incident review asks what changed in a specific window. Without a working date filter the reviewer scrolls the whole log and misses the entry that matters.,Positive,hospital_admin (Hospital A),None — client-side filter,e2e/phase-02-settings/P2I.data-audit.spec.ts,
TC-P2I-113,"2I Integrations, Data & API",P2,The config area filter works,1) Open /settings/change-log 2) Filter by a Config Area 3) Read the results,Only entries for that area are listed.,,config_change_logs — the role_permissions config area,"Audit, RBAC","Tier 0 complete (profile, departments, staff, roles, plan)",,,,,P2-Setup,An auditor investigating a permission escalation wants only role_permissions entries. Mixing every configuration change into one list makes the relevant ones impossible to find.,Positive,hospital_admin (Hospital A),None — client-side filter,e2e/phase-02-settings/P2I.data-audit.spec.ts,
TC-P2I-114,"2I Integrations, Data & API",P2,The change log can be exported,1) Open /settings/change-log 2) Export the log 3) Read the confirmation,"An ""Exported"" confirmation appears, or a clear message explains why not.",,config_change_logs — the entries for Hospital A,"Audit, Quality","Tier 0 complete (profile, departments, staff, roles, plan)",,,,,P2-Setup,A NABH assessor asks for the change log as evidence. An export that fails silently means the hospital cannot produce it during the assessment window.,Positive,hospital_admin (Hospital A),None — export interaction,e2e/phase-02-settings/P2I.data-audit.spec.ts,
TC-P2I-115,"2I Integrations, Data & API",P1,The change log is read-only,1) Open /settings/change-log 2) Look for any control that edits or deletes an entry,No edit or delete control exists. The log can be filtered and exported only.,,None — asserts the absence of any mutation control,"Audit, Security, Quality","Tier 0 complete (profile, departments, staff, roles, plan)",,,,,P2-Setup,"An editable audit trail is not an audit trail. If entries can be removed, the log proves nothing and the first thing anyone acting improperly would do is delete their own entry.",Negative,hospital_admin (Hospital A),config_change_logs → no UI path exists to modify or delete an entry,e2e/phase-02-settings/P2I.data-audit.spec.ts,
TC-P2I-116,"2I Integrations, Data & API",P1,Hospital A's change log is invisible to Hospital B,1) Sign in as the Hospital B administrator 2) Open /settings/change-log as Hospital B 3) Query config_change_logs through the API with no hospital filter,Not one Hospital A entry is returned.,,MOCK_DATA_BOOK Hospitals — Hospital A (Aarogya) and Hospital B (Sanjeevani),"Multi-tenancy, Audit, Security",Both QA tenants seeded,,,,,P2-Setup,The change log names staff and describes how a hospital configures its controls. Cross-tenant visibility would expose one hospital's internal governance and its people to another.,Cross-Module,hospital_admin (Hospital B),config_change_logs queried as the Hospital B admin → zero rows with hospital_id = A,e2e/phase-02-settings/P2I.data-audit.spec.ts,
TC-P2J-001,2J Downstream verification,P1,"Consultation service rows exist, so OPD never bills the hardcoded ₹500",1) Open /settings/services 2) Confirm consultation rows exist with their fees 3) Open /opd and create a consultation for each seeded doctor 4) Read each charge,Every consultation bills its configured fee. No charge lands on ₹500 unless ₹500 is the configured fee for that doctor.,,"MOCK_DATA_BOOK Doctors — Dr. Menon ₹500, Dr. Rao ₹700, Dr. Nair ₹800","OPD, Billing","ALL of Phase 2 configured — this section runs last, with the tenant complete",,,,,P2-Setup,"This is the headline silent failure in SETTINGS_PREREQ_MATRIX: with no consultation row the app bills a hardcoded ₹500 with no warning. Dr. Rao at ₹700 and Dr. Nair at ₹800 are what make the fallback detectable — if either bills ₹500, the fee lookup missed.",Cross-Module,hospital_admin (Hospital A),service_master where hospital_id = A and category = consultation → one row per doctor with its own fee,e2e/phase-02-settings/P2J.downstream.spec.ts,
TC-P2J-002,2J Downstream verification,P1,"Drug routes are configured, so the prescription route dropdown is not empty",1) Open /settings/config-values?cat=drug_routes 2) Confirm the nine routes exist 3) Open /opd and open the Rx tab 4) Open the Route dropdown,The route dropdown offers the configured routes. It is never empty.,,"MOCK_DATA_BOOK Config values — Oral, IV, IM, SC, Topical, Inhalation, Rectal, Sublingual, Ophthalmic","OPD, IPD, Pharmacy","ALL of Phase 2 configured — this section runs last, with the tenant complete",,,,,P2-Setup,"SETTINGS_PREREQ_MATRIX calls an empty route dropdown the single most common false ""OPD is broken"" report. It renders empty with no error, so the doctor concludes the module is faulty rather than unconfigured.",Cross-Module,hospital_admin (Hospital A),hospital_config_values where hospital_id = A and category = 'drug_routes' → 9 rows,e2e/phase-02-settings/P2J.downstream.spec.ts,
TC-P2J-003,2J Downstream verification,P1,"Drug frequencies are configured, so the frequency dropdown is not empty",1) Open /settings/config-values?cat=drug_frequencies 2) Confirm the nine frequencies exist 3) Open /opd and open the Rx tab 4) Open the Frequency dropdown,"The frequency dropdown offers OD, BD, TDS, QID, HS, SOS, STAT, Q6H and Q8H.",,"MOCK_DATA_BOOK Config values — OD, BD, TDS, QID, HS, SOS, STAT, Q6H, Q8H","OPD, IPD, Pharmacy","ALL of Phase 2 configured — this section runs last, with the tenant complete",,,,,P2-Setup,"Frequency is half of a dosing instruction. An empty dropdown means the prescription reaches the ward without it, which is an incomplete medication order and a NABH medication-safety finding.",Cross-Module,hospital_admin (Hospital A),hospital_config_values where hospital_id = A and category = 'drug_frequencies' → 9 rows,e2e/phase-02-settings/P2J.downstream.spec.ts,
TC-P2J-004,2J Downstream verification,P1,"Drug master rows exist, so drug search returns results","1) Open /settings/drugs 2) Confirm the twenty seeded drugs exist 3) Open /opd, open the Rx tab and search for ""Dolo""",The search returns Dolo 650. Drug search never returns nothing for a stocked drug.,,MOCK_DATA_BOOK Drug master — the twenty seeded rows,"OPD, Pharmacy, IPD","ALL of Phase 2 configured — this section runs last, with the tenant complete",,,,,P2-Setup,"With no drug_master rows, drug search returns nothing. A doctor who cannot find a drug writes it as free text, and free text cannot be interaction-checked or dispensed against stock.",Cross-Module,hospital_admin (Hospital A),drug_master where hospital_id = A → 20 rows,e2e/phase-02-settings/P2J.downstream.spec.ts,
TC-P2J-005,2J Downstream verification,P1,"Lab test master rows exist, so the Rx lab chips are not empty",1) Open /settings/lab-tests 2) Confirm the fifteen seeded tests exist 3) Open /opd and open the Rx tab 4) Read the lab chips,Lab chips render with the configured tests.,,MOCK_DATA_BOOK Lab test master — the fifteen seeded rows,"OPD, Lab","ALL of Phase 2 configured — this section runs last, with the tenant complete",,,,,P2-Setup,"SETTINGS_PREREQ_MATRIX says the lab chips render EMPTY without these rows. The doctor then types the test name, and the exact-name match silently drops anything not in the catalogue.",Cross-Module,hospital_admin (Hospital A),lab_test_master where hospital_id = A → 15 rows,e2e/phase-02-settings/P2J.downstream.spec.ts,
TC-P2J-006,2J Downstream verification,P1,"Radiology study rows exist, so the Rx radiology chips are not empty",1) Open /settings/radiology 2) Confirm the seven seeded studies exist 3) Open /opd and open the Rx tab 4) Read the radiology chips,Radiology chips render with the configured studies.,,MOCK_DATA_BOOK Radiology — the seven seeded studies,"OPD, Radiology","ALL of Phase 2 configured — this section runs last, with the tenant complete",,,,,P2-Setup,"Empty radiology chips mean the doctor writes the study as free text, and free text never reaches the radiology worklist — the scan is simply never performed.",Cross-Module,hospital_admin (Hospital A),radiology_study_master where hospital_id = A → 7 rows,e2e/phase-02-settings/P2J.downstream.spec.ts,
TC-P2J-007,2J Downstream verification,P2,"OPD workflow config exists, so tokens do not silently use defaults",1) Open /settings/opd-workflow 2) Confirm the token prefix and starting number are set 3) Open /opd and create a token 4) Read the token number,"The token uses the configured prefix and series, not an unconfigured default.",,phase2.entry./settings/opd-workflow — tokenPrefix OPD,"OPD, TV Display","ALL of Phase 2 configured — this section runs last, with the tenant complete",,,,,P2-Setup,"SETTINGS_PREREQ_MATRIX notes the defaults simply apply when unconfigured. The hospital never chose them, and the token series will not match its paper register.",Cross-Module,hospital_admin (Hospital A),hospital_settings where hospital_id = A → the OPD config key exists,e2e/phase-02-settings/P2J.downstream.spec.ts,
TC-P2J-008,2J Downstream verification,P1,"Doctor schedules and slots exist, so appointments are bookable",1) Open /settings/doctor-schedules 2) Confirm a schedule exists for a doctor 3) Open the appointment booking screen 4) Look for bookable slots,Bookable slots appear for the configured session windows.,,MOCK_DATA_BOOK Phase 2 additions — the OPD schedule for Dr. Rakesh Iyer,"OPD, Telemedicine","ALL of Phase 2 configured — this section runs last, with the tenant complete",,,,,P2-Setup,"SETTINGS_PREREQ_MATRIX names both doctor_schedules and doctor_slots. Without them no appointment slot is bookable and the booking screen shows nothing, which reads as a broken module.",Cross-Module,hospital_admin (Hospital A),doctor_schedules and doctor_slots where hospital_id = A → rows exist,e2e/phase-02-settings/P2J.downstream.spec.ts,
TC-P2J-009,2J Downstream verification,P1,"Every lab test carries a fee, so no order is raised at ₹0",1) Open /settings/lab-tests 2) Read the fee on every seeded test 3) Order one and read the charge,"No lab test has a null or zero fee, and the order bills the configured amount.",,"MOCK_DATA_BOOK Lab test master — fees from ₹80 to ₹1,200","Lab, Billing","ALL of Phase 2 configured — this section runs last, with the tenant complete",,,,,P2-Setup,"SETTINGS_PREREQ_MATRIX says an order is created at ₹0 without a fee. The lab consumes reagent and staff time and bills nothing, and it shows only in the monthly revenue variance.",Cross-Module,hospital_admin (Hospital A),lab_test_master where hospital_id = A → fee > 0 on every row,e2e/phase-02-settings/P2J.downstream.spec.ts,
TC-P2J-010,2J Downstream verification,P1,"Every lab test carries a normal range, so abnormal results are flagged",1) Open /settings/lab-tests 2) Read the normal range on each numeric test 3) Enter an out-of-range result 4) Observe the abnormal flag,"Numeric tests carry a range, and an out-of-range result is flagged abnormal.",,"MOCK_DATA_BOOK Lab test master — Haemoglobin 13.0–17.0, Potassium 3.5–5.1","Lab, IPD, OPD","ALL of Phase 2 configured — this section runs last, with the tenant complete",,,,,P2-Setup,No normal range means no abnormal flag and NO CRITICAL ALERT. A dangerously abnormal result is reported as an unremarkable number and nobody is paged.,Cross-Module,hospital_admin (Hospital A),lab_test_master where hospital_id = A → every numeric test has normal_min and normal_max,e2e/phase-02-settings/P2J.downstream.spec.ts,
TC-P2J-011,2J Downstream verification,P1,The critical potassium value fires an alert,1) Confirm Serum Potassium is configured 3.5–5.1 under /settings/lab-tests 2) Open /lab and enter a result of 7.2 3) Observe the alert,A critical alert fires immediately.,,MOCK_DATA_BOOK Values used across many tests — critical potassium 7.2 mEq/L,"Lab, IPD, Nursing, Emergency","ALL of Phase 2 configured — this section runs last, with the tenant complete",,,,,P2-Setup,MOCK_DATA_BOOK names Serum Potassium as THE critical-value test and scenario P5-S07 enters 7.2. Potassium at that level causes fatal arrhythmia — this is the single most consequential alert in the product.,Cross-Module,hospital_admin (Hospital A),lab_test_master where hospital_id = A and code = 'K' → normal 3.5–5.1 and a 7.2 result alerts,e2e/phase-02-settings/P2J.downstream.spec.ts,
TC-P2J-012,2J Downstream verification,P1,"The lab test group bills its package rate, not the sum of its members","1) Confirm Fever Panel is ₹1,100 under /settings/lab-tests while its members sum to ₹1,300 2) Order the Fever Panel from /opd 3) Read the charge","The order bills ₹1,100.",,"MOCK_DATA_BOOK Lab test group — Fever Panel ₹1,100, members sum ₹1,300","Lab, Billing","ALL of Phase 2 configured — this section runs last, with the tenant complete",,,,,P2-Setup,"Without the group fee, panel orders bill as the sum of individual tests. The ₹200 gap exists precisely so the wrong behaviour is detectable, and a patient charged the sum is over-billed on a package the hospital advertised.",Cross-Module,hospital_admin (Hospital A),lab_test_groups where hospital_id = A and name = 'Fever Panel' → fee = 1100,e2e/phase-02-settings/P2J.downstream.spec.ts,
TC-P2J-013,2J Downstream verification,P2,"Sample types are set, so specimens can be grouped for collection",1) Open /settings/lab-tests 2) Confirm every test carries a sample type 3) Order several tests for one patient 4) Read the collection worklist,"Tests sharing a sample type are grouped into one collection, not one tube per test.",,"MOCK_DATA_BOOK Lab test master — EDTA Blood, Fluoride, Serum, Urine, Culture Bottle","Lab, Nursing","ALL of Phase 2 configured — this section runs last, with the tenant complete",,,,,P2-Setup,"SETTINGS_PREREQ_MATRIX warns that sample rows cannot be grouped for collection without matching sample types. The phlebotomist then draws a separate tube per test, which is more needles for the patient.",Cross-Module,hospital_admin (Hospital A),lab_test_master where hospital_id = A → sample_type set on every row,e2e/phase-02-settings/P2J.downstream.spec.ts,
TC-P2J-014,2J Downstream verification,P1,"Radiology modalities exist, so the module does not show ""No studies configured""",1) Open /settings/radiology 2) Confirm the four modalities exist 3) Open /radiology 4) Read the screen,"The radiology module lists studies. It does not show ""No studies configured. Go to Settings → Radiology Modalities"".",,"MOCK_DATA_BOOK Radiology — X-Ray, Ultrasound, CT Scan, MRI",Radiology,"ALL of Phase 2 configured — this section runs last, with the tenant complete",,,,,P2-Setup,"SETTINGS_PREREQ_MATRIX says modalities must be created FIRST. That error message is the only clue a radiographer gets, and it appears on the module rather than on the settings screen that caused it.",Cross-Module,hospital_admin (Hospital A),radiology_modalities where hospital_id = A → 4 rows,e2e/phase-02-settings/P2J.downstream.spec.ts,
TC-P2J-015,2J Downstream verification,P1,Every radiology study carries a fee and a modality,1) Open /settings/radiology 2) Read the fee and modality on each study 3) Order one and read the charge,"No study has a null fee or a null modality, and the order bills correctly.",,"MOCK_DATA_BOOK Radiology — fees from ₹400 to ₹8,500","Radiology, Billing","ALL of Phase 2 configured — this section runs last, with the tenant complete",,,,,P2-Setup,"An unpriced study orders at ₹0. On an MRI at ₹8,500 that is a substantial silent loss on every scan, and a study with no modality cannot be routed to a machine.",Cross-Module,hospital_admin (Hospital A),radiology_study_master where hospital_id = A → fee > 0 and modality_id not null on every row,e2e/phase-02-settings/P2J.downstream.spec.ts,
TC-P2J-016,2J Downstream verification,P1,"PCPNDT settings exist, so Form F generates for obstetric scans",1) Open /settings/radiology 2) Confirm the PCPNDT machine and doctor registration are set 3) Order USG Obstetric (Level II) for the pregnant patient 4) Check Form F,Form F is generated carrying the machine and doctor registration numbers.,,"MOCK_DATA_BOOK Patients — PT-QA-0012 Deepa Nair, 22 weeks pregnant; Radiology — USG Obstetric (Level II)","Radiology, PCPNDT, Quality","ALL of Phase 2 configured — this section runs last, with the tenant complete",,,,,P2-Setup,"SETTINGS_PREREQ_MATRIX flags this in red: Form F may not generate correctly without pcpndt_settings. Form F is a legal requirement for every obstetric ultrasound, and failure carries criminal liability and licence suspension.",Cross-Module,hospital_admin (Hospital A),pcpndt_settings where hospital_id = A → machine and doctor registration recorded,e2e/phase-02-settings/P2J.downstream.spec.ts,
TC-P2J-017,2J Downstream verification,P2,"PACS configuration exists, so DICOM features are not inert",1) Open /settings/radiology 2) Confirm the PACS viewer and WADO URLs are set 3) Open a radiology study 4) Look for the image viewer,The image viewer is available on the study.,,IntegrationsHubPage — the PACS viewer and WADO URLs,"Radiology, PACS","ALL of Phase 2 configured — this section runs last, with the tenant complete",,,,,P2-Setup,SETTINGS_PREREQ_MATRIX says DICOM and PACS features are inert without hospital_pacs_config. The radiologist opens a study and has a report screen with no images attached to it.,Cross-Module,hospital_admin (Hospital A),hospital_pacs_config where hospital_id = A → viewer and WADO URLs recorded,e2e/phase-02-settings/P2J.downstream.spec.ts,
TC-P2J-018,2J Downstream verification,P1,"Drug batches exist, so dispensing is possible and stock decrements",1) Open /settings/drugs and confirm batches exist for the seeded drugs 2) Open /pharmacy and dispense one 3) Check the batch quantity before and after,The dispense succeeds and quantity_available decrements by the quantity dispensed.,,MOCK_DATA_BOOK Drug batches — QA-DOLO-A quantity 500,"Pharmacy, IPD, Inventory","ALL of Phase 2 configured — this section runs last, with the tenant complete",,,,,P2-Setup,SETTINGS_PREREQ_MATRIX is explicit: no dispensing is possible and no stock decrement happens without a batch. A drug with no batch is invisible to the dispenser even though the formulary lists it.,Cross-Module,hospital_admin (Hospital A),drug_batches where hospital_id = A → rows exist with quantity_available > 0,e2e/phase-02-settings/P2J.downstream.spec.ts,
TC-P2J-019,2J Downstream verification,P1,FEFO batch selection picks the earliest expiry first,1) Open /settings/drugs and confirm Dolo 650 has batch QA-DOLO-A expiring 31/12/2027 and QA-DOLO-B expiring 31/03/2027 2) Dispense Dolo 650 3) Read which batch was consumed,Batch QA-DOLO-B is picked first — the earlier expiry.,,"MOCK_DATA_BOOK Drug batches — QA-DOLO-B is the FEFO test, must be picked before QA-DOLO-A","Pharmacy, Inventory","ALL of Phase 2 configured — this section runs last, with the tenant complete",,,,,P2-Setup,"MOCK_DATA_BOOK seeds the two Dolo batches specifically for this. Picking the later expiry first means the earlier batch expires on the shelf and is written off — a direct, recurring loss.",Cross-Module,hospital_admin (Hospital A),drug_batches → QA-DOLO-B is consumed before QA-DOLO-A,e2e/phase-02-settings/P2J.downstream.spec.ts,
TC-P2J-020,2J Downstream verification,P1,An expired batch is refused at dispensing,1) Open /settings/drugs and confirm Mox 500 has batch QA-MOX-EXP expiring 31/01/2026 2) Attempt to dispense from it 3) Observe the refusal,The expired batch is excluded and cannot be dispensed.,,"MOCK_DATA_BOOK Drug batches — QA-MOX-EXP, expired, must be refused","Pharmacy, Quality","ALL of Phase 2 configured — this section runs last, with the tenant complete",,,,,P2-Setup,Dispensing an expired drug is a patient-safety failure and a drug-inspector finding. MOCK_DATA_BOOK seeds this batch deliberately so the exclusion is provable rather than assumed.,Cross-Module,hospital_admin (Hospital A),drug_batches where batch = 'QA-MOX-EXP' → excluded from dispensing,e2e/phase-02-settings/P2J.downstream.spec.ts,
TC-P2J-021,2J Downstream verification,P1,A quarantined batch is excluded from dispensing,1) Open /settings/drugs and confirm Zifi 200 has batch QA-ZIFI-Q in quarantined status 2) Attempt to dispense from it 3) Observe the refusal,The quarantined batch is excluded.,,"MOCK_DATA_BOOK Drug batches — QA-ZIFI-Q, quarantined, must be excluded","Pharmacy, Quality","ALL of Phase 2 configured — this section runs last, with the tenant complete",,,,,P2-Setup,"A batch is quarantined because something is wrong with it — a recall, a temperature excursion, a damaged consignment. Dispensing from it defeats the entire purpose of the quarantine.",Cross-Module,hospital_admin (Hospital A),drug_batches where batch = 'QA-ZIFI-Q' → excluded from dispensing,e2e/phase-02-settings/P2J.downstream.spec.ts,
TC-P2J-022,2J Downstream verification,P2,"Store locations exist, so stock transfers are possible",1) Open /settings/inventory 2) Confirm store locations exist 3) Attempt a stock transfer between stores,A transfer destination is offered and the transfer can be raised.,,MOCK_DATA_BOOK Phase 2 additions — Nephrology Sub-Store,"Pharmacy, Inventory, Nursing","ALL of Phase 2 configured — this section runs last, with the tenant complete",,,,,P2-Setup,SETTINGS_PREREQ_MATRIX warns there are no store transfers without store_locations. Ward stock cannot be issued from the central store and every indent goes on paper.,Cross-Module,hospital_admin (Hospital A),store_locations where hospital_id = A → rows exist,e2e/phase-02-settings/P2J.downstream.spec.ts,
TC-P2J-023,2J Downstream verification,P1,"Every ward carries a rate_per_day, so no room charge falls back to ₹500",1) Open /settings/wards 2) Read rate_per_day on all six seeded wards 3) Admit a patient to each and read the room charge,Every ward has a rate and each admission bills that rate. No admission bills ₹500 unless ₹500 is the ward rate.,,"MOCK_DATA_BOOK Wards — ₹1,500 to ₹12,000 per day across six wards","IPD, Billing","ALL of Phase 2 configured — this section runs last, with the tenant complete",,,,,P2-Setup,"Room-charge precedence is wards.rate_per_day → service_rates → service_master → ₹500. A ward without a rate silently under-bills every night of every stay, and nobody notices until month-end reconciliation.",Cross-Module,hospital_admin (Hospital A),wards where hospital_id = A → rate_per_day is not null on all 6 rows,e2e/phase-02-settings/P2J.downstream.spec.ts,
TC-P2J-024,2J Downstream verification,P1,"Beds are linked to wards, so the Admit modal is not empty",1) Open /settings/wards 2) Confirm each ward has its beds 3) Open the IPD Admit modal 4) Read the bed picker,Beds are offered for each ward. The Admit modal never shows an empty bed list.,,MOCK_DATA_BOOK Wards & beds — 32 beds across six wards,"IPD, Nursing","ALL of Phase 2 configured — this section runs last, with the tenant complete",,,,,P2-Setup,SETTINGS_PREREQ_MATRIX says the Admit modal shows NO BEDS without them — admission is simply impossible. The ward clerk sees an empty picker and concludes the system is down.,Cross-Module,hospital_admin (Hospital A),beds where hospital_id = A → every ward has at least one bed,e2e/phase-02-settings/P2J.downstream.spec.ts,
TC-P2J-025,2J Downstream verification,P1,"Payer masters exist, so insurance can be selected at admission",1) Open /settings/payer-masters 2) Confirm the eight payers exist 3) Open the IPD Admit modal 4) Open the payer picker,All configured payers are offered at admission.,,MOCK_DATA_BOOK Payers & TPAs — the eight seeded rows,"IPD, Insurance, Billing","ALL of Phase 2 configured — this section runs last, with the tenant complete",,,,,P2-Setup,SETTINGS_PREREQ_MATRIX says there is no insurance selection at admission without payer_masters. Every insured patient is admitted as cash and the claim window closes before anyone notices.,Cross-Module,hospital_admin (Hospital A),payer_masters where hospital_id = A → 8 rows offered at admission,e2e/phase-02-settings/P2J.downstream.spec.ts,
TC-P2J-026,2J Downstream verification,P1,"Each doctor carries an IPD consultation fee, so ward visits are charged",1) Open /settings/staff 2) Confirm each doctor has an IPD Consultation Fee 3) Record a ward visit 4) Read the charge,The ward visit bills the doctor's configured IPD fee.,,"MOCK_DATA_BOOK Doctors — IPD visit ₹400, ₹500 and ₹600","IPD, Billing","ALL of Phase 2 configured — this section runs last, with the tenant complete",,,,,P2-Setup,"SETTINGS_PREREQ_MATRIX warns that doctor visit charges default or vanish entirely without ipd_consultation_fee. A ward round that generates no charge is pure revenue leakage, repeated daily for every inpatient.",Cross-Module,hospital_admin (Hospital A),service_master where hospital_id = A → ipd_consultation_fee set for every doctor,e2e/phase-02-settings/P2J.downstream.spec.ts,
TC-P2J-027,2J Downstream verification,P2,"The discharge workflow is configured, so the default clearance list is not silently used",1) Open /settings/discharge-workflow 2) Confirm the clearance steps are set 3) Open an IPD discharge 4) Read the clearance list,"The configured steps are presented, not an unconfigured default.",,"phase2.entry./settings/discharge-workflow — ""Pharmacy returns reconciled""","IPD, Pharmacy, Billing","ALL of Phase 2 configured — this section runs last, with the tenant complete",,,,,P2-Setup,SETTINGS_PREREQ_MATRIX notes the default clearance list applies when unconfigured. The hospital believes its own steps are in force and patients are discharged without checks it thought it required.,Cross-Module,hospital_admin (Hospital A),hospitals where id = A → discharge_workflow is configured,e2e/phase-02-settings/P2J.downstream.spec.ts,
TC-P2J-028,2J Downstream verification,P2,"Day care procedures exist, so the day-care picker is not empty",1) Open /settings/day-care-procedures 2) Confirm procedures exist 3) Open the day care module 4) Open the procedure picker,The configured procedures are offered.,,"MOCK_DATA_BOOK Phase 2 additions — Haemodialysis Session (Day Care) ₹2,200","Day Care, Billing","ALL of Phase 2 configured — this section runs last, with the tenant complete",,,,,P2-Setup,"SETTINGS_PREREQ_MATRIX says the day care procedure picker is empty without them. A same-day case cannot be booked against anything billable, so the hospital performs the procedure and charges nothing.",Cross-Module,hospital_admin (Hospital A),day_care_procedures where hospital_id = A → rows exist,e2e/phase-02-settings/P2J.downstream.spec.ts,
TC-P2J-029,2J Downstream verification,P2,"Health packages exist, so the estimate step is not empty",1) Open /settings/services 2) Confirm the Master Health Checkup package exists 3) Open the admission estimate step 4) Read the package list,The configured package is offered on the estimate.,,"MOCK_DATA_BOOK Health package — Master Health Checkup ₹3,500","IPD, Billing, Health Packages","ALL of Phase 2 configured — this section runs last, with the tenant complete",,,,,P2-Setup,"SETTINGS_PREREQ_MATRIX says the estimate step is empty without health_packages. A patient asking what a package costs gets no answer, which is exactly the moment they decide whether to proceed.",Cross-Module,hospital_admin (Hospital A),health_packages where hospital_id = A → rows exist,e2e/phase-02-settings/P2J.downstream.spec.ts,
TC-P2J-030,2J Downstream verification,P1,"The hospital GSTIN is set, so invoices carry GST",1) Open /settings/profile 2) Confirm the GSTIN is set 3) Raise a bill with a taxable line 4) Read the GST on the invoice,The invoice shows GST calculated against the hospital GSTIN.,,MOCK_DATA_BOOK Hospital A — GSTIN 36AABCA1234F1Z5,"Billing, GST, Accounts","ALL of Phase 2 configured — this section runs last, with the tenant complete",,,,,P2-Setup,SETTINGS_PREREQ_MATRIX says there is no GST on invoices without a GSTIN. The hospital under-collects tax it is liable for and carries the shortfall at the next filing.,Cross-Module,hospital_admin (Hospital A),hospitals where id = A → gstin is not null,e2e/phase-02-settings/P2J.downstream.spec.ts,
TC-P2J-031,2J Downstream verification,P1,"Every billable service carries an HSN, so bill finalisation is not hard-blocked",1) Confirm the hospital GSTIN is set 2) Open /settings/services and read the HSN on every row 3) Raise a bill covering several services 4) Attempt to finalise it,Every service carries an HSN and the bill finalises. Any line lacking one is named explicitly.,,MOCK_DATA_BOOK Services & rates — every row carries an HSN,"Billing, GST","ALL of Phase 2 configured — this section runs last, with the tenant complete",,,,,P2-Setup,"Once the GSTIN is set, finalisation is HARD-BLOCKED for any line lacking an HSN. MOCK_DATA_BOOK notes all seeded rows carry one precisely so this gate does not fire spuriously during later phases.",Cross-Module,hospital_admin (Hospital A),service_master where hospital_id = A → hsn_code set on every billable row,e2e/phase-02-settings/P2J.downstream.spec.ts,
TC-P2J-032,2J Downstream verification,P1,"Service rates by bed category exist, so there is no ₹0 leakage","1) Open /settings/services 2) Confirm service_rates rows exist by bed category 3) Raise a dialysis, physio and ambulance charge for an inpatient 4) Read each amount",Each charge bills its configured rate. None bills ₹0.,,"MOCK_DATA_BOOK Services & rates — Haemodialysis ₹2,200, Ambulance ₹1,500","IPD, Billing, Insurance","ALL of Phase 2 configured — this section runs last, with the tenant complete",,,,,P2-Setup,"SETTINGS_PREREQ_MATRIX names ₹0 leakage on dialysis, physio and ambulance specifically. A dialysis patient attending three times a week generates a large recurring loss that nothing on screen flags.",Cross-Module,hospital_admin (Hospital A),service_rates where hospital_id = A → bed_category rows exist for the leakage-prone services,e2e/phase-02-settings/P2J.downstream.spec.ts,
TC-P2J-033,2J Downstream verification,P1,"Discount approval rules exist, so discounts do not all auto-approve",1) Open /settings/approvals 2) Confirm the three tiers are configured 3) Apply a 35% discount to a bill 4) Observe whether approval is required,The 35% discount is held for administrator approval.,,"MOCK_DATA_BOOK Discount approval rules — ≤20% auto, >20% admin, >50% admin + CFO","Billing, Accounts","ALL of Phase 2 configured — this section runs last, with the tenant complete",,,,,P2-Setup,SETTINGS_PREREQ_MATRIX states it plainly: EVERY discount auto-approves with no approval workflow at all. The finance team believes a control exists and it does not — a 50% write-off is granted at the counter.,Cross-Module,hospital_admin (Hospital A),hospital_settings where hospital_id = A → the discount approval rules key exists with three tiers,e2e/phase-02-settings/P2J.downstream.spec.ts,
TC-P2J-034,2J Downstream verification,P1,"Razorpay keys are configured, so payment links are not dead",1) Open /settings/razorpay 2) Confirm the key ID and secret are set 3) Generate a payment link for a bill 4) Open the link,A working payment link is produced.,,"phase2.entry./settings/razorpay — keyId rzp_test_QA0000000000, Test Mode","Payments, Billing, Patient Portal","ALL of Phase 2 configured — this section runs last, with the tenant complete",,,,,P2-Setup,"SETTINGS_PREREQ_MATRIX says payment links are DEAD without Razorpay keys. The patient receives a link that does nothing, and the hospital never sees the money or the failure.",Cross-Module,hospital_admin (Hospital A),api_configurations where hospital_id = A → the Razorpay credential row exists,e2e/phase-02-settings/P2J.downstream.spec.ts,
TC-P2J-035,2J Downstream verification,P2,"The chart of accounts exists, so journals post",1) Open /accounts and confirm chart_of_accounts and auto_posting_rules exist for the tenant 2) Finalise a bill 3) Check whether a journal entry posted,A journal entry is posted against the configured accounts.,,SETTINGS_PREREQ_MATRIX — chart_of_accounts is auto-seeded by a DB trigger at hospital creation,"Accounts, Billing","ALL of Phase 2 configured — this section runs last, with the tenant complete",,,,,P2-Setup,"SETTINGS_PREREQ_MATRIX warns journals do not post without them, and notes they are auto-seeded by a trigger. If the trigger did not fire for this tenant, every bill raised is invisible to the ledger.",Cross-Module,hospital_admin (Hospital A),chart_of_accounts and auto_posting_rules where hospital_id = A → rows exist,e2e/phase-02-settings/P2J.downstream.spec.ts,
TC-P2J-036,2J Downstream verification,P2,"A bank account exists, so day-closure reconciliation is possible",1) Open /settings/bank-accounts 2) Confirm an account exists 3) Open day closure 4) Look for the reconciliation target,The configured bank account is offered for reconciliation.,,MOCK_DATA_BOOK Phase 2 additions — Aarogya Ops — HDFC,"Accounts, Day Closure, Payments","ALL of Phase 2 configured — this section runs last, with the tenant complete",,,,,P2-Setup,SETTINGS_PREREQ_MATRIX says there is no reconciliation without bank_accounts. Day closure cannot be completed and cash differences go undetected until someone counts the drawer.,Cross-Module,hospital_admin (Hospital A),bank_accounts where hospital_id = A → at least one active account,e2e/phase-02-settings/P2J.downstream.spec.ts,
TC-P2J-037,2J Downstream verification,P1,TPA ceilings and co-pay are applied to an insured bill,"1) Confirm HDFC ERGO carries a ₹4,000/day ceiling under /settings/payer-masters 2) Admit a patient to the ₹6,000/day Private Room under that payer 3) Read the claim split","A proportionate deduction is applied against the ₹4,000 ceiling.",,"MOCK_DATA_BOOK Payers — HDFC ERGO ₹4,000/day ceiling; Wards — Private Room ₹6,000/day","Insurance, IPD, Billing","ALL of Phase 2 configured — this section runs last, with the tenant complete",,,,,P2-Setup,SETTINGS_PREREQ_MATRIX warns ceilings and co-pay are not applied and claim amounts come out wrong. MOCK_DATA_BOOK names this scenario P9-S07 — get it wrong and it is a real argument with a real patient at the discharge counter.,Cross-Module,hospital_admin (Hospital A),payer_masters where hospital_id = A and name = 'HDFC ERGO' → ceiling 4000 applied against the 6000 room,e2e/phase-02-settings/P2J.downstream.spec.ts,
TC-P2J-038,2J Downstream verification,P1,A CGHS patient without a referral date is hard-blocked at finalisation,1) Open /patients and confirm PT-QA-0007 K. Venkatesan is categorised CGHS with NO referral letter 2) Raise their bill 3) Attempt to finalise it,"Finalisation is blocked, and the message names the missing referral date.",,"MOCK_DATA_BOOK Patients — PT-QA-0007 K. Venkatesan, CGHS, NO referral letter","Insurance, Billing, PMJAY","ALL of Phase 2 configured — this section runs last, with the tenant complete",,,,,P2-Setup,"SETTINGS_PREREQ_MATRIX flags this in red and says the block is DELIBERATE. MOCK_DATA_BOOK seeds PT-QA-0006 with a referral and PT-QA-0007 without, precisely so both branches are provable.",Cross-Module,hospital_admin (Hospital A),cghs_echs_beneficiaries → PT-QA-0007 has no referral_date and finalisation is blocked,e2e/phase-02-settings/P2J.downstream.spec.ts,
TC-P2J-039,2J Downstream verification,P1,A CGHS patient with a referral date finalises normally,1) Open /patients and confirm PT-QA-0006 R. Subramanian is CGHS WITH a referral letter 2) Raise their bill 3) Finalise it,The bill finalises without the referral block firing.,,"MOCK_DATA_BOOK Patients — PT-QA-0006 R. Subramanian, CGHS, has referral letter","Insurance, Billing","ALL of Phase 2 configured — this section runs last, with the tenant complete",,,,,P2-Setup,The block must fire only when the referral is genuinely missing. A gate that blocks every CGHS patient regardless would stop the hospital billing an entire scheme population.,Cross-Module,hospital_admin (Hospital A),cghs_echs_beneficiaries → PT-QA-0006 has a referral_date and finalisation succeeds,e2e/phase-02-settings/P2J.downstream.spec.ts,
TC-P2J-040,2J Downstream verification,P2,"Insurance automation config exists, so intimations and alerts fire",1) Open /insurance and confirm insurance_automation_config exists for the tenant 2) Raise an insured admission 3) Check whether an intimation was generated,An automated intimation or alert is produced.,,SETTINGS_PREREQ_MATRIX — insurance_automation_config under Insurance → Automation Settings,Insurance,"ALL of Phase 2 configured — this section runs last, with the tenant complete",,,,,P2-Setup,SETTINGS_PREREQ_MATRIX says there are no automated intimations or alerts without it. An insurer intimation missed inside its window converts a payable claim into a rejected one.,Cross-Module,hospital_admin (Hospital A),insurance_automation_config where hospital_id = A → the row exists,e2e/phase-02-settings/P2J.downstream.spec.ts,
TC-P2J-041,2J Downstream verification,P1,"All three AI gates are open, so the AI button renders",1) Open /settings/plan and confirm the entitlement includes the AI feature key 2) Confirm the hospital toggle is on under /settings/ai-features 3) Confirm the AI budget is not exhausted 4) Open a module offering that AI action,The AI control renders.,,MOCK_DATA_BOOK Hospital A — Professional plan; AI_FEATURES — the seven feature keys,"AI Suite, OPD, IPD, Radiology","ALL of Phase 2 configured — this section runs last, with the tenant complete",,,,,P2-Setup,"SETTINGS_PREREQ_MATRIX warns of THREE independent stacked gates and that the AI button is simply NOT RENDERED with no message and no explanation. Before logging ""the AI button is missing"", all three must be checked — this case checks them together.",Cross-Module,hospital_admin (Hospital A),"hospital_addons, hospitals.ai_feature_flags and hospital_ai_wallet → all three permit the feature",e2e/phase-02-settings/P2J.downstream.spec.ts,
TC-P2J-042,2J Downstream verification,P2,"AI language settings exist, so AI output is not English-only",1) Open /settings/ai-languages 2) Confirm a non-English pack is enabled 3) Generate an AI output 4) Read the language,The output can be produced in the enabled language.,,phase2.entry./settings/ai-languages — language Hindi,"AI Suite, OPD, Patient Portal","ALL of Phase 2 configured — this section runs last, with the tenant complete",,,,,P2-Setup,SETTINGS_PREREQ_MATRIX says the AI defaults to English only. A discharge summary generated in English for a patient who reads Telugu is a document they cannot use.,Cross-Module,hospital_admin (Hospital A),ai_language_settings where hospital_id = A → a non-English pack is enabled,e2e/phase-02-settings/P2J.downstream.spec.ts,
TC-P2J-043,2J Downstream verification,P1,"The AI budget is not exhausted, so callAI does not refuse",1) Open /settings/plan and check hospital_ai_wallet and the AI budget for the tenant 2) Invoke an AI feature 3) Observe whether it runs,"The AI call proceeds, or refuses with a message naming the budget rather than failing silently.",,SETTINGS_PREREQ_MATRIX — hospital_ai_wallet and ai_budget,AI Suite,"ALL of Phase 2 configured — this section runs last, with the tenant complete",,,,,P2-Setup,SETTINGS_PREREQ_MATRIX says callAI refuses and the feature appears broken. A doctor pressing an AI button that does nothing has no way to know the hospital has simply run out of budget.,Cross-Module,hospital_admin (Hospital A),"hospital_ai_wallet where hospital_id = A → budget available, or the refusal names the budget",e2e/phase-02-settings/P2J.downstream.spec.ts,
TC-P2J-044,2J Downstream verification,P1,"WhatsApp is configured, so notifications do not silently no-op",1) Open /settings/whatsapp 2) Confirm the credentials and a template are set 3) Trigger a notification 4) Confirm it was actually sent,"The notification is sent, or the failure is reported. It is never silently dropped.",,phase2.entry./settings/whatsapp — qa_appointment_reminder,"CRM, OPD, Billing, Nursing","ALL of Phase 2 configured — this section runs last, with the tenant complete",,,,,P2-Setup,"SETTINGS_PREREQ_MATRIX flags this in red: ALL notifications silently no-op — nothing fails, nothing sends. A hospital relying on appointment reminders discovers it through empty clinics weeks later.",Cross-Module,hospital_admin (Hospital A),"whatsapp_templates and the WhatsApp credentials where hospital_id = A → configured, and a send is recorded",e2e/phase-02-settings/P2J.downstream.spec.ts,
TC-P2J-045,2J Downstream verification,P2,"ABDM configuration exists, so the edge functions do not fail quietly",1) Open /settings/abdm 2) Confirm the HFR ID and credentials are set 3) Attempt an ABHA linkage 4) Observe the outcome,"The linkage succeeds, or fails with a visible error. It never appears to work and do nothing.",,phase2.entry./settings/abdm — hipId QA-HIP-001,"ABDM, Patient Portal, MRD","ALL of Phase 2 configured — this section runs last, with the tenant complete",,,,,P2-Setup,"SETTINGS_PREREQ_MATRIX says the ABDM edge functions fail QUIETLY. ABHA linkage appears to work, no record reaches the national exchange, and the hospital believes it is compliant.",Cross-Module,hospital_admin (Hospital A),hospital_abdm_config where hospital_id = A → the row exists and linkage reports its outcome,e2e/phase-02-settings/P2J.downstream.spec.ts,
TC-P2J-046,2J Downstream verification,P1,Every master-data picker renders populated for a correctly scoped user,"1) Log in as hospital_admin (Hospital A) 2) Open /settings and confirm the hub renders 3) Open /opd (Rx tab), /ipd (Admit modal) and /billing (charge picker) 4) Confirm each picker renders options","Every picker is populated: departments, wards, service_master, drug_master, lab_test_master and payer_masters all return rows for Hospital A, and each dependent picker renders those rows rather than an empty list.",,MOCK_DATA_BOOK — the full seeded master data set,"OPD, IPD, Billing, Multi-tenancy","ALL of Phase 2 configured — this section runs last, with the tenant complete",,,,,P2-Setup,"SETTINGS_PREREQ_MATRIX describes the multi-tenancy failure mode: when hospital_id resolves wrong or null, master-data pickers render EMPTY with no error. An empty picker is the single most common symptom of a broken tenant anchor.",Cross-Module,hospital_admin (Hospital A),users where hospital_id = A → the admin resolves to Hospital A and every picker is populated,e2e/phase-02-settings/P2J.downstream.spec.ts,
TC-P2J-047,2J Downstream verification,P1,The bill number series is per-hospital and produces no duplicates,1) Open /billing and raise several bills for Hospital A 2) Read the bill numbers 3) Confirm they are sequential and unique within the tenant,Bill numbers are unique and follow the hospital's own series.,,MOCK_DATA_BOOK Hospitals — Hospital A (Aarogya) and Hospital B (Sanjeevani),"Billing, Accounts, Multi-tenancy","ALL of Phase 2 configured — this section runs last, with the tenant complete",,,,,P2-Setup,"SETTINGS_PREREQ_MATRIX warns that bill number sequences are per-hospital, so a wrong tenant means a wrong or duplicate series. Duplicate invoice numbers are a GST filing problem, not just a data one.",Cross-Module,hospital_admin (Hospital A),bills where hospital_id = A → bill numbers unique and in the tenant series,e2e/phase-02-settings/P2J.downstream.spec.ts,
TC-P2J-048,2J Downstream verification,P1,The discharge charge sweep does not double-bill,"1) Open /ipd, admit a patient and accrue several charges 2) Run the discharge charge sweep 3) Run it again 4) Compare the bill totals",The second sweep adds nothing. Charges appear exactly once.,,"MOCK_DATA_BOOK Patients — PT-QA-0018 Sharma Ji, planned hernia repair","IPD, Billing, Multi-tenancy","ALL of Phase 2 configured — this section runs last, with the tenant complete",,,,,P2-Setup,"SETTINGS_PREREQ_MATRIX flags this in red: the sweep's dedupe query is hospital-scoped, so a hospital_id mismatch makes dedupe fail and DOUBLE-BILLS the patient. That is money taken from a patient who owes it once.",Cross-Module,hospital_admin (Hospital A),the admission bill → each charge appears exactly once after a repeated sweep,e2e/phase-02-settings/P2J.downstream.spec.ts,
TC-P2K-001,2K Isolation & permissions,P1,Departments: Hospital B cannot read any Hospital A row in departments,1) Sign in to Supabase as the Hospital B admin using the anon key (RLS active) 2) Select every row from departments 3) Compare each hospital_id against Hospital A’s id,"Zero rows returned carry Hospital A’s hospital_id. RLS filters departments by get_user_hospital_id(), so a Hospital B session sees only Hospital B rows.",,"MOCK_DATA_BOOK Hospitals — A Aarogya Multispecialty Hospital, B Sanjeevani General Hospital","OPD, IPD, Staff",Both QA tenants seeded and configured — Hospital A (Aarogya Multispecialty) and Hospital B (Sanjeevani General),,,,,P2-Setup,A doctor assigned to a department that belongs to another hospital is an unresolvable reference — the OPD queue would filter on a department the tenant cannot see.,RBAC,hospital_admin (Hospital B),departments read through an authenticated anon client as the Hospital B admin → no row has hospital_id = Hospital A. The service key is NOT used here because it bypasses RLS and would pass on a wide-open table.,e2e/phase-02-settings/P2K.isolation-permissions.spec.ts,
TC-P2K-002,2K Isolation & permissions,P1,Wards: Hospital B cannot read any Hospital A row in wards,1) Sign in to Supabase as the Hospital B admin using the anon key (RLS active) 2) Select every row from wards 3) Compare each hospital_id against Hospital A’s id,"Zero rows returned carry Hospital A’s hospital_id. RLS filters wards by get_user_hospital_id(), so a Hospital B session sees only Hospital B rows.",,"MOCK_DATA_BOOK Hospitals — A Aarogya Multispecialty Hospital, B Sanjeevani General Hospital","IPD, Billing",Both QA tenants seeded and configured — Hospital A (Aarogya Multispecialty) and Hospital B (Sanjeevani General),,,,,P2-Setup,"Ward rates drive the room charge. A leaked ward means another hospital’s tariff is visible, which is commercially sensitive information in a competitive market.",RBAC,hospital_admin (Hospital B),wards read through an authenticated anon client as the Hospital B admin → no row has hospital_id = Hospital A. The service key is NOT used here because it bypasses RLS and would pass on a wide-open table.,e2e/phase-02-settings/P2K.isolation-permissions.spec.ts,
TC-P2K-003,2K Isolation & permissions,P1,Beds: Hospital B cannot read any Hospital A row in beds,1) Sign in to Supabase as the Hospital B admin using the anon key (RLS active) 2) Select every row from beds 3) Compare each hospital_id against Hospital A’s id,"Zero rows returned carry Hospital A’s hospital_id. RLS filters beds by get_user_hospital_id(), so a Hospital B session sees only Hospital B rows.",,"MOCK_DATA_BOOK Hospitals — A Aarogya Multispecialty Hospital, B Sanjeevani General Hospital",IPD,Both QA tenants seeded and configured — Hospital A (Aarogya Multispecialty) and Hospital B (Sanjeevani General),,,,,P2-Setup,"A leaked bed could be offered in the Admit modal, so a patient would be admitted to a bed that physically sits in another hospital.",RBAC,hospital_admin (Hospital B),beds read through an authenticated anon client as the Hospital B admin → no row has hospital_id = Hospital A. The service key is NOT used here because it bypasses RLS and would pass on a wide-open table.,e2e/phase-02-settings/P2K.isolation-permissions.spec.ts,
TC-P2K-004,2K Isolation & permissions,P1,Services and tariffs: Hospital B cannot read any Hospital A row in service_master,1) Sign in to Supabase as the Hospital B admin using the anon key (RLS active) 2) Select every row from service_master 3) Compare each hospital_id against Hospital A’s id,"Zero rows returned carry Hospital A’s hospital_id. RLS filters service_master by get_user_hospital_id(), so a Hospital B session sees only Hospital B rows.",,"MOCK_DATA_BOOK Hospitals — A Aarogya Multispecialty Hospital, B Sanjeevani General Hospital","Billing, OPD, IPD",Both QA tenants seeded and configured — Hospital A (Aarogya Multispecialty) and Hospital B (Sanjeevani General),,,,,P2-Setup,The full price list is the most commercially sensitive table in the product. Leaking it hands a competitor the hospital’s entire tariff.,RBAC,hospital_admin (Hospital B),service_master read through an authenticated anon client as the Hospital B admin → no row has hospital_id = Hospital A. The service key is NOT used here because it bypasses RLS and would pass on a wide-open table.,e2e/phase-02-settings/P2K.isolation-permissions.spec.ts,
TC-P2K-005,2K Isolation & permissions,P1,Drug formulary: Hospital B cannot read any Hospital A row in drug_master,1) Sign in to Supabase as the Hospital B admin using the anon key (RLS active) 2) Select every row from drug_master 3) Compare each hospital_id against Hospital A’s id,"Zero rows returned carry Hospital A’s hospital_id. RLS filters drug_master by get_user_hospital_id(), so a Hospital B session sees only Hospital B rows.",,"MOCK_DATA_BOOK Hospitals — A Aarogya Multispecialty Hospital, B Sanjeevani General Hospital","Pharmacy, OPD",Both QA tenants seeded and configured — Hospital A (Aarogya Multispecialty) and Hospital B (Sanjeevani General),,,,,P2-Setup,"A leaked formulary lets one hospital prescribe against another’s catalogue, and the dispense then fails against stock that does not exist.",RBAC,hospital_admin (Hospital B),drug_master read through an authenticated anon client as the Hospital B admin → no row has hospital_id = Hospital A. The service key is NOT used here because it bypasses RLS and would pass on a wide-open table.,e2e/phase-02-settings/P2K.isolation-permissions.spec.ts,
TC-P2K-006,2K Isolation & permissions,P1,Drug batches: Hospital B cannot read any Hospital A row in drug_batches,1) Sign in to Supabase as the Hospital B admin using the anon key (RLS active) 2) Select every row from drug_batches 3) Compare each hospital_id against Hospital A’s id,"Zero rows returned carry Hospital A’s hospital_id. RLS filters drug_batches by get_user_hospital_id(), so a Hospital B session sees only Hospital B rows.",,"MOCK_DATA_BOOK Hospitals — A Aarogya Multispecialty Hospital, B Sanjeevani General Hospital","Pharmacy, Inventory",Both QA tenants seeded and configured — Hospital A (Aarogya Multispecialty) and Hospital B (Sanjeevani General),,,,,P2-Setup,Batch rows carry stock quantity and purchase cost. A leak exposes both the margin and the physical stock position.,RBAC,hospital_admin (Hospital B),drug_batches read through an authenticated anon client as the Hospital B admin → no row has hospital_id = Hospital A. The service key is NOT used here because it bypasses RLS and would pass on a wide-open table.,e2e/phase-02-settings/P2K.isolation-permissions.spec.ts,
TC-P2K-007,2K Isolation & permissions,P1,Lab test catalogue: Hospital B cannot read any Hospital A row in lab_test_master,1) Sign in to Supabase as the Hospital B admin using the anon key (RLS active) 2) Select every row from lab_test_master 3) Compare each hospital_id against Hospital A’s id,"Zero rows returned carry Hospital A’s hospital_id. RLS filters lab_test_master by get_user_hospital_id(), so a Hospital B session sees only Hospital B rows.",,"MOCK_DATA_BOOK Hospitals — A Aarogya Multispecialty Hospital, B Sanjeevani General Hospital","Lab, OPD, Billing",Both QA tenants seeded and configured — Hospital A (Aarogya Multispecialty) and Hospital B (Sanjeevani General),,,,,P2-Setup,"A leaked test catalogue exposes fees, and a test ordered against another tenant’s row produces a result nobody can report against.",RBAC,hospital_admin (Hospital B),lab_test_master read through an authenticated anon client as the Hospital B admin → no row has hospital_id = Hospital A. The service key is NOT used here because it bypasses RLS and would pass on a wide-open table.,e2e/phase-02-settings/P2K.isolation-permissions.spec.ts,
TC-P2K-008,2K Isolation & permissions,P1,Lab test groups: Hospital B cannot read any Hospital A row in lab_test_groups,1) Sign in to Supabase as the Hospital B admin using the anon key (RLS active) 2) Select every row from lab_test_groups 3) Compare each hospital_id against Hospital A’s id,"Zero rows returned carry Hospital A’s hospital_id. RLS filters lab_test_groups by get_user_hospital_id(), so a Hospital B session sees only Hospital B rows.",,"MOCK_DATA_BOOK Hospitals — A Aarogya Multispecialty Hospital, B Sanjeevani General Hospital","Lab, Billing",Both QA tenants seeded and configured — Hospital A (Aarogya Multispecialty) and Hospital B (Sanjeevani General),,,,,P2-Setup,Panel package rates are the discounted end of the tariff. They are the numbers a hospital least wants a rival to hold.,RBAC,hospital_admin (Hospital B),lab_test_groups read through an authenticated anon client as the Hospital B admin → no row has hospital_id = Hospital A. The service key is NOT used here because it bypasses RLS and would pass on a wide-open table.,e2e/phase-02-settings/P2K.isolation-permissions.spec.ts,
TC-P2K-009,2K Isolation & permissions,P1,Radiology modalities: Hospital B cannot read any Hospital A row in radiology_modalities,1) Sign in to Supabase as the Hospital B admin using the anon key (RLS active) 2) Select every row from radiology_modalities 3) Compare each hospital_id against Hospital A’s id,"Zero rows returned carry Hospital A’s hospital_id. RLS filters radiology_modalities by get_user_hospital_id(), so a Hospital B session sees only Hospital B rows.",,"MOCK_DATA_BOOK Hospitals — A Aarogya Multispecialty Hospital, B Sanjeevani General Hospital",Radiology,Both QA tenants seeded and configured — Hospital A (Aarogya Multispecialty) and Hospital B (Sanjeevani General),,,,,P2-Setup,A leaked modality could route a study to a machine in another building belonging to another company.,RBAC,hospital_admin (Hospital B),radiology_modalities read through an authenticated anon client as the Hospital B admin → no row has hospital_id = Hospital A. The service key is NOT used here because it bypasses RLS and would pass on a wide-open table.,e2e/phase-02-settings/P2K.isolation-permissions.spec.ts,
TC-P2K-010,2K Isolation & permissions,P1,Radiology studies: Hospital B cannot read any Hospital A row in radiology_study_master,1) Sign in to Supabase as the Hospital B admin using the anon key (RLS active) 2) Select every row from radiology_study_master 3) Compare each hospital_id against Hospital A’s id,"Zero rows returned carry Hospital A’s hospital_id. RLS filters radiology_study_master by get_user_hospital_id(), so a Hospital B session sees only Hospital B rows.",,"MOCK_DATA_BOOK Hospitals — A Aarogya Multispecialty Hospital, B Sanjeevani General Hospital","Radiology, Billing",Both QA tenants seeded and configured — Hospital A (Aarogya Multispecialty) and Hospital B (Sanjeevani General),,,,,P2-Setup,"Study fees are tariff data, and an MRI at ₹8,500 ordered against the wrong tenant’s row bills the wrong hospital.",RBAC,hospital_admin (Hospital B),radiology_study_master read through an authenticated anon client as the Hospital B admin → no row has hospital_id = Hospital A. The service key is NOT used here because it bypasses RLS and would pass on a wide-open table.,e2e/phase-02-settings/P2K.isolation-permissions.spec.ts,
TC-P2K-011,2K Isolation & permissions,P1,Payers and TPAs: Hospital B cannot read any Hospital A row in payer_masters,1) Sign in to Supabase as the Hospital B admin using the anon key (RLS active) 2) Select every row from payer_masters 3) Compare each hospital_id against Hospital A’s id,"Zero rows returned carry Hospital A’s hospital_id. RLS filters payer_masters by get_user_hospital_id(), so a Hospital B session sees only Hospital B rows.",,"MOCK_DATA_BOOK Hospitals — A Aarogya Multispecialty Hospital, B Sanjeevani General Hospital","Insurance, Billing",Both QA tenants seeded and configured — Hospital A (Aarogya Multispecialty) and Hospital B (Sanjeevani General),,,,,P2-Setup,Payer rows hold negotiated discount percentages and ceilings — the specific commercial terms a hospital agreed with each insurer.,RBAC,hospital_admin (Hospital B),payer_masters read through an authenticated anon client as the Hospital B admin → no row has hospital_id = Hospital A. The service key is NOT used here because it bypasses RLS and would pass on a wide-open table.,e2e/phase-02-settings/P2K.isolation-permissions.spec.ts,
TC-P2K-012,2K Isolation & permissions,P1,Configuration values: Hospital B cannot read any Hospital A row in hospital_config_values,1) Sign in to Supabase as the Hospital B admin using the anon key (RLS active) 2) Select every row from hospital_config_values 3) Compare each hospital_id against Hospital A’s id,"Zero rows returned carry Hospital A’s hospital_id. RLS filters hospital_config_values by get_user_hospital_id(), so a Hospital B session sees only Hospital B rows.",,"MOCK_DATA_BOOK Hospitals — A Aarogya Multispecialty Hospital, B Sanjeevani General Hospital","OPD, Pharmacy, IPD",Both QA tenants seeded and configured — Hospital A (Aarogya Multispecialty) and Hospital B (Sanjeevani General),,,,,P2-Setup,Config values feed most dropdowns in the product. A cross-tenant leak would show another hospital’s option lists in this hospital’s forms.,RBAC,hospital_admin (Hospital B),hospital_config_values read through an authenticated anon client as the Hospital B admin → no row has hospital_id = Hospital A. The service key is NOT used here because it bypasses RLS and would pass on a wide-open table.,e2e/phase-02-settings/P2K.isolation-permissions.spec.ts,
TC-P2K-013,2K Isolation & permissions,P1,Shifts: Hospital B cannot read any Hospital A row in shift_master,1) Sign in to Supabase as the Hospital B admin using the anon key (RLS active) 2) Select every row from shift_master 3) Compare each hospital_id against Hospital A’s id,"Zero rows returned carry Hospital A’s hospital_id. RLS filters shift_master by get_user_hospital_id(), so a Hospital B session sees only Hospital B rows.",,"MOCK_DATA_BOOK Hospitals — A Aarogya Multispecialty Hospital, B Sanjeevani General Hospital","Staff, Nursing",Both QA tenants seeded and configured — Hospital A (Aarogya Multispecialty) and Hospital B (Sanjeevani General),,,,,P2-Setup,Shift definitions are HR data and drive duty rosters. A leak both exposes the roster and risks scheduling staff against another hospital’s shift.,RBAC,hospital_admin (Hospital B),shift_master read through an authenticated anon client as the Hospital B admin → no row has hospital_id = Hospital A. The service key is NOT used here because it bypasses RLS and would pass on a wide-open table.,e2e/phase-02-settings/P2K.isolation-permissions.spec.ts,
TC-P2K-014,2K Isolation & permissions,P1,Clinical protocols: Hospital B cannot read any Hospital A row in clinical_protocols,1) Sign in to Supabase as the Hospital B admin using the anon key (RLS active) 2) Select every row from clinical_protocols 3) Compare each hospital_id against Hospital A’s id,"Zero rows returned carry Hospital A’s hospital_id. RLS filters clinical_protocols by get_user_hospital_id(), so a Hospital B session sees only Hospital B rows.",,"MOCK_DATA_BOOK Hospitals — A Aarogya Multispecialty Hospital, B Sanjeevani General Hospital","OPD, IPD, Quality",Both QA tenants seeded and configured — Hospital A (Aarogya Multispecialty) and Hospital B (Sanjeevani General),,,,,P2-Setup,A protocol is a clinical instruction. Applying another hospital’s protocol means treating a patient by rules the treating clinicians never agreed to.,RBAC,hospital_admin (Hospital B),clinical_protocols read through an authenticated anon client as the Hospital B admin → no row has hospital_id = Hospital A. The service key is NOT used here because it bypasses RLS and would pass on a wide-open table.,e2e/phase-02-settings/P2K.isolation-permissions.spec.ts,
TC-P2K-015,2K Isolation & permissions,P1,Hospital settings key/value: Hospital B cannot read any Hospital A row in hospital_settings,1) Sign in to Supabase as the Hospital B admin using the anon key (RLS active) 2) Select every row from hospital_settings 3) Compare each hospital_id against Hospital A’s id,"Zero rows returned carry Hospital A’s hospital_id. RLS filters hospital_settings by get_user_hospital_id(), so a Hospital B session sees only Hospital B rows.",,"MOCK_DATA_BOOK Hospitals — A Aarogya Multispecialty Hospital, B Sanjeevani General Hospital",All modules,Both QA tenants seeded and configured — Hospital A (Aarogya Multispecialty) and Hospital B (Sanjeevani General),,,,,P2-Setup,"This table now holds notification routing, language and region, discount rules and ancillary payment config. A leak exposes a hospital’s entire operating configuration in one query.",RBAC,hospital_admin (Hospital B),hospital_settings read through an authenticated anon client as the Hospital B admin → no row has hospital_id = Hospital A. The service key is NOT used here because it bypasses RLS and would pass on a wide-open table.,e2e/phase-02-settings/P2K.isolation-permissions.spec.ts,
TC-P2K-016,2K Isolation & permissions,P1,Staff records: Hospital B cannot read any Hospital A row in users,1) Sign in to Supabase as the Hospital B admin using the anon key (RLS active) 2) Select every row from users 3) Compare each hospital_id against Hospital A’s id,"Zero rows returned carry Hospital A’s hospital_id. RLS filters users by get_user_hospital_id(), so a Hospital B session sees only Hospital B rows.",,"MOCK_DATA_BOOK Hospitals — A Aarogya Multispecialty Hospital, B Sanjeevani General Hospital","Staff, RBAC, HR",Both QA tenants seeded and configured — Hospital A (Aarogya Multispecialty) and Hospital B (Sanjeevani General),,,,,P2-Setup,"Staff rows are personal data under the DPDP Act 2023. A cross-tenant leak of names, emails and phone numbers is a reportable personal-data breach.",RBAC,hospital_admin (Hospital B),users read through an authenticated anon client as the Hospital B admin → no row has hospital_id = Hospital A. The service key is NOT used here because it bypasses RLS and would pass on a wide-open table.,e2e/phase-02-settings/P2K.isolation-permissions.spec.ts,
TC-P2K-017,2K Isolation & permissions,P1,Doctor schedules: Hospital B cannot read any Hospital A row in doctor_schedules,1) Sign in to Supabase as the Hospital B admin using the anon key (RLS active) 2) Select every row from doctor_schedules 3) Compare each hospital_id against Hospital A’s id,"Zero rows returned carry Hospital A’s hospital_id. RLS filters doctor_schedules by get_user_hospital_id(), so a Hospital B session sees only Hospital B rows.",,"MOCK_DATA_BOOK Hospitals — A Aarogya Multispecialty Hospital, B Sanjeevani General Hospital","OPD, Telemedicine",Both QA tenants seeded and configured — Hospital A (Aarogya Multispecialty) and Hospital B (Sanjeevani General),,,,,P2-Setup,A leaked schedule would offer a patient an appointment slot with a doctor who does not work at the hospital they are booking into.,RBAC,hospital_admin (Hospital B),doctor_schedules read through an authenticated anon client as the Hospital B admin → no row has hospital_id = Hospital A. The service key is NOT used here because it bypasses RLS and would pass on a wide-open table.,e2e/phase-02-settings/P2K.isolation-permissions.spec.ts,
TC-P2K-018,2K Isolation & permissions,P1,Store locations: Hospital B cannot read any Hospital A row in store_locations,1) Sign in to Supabase as the Hospital B admin using the anon key (RLS active) 2) Select every row from store_locations 3) Compare each hospital_id against Hospital A’s id,"Zero rows returned carry Hospital A’s hospital_id. RLS filters store_locations by get_user_hospital_id(), so a Hospital B session sees only Hospital B rows.",,"MOCK_DATA_BOOK Hospitals — A Aarogya Multispecialty Hospital, B Sanjeevani General Hospital","Inventory, Pharmacy",Both QA tenants seeded and configured — Hospital A (Aarogya Multispecialty) and Hospital B (Sanjeevani General),,,,,P2-Setup,"A leaked store makes another hospital’s store a transfer destination, so stock could be issued out of the building entirely.",RBAC,hospital_admin (Hospital B),store_locations read through an authenticated anon client as the Hospital B admin → no row has hospital_id = Hospital A. The service key is NOT used here because it bypasses RLS and would pass on a wide-open table.,e2e/phase-02-settings/P2K.isolation-permissions.spec.ts,
TC-P2K-019,2K Isolation & permissions,P1,Bank accounts: Hospital B cannot read any Hospital A row in bank_accounts,1) Sign in to Supabase as the Hospital B admin using the anon key (RLS active) 2) Select every row from bank_accounts 3) Compare each hospital_id against Hospital A’s id,"Zero rows returned carry Hospital A’s hospital_id. RLS filters bank_accounts by get_user_hospital_id(), so a Hospital B session sees only Hospital B rows.",,"MOCK_DATA_BOOK Hospitals — A Aarogya Multispecialty Hospital, B Sanjeevani General Hospital","Billing, Accounts",Both QA tenants seeded and configured — Hospital A (Aarogya Multispecialty) and Hospital B (Sanjeevani General),,,,,P2-Setup,Bank account numbers and IFSC codes are financial credentials. Cross-tenant visibility of them is the most serious leak on this list.,RBAC,hospital_admin (Hospital B),bank_accounts read through an authenticated anon client as the Hospital B admin → no row has hospital_id = Hospital A. The service key is NOT used here because it bypasses RLS and would pass on a wide-open table.,e2e/phase-02-settings/P2K.isolation-permissions.spec.ts,
TC-P2K-020,2K Isolation & permissions,P1,Health packages: Hospital B cannot read any Hospital A row in health_packages,1) Sign in to Supabase as the Hospital B admin using the anon key (RLS active) 2) Select every row from health_packages 3) Compare each hospital_id against Hospital A’s id,"Zero rows returned carry Hospital A’s hospital_id. RLS filters health_packages by get_user_hospital_id(), so a Hospital B session sees only Hospital B rows.",,"MOCK_DATA_BOOK Hospitals — A Aarogya Multispecialty Hospital, B Sanjeevani General Hospital","Billing, OPD",Both QA tenants seeded and configured — Hospital A (Aarogya Multispecialty) and Hospital B (Sanjeevani General),,,,,P2-Setup,Package pricing is the advertised end of the tariff and the most directly competitive number a hospital publishes.,RBAC,hospital_admin (Hospital B),health_packages read through an authenticated anon client as the Hospital B admin → no row has hospital_id = Hospital A. The service key is NOT used here because it bypasses RLS and would pass on a wide-open table.,e2e/phase-02-settings/P2K.isolation-permissions.spec.ts,
TC-P2K-021,2K Isolation & permissions,P1,The Departments screen shows Hospital B only its own departments,1) Log in as the Hospital B admin 2) Open /settings/departments 3) Read every department name rendered,Only Hospital B departments render. None of Hospital A’s eight seeded departments appears on the page.,,"MOCK_DATA_BOOK Departments — the eight Hospital A rows, and Hospital B’s own set","OPD, IPD, Staff",Both QA tenants seeded and configured — Hospital A (Aarogya Multispecialty) and Hospital B (Sanjeevani General),,,,,P2-Setup,"RLS at the database is only half the guarantee. This case proves the rendered screen agrees with it, which is what an auditor is shown during a DPDP assessment.",RBAC,hospital_admin (Hospital B),departments where hospital_id = B → matches exactly the names rendered on /settings/departments,e2e/phase-02-settings/P2K.isolation-permissions.spec.ts,
TC-P2K-022,2K Isolation & permissions,P1,The Wards screen shows Hospital B only its own wards and rates,1) Log in as the Hospital B admin 2) Open /settings/wards 3) Read every ward name and rate rendered,"Only Hospital B wards render. Hospital A’s General Ward, Semi-Private, Private Room, ICU and Nephrology Ward do not appear, and neither do their rates.",,"MOCK_DATA_BOOK Wards — the Hospital A set with rates from ₹1,200 to ₹6,500","IPD, Billing",Both QA tenants seeded and configured — Hospital A (Aarogya Multispecialty) and Hospital B (Sanjeevani General),,,,,P2-Setup,"Ward rates are the visible face of the tariff. A rival admin reading them on screen is the leak that matters commercially, whatever the database says.",RBAC,hospital_admin (Hospital B),wards where hospital_id = B → matches exactly the rows rendered on /settings/wards,e2e/phase-02-settings/P2K.isolation-permissions.spec.ts,
TC-P2K-023,2K Isolation & permissions,P1,The Services screen shows Hospital B only its own tariff,"1) Log in as the Hospital B admin 2) Open /settings/services 3) Search for a service code that exists only in Hospital A, such as CONS-SPL",The search returns nothing. Hospital A’s Specialist Consultation at ₹800 is not reachable from a Hospital B session.,,MOCK_DATA_BOOK Services — CONS-SPL Specialist Consultation ₹800 (Hospital A),"Billing, OPD",Both QA tenants seeded and configured — Hospital A (Aarogya Multispecialty) and Hospital B (Sanjeevani General),,,,,P2-Setup,Searching by a known code is how a leak would actually be exploited — not by browsing the list but by asking for a specific competitor price.,RBAC,hospital_admin (Hospital B),service_master where hospital_id = B and code = CONS-SPL → zero rows,e2e/phase-02-settings/P2K.isolation-permissions.spec.ts,
TC-P2K-024,2K Isolation & permissions,P1,A department created in Hospital B never appears in Hospital A,1) Log in as the Hospital B admin 2) Open /settings/departments and create a department named QA Isolation Probe 3) Log out 4) Log in as the Hospital A admin 5) Open /settings/departments and search for QA Isolation Probe,Hospital A does not show QA Isolation Probe. The row exists in departments with hospital_id = B and with no Hospital A copy.,,Purpose-built probe row — QA Isolation Probe,"OPD, IPD, Staff",Both QA tenants seeded and configured — Hospital A (Aarogya Multispecialty) and Hospital B (Sanjeevani General),,,,,P2-Setup,This is isolation proven in the direction a leak would actually travel — a write in one tenant becoming visible in the other. A read-only check cannot catch a write that sets the wrong hospital_id.,RBAC,hospital_admin (Hospital A),"departments where name = QA Isolation Probe → exactly one row, hospital_id = B",e2e/phase-02-settings/P2K.isolation-permissions.spec.ts,
TC-P2K-025,2K Isolation & permissions,P1,An anonymous client cannot read hospital_settings,1) Create a Supabase client with the anon key and no session 2) Select from hospital_settings 3) Read the response,"Zero rows, or an RLS error. An unauthenticated caller reads nothing.",,None — this case deliberately carries no credentials,All modules,Both QA tenants seeded and configured — Hospital A (Aarogya Multispecialty) and Hospital B (Sanjeevani General),,,,,P2-Setup,"hospital_settings now holds notification routing, language and region, discount rules and ancillary payment config. Anonymous read access would publish every tenant’s operating configuration to the internet.",RBAC,Anonymous (no session),hospital_settings selected through an anon client with no session → zero rows or an RLS error,e2e/phase-02-settings/P2K.isolation-permissions.spec.ts,
TC-P2K-026,2K Isolation & permissions,P1,An anonymous client cannot read the users table,1) Create a Supabase client with the anon key and no session 2) Select from users 3) Read the response,"Zero rows, or an RLS error. No staff name, email or phone number is returned.",,None — this case deliberately carries no credentials,"Staff, RBAC, HR",Both QA tenants seeded and configured — Hospital A (Aarogya Multispecialty) and Hospital B (Sanjeevani General),,,,,P2-Setup,"Staff rows are personal data under the DPDP Act 2023. Anonymous readability would be a reportable breach affecting every hospital on the platform at once, not just one tenant.",RBAC,Anonymous (no session),users selected through an anon client with no session → zero rows or an RLS error,e2e/phase-02-settings/P2K.isolation-permissions.spec.ts,
TC-P2K-027,2K Isolation & permissions,P1,A forged hospital_id on insert is refused or rewritten,1) Sign in through the anon key as the Hospital B admin 2) Insert a department carrying Hospital A’s hospital_id 3) Re-read that row from departments with the service key,"The insert is refused by the RLS WITH CHECK policy. If it is accepted, the stored row must carry Hospital B’s hospital_id, never the forged one.",,Purpose-built probe row — QA Forged Tenant Probe,Multi-tenancy,Both QA tenants seeded and configured — Hospital A (Aarogya Multispecialty) and Hospital B (Sanjeevani General),,,,,P2-Setup,Reading is the obvious attack; writing is the damaging one. A row planted into another tenant with a forged hospital_id would appear to that hospital as its own configuration.,RBAC,hospital_admin (Hospital B),"departments where name = QA Forged Tenant Probe → either zero rows, or one row whose hospital_id is B and not A",e2e/phase-02-settings/P2K.isolation-permissions.spec.ts,
TC-P2K-028,2K Isolation & permissions,P1,"A cross-tenant update is refused, so Hospital A rows cannot be edited from Hospital B",1) Sign in through the anon key as the Hospital B admin 2) Attempt to update a Hospital A ward’s rate_per_day to 1 3) Re-read that ward from wards with the service key,No Hospital A row is modified. The ward keeps its original rate_per_day.,,"MOCK_DATA_BOOK Wards — Hospital A Private Room at ₹4,500/day","IPD, Billing, Multi-tenancy",Both QA tenants seeded and configured — Hospital A (Aarogya Multispecialty) and Hospital B (Sanjeevani General),,,,,P2-Setup,A cross-tenant update is worse than a read: setting a rival’s room rate to ₹1 would destroy their revenue silently and look like their own misconfiguration.,RBAC,hospital_admin (Hospital B),wards where hospital_id = A and name = Private Room → rate_per_day is unchanged at 4500,e2e/phase-02-settings/P2K.isolation-permissions.spec.ts,
TC-P2K-029,2K Isolation & permissions,P1,doctor is refused the settings surface,"1) Log in as Dr. Suresh Menon (doctor, Hospital A) 2) Navigate directly to /settings 3) Navigate directly to /settings/wards, /settings/services, /settings/staff and /settings/roles 4) Observe each outcome",Every route is refused — the user is redirected away or shown an access-denied surface. No settings form renders and no Save control is reachable.,,MOCK_DATA_BOOK Staff — Dr. Suresh Menon,"RBAC, all settings screens",Both QA tenants seeded and configured — Hospital A (Aarogya Multispecialty) and Hospital B (Sanjeevani General),,,,,P2-Setup,A doctor who can reach /settings/services can change what the hospital charges. Clinical authority is not commercial authority.,RBAC,doctor (Hospital A),None — this is a route-guard assertion in the browser. The database is not reached because the screen never renders.,e2e/phase-02-settings/P2K.isolation-permissions.spec.ts,
TC-P2K-030,2K Isolation & permissions,P1,nurse is refused the settings surface,"1) Log in as Sr. Mary Thomas (nurse, Hospital A) 2) Navigate directly to /settings 3) Navigate directly to /settings/wards, /settings/services, /settings/staff and /settings/roles 4) Observe each outcome",Every route is refused — the user is redirected away or shown an access-denied surface. No settings form renders and no Save control is reachable.,,MOCK_DATA_BOOK Staff — Sr. Mary Thomas,"RBAC, all settings screens",Both QA tenants seeded and configured — Hospital A (Aarogya Multispecialty) and Hospital B (Sanjeevani General),,,,,P2-Setup,"A nurse reaching /settings/wards could change bed configuration mid-shift, and the IPD census would stop matching the physical ward.",RBAC,nurse (Hospital A),None — this is a route-guard assertion in the browser. The database is not reached because the screen never renders.,e2e/phase-02-settings/P2K.isolation-permissions.spec.ts,
TC-P2K-031,2K Isolation & permissions,P1,receptionist is refused the settings surface,"1) Log in as Ms. Divya Sharma (receptionist, Hospital A) 2) Navigate directly to /settings 3) Navigate directly to /settings/wards, /settings/services, /settings/staff and /settings/roles 4) Observe each outcome",Every route is refused — the user is redirected away or shown an access-denied surface. No settings form renders and no Save control is reachable.,,MOCK_DATA_BOOK Staff — Ms. Divya Sharma,"RBAC, all settings screens",Both QA tenants seeded and configured — Hospital A (Aarogya Multispecialty) and Hospital B (Sanjeevani General),,,,,P2-Setup,The front desk handles money at the counter. Reaching /settings/approvals would let the same person both grant and take a discount.,RBAC,receptionist (Hospital A),None — this is a route-guard assertion in the browser. The database is not reached because the screen never renders.,e2e/phase-02-settings/P2K.isolation-permissions.spec.ts,
TC-P2K-032,2K Isolation & permissions,P1,pharmacist is refused the settings surface,"1) Log in as Mr. Imran Khan (pharmacist, Hospital A) 2) Navigate directly to /settings 3) Navigate directly to /settings/wards, /settings/services, /settings/staff and /settings/roles 4) Observe each outcome",Every route is refused — the user is redirected away or shown an access-denied surface. No settings form renders and no Save control is reachable.,,MOCK_DATA_BOOK Staff — Mr. Imran Khan,"RBAC, all settings screens",Both QA tenants seeded and configured — Hospital A (Aarogya Multispecialty) and Hospital B (Sanjeevani General),,,,,P2-Setup,A pharmacist reaching /settings/drugs could alter the formulary and the stock rules that constrain their own dispensing.,RBAC,pharmacist (Hospital A),None — this is a route-guard assertion in the browser. The database is not reached because the screen never renders.,e2e/phase-02-settings/P2K.isolation-permissions.spec.ts,
TC-P2K-033,2K Isolation & permissions,P1,lab_technician is refused the settings surface,"1) Log in as Mr. Naveen Kumar (lab_technician, Hospital A) 2) Navigate directly to /settings 3) Navigate directly to /settings/wards, /settings/services, /settings/staff and /settings/roles 4) Observe each outcome",Every route is refused — the user is redirected away or shown an access-denied surface. No settings form renders and no Save control is reachable.,,MOCK_DATA_BOOK Staff — Mr. Naveen Kumar,"RBAC, all settings screens",Both QA tenants seeded and configured — Hospital A (Aarogya Multispecialty) and Hospital B (Sanjeevani General),,,,,P2-Setup,"A technician reaching /settings/lab-tests could change a reference range, and a changed range silently switches critical alerts off.",RBAC,lab_technician (Hospital A),None — this is a route-guard assertion in the browser. The database is not reached because the screen never renders.,e2e/phase-02-settings/P2K.isolation-permissions.spec.ts,
TC-P2K-034,2K Isolation & permissions,P1,lab_tech is refused the settings surface,"1) Log in as Ms. Sneha Patil (lab_tech, Hospital A) 2) Navigate directly to /settings 3) Navigate directly to /settings/wards, /settings/services, /settings/staff and /settings/roles 4) Observe each outcome",Every route is refused — the user is redirected away or shown an access-denied surface. No settings form renders and no Save control is reachable.,,MOCK_DATA_BOOK Staff — Ms. Sneha Patil,"RBAC, all settings screens",Both QA tenants seeded and configured — Hospital A (Aarogya Multispecialty) and Hospital B (Sanjeevani General),,,,,P2-Setup,"Both lab_tech and lab_technician exist in the enum. If only one is guarded, the unguarded spelling is a permanent open door.",RBAC,lab_tech (Hospital A),None — this is a route-guard assertion in the browser. The database is not reached because the screen never renders.,e2e/phase-02-settings/P2K.isolation-permissions.spec.ts,
TC-P2K-035,2K Isolation & permissions,P1,radiologist is refused the settings surface,"1) Log in as Dr. Anil Verma (radiologist, Hospital A) 2) Navigate directly to /settings 3) Navigate directly to /settings/wards, /settings/services, /settings/staff and /settings/roles 4) Observe each outcome",Every route is refused — the user is redirected away or shown an access-denied surface. No settings form renders and no Save control is reachable.,,MOCK_DATA_BOOK Staff — Dr. Anil Verma,"RBAC, all settings screens",Both QA tenants seeded and configured — Hospital A (Aarogya Multispecialty) and Hospital B (Sanjeevani General),,,,,P2-Setup,"A radiologist reaching /settings/radiology could change study fees, and PCPNDT settings are a legal register that no clinician edits unilaterally.",RBAC,radiologist (Hospital A),None — this is a route-guard assertion in the browser. The database is not reached because the screen never renders.,e2e/phase-02-settings/P2K.isolation-permissions.spec.ts,
TC-P2K-036,2K Isolation & permissions,P1,billing_executive is refused the settings surface,"1) Log in as Billing executive (Hospital A) (billing_executive, Hospital A) 2) Navigate directly to /settings 3) Navigate directly to /settings/wards, /settings/services, /settings/staff and /settings/roles 4) Observe each outcome",Every route is refused — the user is redirected away or shown an access-denied surface. No settings form renders and no Save control is reachable.,,MOCK_DATA_BOOK Staff — Billing executive (Hospital A),"RBAC, all settings screens",Both QA tenants seeded and configured — Hospital A (Aarogya Multispecialty) and Hospital B (Sanjeevani General),,,,,P2-Setup,Billing staff raise the bills. Letting them edit the tariff removes the separation between setting a price and charging it.,RBAC,billing_executive (Hospital A),None — this is a route-guard assertion in the browser. The database is not reached because the screen never renders.,e2e/phase-02-settings/P2K.isolation-permissions.spec.ts,
TC-P2K-037,2K Isolation & permissions,P1,billing_staff is refused the settings surface,"1) Log in as Billing staff (Hospital A) (billing_staff, Hospital A) 2) Navigate directly to /settings 3) Navigate directly to /settings/wards, /settings/services, /settings/staff and /settings/roles 4) Observe each outcome",Every route is refused — the user is redirected away or shown an access-denied surface. No settings form renders and no Save control is reachable.,,MOCK_DATA_BOOK Staff — Billing staff (Hospital A),"RBAC, all settings screens",Both QA tenants seeded and configured — Hospital A (Aarogya Multispecialty) and Hospital B (Sanjeevani General),,,,,P2-Setup,billing_staff and billing_executive are separate enum values. A guard written for one and not the other leaves a role that looks restricted and is not.,RBAC,billing_staff (Hospital A),None — this is a route-guard assertion in the browser. The database is not reached because the screen never renders.,e2e/phase-02-settings/P2K.isolation-permissions.spec.ts,
TC-P2K-038,2K Isolation & permissions,P1,accountant is refused the settings surface,"1) Log in as Accountant (Hospital A) (accountant, Hospital A) 2) Navigate directly to /settings 3) Navigate directly to /settings/wards, /settings/services, /settings/staff and /settings/roles 4) Observe each outcome",Every route is refused — the user is redirected away or shown an access-denied surface. No settings form renders and no Save control is reachable.,,MOCK_DATA_BOOK Staff — Accountant (Hospital A),"RBAC, all settings screens",Both QA tenants seeded and configured — Hospital A (Aarogya Multispecialty) and Hospital B (Sanjeevani General),,,,,P2-Setup,An accountant reaching /settings/bank-accounts could redirect settlement to a different account — the most direct financial fraud path in the product.,RBAC,accountant (Hospital A),None — this is a route-guard assertion in the browser. The database is not reached because the screen never renders.,e2e/phase-02-settings/P2K.isolation-permissions.spec.ts,
TC-P2K-039,2K Isolation & permissions,P1,cfo is refused the settings surface,"1) Log in as CFO (Hospital A) (cfo, Hospital A) 2) Navigate directly to /settings 3) Navigate directly to /settings/wards, /settings/services, /settings/staff and /settings/roles 4) Observe each outcome",Every route is refused — the user is redirected away or shown an access-denied surface. No settings form renders and no Save control is reachable.,,MOCK_DATA_BOOK Staff — CFO (Hospital A),"RBAC, all settings screens",Both QA tenants seeded and configured — Hospital A (Aarogya Multispecialty) and Hospital B (Sanjeevani General),,,,,P2-Setup,Seniority is not the same as administration. A CFO with settings access can change the tariff and the approval rules that are meant to constrain them.,RBAC,cfo (Hospital A),None — this is a route-guard assertion in the browser. The database is not reached because the screen never renders.,e2e/phase-02-settings/P2K.isolation-permissions.spec.ts,
TC-P2K-040,2K Isolation & permissions,P1,hr_manager is refused the settings surface,"1) Log in as HR manager (Hospital A) (hr_manager, Hospital A) 2) Navigate directly to /settings 3) Navigate directly to /settings/wards, /settings/services, /settings/staff and /settings/roles 4) Observe each outcome",Every route is refused — the user is redirected away or shown an access-denied surface. No settings form renders and no Save control is reachable.,,MOCK_DATA_BOOK Staff — HR manager (Hospital A),"RBAC, all settings screens",Both QA tenants seeded and configured — Hospital A (Aarogya Multispecialty) and Hospital B (Sanjeevani General),,,,,P2-Setup,"HR legitimately manages people, but /settings/roles assigns application permissions. Letting HR grant roles means HR can grant itself anything.",RBAC,hr_manager (Hospital A),None — this is a route-guard assertion in the browser. The database is not reached because the screen never renders.,e2e/phase-02-settings/P2K.isolation-permissions.spec.ts,
TC-P2K-041,2K Isolation & permissions,P1,insurance_executive is refused the settings surface,"1) Log in as Insurance executive (Hospital A) (insurance_executive, Hospital A) 2) Navigate directly to /settings 3) Navigate directly to /settings/wards, /settings/services, /settings/staff and /settings/roles 4) Observe each outcome",Every route is refused — the user is redirected away or shown an access-denied surface. No settings form renders and no Save control is reachable.,,MOCK_DATA_BOOK Staff — Insurance executive (Hospital A),"RBAC, all settings screens",Both QA tenants seeded and configured — Hospital A (Aarogya Multispecialty) and Hospital B (Sanjeevani General),,,,,P2-Setup,An insurance executive reaching /settings/payer-masters could change the negotiated discount and ceiling terms they are supposed to work within.,RBAC,insurance_executive (Hospital A),None — this is a route-guard assertion in the browser. The database is not reached because the screen never renders.,e2e/phase-02-settings/P2K.isolation-permissions.spec.ts,
TC-P2K-042,2K Isolation & permissions,P1,mrd_officer is refused the settings surface,"1) Log in as MRD officer (Hospital A) (mrd_officer, Hospital A) 2) Navigate directly to /settings 3) Navigate directly to /settings/wards, /settings/services, /settings/staff and /settings/roles 4) Observe each outcome",Every route is refused — the user is redirected away or shown an access-denied surface. No settings form renders and no Save control is reachable.,,MOCK_DATA_BOOK Staff — MRD officer (Hospital A),"RBAC, all settings screens",Both QA tenants seeded and configured — Hospital A (Aarogya Multispecialty) and Hospital B (Sanjeevani General),,,,,P2-Setup,"Records custody is not configuration authority. /settings/record-retention decides how long records live, which is exactly the control MRD is audited against.",RBAC,mrd_officer (Hospital A),None — this is a route-guard assertion in the browser. The database is not reached because the screen never renders.,e2e/phase-02-settings/P2K.isolation-permissions.spec.ts,
TC-P2K-043,2K Isolation & permissions,P1,"hospital_admin reaches all fifty settings routes, so the guard is not simply blocking everyone",1) Log in as the Hospital A admin 2) Visit each of the fifty /settings/* routes in the catalogue 3) Confirm each renders its own screen rather than a denial,All fifty routes render. None redirects and none shows an access-denied surface.,,src/lib/settingsCatalog.ts — the fifty routable settings screens,"RBAC, all settings screens",Both QA tenants seeded and configured — Hospital A (Aarogya Multispecialty) and Hospital B (Sanjeevani General),,,,,P2-Setup,A negative RBAC suite proves nothing on its own — a guard that denies everybody would pass all fourteen refusal cases. This is the control that makes those cases meaningful.,RBAC,hospital_admin (Hospital A),None — this is a route-guard assertion in the browser across the full catalogue.,e2e/phase-02-settings/P2K.isolation-permissions.spec.ts,
TC-P2K-044,2K Isolation & permissions,P1,"The refusal is a real route guard, not merely a hidden sidebar link","1) Log in as Dr. Suresh Menon (doctor, Hospital A) 2) Confirm no Settings entry appears in the sidebar 3) Type /settings/wards straight into the address bar 4) Observe the outcome",The deep link is refused exactly as the hidden link implies. The wards form never renders.,,MOCK_DATA_BOOK Staff — Dr. Suresh Menon,"RBAC, Wards",Both QA tenants seeded and configured — Hospital A (Aarogya Multispecialty) and Hospital B (Sanjeevani General),,,,,P2-Setup,"Hiding a nav item is presentation, not security. A user who has ever seen the URL — or simply guesses it — bypasses a hidden link in one keystroke, so the guard has to live on the route.",RBAC,doctor (Hospital A),None — this is a route-guard assertion in the browser against a directly typed URL.,e2e/phase-02-settings/P2K.isolation-permissions.spec.ts,
TC-P2K-045,2K Isolation & permissions,P1,"hospital_settings has no per-role RLS, so the route guard is the only gate — documented and asserted","1) Sign in through the anon key as Dr. Suresh Menon (doctor, Hospital A) 2) Select from hospital_settings 3) Read what comes back","The doctor session reads Hospital A rows, because the policy is tenant-scoped and not role-scoped. No Hospital B row is returned. This is the known and accepted design, and the finding is that /settings route guards are the ONLY control preventing a non-admin from writing these keys.",,MOCK_DATA_BOOK Staff — Dr. Suresh Menon,"All modules, Multi-tenancy",Both QA tenants seeded and configured — Hospital A (Aarogya Multispecialty) and Hospital B (Sanjeevani General),,,,,P2-Setup,"SettingsIPDAncillaryPaymentPage carries this security note and every fix in this phase inherits it. Writing the finding down as a passing test is what stops it being rediscovered as a surprise during a security review — the containment is the route guard, so if that guard ever regresses, this becomes a real vulnerability rather than an accepted design.",RBAC,doctor (Hospital A),"hospital_settings read through an authenticated anon client as a doctor → Hospital A rows are readable, zero Hospital B rows. Tenant-scoped, not role-scoped.",e2e/phase-02-settings/P2K.isolation-permissions.spec.ts,
TC-P2K-046,2K Isolation & permissions,P1,"No non-admin route reaches a hospital_settings write, so the containment holds in the UI","1) Log in as Dr. Suresh Menon (doctor, Hospital A) 2) Attempt the four routes that write hospital_settings — /settings/notifications, /settings/language, /settings/approvals and /settings/ipd-ancillary-payment 3) Observe each outcome","All four are refused. No Save control is reachable, so no hospital_settings write can be initiated from a non-admin session through the product.",,MOCK_DATA_BOOK Staff — Dr. Suresh Menon,"Notifications, Language, Approvals, IPD ancillary payment",Both QA tenants seeded and configured — Hospital A (Aarogya Multispecialty) and Hospital B (Sanjeevani General),,,,,P2-Setup,"This is the other half of the finding above. The database will accept the write; the route guard is what prevents it ever being asked for, so the guard has to be proven on every writing route rather than assumed.",RBAC,doctor (Hospital A),None — this is a route-guard assertion in the browser across the four hospital_settings writers.,e2e/phase-02-settings/P2K.isolation-permissions.spec.ts,
TC-P2K-047,2K Isolation & permissions,P1,Hospital B cannot read Hospital A hospital_settings keys,1) Sign in through the anon key as the Hospital B admin 2) Select key and value from hospital_settings 3) Check every returned row against Hospital A’s id,No Hospital A row is returned. Hospital A’s notification_config and language_region are not visible to Hospital B.,,MOCK_DATA_BOOK Phase 2 additions — notification_config and language_region for Hospital A,"Notifications, Language, Multi-tenancy",Both QA tenants seeded and configured — Hospital A (Aarogya Multispecialty) and Hospital B (Sanjeevani General),,,,,P2-Setup,"The two screens fixed in this phase both write here. A fix that persists correctly but leaks across tenants would have traded a silent no-op for a data breach, which is the worse outcome of the two.",RBAC,hospital_admin (Hospital B),hospital_settings read through an authenticated anon client as the Hospital B admin → no row has hospital_id = Hospital A,e2e/phase-02-settings/P2K.isolation-permissions.spec.ts,
TC-P2K-048,2K Isolation & permissions,P2,"The sidebar hides Settings for a non-admin, so the refusal is not a dead end the user keeps hitting","1) Log in as Sr. Mary Thomas (nurse, Hospital A) 2) Open /dashboard and read the sidebar 3) Confirm no Settings entry is present 4) Log in as the Hospital A admin and confirm it is",The nurse sees no Settings entry. The admin does. Navigation matches permission in both directions.,,MOCK_DATA_BOOK Staff — Sr. Mary Thomas and Dr. Ravi Shankar,"RBAC, Navigation",Both QA tenants seeded and configured — Hospital A (Aarogya Multispecialty) and Hospital B (Sanjeevani General),,,,,P2-Setup,"The route guard is the security control; hiding the link is the usability half. Showing a nurse a Settings entry that always refuses trains staff to ignore access-denied messages, which is how a real one gets missed.",RBAC,nurse (Hospital A),"None — this asserts rendered navigation, not stored data.",e2e/phase-02-settings/P2K.isolation-permissions.spec.ts,
TC-P2L-001,2L Full-tenant sweep,P1,Sweep step 1 of 50 — Hospital Profile is configured and holds,1) Open /settings/profile as the Hospital A admin 2) Confirm the screen renders its own heading rather than a denial or an empty state 3) Confirm the configuration entered in the earlier sections is present and stored in hospitals 4) Continue the sweep without reloading the session,Hospital Profile renders and hospitals holds at least one Hospital A row carrying the swept configuration. The value survives the rest of the sweep unchanged.,,"mock-data.json phase2.entry[""/settings/profile""] — the seeded entry block for this screen",All modules — this is the commissioning pass,Sections 2B-2K complete — this sweep runs last and re-proves the tenant end to end,,,,,P2-Setup,"Nothing else can be commissioned until the tenant knows its own name, address, state and GSTIN. The state code drives CGST/SGST versus IGST on every invoice the hospital will ever raise. Sweep position matters: sections 2B-2I prove this screen in isolation with its own prerequisite satisfied, whereas this case proves it in dependency order, which is the only way to catch a screen that works solely because an earlier section left data behind.",Cross-Module,hospital_admin (Hospital A),"hospitals where hospital_id = A → at least one row, matching what /settings/profile renders",e2e/phase-02-settings/P2L.tenant-sweep.spec.ts,
TC-P2L-002,2L Full-tenant sweep,P1,Sweep step 2 of 50 — Branding is configured and holds,1) Open /settings/branding as the Hospital A admin 2) Confirm the screen renders its own heading rather than a denial or an empty state 3) Confirm the configuration entered in the earlier sections is present and stored in hospitals 4) Continue the sweep without reloading the session,Branding renders and hospitals holds at least one Hospital A row carrying the swept configuration. The value survives the rest of the sweep unchanged.,,"mock-data.json phase2.entry[""/settings/branding""] — the seeded entry block for this screen",All modules — this is the commissioning pass,Sections 2B-2K complete — this sweep runs last and re-proves the tenant end to end,,,,,P2-Setup,"Branding is what a patient sees on a printed prescription and a discharge summary. An unbranded document is not obviously from this hospital at all. Sweep position matters: sections 2B-2I prove this screen in isolation with its own prerequisite satisfied, whereas this case proves it in dependency order, which is the only way to catch a screen that works solely because an earlier section left data behind.",Cross-Module,hospital_admin (Hospital A),"hospitals where hospital_id = A → at least one row, matching what /settings/branding renders",e2e/phase-02-settings/P2L.tenant-sweep.spec.ts,
TC-P2L-003,2L Full-tenant sweep,P1,Sweep step 3 of 50 — White-Label Branding is configured and holds,1) Open /settings/white-label as the Hospital A admin 2) Confirm the screen renders its own heading rather than a denial or an empty state 3) Confirm the configuration entered in the earlier sections is present and stored in hospitals 4) Continue the sweep without reloading the session,White-Label Branding renders and hospitals holds at least one Hospital A row carrying the swept configuration. The value survives the rest of the sweep unchanged.,,"mock-data.json phase2.entry[""/settings/white-label""] — the seeded entry block for this screen",All modules — this is the commissioning pass,Sections 2B-2K complete — this sweep runs last and re-proves the tenant end to end,,,,,P2-Setup,"White-label is a paid entitlement. Sweeping it proves the plan gate opened for a tenant that bought it, rather than being blocked by an unrelated default. Sweep position matters: sections 2B-2I prove this screen in isolation with its own prerequisite satisfied, whereas this case proves it in dependency order, which is the only way to catch a screen that works solely because an earlier section left data behind.",Cross-Module,hospital_admin (Hospital A),"hospitals where hospital_id = A → at least one row, matching what /settings/white-label renders",e2e/phase-02-settings/P2L.tenant-sweep.spec.ts,
TC-P2L-004,2L Full-tenant sweep,P1,Sweep step 4 of 50 — Language & Region is configured and holds,1) Open /settings/language as the Hospital A admin 2) Confirm the screen renders its own heading rather than a denial or an empty state 3) Confirm the configuration entered in the earlier sections is present and stored in hospital_settings 4) Continue the sweep without reloading the session,Language & Region renders and hospital_settings holds at least one Hospital A row carrying the swept configuration. The value survives the rest of the sweep unchanged.,,"mock-data.json phase2.entry[""/settings/language""] — the seeded entry block for this screen",All modules — this is the commissioning pass,Sections 2B-2K complete — this sweep runs last and re-proves the tenant end to end,,,,,P2-Setup,"This screen persisted nothing at all before BUG-P2-004. In a continuous sweep the regression would show as a hospital that silently reverts to US date and number formats on the next screen. Sweep position matters: sections 2B-2I prove this screen in isolation with its own prerequisite satisfied, whereas this case proves it in dependency order, which is the only way to catch a screen that works solely because an earlier section left data behind.",Cross-Module,hospital_admin (Hospital A),"hospital_settings where hospital_id = A → at least one row, matching what /settings/language renders",e2e/phase-02-settings/P2L.tenant-sweep.spec.ts,
TC-P2L-005,2L Full-tenant sweep,P1,Sweep step 5 of 50 — Support is configured and holds,1) Open /settings/support as the Hospital A admin 2) Confirm the screen renders its own heading rather than a denial or an empty state 3) Confirm the configuration entered in the earlier sections is present and stored in platform_support_tickets 4) Continue the sweep without reloading the session,Support renders and platform_support_tickets holds at least one Hospital A row carrying the swept configuration. The value survives the rest of the sweep unchanged.,,"mock-data.json phase2.entry[""/settings/support""] — the seeded entry block for this screen",All modules — this is the commissioning pass,Sections 2B-2K complete — this sweep runs last and re-proves the tenant end to end,,,,,P2-Setup,"Support is the hospital’s only route to the vendor when something breaks in production. A tenant commissioned without it has no escalation path on day one. Sweep position matters: sections 2B-2I prove this screen in isolation with its own prerequisite satisfied, whereas this case proves it in dependency order, which is the only way to catch a screen that works solely because an earlier section left data behind.",Cross-Module,hospital_admin (Hospital A),"platform_support_tickets where hospital_id = A → at least one row, matching what /settings/support renders",e2e/phase-02-settings/P2L.tenant-sweep.spec.ts,
TC-P2L-006,2L Full-tenant sweep,P1,Sweep step 6 of 50 — Training Videos is configured and holds,1) Open /settings/training as the Hospital A admin 2) Confirm the screen renders its own heading rather than a denial or an empty state 3) Read the state the sweep has produced so far 4) Continue the sweep without reloading the session,"Training Videos renders and reflects the tenant’s current state. It writes nothing, so nothing is asserted in the database beyond what earlier steps of the sweep stored.",,"mock-data.json phase2.entry[""/settings/training""] — the seeded entry block for this screen",All modules — this is the commissioning pass,Sections 2B-2K complete — this sweep runs last and re-proves the tenant end to end,,,,,P2-Setup,"Read-only, but staff are trained from it before go-live. An empty training screen means the hospital goes live with untrained users, which produces bug reports that are really training gaps. Sweep position matters: sections 2B-2I prove this screen in isolation with its own prerequisite satisfied, whereas this case proves it in dependency order, which is the only way to catch a screen that works solely because an earlier section left data behind.",Cross-Module,hospital_admin (Hospital A),None — this screen is read-only and writes nothing.,e2e/phase-02-settings/P2L.tenant-sweep.spec.ts,
TC-P2L-007,2L Full-tenant sweep,P1,Sweep step 7 of 50 — Plan & Billing is configured and holds,1) Open /settings/plan as the Hospital A admin 2) Confirm the screen renders its own heading rather than a denial or an empty state 3) Read the state the sweep has produced so far 4) Continue the sweep without reloading the session,"Plan & Billing renders and reflects the tenant’s current state. It writes nothing, so nothing is asserted in the database beyond what earlier steps of the sweep stored.",,"mock-data.json phase2.entry[""/settings/plan""] — the seeded entry block for this screen",All modules — this is the commissioning pass,Sections 2B-2K complete — this sweep runs last and re-proves the tenant end to end,,,,,P2-Setup,"The plan is the first of three stacked AI gates and the gate on every paid module. Reading it early in the sweep tells the tester which later screens are legitimately unavailable. Sweep position matters: sections 2B-2I prove this screen in isolation with its own prerequisite satisfied, whereas this case proves it in dependency order, which is the only way to catch a screen that works solely because an earlier section left data behind.",Cross-Module,hospital_admin (Hospital A),None — this screen is read-only and writes nothing.,e2e/phase-02-settings/P2L.tenant-sweep.spec.ts,
TC-P2L-008,2L Full-tenant sweep,P1,Sweep step 8 of 50 — AI Features & Attestation is configured and holds,1) Open /settings/ai-features as the Hospital A admin 2) Confirm the screen renders its own heading rather than a denial or an empty state 3) Confirm the configuration entered in the earlier sections is present and stored in hospitals 4) Continue the sweep without reloading the session,AI Features & Attestation renders and hospitals holds at least one Hospital A row carrying the swept configuration. The value survives the rest of the sweep unchanged.,,"mock-data.json phase2.entry[""/settings/ai-features""] — the seeded entry block for this screen",All modules — this is the commissioning pass,Sections 2B-2K complete — this sweep runs last and re-proves the tenant end to end,,,,,P2-Setup,"The second AI gate. Attestation is a clinical-governance record — the hospital stating it understands AI output is advisory — and it must exist before any AI feature is used on a patient. Sweep position matters: sections 2B-2I prove this screen in isolation with its own prerequisite satisfied, whereas this case proves it in dependency order, which is the only way to catch a screen that works solely because an earlier section left data behind.",Cross-Module,hospital_admin (Hospital A),"hospitals where hospital_id = A → at least one row, matching what /settings/ai-features renders",e2e/phase-02-settings/P2L.tenant-sweep.spec.ts,
TC-P2L-009,2L Full-tenant sweep,P1,Sweep step 9 of 50 — Departments is configured and holds,1) Open /settings/departments as the Hospital A admin 2) Confirm the screen renders its own heading rather than a denial or an empty state 3) Confirm the configuration entered in the earlier sections is present and stored in departments 4) Continue the sweep without reloading the session,Departments renders and departments holds at least one Hospital A row carrying the swept configuration. The value survives the rest of the sweep unchanged.,,"mock-data.json phase2.entry[""/settings/departments""] — the seeded entry block for this screen",All modules — this is the commissioning pass,Sections 2B-2K complete — this sweep runs last and re-proves the tenant end to end,,,,,P2-Setup,"Departments come first in the structural block because staff, wards, services and the OPD queue all reference them. Commissioning them late means every later screen has an empty department picker. Sweep position matters: sections 2B-2I prove this screen in isolation with its own prerequisite satisfied, whereas this case proves it in dependency order, which is the only way to catch a screen that works solely because an earlier section left data behind.",Cross-Module,hospital_admin (Hospital A),"departments where hospital_id = A → at least one row, matching what /settings/departments renders",e2e/phase-02-settings/P2L.tenant-sweep.spec.ts,
TC-P2L-010,2L Full-tenant sweep,P1,Sweep step 10 of 50 — Wards & Beds is configured and holds,1) Open /settings/wards as the Hospital A admin 2) Confirm the screen renders its own heading rather than a denial or an empty state 3) Confirm the configuration entered in the earlier sections is present and stored in wards 4) Continue the sweep without reloading the session,Wards & Beds renders and wards holds at least one Hospital A row carrying the swept configuration. The value survives the rest of the sweep unchanged.,,"mock-data.json phase2.entry[""/settings/wards""] — the seeded entry block for this screen",All modules — this is the commissioning pass,Sections 2B-2K complete — this sweep runs last and re-proves the tenant end to end,,,,,P2-Setup,"Wards carry rate_per_day, which is the first term in the room-charge precedence chain. A ward swept in without its rate silently under-bills every night of every admission. Sweep position matters: sections 2B-2I prove this screen in isolation with its own prerequisite satisfied, whereas this case proves it in dependency order, which is the only way to catch a screen that works solely because an earlier section left data behind.",Cross-Module,hospital_admin (Hospital A),"wards where hospital_id = A → at least one row, matching what /settings/wards renders",e2e/phase-02-settings/P2L.tenant-sweep.spec.ts,
TC-P2L-011,2L Full-tenant sweep,P1,Sweep step 11 of 50 — Shifts is configured and holds,1) Open /settings/shifts as the Hospital A admin 2) Confirm the screen renders its own heading rather than a denial or an empty state 3) Confirm the configuration entered in the earlier sections is present and stored in shift_master 4) Continue the sweep without reloading the session,Shifts renders and shift_master holds at least one Hospital A row carrying the swept configuration. The value survives the rest of the sweep unchanged.,,"mock-data.json phase2.entry[""/settings/shifts""] — the seeded entry block for this screen",All modules — this is the commissioning pass,Sections 2B-2K complete — this sweep runs last and re-proves the tenant end to end,,,,,P2-Setup,"This screen wrote nothing before BUG-P2-002. Duty rosters depend on it, so in a sweep a regression shows as a hospital that cannot roster a single nurse. Sweep position matters: sections 2B-2I prove this screen in isolation with its own prerequisite satisfied, whereas this case proves it in dependency order, which is the only way to catch a screen that works solely because an earlier section left data behind.",Cross-Module,hospital_admin (Hospital A),"shift_master where hospital_id = A → at least one row, matching what /settings/shifts renders",e2e/phase-02-settings/P2L.tenant-sweep.spec.ts,
TC-P2L-012,2L Full-tenant sweep,P1,Sweep step 12 of 50 — Bank Accounts is configured and holds,1) Open /settings/bank-accounts as the Hospital A admin 2) Confirm the screen renders its own heading rather than a denial or an empty state 3) Confirm the configuration entered in the earlier sections is present and stored in bank_accounts 4) Continue the sweep without reloading the session,Bank Accounts renders and bank_accounts holds at least one Hospital A row carrying the swept configuration. The value survives the rest of the sweep unchanged.,,"mock-data.json phase2.entry[""/settings/bank-accounts""] — the seeded entry block for this screen",All modules — this is the commissioning pass,Sections 2B-2K complete — this sweep runs last and re-proves the tenant end to end,,,,,P2-Setup,"Without a bank account there is no day-closure reconciliation, so cash differences go undetected from the very first day of operation. Sweep position matters: sections 2B-2I prove this screen in isolation with its own prerequisite satisfied, whereas this case proves it in dependency order, which is the only way to catch a screen that works solely because an earlier section left data behind.",Cross-Module,hospital_admin (Hospital A),"bank_accounts where hospital_id = A → at least one row, matching what /settings/bank-accounts renders",e2e/phase-02-settings/P2L.tenant-sweep.spec.ts,
TC-P2L-013,2L Full-tenant sweep,P1,Sweep step 13 of 50 — Configurable Dropdowns is configured and holds,1) Open /settings/config-values as the Hospital A admin 2) Confirm the screen renders its own heading rather than a denial or an empty state 3) Confirm the configuration entered in the earlier sections is present and stored in hospital_config_values 4) Continue the sweep without reloading the session,Configurable Dropdowns renders and hospital_config_values holds at least one Hospital A row carrying the swept configuration. The value survives the rest of the sweep unchanged.,,"mock-data.json phase2.entry[""/settings/config-values""] — the seeded entry block for this screen",All modules — this is the commissioning pass,Sections 2B-2K complete — this sweep runs last and re-proves the tenant end to end,,,,,P2-Setup,"Twenty-three categories feed dropdowns across OPD, pharmacy and IPD. Sweeping them before the clinical screens is what stops those screens rendering empty pickers later in this same pass. Sweep position matters: sections 2B-2I prove this screen in isolation with its own prerequisite satisfied, whereas this case proves it in dependency order, which is the only way to catch a screen that works solely because an earlier section left data behind.",Cross-Module,hospital_admin (Hospital A),"hospital_config_values where hospital_id = A → at least one row, matching what /settings/config-values renders",e2e/phase-02-settings/P2L.tenant-sweep.spec.ts,
TC-P2L-014,2L Full-tenant sweep,P1,Sweep step 14 of 50 — Staff Members is configured and holds,1) Open /settings/staff as the Hospital A admin 2) Confirm the screen renders its own heading rather than a denial or an empty state 3) Confirm the configuration entered in the earlier sections is present and stored in users 4) Continue the sweep without reloading the session,Staff Members renders and users holds at least one Hospital A row carrying the swept configuration. The value survives the rest of the sweep unchanged.,,"mock-data.json phase2.entry[""/settings/staff""] — the seeded entry block for this screen",All modules — this is the commissioning pass,Sections 2B-2K complete — this sweep runs last and re-proves the tenant end to end,,,,,P2-Setup,"Staff come after departments because each is assigned to one. A hospital with no staff has nobody to log in as, which makes every later phase untestable. Sweep position matters: sections 2B-2I prove this screen in isolation with its own prerequisite satisfied, whereas this case proves it in dependency order, which is the only way to catch a screen that works solely because an earlier section left data behind.",Cross-Module,hospital_admin (Hospital A),"users where hospital_id = A → at least one row, matching what /settings/staff renders",e2e/phase-02-settings/P2L.tenant-sweep.spec.ts,
TC-P2L-015,2L Full-tenant sweep,P1,Sweep step 15 of 50 — Roles & Permissions is configured and holds,1) Open /settings/roles as the Hospital A admin 2) Confirm the screen renders its own heading rather than a denial or an empty state 3) Confirm the configuration entered in the earlier sections is present and stored in role_permissions 4) Continue the sweep without reloading the session,Roles & Permissions renders and role_permissions holds at least one Hospital A row carrying the swept configuration. The value survives the rest of the sweep unchanged.,,"mock-data.json phase2.entry[""/settings/roles""] — the seeded entry block for this screen",All modules — this is the commissioning pass,Sections 2B-2K complete — this sweep runs last and re-proves the tenant end to end,,,,,P2-Setup,"Roles decide who can reach what. Commissioning them is what makes the fourteen refusal cases in 2K meaningful rather than accidental. Sweep position matters: sections 2B-2I prove this screen in isolation with its own prerequisite satisfied, whereas this case proves it in dependency order, which is the only way to catch a screen that works solely because an earlier section left data behind.",Cross-Module,hospital_admin (Hospital A),"role_permissions where hospital_id = A → at least one row, matching what /settings/roles renders",e2e/phase-02-settings/P2L.tenant-sweep.spec.ts,
TC-P2L-016,2L Full-tenant sweep,P1,Sweep step 16 of 50 — Doctor Schedules is configured and holds,1) Open /settings/doctor-schedules as the Hospital A admin 2) Confirm the screen renders its own heading rather than a denial or an empty state 3) Confirm the configuration entered in the earlier sections is present and stored in doctor_schedules 4) Continue the sweep without reloading the session,Doctor Schedules renders and doctor_schedules holds at least one Hospital A row carrying the swept configuration. The value survives the rest of the sweep unchanged.,,"mock-data.json phase2.entry[""/settings/doctor-schedules""] — the seeded entry block for this screen",All modules — this is the commissioning pass,Sections 2B-2K complete — this sweep runs last and re-proves the tenant end to end,,,,,P2-Setup,"Schedules come after staff because they reference a doctor. Without them no appointment slot is bookable and the booking screen simply shows nothing. Sweep position matters: sections 2B-2I prove this screen in isolation with its own prerequisite satisfied, whereas this case proves it in dependency order, which is the only way to catch a screen that works solely because an earlier section left data behind.",Cross-Module,hospital_admin (Hospital A),"doctor_schedules where hospital_id = A → at least one row, matching what /settings/doctor-schedules renders",e2e/phase-02-settings/P2L.tenant-sweep.spec.ts,
TC-P2L-017,2L Full-tenant sweep,P1,Sweep step 17 of 50 — Service Rates is configured and holds,1) Open /settings/services as the Hospital A admin 2) Confirm the screen renders its own heading rather than a denial or an empty state 3) Confirm the configuration entered in the earlier sections is present and stored in service_master 4) Continue the sweep without reloading the session,Service Rates renders and service_master holds at least one Hospital A row carrying the swept configuration. The value survives the rest of the sweep unchanged.,,"mock-data.json phase2.entry[""/settings/services""] — the seeded entry block for this screen",All modules — this is the commissioning pass,Sections 2B-2K complete — this sweep runs last and re-proves the tenant end to end,,,,,P2-Setup,"The tariff is the single most consequential table in the sweep. A missing consultation row makes OPD bill a hardcoded ₹500 with no warning of any kind. Sweep position matters: sections 2B-2I prove this screen in isolation with its own prerequisite satisfied, whereas this case proves it in dependency order, which is the only way to catch a screen that works solely because an earlier section left data behind.",Cross-Module,hospital_admin (Hospital A),"service_master where hospital_id = A → at least one row, matching what /settings/services renders",e2e/phase-02-settings/P2L.tenant-sweep.spec.ts,
TC-P2L-018,2L Full-tenant sweep,P1,Sweep step 18 of 50 — Payer Masters is configured and holds,1) Open /settings/payer-masters as the Hospital A admin 2) Confirm the screen renders its own heading rather than a denial or an empty state 3) Confirm the configuration entered in the earlier sections is present and stored in payer_masters 4) Continue the sweep without reloading the session,Payer Masters renders and payer_masters holds at least one Hospital A row carrying the swept configuration. The value survives the rest of the sweep unchanged.,,"mock-data.json phase2.entry[""/settings/payer-masters""] — the seeded entry block for this screen",All modules — this is the commissioning pass,Sections 2B-2K complete — this sweep runs last and re-proves the tenant end to end,,,,,P2-Setup,"Payers carry the negotiated ceilings and co-pay terms. Without them every insured patient is admitted as cash and the claim window closes unnoticed. Sweep position matters: sections 2B-2I prove this screen in isolation with its own prerequisite satisfied, whereas this case proves it in dependency order, which is the only way to catch a screen that works solely because an earlier section left data behind.",Cross-Module,hospital_admin (Hospital A),"payer_masters where hospital_id = A → at least one row, matching what /settings/payer-masters renders",e2e/phase-02-settings/P2L.tenant-sweep.spec.ts,
TC-P2L-019,2L Full-tenant sweep,P1,Sweep step 19 of 50 — GST / NIC IRP is configured and holds,1) Open /settings/gst as the Hospital A admin 2) Confirm the screen renders its own heading rather than a denial or an empty state 3) Confirm the configuration entered in the earlier sections is present and stored in hospitals 4) Continue the sweep without reloading the session,GST / NIC IRP renders and hospitals holds at least one Hospital A row carrying the swept configuration. The value survives the rest of the sweep unchanged.,,"mock-data.json phase2.entry[""/settings/gst""] — the seeded entry block for this screen",All modules — this is the commissioning pass,Sections 2B-2K complete — this sweep runs last and re-proves the tenant end to end,,,,,P2-Setup,"GST configuration switches on the HSN hard-block at bill finalisation. Sweeping it before the clinical masters is deliberate — it is what makes a missing HSN visible while there is still time to fix it. Sweep position matters: sections 2B-2I prove this screen in isolation with its own prerequisite satisfied, whereas this case proves it in dependency order, which is the only way to catch a screen that works solely because an earlier section left data behind.",Cross-Module,hospital_admin (Hospital A),"hospitals where hospital_id = A → at least one row, matching what /settings/gst renders",e2e/phase-02-settings/P2L.tenant-sweep.spec.ts,
TC-P2L-020,2L Full-tenant sweep,P1,Sweep step 20 of 50 — Approval Rules is configured and holds,1) Open /settings/approvals as the Hospital A admin 2) Confirm the screen renders its own heading rather than a denial or an empty state 3) Confirm the configuration entered in the earlier sections is present and stored in hospital_settings 4) Continue the sweep without reloading the session,Approval Rules renders and hospital_settings holds at least one Hospital A row carrying the swept configuration. The value survives the rest of the sweep unchanged.,,"mock-data.json phase2.entry[""/settings/approvals""] — the seeded entry block for this screen",All modules — this is the commissioning pass,Sections 2B-2K complete — this sweep runs last and re-proves the tenant end to end,,,,,P2-Setup,"With no approval rules EVERY discount auto-approves. Finance believes a control exists and it does not, so a 50% write-off is granted at the counter. Sweep position matters: sections 2B-2I prove this screen in isolation with its own prerequisite satisfied, whereas this case proves it in dependency order, which is the only way to catch a screen that works solely because an earlier section left data behind.",Cross-Module,hospital_admin (Hospital A),"hospital_settings where hospital_id = A → at least one row, matching what /settings/approvals renders",e2e/phase-02-settings/P2L.tenant-sweep.spec.ts,
TC-P2L-021,2L Full-tenant sweep,P1,Sweep step 21 of 50 — Razorpay Payments is configured and holds,1) Open /settings/razorpay as the Hospital A admin 2) Confirm the screen renders its own heading rather than a denial or an empty state 3) Confirm the configuration entered in the earlier sections is present and stored in api_configurations 4) Continue the sweep without reloading the session,Razorpay Payments renders and api_configurations holds at least one Hospital A row carrying the swept configuration. The value survives the rest of the sweep unchanged.,,"mock-data.json phase2.entry[""/settings/razorpay""] — the seeded entry block for this screen",All modules — this is the commissioning pass,Sections 2B-2K complete — this sweep runs last and re-proves the tenant end to end,,,,,P2-Setup,"Without credentials, payment links are dead — the patient receives a link that does nothing, and the hospital sees neither the money nor the failure. Sweep position matters: sections 2B-2I prove this screen in isolation with its own prerequisite satisfied, whereas this case proves it in dependency order, which is the only way to catch a screen that works solely because an earlier section left data behind.",Cross-Module,hospital_admin (Hospital A),"api_configurations where hospital_id = A → at least one row, matching what /settings/razorpay renders",e2e/phase-02-settings/P2L.tenant-sweep.spec.ts,
TC-P2L-022,2L Full-tenant sweep,P1,Sweep step 22 of 50 — Lab Test Master is configured and holds,1) Open /settings/lab-tests as the Hospital A admin 2) Confirm the screen renders its own heading rather than a denial or an empty state 3) Confirm the configuration entered in the earlier sections is present and stored in lab_test_master 4) Continue the sweep without reloading the session,Lab Test Master renders and lab_test_master holds at least one Hospital A row carrying the swept configuration. The value survives the rest of the sweep unchanged.,,"mock-data.json phase2.entry[""/settings/lab-tests""] — the seeded entry block for this screen",All modules — this is the commissioning pass,Sections 2B-2K complete — this sweep runs last and re-proves the tenant end to end,,,,,P2-Setup,"Every test needs a fee and a reference range. No range means no abnormal flag and no critical alert, so a dangerous result reports as an unremarkable number. Sweep position matters: sections 2B-2I prove this screen in isolation with its own prerequisite satisfied, whereas this case proves it in dependency order, which is the only way to catch a screen that works solely because an earlier section left data behind.",Cross-Module,hospital_admin (Hospital A),"lab_test_master where hospital_id = A → at least one row, matching what /settings/lab-tests renders",e2e/phase-02-settings/P2L.tenant-sweep.spec.ts,
TC-P2L-023,2L Full-tenant sweep,P1,Sweep step 23 of 50 — Drug Formulary is configured and holds,1) Open /settings/drugs as the Hospital A admin 2) Confirm the screen renders its own heading rather than a denial or an empty state 3) Confirm the configuration entered in the earlier sections is present and stored in drug_master 4) Continue the sweep without reloading the session,Drug Formulary renders and drug_master holds at least one Hospital A row carrying the swept configuration. The value survives the rest of the sweep unchanged.,,"mock-data.json phase2.entry[""/settings/drugs""] — the seeded entry block for this screen",All modules — this is the commissioning pass,Sections 2B-2K complete — this sweep runs last and re-proves the tenant end to end,,,,,P2-Setup,"The formulary comes after config values because its route and frequency dropdowns are fed by them. An empty formulary sends the doctor to free text, which cannot be interaction-checked. Sweep position matters: sections 2B-2I prove this screen in isolation with its own prerequisite satisfied, whereas this case proves it in dependency order, which is the only way to catch a screen that works solely because an earlier section left data behind.",Cross-Module,hospital_admin (Hospital A),"drug_master where hospital_id = A → at least one row, matching what /settings/drugs renders",e2e/phase-02-settings/P2L.tenant-sweep.spec.ts,
TC-P2L-024,2L Full-tenant sweep,P1,Sweep step 24 of 50 — Notification Config is configured and holds,1) Open /settings/notifications as the Hospital A admin 2) Confirm the screen renders its own heading rather than a denial or an empty state 3) Confirm the configuration entered in the earlier sections is present and stored in hospital_settings 4) Continue the sweep without reloading the session,Notification Config renders and hospital_settings holds at least one Hospital A row carrying the swept configuration. The value survives the rest of the sweep unchanged.,,"mock-data.json phase2.entry[""/settings/notifications""] — the seeded entry block for this screen",All modules — this is the commissioning pass,Sections 2B-2K complete — this sweep runs last and re-proves the tenant end to end,,,,,P2-Setup,"This screen faked a save with a setTimeout before BUG-P2-003. In a sweep the regression shows as alert routing that appears configured and delivers nothing. Sweep position matters: sections 2B-2I prove this screen in isolation with its own prerequisite satisfied, whereas this case proves it in dependency order, which is the only way to catch a screen that works solely because an earlier section left data behind.",Cross-Module,hospital_admin (Hospital A),"hospital_settings where hospital_id = A → at least one row, matching what /settings/notifications renders",e2e/phase-02-settings/P2L.tenant-sweep.spec.ts,
TC-P2L-025,2L Full-tenant sweep,P1,Sweep step 25 of 50 — Radiology Modalities is configured and holds,1) Open /settings/radiology as the Hospital A admin 2) Confirm the screen renders its own heading rather than a denial or an empty state 3) Confirm the configuration entered in the earlier sections is present and stored in radiology_modalities 4) Continue the sweep without reloading the session,Radiology Modalities renders and radiology_modalities holds at least one Hospital A row carrying the swept configuration. The value survives the rest of the sweep unchanged.,,"mock-data.json phase2.entry[""/settings/radiology""] — the seeded entry block for this screen",All modules — this is the commissioning pass,Sections 2B-2K complete — this sweep runs last and re-proves the tenant end to end,,,,,P2-Setup,"Modalities must exist before studies or the module shows ""No studies configured"" — a message that appears on the module rather than on the settings screen that caused it. Sweep position matters: sections 2B-2I prove this screen in isolation with its own prerequisite satisfied, whereas this case proves it in dependency order, which is the only way to catch a screen that works solely because an earlier section left data behind.",Cross-Module,hospital_admin (Hospital A),"radiology_modalities where hospital_id = A → at least one row, matching what /settings/radiology renders",e2e/phase-02-settings/P2L.tenant-sweep.spec.ts,
TC-P2L-026,2L Full-tenant sweep,P1,Sweep step 26 of 50 — ICD-10 Code Master is configured and holds,1) Open /settings/icd-codes as the Hospital A admin 2) Confirm the screen renders its own heading rather than a denial or an empty state 3) Confirm the configuration entered in the earlier sections is present and stored in hospital_icd_settings 4) Continue the sweep without reloading the session,ICD-10 Code Master renders and hospital_icd_settings holds at least one Hospital A row carrying the swept configuration. The value survives the rest of the sweep unchanged.,,"mock-data.json phase2.entry[""/settings/icd-codes""] — the seeded entry block for this screen",All modules — this is the commissioning pass,Sections 2B-2K complete — this sweep runs last and re-proves the tenant end to end,,,,,P2-Setup,"ICD-10 coding drives insurance claims and HMIS reporting. An uncoded diagnosis is a claim the insurer can reject on a technicality. Sweep position matters: sections 2B-2I prove this screen in isolation with its own prerequisite satisfied, whereas this case proves it in dependency order, which is the only way to catch a screen that works solely because an earlier section left data behind.",Cross-Module,hospital_admin (Hospital A),"hospital_icd_settings where hospital_id = A → at least one row, matching what /settings/icd-codes renders",e2e/phase-02-settings/P2L.tenant-sweep.spec.ts,
TC-P2L-027,2L Full-tenant sweep,P1,Sweep step 27 of 50 — Consent Forms is configured and holds,1) Open /settings/consent-forms as the Hospital A admin 2) Confirm the screen renders its own heading rather than a denial or an empty state 3) Confirm the configuration entered in the earlier sections is present and stored in consent_form_templates 4) Continue the sweep without reloading the session,Consent Forms renders and consent_form_templates holds at least one Hospital A row carrying the swept configuration. The value survives the rest of the sweep unchanged.,,"mock-data.json phase2.entry[""/settings/consent-forms""] — the seeded entry block for this screen",All modules — this is the commissioning pass,Sections 2B-2K complete — this sweep runs last and re-proves the tenant end to end,,,,,P2-Setup,"Consent is a legal document, not a formality. A procedure performed without the right consent template on file is indefensible in a complaint or a court. Sweep position matters: sections 2B-2I prove this screen in isolation with its own prerequisite satisfied, whereas this case proves it in dependency order, which is the only way to catch a screen that works solely because an earlier section left data behind.",Cross-Module,hospital_admin (Hospital A),"consent_form_templates where hospital_id = A → at least one row, matching what /settings/consent-forms renders",e2e/phase-02-settings/P2L.tenant-sweep.spec.ts,
TC-P2L-028,2L Full-tenant sweep,P1,Sweep step 28 of 50 — OT Checklist is configured and holds,1) Open /settings/ot-checklist as the Hospital A admin 2) Confirm the screen renders its own heading rather than a denial or an empty state 3) Confirm the configuration entered in the earlier sections is present and stored in ot_checklist_custom_items 4) Continue the sweep without reloading the session,OT Checklist renders and ot_checklist_custom_items holds at least one Hospital A row carrying the swept configuration. The value survives the rest of the sweep unchanged.,,"mock-data.json phase2.entry[""/settings/ot-checklist""] — the seeded entry block for this screen",All modules — this is the commissioning pass,Sections 2B-2K complete — this sweep runs last and re-proves the tenant end to end,,,,,P2-Setup,"The WHO surgical safety checklist is a NABH requirement and the single most effective intervention against wrong-site surgery. Sweep position matters: sections 2B-2I prove this screen in isolation with its own prerequisite satisfied, whereas this case proves it in dependency order, which is the only way to catch a screen that works solely because an earlier section left data behind.",Cross-Module,hospital_admin (Hospital A),"ot_checklist_custom_items where hospital_id = A → at least one row, matching what /settings/ot-checklist renders",e2e/phase-02-settings/P2L.tenant-sweep.spec.ts,
TC-P2L-029,2L Full-tenant sweep,P1,Sweep step 29 of 50 — Clinical Protocols is configured and holds,1) Open /settings/protocols as the Hospital A admin 2) Confirm the screen renders its own heading rather than a denial or an empty state 3) Confirm the configuration entered in the earlier sections is present and stored in clinical_protocols 4) Continue the sweep without reloading the session,Clinical Protocols renders and clinical_protocols holds at least one Hospital A row carrying the swept configuration. The value survives the rest of the sweep unchanged.,,"mock-data.json phase2.entry[""/settings/protocols""] — the seeded entry block for this screen",All modules — this is the commissioning pass,Sections 2B-2K complete — this sweep runs last and re-proves the tenant end to end,,,,,P2-Setup,"This screen wrote nothing before BUG-P2-005. A protocol that appears saved and is not stored means clinicians follow rules the system never recorded. Sweep position matters: sections 2B-2I prove this screen in isolation with its own prerequisite satisfied, whereas this case proves it in dependency order, which is the only way to catch a screen that works solely because an earlier section left data behind.",Cross-Module,hospital_admin (Hospital A),"clinical_protocols where hospital_id = A → at least one row, matching what /settings/protocols renders",e2e/phase-02-settings/P2L.tenant-sweep.spec.ts,
TC-P2L-030,2L Full-tenant sweep,P1,Sweep step 30 of 50 — Alert Thresholds is configured and holds,1) Open /settings/clinical-thresholds as the Hospital A admin 2) Confirm the screen renders its own heading rather than a denial or an empty state 3) Confirm the configuration entered in the earlier sections is present and stored in hospital_settings 4) Continue the sweep without reloading the session,Alert Thresholds renders and hospital_settings holds at least one Hospital A row carrying the swept configuration. The value survives the rest of the sweep unchanged.,,"mock-data.json phase2.entry[""/settings/clinical-thresholds""] — the seeded entry block for this screen",All modules — this is the commissioning pass,Sections 2B-2K complete — this sweep runs last and re-proves the tenant end to end,,,,,P2-Setup,"Thresholds decide when a deteriorating patient triggers an alert. Set wrong or not at all, the alert either never fires or fires so often that staff stop reading it. Sweep position matters: sections 2B-2I prove this screen in isolation with its own prerequisite satisfied, whereas this case proves it in dependency order, which is the only way to catch a screen that works solely because an earlier section left data behind.",Cross-Module,hospital_admin (Hospital A),"hospital_settings where hospital_id = A → at least one row, matching what /settings/clinical-thresholds renders",e2e/phase-02-settings/P2L.tenant-sweep.spec.ts,
TC-P2L-031,2L Full-tenant sweep,P1,Sweep step 31 of 50 — Day Care Procedures is configured and holds,1) Open /settings/day-care-procedures as the Hospital A admin 2) Confirm the screen renders its own heading rather than a denial or an empty state 3) Confirm the configuration entered in the earlier sections is present and stored in day_care_procedures 4) Continue the sweep without reloading the session,Day Care Procedures renders and day_care_procedures holds at least one Hospital A row carrying the swept configuration. The value survives the rest of the sweep unchanged.,,"mock-data.json phase2.entry[""/settings/day-care-procedures""] — the seeded entry block for this screen",All modules — this is the commissioning pass,Sections 2B-2K complete — this sweep runs last and re-proves the tenant end to end,,,,,P2-Setup,"Without these the day-care picker is empty, so a same-day case cannot be booked against anything billable — the procedure is performed and nothing is charged. Sweep position matters: sections 2B-2I prove this screen in isolation with its own prerequisite satisfied, whereas this case proves it in dependency order, which is the only way to catch a screen that works solely because an earlier section left data behind.",Cross-Module,hospital_admin (Hospital A),"day_care_procedures where hospital_id = A → at least one row, matching what /settings/day-care-procedures renders",e2e/phase-02-settings/P2L.tenant-sweep.spec.ts,
TC-P2L-032,2L Full-tenant sweep,P1,Sweep step 32 of 50 — EMR Templates is configured and holds,1) Open /settings/templates as the Hospital A admin 2) Confirm the screen renders its own heading rather than a denial or an empty state 3) Confirm the configuration entered in the earlier sections is present and stored in emr_template_definitions 4) Continue the sweep without reloading the session,EMR Templates renders and emr_template_definitions holds at least one Hospital A row carrying the swept configuration. The value survives the rest of the sweep unchanged.,,"mock-data.json phase2.entry[""/settings/templates""] — the seeded entry block for this screen",All modules — this is the commissioning pass,Sections 2B-2K complete — this sweep runs last and re-proves the tenant end to end,,,,,P2-Setup,"Templates are what make consultation notes consistent enough to audit. Free-text-only notes cannot be reported on or reviewed at scale. Sweep position matters: sections 2B-2I prove this screen in isolation with its own prerequisite satisfied, whereas this case proves it in dependency order, which is the only way to catch a screen that works solely because an earlier section left data behind.",Cross-Module,hospital_admin (Hospital A),"emr_template_definitions where hospital_id = A → at least one row, matching what /settings/templates renders",e2e/phase-02-settings/P2L.tenant-sweep.spec.ts,
TC-P2L-033,2L Full-tenant sweep,P1,Sweep step 33 of 50 — OPD Queue Config is configured and holds,1) Open /settings/opd-workflow as the Hospital A admin 2) Confirm the screen renders its own heading rather than a denial or an empty state 3) Confirm the configuration entered in the earlier sections is present and stored in hospital_settings 4) Continue the sweep without reloading the session,OPD Queue Config renders and hospital_settings holds at least one Hospital A row carrying the swept configuration. The value survives the rest of the sweep unchanged.,,"mock-data.json phase2.entry[""/settings/opd-workflow""] — the seeded entry block for this screen",All modules — this is the commissioning pass,Sections 2B-2K complete — this sweep runs last and re-proves the tenant end to end,,,,,P2-Setup,"Token prefix and series must match the hospital’s paper register from day one, or the two records diverge immediately and permanently. Sweep position matters: sections 2B-2I prove this screen in isolation with its own prerequisite satisfied, whereas this case proves it in dependency order, which is the only way to catch a screen that works solely because an earlier section left data behind.",Cross-Module,hospital_admin (Hospital A),"hospital_settings where hospital_id = A → at least one row, matching what /settings/opd-workflow renders",e2e/phase-02-settings/P2L.tenant-sweep.spec.ts,
TC-P2L-034,2L Full-tenant sweep,P1,Sweep step 34 of 50 — Discharge Workflow is configured and holds,1) Open /settings/discharge-workflow as the Hospital A admin 2) Confirm the screen renders its own heading rather than a denial or an empty state 3) Confirm the configuration entered in the earlier sections is present and stored in hospitals 4) Continue the sweep without reloading the session,Discharge Workflow renders and hospitals holds at least one Hospital A row carrying the swept configuration. The value survives the rest of the sweep unchanged.,,"mock-data.json phase2.entry[""/settings/discharge-workflow""] — the seeded entry block for this screen",All modules — this is the commissioning pass,Sections 2B-2K complete — this sweep runs last and re-proves the tenant end to end,,,,,P2-Setup,"Unconfigured, the default clearance list applies. The hospital believes its own steps are in force and patients are discharged without checks it thought it required. Sweep position matters: sections 2B-2I prove this screen in isolation with its own prerequisite satisfied, whereas this case proves it in dependency order, which is the only way to catch a screen that works solely because an earlier section left data behind.",Cross-Module,hospital_admin (Hospital A),"hospitals where hospital_id = A → at least one row, matching what /settings/discharge-workflow renders",e2e/phase-02-settings/P2L.tenant-sweep.spec.ts,
TC-P2L-035,2L Full-tenant sweep,P1,Sweep step 35 of 50 — IPD Ancillary Payment is configured and holds,1) Open /settings/ipd-ancillary-payment as the Hospital A admin 2) Confirm the screen renders its own heading rather than a denial or an empty state 3) Confirm the configuration entered in the earlier sections is present and stored in hospital_settings 4) Continue the sweep without reloading the session,IPD Ancillary Payment renders and hospital_settings holds at least one Hospital A row carrying the swept configuration. The value survives the rest of the sweep unchanged.,,"mock-data.json phase2.entry[""/settings/ipd-ancillary-payment""] — the seeded entry block for this screen",All modules — this is the commissioning pass,Sections 2B-2K complete — this sweep runs last and re-proves the tenant end to end,,,,,P2-Setup,"This decides whether an inpatient pays for a lab test at the counter or on the final bill. Getting it wrong means either double payment or a charge that never reaches the bill. Sweep position matters: sections 2B-2I prove this screen in isolation with its own prerequisite satisfied, whereas this case proves it in dependency order, which is the only way to catch a screen that works solely because an earlier section left data behind.",Cross-Module,hospital_admin (Hospital A),"hospital_settings where hospital_id = A → at least one row, matching what /settings/ipd-ancillary-payment renders",e2e/phase-02-settings/P2L.tenant-sweep.spec.ts,
TC-P2L-036,2L Full-tenant sweep,P1,Sweep step 36 of 50 — WhatsApp Bot is configured and holds,1) Open /settings/whatsapp as the Hospital A admin 2) Confirm the screen renders its own heading rather than a denial or an empty state 3) Confirm the configuration entered in the earlier sections is present and stored in whatsapp_templates 4) Continue the sweep without reloading the session,WhatsApp Bot renders and whatsapp_templates holds at least one Hospital A row carrying the swept configuration. The value survives the rest of the sweep unchanged.,,"mock-data.json phase2.entry[""/settings/whatsapp""] — the seeded entry block for this screen",All modules — this is the commissioning pass,Sections 2B-2K complete — this sweep runs last and re-proves the tenant end to end,,,,,P2-Setup,"With no templates, ALL notifications silently no-op — nothing fails and nothing sends. A hospital relying on reminders discovers it through empty clinics weeks later. Sweep position matters: sections 2B-2I prove this screen in isolation with its own prerequisite satisfied, whereas this case proves it in dependency order, which is the only way to catch a screen that works solely because an earlier section left data behind.",Cross-Module,hospital_admin (Hospital A),"whatsapp_templates where hospital_id = A → at least one row, matching what /settings/whatsapp renders",e2e/phase-02-settings/P2L.tenant-sweep.spec.ts,
TC-P2L-037,2L Full-tenant sweep,P1,Sweep step 37 of 50 — Scheduled Reports is configured and holds,1) Open /settings/report-schedules as the Hospital A admin 2) Confirm the screen renders its own heading rather than a denial or an empty state 3) Confirm the configuration entered in the earlier sections is present and stored in report_schedules 4) Continue the sweep without reloading the session,Scheduled Reports renders and report_schedules holds at least one Hospital A row carrying the swept configuration. The value survives the rest of the sweep unchanged.,,"mock-data.json phase2.entry[""/settings/report-schedules""] — the seeded entry block for this screen",All modules — this is the commissioning pass,Sections 2B-2K complete — this sweep runs last and re-proves the tenant end to end,,,,,P2-Setup,"Scheduled reports are how management sees the hospital at all. Without them the daily revenue and census numbers reach nobody. Sweep position matters: sections 2B-2I prove this screen in isolation with its own prerequisite satisfied, whereas this case proves it in dependency order, which is the only way to catch a screen that works solely because an earlier section left data behind.",Cross-Module,hospital_admin (Hospital A),"report_schedules where hospital_id = A → at least one row, matching what /settings/report-schedules renders",e2e/phase-02-settings/P2L.tenant-sweep.spec.ts,
TC-P2L-038,2L Full-tenant sweep,P1,Sweep step 38 of 50 — TV Queue Display is configured and holds,1) Open /settings/tv-display as the Hospital A admin 2) Confirm the screen renders its own heading rather than a denial or an empty state 3) Confirm the configuration entered in the earlier sections is present and stored in tv_display_settings 4) Continue the sweep without reloading the session,TV Queue Display renders and tv_display_settings holds at least one Hospital A row carrying the swept configuration. The value survives the rest of the sweep unchanged.,,"mock-data.json phase2.entry[""/settings/tv-display""] — the seeded entry block for this screen",All modules — this is the commissioning pass,Sections 2B-2K complete — this sweep runs last and re-proves the tenant end to end,,,,,P2-Setup,"The waiting-room display is the patient-facing face of the queue. An unconfigured screen means patients crowd the consultation door because they cannot see their token. Sweep position matters: sections 2B-2I prove this screen in isolation with its own prerequisite satisfied, whereas this case proves it in dependency order, which is the only way to catch a screen that works solely because an earlier section left data behind.",Cross-Module,hospital_admin (Hospital A),"tv_display_settings where hospital_id = A → at least one row, matching what /settings/tv-display renders",e2e/phase-02-settings/P2L.tenant-sweep.spec.ts,
TC-P2L-039,2L Full-tenant sweep,P1,Sweep step 39 of 50 — Store Locations is configured and holds,1) Open /settings/inventory as the Hospital A admin 2) Confirm the screen renders its own heading rather than a denial or an empty state 3) Confirm the configuration entered in the earlier sections is present and stored in store_locations 4) Continue the sweep without reloading the session,Store Locations renders and store_locations holds at least one Hospital A row carrying the swept configuration. The value survives the rest of the sweep unchanged.,,"mock-data.json phase2.entry[""/settings/inventory""] — the seeded entry block for this screen",All modules — this is the commissioning pass,Sections 2B-2K complete — this sweep runs last and re-proves the tenant end to end,,,,,P2-Setup,"Without stores there are no transfers — ward stock cannot be issued from the central store and every indent falls back to paper. Sweep position matters: sections 2B-2I prove this screen in isolation with its own prerequisite satisfied, whereas this case proves it in dependency order, which is the only way to catch a screen that works solely because an earlier section left data behind.",Cross-Module,hospital_admin (Hospital A),"store_locations where hospital_id = A → at least one row, matching what /settings/inventory renders",e2e/phase-02-settings/P2L.tenant-sweep.spec.ts,
TC-P2L-040,2L Full-tenant sweep,P1,Sweep step 40 of 50 — Integrations Console is configured and holds,1) Open /settings/integrations as the Hospital A admin 2) Confirm the screen renders its own heading rather than a denial or an empty state 3) Confirm the configuration entered in the earlier sections is present and stored in lab_device_connectors 4) Continue the sweep without reloading the session,Integrations Console renders and lab_device_connectors holds at least one Hospital A row carrying the swept configuration. The value survives the rest of the sweep unchanged.,,"mock-data.json phase2.entry[""/settings/integrations""] — the seeded entry block for this screen",All modules — this is the commissioning pass,Sections 2B-2K complete — this sweep runs last and re-proves the tenant end to end,,,,,P2-Setup,"Analyser connectors are what stop a technician retyping results. Manual transcription of a potassium value is exactly where a fatal typo enters the record. Sweep position matters: sections 2B-2I prove this screen in isolation with its own prerequisite satisfied, whereas this case proves it in dependency order, which is the only way to catch a screen that works solely because an earlier section left data behind.",Cross-Module,hospital_admin (Hospital A),"lab_device_connectors where hospital_id = A → at least one row, matching what /settings/integrations renders",e2e/phase-02-settings/P2L.tenant-sweep.spec.ts,
TC-P2L-041,2L Full-tenant sweep,P1,Sweep step 41 of 50 — HL7 / FHIR Integration is configured and holds,1) Open /settings/hl7 as the Hospital A admin 2) Confirm the screen renders its own heading rather than a denial or an empty state 3) Confirm the configuration entered in the earlier sections is present and stored in config_values 4) Continue the sweep without reloading the session,HL7 / FHIR Integration renders and config_values holds at least one Hospital A row carrying the swept configuration. The value survives the rest of the sweep unchanged.,,"mock-data.json phase2.entry[""/settings/hl7""] — the seeded entry block for this screen",All modules — this is the commissioning pass,Sections 2B-2K complete — this sweep runs last and re-proves the tenant end to end,,,,,P2-Setup,"HL7 is how the hospital exchanges data with equipment and external systems. Misconfigured, messages are accepted and dropped without any visible error. Sweep position matters: sections 2B-2I prove this screen in isolation with its own prerequisite satisfied, whereas this case proves it in dependency order, which is the only way to catch a screen that works solely because an earlier section left data behind.",Cross-Module,hospital_admin (Hospital A),"config_values where hospital_id = A → at least one row, matching what /settings/hl7 renders",e2e/phase-02-settings/P2L.tenant-sweep.spec.ts,
TC-P2L-042,2L Full-tenant sweep,P1,Sweep step 42 of 50 — ABDM / ABHA is configured and holds,1) Open /settings/abdm as the Hospital A admin 2) Confirm the screen renders its own heading rather than a denial or an empty state 3) Confirm the configuration entered in the earlier sections is present and stored in hospital_abdm_config 4) Continue the sweep without reloading the session,ABDM / ABHA renders and hospital_abdm_config holds at least one Hospital A row carrying the swept configuration. The value survives the rest of the sweep unchanged.,,"mock-data.json phase2.entry[""/settings/abdm""] — the seeded entry block for this screen",All modules — this is the commissioning pass,Sections 2B-2K complete — this sweep runs last and re-proves the tenant end to end,,,,,P2-Setup,"Without ABDM configuration the edge functions fail QUIETLY. ABHA linkage appears to work, nothing reaches the national exchange, and the hospital believes it is compliant. Sweep position matters: sections 2B-2I prove this screen in isolation with its own prerequisite satisfied, whereas this case proves it in dependency order, which is the only way to catch a screen that works solely because an earlier section left data behind.",Cross-Module,hospital_admin (Hospital A),"hospital_abdm_config where hospital_id = A → at least one row, matching what /settings/abdm renders",e2e/phase-02-settings/P2L.tenant-sweep.spec.ts,
TC-P2L-043,2L Full-tenant sweep,P1,Sweep step 43 of 50 — HMIS / IHIP Portal is configured and holds,1) Open /settings/hmis-portal as the Hospital A admin 2) Confirm the screen renders its own heading rather than a denial or an empty state 3) Confirm the configuration entered in the earlier sections is present and stored in api_configurations 4) Continue the sweep without reloading the session,HMIS / IHIP Portal renders and api_configurations holds at least one Hospital A row carrying the swept configuration. The value survives the rest of the sweep unchanged.,,"mock-data.json phase2.entry[""/settings/hmis-portal""] — the seeded entry block for this screen",All modules — this is the commissioning pass,Sections 2B-2K complete — this sweep runs last and re-proves the tenant end to end,,,,,P2-Setup,"HMIS and IHIP reporting is a statutory obligation for Indian hospitals. Missed submissions are a compliance failure regardless of clinical performance. Sweep position matters: sections 2B-2I prove this screen in isolation with its own prerequisite satisfied, whereas this case proves it in dependency order, which is the only way to catch a screen that works solely because an earlier section left data behind.",Cross-Module,hospital_admin (Hospital A),"api_configurations where hospital_id = A → at least one row, matching what /settings/hmis-portal renders",e2e/phase-02-settings/P2L.tenant-sweep.spec.ts,
TC-P2L-044,2L Full-tenant sweep,P1,Sweep step 44 of 50 — API Keys is configured and holds,1) Open /settings/api-keys as the Hospital A admin 2) Confirm the screen renders its own heading rather than a denial or an empty state 3) Confirm the configuration entered in the earlier sections is present and stored in api_keys 4) Continue the sweep without reloading the session,API Keys renders and api_keys holds at least one Hospital A row carrying the swept configuration. The value survives the rest of the sweep unchanged.,,"mock-data.json phase2.entry[""/settings/api-keys""] — the seeded entry block for this screen",All modules — this is the commissioning pass,Sections 2B-2K complete — this sweep runs last and re-proves the tenant end to end,,,,,P2-Setup,"API keys are credentials. Sweeping them proves they are created scoped to this tenant and are not visible to any other hospital on the platform. Sweep position matters: sections 2B-2I prove this screen in isolation with its own prerequisite satisfied, whereas this case proves it in dependency order, which is the only way to catch a screen that works solely because an earlier section left data behind.",Cross-Module,hospital_admin (Hospital A),"api_keys where hospital_id = A → at least one row, matching what /settings/api-keys renders",e2e/phase-02-settings/P2L.tenant-sweep.spec.ts,
TC-P2L-045,2L Full-tenant sweep,P1,Sweep step 45 of 50 — API Portal is configured and holds,1) Open /settings/api-portal as the Hospital A admin 2) Confirm the screen renders its own heading rather than a denial or an empty state 3) Confirm the configuration entered in the earlier sections is present and stored in webhook_endpoints 4) Continue the sweep without reloading the session,API Portal renders and webhook_endpoints holds at least one Hospital A row carrying the swept configuration. The value survives the rest of the sweep unchanged.,,"mock-data.json phase2.entry[""/settings/api-portal""] — the seeded entry block for this screen",All modules — this is the commissioning pass,Sections 2B-2K complete — this sweep runs last and re-proves the tenant end to end,,,,,P2-Setup,"Webhooks push patient data outward. An endpoint on plain http:// sends clinical information across the network in the clear. Sweep position matters: sections 2B-2I prove this screen in isolation with its own prerequisite satisfied, whereas this case proves it in dependency order, which is the only way to catch a screen that works solely because an earlier section left data behind.",Cross-Module,hospital_admin (Hospital A),"webhook_endpoints where hospital_id = A → at least one row, matching what /settings/api-portal renders",e2e/phase-02-settings/P2L.tenant-sweep.spec.ts,
TC-P2L-046,2L Full-tenant sweep,P1,Sweep step 46 of 50 — Integration Keys is configured and holds,1) Open /settings/api-hub as the Hospital A admin 2) Confirm the screen renders its own heading rather than a denial or an empty state 3) Confirm the configuration entered in the earlier sections is present and stored in api_configurations 4) Continue the sweep without reloading the session,Integration Keys renders and api_configurations holds at least one Hospital A row carrying the swept configuration. The value survives the rest of the sweep unchanged.,,"mock-data.json phase2.entry[""/settings/api-hub""] — the seeded entry block for this screen",All modules — this is the commissioning pass,Sections 2B-2K complete — this sweep runs last and re-proves the tenant end to end,,,,,P2-Setup,"The hub is where third-party credentials are held. A key stored against the wrong tenant would let one hospital spend another hospital’s integration quota. Sweep position matters: sections 2B-2I prove this screen in isolation with its own prerequisite satisfied, whereas this case proves it in dependency order, which is the only way to catch a screen that works solely because an earlier section left data behind.",Cross-Module,hospital_admin (Hospital A),"api_configurations where hospital_id = A → at least one row, matching what /settings/api-hub renders",e2e/phase-02-settings/P2L.tenant-sweep.spec.ts,
TC-P2L-047,2L Full-tenant sweep,P1,Sweep step 47 of 50 — AI Language Packs is configured and holds,1) Open /settings/ai-languages as the Hospital A admin 2) Confirm the screen renders its own heading rather than a denial or an empty state 3) Confirm the configuration entered in the earlier sections is present and stored in ai_language_settings 4) Continue the sweep without reloading the session,AI Language Packs renders and ai_language_settings holds at least one Hospital A row carrying the swept configuration. The value survives the rest of the sweep unchanged.,,"mock-data.json phase2.entry[""/settings/ai-languages""] — the seeded entry block for this screen",All modules — this is the commissioning pass,Sections 2B-2K complete — this sweep runs last and re-proves the tenant end to end,,,,,P2-Setup,"Unconfigured, AI output defaults to English only. A discharge summary in English for a patient who reads Telugu is a document they cannot use. Sweep position matters: sections 2B-2I prove this screen in isolation with its own prerequisite satisfied, whereas this case proves it in dependency order, which is the only way to catch a screen that works solely because an earlier section left data behind.",Cross-Module,hospital_admin (Hospital A),"ai_language_settings where hospital_id = A → at least one row, matching what /settings/ai-languages renders",e2e/phase-02-settings/P2L.tenant-sweep.spec.ts,
TC-P2L-048,2L Full-tenant sweep,P1,Sweep step 48 of 50 — Backup & Export is configured and holds,1) Open /settings/backup as the Hospital A admin 2) Confirm the screen renders its own heading rather than a denial or an empty state 3) Read the state the sweep has produced so far 4) Continue the sweep without reloading the session,"Backup & Export renders and reflects the tenant’s current state. It writes nothing, so nothing is asserted in the database beyond what earlier steps of the sweep stored.",,"mock-data.json phase2.entry[""/settings/backup""] — the seeded entry block for this screen",All modules — this is the commissioning pass,Sections 2B-2K complete — this sweep runs last and re-proves the tenant end to end,,,,,P2-Setup,"Read-only, but it is the last line of defence. A hospital that has never confirmed its backup position discovers the gap only when it needs a restore. Sweep position matters: sections 2B-2I prove this screen in isolation with its own prerequisite satisfied, whereas this case proves it in dependency order, which is the only way to catch a screen that works solely because an earlier section left data behind.",Cross-Module,hospital_admin (Hospital A),None — this screen is read-only and writes nothing.,e2e/phase-02-settings/P2L.tenant-sweep.spec.ts,
TC-P2L-049,2L Full-tenant sweep,P1,Sweep step 49 of 50 — Record Retention is configured and holds,1) Open /settings/record-retention as the Hospital A admin 2) Confirm the screen renders its own heading rather than a denial or an empty state 3) Confirm the configuration entered in the earlier sections is present and stored in record_retention_policies 4) Continue the sweep without reloading the session,Record Retention renders and record_retention_policies holds at least one Hospital A row carrying the swept configuration. The value survives the rest of the sweep unchanged.,,"mock-data.json phase2.entry[""/settings/record-retention""] — the seeded entry block for this screen",All modules — this is the commissioning pass,Sections 2B-2K complete — this sweep runs last and re-proves the tenant end to end,,,,,P2-Setup,"Retention periods are a legal requirement under the DPDP Act 2023 and MRD rules. Deleting a record too early and keeping one too long are both violations. Sweep position matters: sections 2B-2I prove this screen in isolation with its own prerequisite satisfied, whereas this case proves it in dependency order, which is the only way to catch a screen that works solely because an earlier section left data behind.",Cross-Module,hospital_admin (Hospital A),"record_retention_policies where hospital_id = A → at least one row, matching what /settings/record-retention renders",e2e/phase-02-settings/P2L.tenant-sweep.spec.ts,
TC-P2L-050,2L Full-tenant sweep,P1,Sweep step 50 of 50 — Config Change Log is configured and holds,1) Open /settings/change-log as the Hospital A admin 2) Confirm the screen renders its own heading rather than a denial or an empty state 3) Read the state the sweep has produced so far 4) Continue the sweep without reloading the session,"Config Change Log renders and reflects the tenant’s current state. It writes nothing, so nothing is asserted in the database beyond what earlier steps of the sweep stored.",,"mock-data.json phase2.entry[""/settings/change-log""] — the seeded entry block for this screen",All modules — this is the commissioning pass,Sections 2B-2K complete — this sweep runs last and re-proves the tenant end to end,,,,,P2-Setup,"Read-only, and the sweep’s own audit trail. Every change made in this pass should be attributable to a named user afterwards, which is what NABH and DPDP both ask for. Sweep position matters: sections 2B-2I prove this screen in isolation with its own prerequisite satisfied, whereas this case proves it in dependency order, which is the only way to catch a screen that works solely because an earlier section left data behind.",Cross-Module,hospital_admin (Hospital A),None — this screen is read-only and writes nothing.,e2e/phase-02-settings/P2L.tenant-sweep.spec.ts,
TC-P2L-051,2L Full-tenant sweep,P1,Every writing settings screen has left at least one row in its target table,"1) Complete the fifty-step sweep 2) For each writing screen count the Hospital A rows in its target table — select from departments, from wards, from service_master, from drug_master and from every other target 3) List any table that is still empty",No writing screen has an empty target table. Every one of the forty-six writing screens has persisted something for Hospital A.,,src/lib/settingsCatalog.ts — the fifty screens and their target tables,All modules,Sections 2B-2K complete — this sweep runs last and re-proves the tenant end to end,,,,,P2-Setup,"This is the check that would have caught all four write-nothing screens in a single run. A screen that toasts ""saved"" and stores nothing looks identical to a working one until someone reads the table, and this case reads all forty-six at once.",Cross-Module,hospital_admin (Hospital A),One count per writing target table where hospital_id = A → every count is greater than zero,e2e/phase-02-settings/P2L.tenant-sweep.spec.ts,
TC-P2L-052,2L Full-tenant sweep,P1,The Settings hub shows no screen still sitting in its unconfigured empty state,1) Complete the sweep 2) Open /settings 3) Read every card and any status the hub renders 4) Look for cards still marked unconfigured or not set up,The hub renders all fifty-two cards and none is flagged as unconfigured. The tenant reads as commissioned from the hub alone.,,"src/lib/settingsCatalog.ts — fifty routes across fifty-two cards, two of which are aliases",All modules,Sections 2B-2K complete — this sweep runs last and re-proves the tenant end to end,,,,,P2-Setup,"The hub is the first screen a hospital administrator opens after go-live. If it still shows work outstanding after a complete sweep, either the sweep missed something or the hub is lying about the tenant’s state — and both are worth knowing before Phase 3.",Cross-Module,hospital_admin (Hospital A),"None — this asserts the rendered hub, which is exactly the surface the assertion is about.",e2e/phase-02-settings/P2L.tenant-sweep.spec.ts,
TC-P2L-053,2L Full-tenant sweep,P1,The full sweep produces no console error on any of the fifty screens,1) Re-visit all fifty /settings/* routes with console capture on 2) Collect every console error and page error raised 3) List them by route,Zero console errors across all fifty screens. Any error is attached to the tracker row with its route and verbatim text.,,mock-data.json phase2.entry — the full fifty-screen entry set,All modules,Sections 2B-2K complete — this sweep runs last and re-proves the tenant end to end,,,,,P2-Setup,"A console error is how a silent failure announces itself when nothing on screen does. This product falls back rather than warning, so the console is frequently the only visible evidence that a save did not reach the database.",Cross-Module,hospital_admin (Hospital A),None — console output is captured by the consoleErrors fixture and attached to the tracker row.,e2e/phase-02-settings/P2L.tenant-sweep.spec.ts,
TC-P2L-054,2L Full-tenant sweep,P1,Every swept value survives a full session restart,"1) Complete the sweep 2) Log out and clear session and local storage 3) Log back in as the Hospital A admin 4) Re-open /settings and each writing screen, then re-count every target table from departments through hospital_settings",Every value is still present after the restart. Nothing was held only in React state or in browser storage.,,mock-data.json phase2.entry — the full fifty-screen entry set,All modules,Sections 2B-2K complete — this sweep runs last and re-proves the tenant end to end,,,,,P2-Setup,"All four write-nothing screens looked correct until the page was reloaded, because the value lived in component state. A restart is the cheapest test that distinguishes a real save from a convincing one, and it is the one a hospital performs unintentionally every morning.",Cross-Module,hospital_admin (Hospital A),Every writing target table where hospital_id = A → the swept rows are still present after re-authentication,e2e/phase-02-settings/P2L.tenant-sweep.spec.ts,
TC-P2L-055,2L Full-tenant sweep,P1,Phase 3 readiness gate — every SETTINGS_PREREQ_MATRIX must-have is satisfied,1) Complete the sweep and sections 2A-2K 2) Re-check each prerequisite named in docs/qa/SETTINGS_PREREQ_MATRIX.md against the database 3) List any that is still unmet 4) Declare the phase gate,"Every prerequisite in the matrix is satisfied for Hospital A. The tenant is fully configured, so any failure from Phase 3 onward is a real defect and not a configuration gap.",,"docs/qa/SETTINGS_PREREQ_MATRIX.md — the full prerequisite list, and the seeded Hospital A data behind it","OPD, Lab, Radiology, Pharmacy, IPD, Billing, Insurance, AI",Sections 2B-2K complete — this sweep runs last and re-proves the tenant end to end,,,,,P2-Setup,"This is the boundary the whole phase exists to draw. Without it a tester spends the first day of Phase 3 logging configuration gaps as product bugs, and the real defects are lost in that noise. With it, the next phase starts from a known-good tenant.",Cross-Module,hospital_admin (Hospital A),"A count per prerequisite table where hospital_id = A, plus the hospital row’s own configured columns → every one satisfied",e2e/phase-02-settings/P2L.tenant-sweep.spec.ts,
